ISO-10303-21;
HEADER;
/* Generated by software containing ST-Developer
 * from STEP Tools, Inc. (www.steptools.com) 
 */
/* OPTION: using custom renumber hook */

FILE_DESCRIPTION(
/* description */ ('STEP AP242 Edition 2',
'CAx-IF Rec.Pracs.---Representation and Presentation of Product Manufa
cturing Information (PMI)---4.0---2014-10-13',
'CAx-IF Rec.Pracs.---3D Tessellated Geometry---0.4---2014-09-14','2;1',
'CAx-IF Rec.Pracs.---User Defined Attributes---1.5---2016-08-15'),
/* implementation_level */ '2;1');

FILE_NAME(
/* name */ 'Part Studio 1 - Part 3',
/* time_stamp */ '2026-10-07T00:30:22Z',
/* author */ (''),
/* organization */ (''),
/* preprocessor_version */ 'ST-DEVELOPER v20',
/* originating_system */ 'ONSHAPE BY PTC INC, 1.221',
/* authorisation */ '  ');

FILE_SCHEMA (('AP242_MANAGED_MODEL_BASED_3D_ENGINEERING_MIM_LF { 1 0 10303 442 3 1 4 }'));
ENDSEC;

DATA;
#10=SHAPE_REPRESENTATION_RELATIONSHIP('','',#5595,#11);
#11=ADVANCED_BREP_SHAPE_REPRESENTATION('',(#5593),#9601);
#12=B_SPLINE_SURFACE_WITH_KNOTS('',3,1,((#7924,#7925),(#7926,#7927),(#7928,
#7929),(#7930,#7931)),.SURF_OF_LINEAR_EXTRUSION.,.F.,.F.,.F.,(4,4),(2,2),
(0.,1.),(0.,1.),.PIECEWISE_BEZIER_KNOTS.);
#13=B_SPLINE_SURFACE_WITH_KNOTS('',3,1,((#7941,#7942),(#7943,#7944),(#7945,
#7946),(#7947,#7948)),.SURF_OF_LINEAR_EXTRUSION.,.F.,.F.,.F.,(4,4),(2,2),
(0.,1.),(0.,1.),.PIECEWISE_BEZIER_KNOTS.);
#14=B_SPLINE_SURFACE_WITH_KNOTS('',3,1,((#7970,#7971),(#7972,#7973),(#7974,
#7975),(#7976,#7977)),.SURF_OF_LINEAR_EXTRUSION.,.F.,.F.,.F.,(4,4),(2,2),
(0.,1.),(0.,1.),.PIECEWISE_BEZIER_KNOTS.);
#15=B_SPLINE_SURFACE_WITH_KNOTS('',3,1,((#7985,#7986),(#7987,#7988),(#7989,
#7990),(#7991,#7992)),.SURF_OF_LINEAR_EXTRUSION.,.F.,.F.,.F.,(4,4),(2,2),
(0.,1.),(0.,1.),.PIECEWISE_BEZIER_KNOTS.);
#16=B_SPLINE_SURFACE_WITH_KNOTS('',3,1,((#8006,#8007),(#8008,#8009),(#8010,
#8011),(#8012,#8013)),.SURF_OF_LINEAR_EXTRUSION.,.F.,.F.,.F.,(4,4),(2,2),
(0.,1.),(0.,1.),.PIECEWISE_BEZIER_KNOTS.);
#17=B_SPLINE_SURFACE_WITH_KNOTS('',3,1,((#8019,#8020),(#8021,#8022),(#8023,
#8024),(#8025,#8026)),.SURF_OF_LINEAR_EXTRUSION.,.F.,.F.,.F.,(4,4),(2,2),
(0.,1.),(0.,1.),.PIECEWISE_BEZIER_KNOTS.);
#18=B_SPLINE_SURFACE_WITH_KNOTS('',3,1,((#8032,#8033),(#8034,#8035),(#8036,
#8037),(#8038,#8039)),.SURF_OF_LINEAR_EXTRUSION.,.F.,.F.,.F.,(4,4),(2,2),
(0.,1.),(0.,1.),.PIECEWISE_BEZIER_KNOTS.);
#19=B_SPLINE_SURFACE_WITH_KNOTS('',3,1,((#8053,#8054),(#8055,#8056),(#8057,
#8058),(#8059,#8060)),.SURF_OF_LINEAR_EXTRUSION.,.F.,.F.,.F.,(4,4),(2,2),
(0.,1.),(0.,1.),.PIECEWISE_BEZIER_KNOTS.);
#20=B_SPLINE_SURFACE_WITH_KNOTS('',3,1,((#8066,#8067),(#8068,#8069),(#8070,
#8071),(#8072,#8073)),.SURF_OF_LINEAR_EXTRUSION.,.F.,.F.,.F.,(4,4),(2,2),
(0.,1.),(0.,1.),.PIECEWISE_BEZIER_KNOTS.);
#21=B_SPLINE_SURFACE_WITH_KNOTS('',3,1,((#8087,#8088),(#8089,#8090),(#8091,
#8092),(#8093,#8094)),.SURF_OF_LINEAR_EXTRUSION.,.F.,.F.,.F.,(4,4),(2,2),
(0.,1.),(0.,1.),.PIECEWISE_BEZIER_KNOTS.);
#22=B_SPLINE_SURFACE_WITH_KNOTS('',3,1,((#8104,#8105),(#8106,#8107),(#8108,
#8109),(#8110,#8111)),.SURF_OF_LINEAR_EXTRUSION.,.F.,.F.,.F.,(4,4),(2,2),
(0.,1.),(0.,1.),.PIECEWISE_BEZIER_KNOTS.);
#23=B_SPLINE_SURFACE_WITH_KNOTS('',3,1,((#8115,#8116),(#8117,#8118),(#8119,
#8120),(#8121,#8122)),.SURF_OF_LINEAR_EXTRUSION.,.F.,.F.,.F.,(4,4),(2,2),
(0.,1.),(0.,1.),.PIECEWISE_BEZIER_KNOTS.);
#24=B_SPLINE_SURFACE_WITH_KNOTS('',3,1,((#8161,#8162),(#8163,#8164),(#8165,
#8166),(#8167,#8168)),.SURF_OF_LINEAR_EXTRUSION.,.F.,.F.,.F.,(4,4),(2,2),
(0.,1.),(0.,1.),.PIECEWISE_BEZIER_KNOTS.);
#25=B_SPLINE_SURFACE_WITH_KNOTS('',3,1,((#8174,#8175),(#8176,#8177),(#8178,
#8179),(#8180,#8181)),.SURF_OF_LINEAR_EXTRUSION.,.F.,.F.,.F.,(4,4),(2,2),
(0.,1.),(0.,1.),.PIECEWISE_BEZIER_KNOTS.);
#26=B_SPLINE_SURFACE_WITH_KNOTS('',3,1,((#8199,#8200),(#8201,#8202),(#8203,
#8204),(#8205,#8206)),.SURF_OF_LINEAR_EXTRUSION.,.F.,.F.,.F.,(4,4),(2,2),
(0.,1.),(0.,1.),.PIECEWISE_BEZIER_KNOTS.);
#27=B_SPLINE_SURFACE_WITH_KNOTS('',3,1,((#8212,#8213),(#8214,#8215),(#8216,
#8217),(#8218,#8219)),.SURF_OF_LINEAR_EXTRUSION.,.F.,.F.,.F.,(4,4),(2,2),
(0.,1.),(0.,1.),.PIECEWISE_BEZIER_KNOTS.);
#28=B_SPLINE_SURFACE_WITH_KNOTS('',3,1,((#8240,#8241),(#8242,#8243),(#8244,
#8245),(#8246,#8247)),.SURF_OF_LINEAR_EXTRUSION.,.F.,.F.,.F.,(4,4),(2,2),
(0.,1.),(0.,1.),.PIECEWISE_BEZIER_KNOTS.);
#29=B_SPLINE_SURFACE_WITH_KNOTS('',3,1,((#8260,#8261),(#8262,#8263),(#8264,
#8265),(#8266,#8267)),.SURF_OF_LINEAR_EXTRUSION.,.F.,.F.,.F.,(4,4),(2,2),
(0.,1.),(0.,1.),.PIECEWISE_BEZIER_KNOTS.);
#30=B_SPLINE_SURFACE_WITH_KNOTS('',3,1,((#8289,#8290),(#8291,#8292),(#8293,
#8294),(#8295,#8296)),.SURF_OF_LINEAR_EXTRUSION.,.F.,.F.,.F.,(4,4),(2,2),
(0.,1.),(0.,1.),.PIECEWISE_BEZIER_KNOTS.);
#31=B_SPLINE_SURFACE_WITH_KNOTS('',3,1,((#8306,#8307),(#8308,#8309),(#8310,
#8311),(#8312,#8313)),.SURF_OF_LINEAR_EXTRUSION.,.F.,.F.,.F.,(4,4),(2,2),
(0.,1.),(0.,1.),.PIECEWISE_BEZIER_KNOTS.);
#32=B_SPLINE_SURFACE_WITH_KNOTS('',3,1,((#8323,#8324),(#8325,#8326),(#8327,
#8328),(#8329,#8330)),.SURF_OF_LINEAR_EXTRUSION.,.F.,.F.,.F.,(4,4),(2,2),
(0.,1.),(0.,1.),.PIECEWISE_BEZIER_KNOTS.);
#33=B_SPLINE_SURFACE_WITH_KNOTS('',3,1,((#8340,#8341),(#8342,#8343),(#8344,
#8345),(#8346,#8347)),.SURF_OF_LINEAR_EXTRUSION.,.F.,.F.,.F.,(4,4),(2,2),
(0.,1.),(0.,1.),.PIECEWISE_BEZIER_KNOTS.);
#34=B_SPLINE_SURFACE_WITH_KNOTS('',3,1,((#8359,#8360),(#8361,#8362),(#8363,
#8364),(#8365,#8366)),.SURF_OF_LINEAR_EXTRUSION.,.F.,.F.,.F.,(4,4),(2,2),
(0.,1.),(0.,1.),.PIECEWISE_BEZIER_KNOTS.);
#35=B_SPLINE_SURFACE_WITH_KNOTS('',3,1,((#8372,#8373),(#8374,#8375),(#8376,
#8377),(#8378,#8379)),.SURF_OF_LINEAR_EXTRUSION.,.F.,.F.,.F.,(4,4),(2,2),
(0.,1.),(0.,1.),.PIECEWISE_BEZIER_KNOTS.);
#36=B_SPLINE_SURFACE_WITH_KNOTS('',3,1,((#8385,#8386),(#8387,#8388),(#8389,
#8390),(#8391,#8392)),.SURF_OF_LINEAR_EXTRUSION.,.F.,.F.,.F.,(4,4),(2,2),
(0.,1.),(0.,1.),.PIECEWISE_BEZIER_KNOTS.);
#37=B_SPLINE_SURFACE_WITH_KNOTS('',3,1,((#8402,#8403),(#8404,#8405),(#8406,
#8407),(#8408,#8409)),.SURF_OF_LINEAR_EXTRUSION.,.F.,.F.,.F.,(4,4),(2,2),
(0.,1.),(0.,1.),.PIECEWISE_BEZIER_KNOTS.);
#38=B_SPLINE_SURFACE_WITH_KNOTS('',3,1,((#8419,#8420),(#8421,#8422),(#8423,
#8424),(#8425,#8426)),.SURF_OF_LINEAR_EXTRUSION.,.F.,.F.,.F.,(4,4),(2,2),
(0.,1.),(0.,1.),.PIECEWISE_BEZIER_KNOTS.);
#39=B_SPLINE_SURFACE_WITH_KNOTS('',3,1,((#8432,#8433),(#8434,#8435),(#8436,
#8437),(#8438,#8439)),.SURF_OF_LINEAR_EXTRUSION.,.F.,.F.,.F.,(4,4),(2,2),
(0.,1.),(0.,1.),.PIECEWISE_BEZIER_KNOTS.);
#40=B_SPLINE_SURFACE_WITH_KNOTS('',3,1,((#8451,#8452),(#8453,#8454),(#8455,
#8456),(#8457,#8458)),.SURF_OF_LINEAR_EXTRUSION.,.F.,.F.,.F.,(4,4),(2,2),
(0.,1.),(0.,1.),.PIECEWISE_BEZIER_KNOTS.);
#41=B_SPLINE_SURFACE_WITH_KNOTS('',3,1,((#8508,#8509),(#8510,#8511),(#8512,
#8513),(#8514,#8515)),.SURF_OF_LINEAR_EXTRUSION.,.F.,.F.,.F.,(4,4),(2,2),
(0.,1.),(0.,1.),.PIECEWISE_BEZIER_KNOTS.);
#42=B_SPLINE_SURFACE_WITH_KNOTS('',3,1,((#8534,#8535),(#8536,#8537),(#8538,
#8539),(#8540,#8541)),.SURF_OF_LINEAR_EXTRUSION.,.F.,.F.,.F.,(4,4),(2,2),
(0.,1.),(0.,1.),.PIECEWISE_BEZIER_KNOTS.);
#43=B_SPLINE_SURFACE_WITH_KNOTS('',3,1,((#8551,#8552),(#8553,#8554),(#8555,
#8556),(#8557,#8558)),.SURF_OF_LINEAR_EXTRUSION.,.F.,.F.,.F.,(4,4),(2,2),
(0.,1.),(0.,1.),.PIECEWISE_BEZIER_KNOTS.);
#44=B_SPLINE_SURFACE_WITH_KNOTS('',3,1,((#8568,#8569),(#8570,#8571),(#8572,
#8573),(#8574,#8575)),.SURF_OF_LINEAR_EXTRUSION.,.F.,.F.,.F.,(4,4),(2,2),
(0.,1.),(0.,1.),.PIECEWISE_BEZIER_KNOTS.);
#45=B_SPLINE_SURFACE_WITH_KNOTS('',3,1,((#8585,#8586),(#8587,#8588),(#8589,
#8590),(#8591,#8592)),.SURF_OF_LINEAR_EXTRUSION.,.F.,.F.,.F.,(4,4),(2,2),
(0.,1.),(0.,1.),.PIECEWISE_BEZIER_KNOTS.);
#46=B_SPLINE_SURFACE_WITH_KNOTS('',3,1,((#8608,#8609),(#8610,#8611),(#8612,
#8613),(#8614,#8615)),.SURF_OF_LINEAR_EXTRUSION.,.F.,.F.,.F.,(4,4),(2,2),
(0.,1.),(0.,1.),.PIECEWISE_BEZIER_KNOTS.);
#47=B_SPLINE_SURFACE_WITH_KNOTS('',3,1,((#8625,#8626),(#8627,#8628),(#8629,
#8630),(#8631,#8632)),.SURF_OF_LINEAR_EXTRUSION.,.F.,.F.,.F.,(4,4),(2,2),
(0.,1.),(0.,1.),.PIECEWISE_BEZIER_KNOTS.);
#48=B_SPLINE_SURFACE_WITH_KNOTS('',3,1,((#8642,#8643),(#8644,#8645),(#8646,
#8647),(#8648,#8649)),.SURF_OF_LINEAR_EXTRUSION.,.F.,.F.,.F.,(4,4),(2,2),
(0.,1.),(0.,1.),.PIECEWISE_BEZIER_KNOTS.);
#49=B_SPLINE_SURFACE_WITH_KNOTS('',3,1,((#8661,#8662),(#8663,#8664),(#8665,
#8666),(#8667,#8668)),.SURF_OF_LINEAR_EXTRUSION.,.F.,.F.,.F.,(4,4),(2,2),
(0.,1.),(0.,1.),.PIECEWISE_BEZIER_KNOTS.);
#50=B_SPLINE_SURFACE_WITH_KNOTS('',3,1,((#8674,#8675),(#8676,#8677),(#8678,
#8679),(#8680,#8681)),.SURF_OF_LINEAR_EXTRUSION.,.F.,.F.,.F.,(4,4),(2,2),
(0.,1.),(0.,1.),.PIECEWISE_BEZIER_KNOTS.);
#51=B_SPLINE_SURFACE_WITH_KNOTS('',3,1,((#8687,#8688),(#8689,#8690),(#8691,
#8692),(#8693,#8694)),.SURF_OF_LINEAR_EXTRUSION.,.F.,.F.,.F.,(4,4),(2,2),
(0.,1.),(0.,1.),.PIECEWISE_BEZIER_KNOTS.);
#52=B_SPLINE_SURFACE_WITH_KNOTS('',3,1,((#8700,#8701),(#8702,#8703),(#8704,
#8705),(#8706,#8707)),.SURF_OF_LINEAR_EXTRUSION.,.F.,.F.,.F.,(4,4),(2,2),
(0.,1.),(0.,1.),.PIECEWISE_BEZIER_KNOTS.);
#53=B_SPLINE_SURFACE_WITH_KNOTS('',3,1,((#8713,#8714),(#8715,#8716),(#8717,
#8718),(#8719,#8720)),.SURF_OF_LINEAR_EXTRUSION.,.F.,.F.,.F.,(4,4),(2,2),
(0.,1.),(0.,1.),.PIECEWISE_BEZIER_KNOTS.);
#54=B_SPLINE_SURFACE_WITH_KNOTS('',3,1,((#8726,#8727),(#8728,#8729),(#8730,
#8731),(#8732,#8733)),.SURF_OF_LINEAR_EXTRUSION.,.F.,.F.,.F.,(4,4),(2,2),
(0.,1.),(0.,1.),.PIECEWISE_BEZIER_KNOTS.);
#55=B_SPLINE_SURFACE_WITH_KNOTS('',3,1,((#8743,#8744),(#8745,#8746),(#8747,
#8748),(#8749,#8750)),.SURF_OF_LINEAR_EXTRUSION.,.F.,.F.,.F.,(4,4),(2,2),
(0.,1.),(0.,1.),.PIECEWISE_BEZIER_KNOTS.);
#56=B_SPLINE_SURFACE_WITH_KNOTS('',3,1,((#8756,#8757),(#8758,#8759),(#8760,
#8761),(#8762,#8763)),.SURF_OF_LINEAR_EXTRUSION.,.F.,.F.,.F.,(4,4),(2,2),
(0.,1.),(0.,1.),.PIECEWISE_BEZIER_KNOTS.);
#57=B_SPLINE_SURFACE_WITH_KNOTS('',3,1,((#8769,#8770),(#8771,#8772),(#8773,
#8774),(#8775,#8776)),.SURF_OF_LINEAR_EXTRUSION.,.F.,.F.,.F.,(4,4),(2,2),
(0.,1.),(0.,1.),.PIECEWISE_BEZIER_KNOTS.);
#58=B_SPLINE_SURFACE_WITH_KNOTS('',3,1,((#8782,#8783),(#8784,#8785),(#8786,
#8787),(#8788,#8789)),.SURF_OF_LINEAR_EXTRUSION.,.F.,.F.,.F.,(4,4),(2,2),
(0.,1.),(0.,1.),.PIECEWISE_BEZIER_KNOTS.);
#59=B_SPLINE_SURFACE_WITH_KNOTS('',3,1,((#8795,#8796),(#8797,#8798),(#8799,
#8800),(#8801,#8802)),.SURF_OF_LINEAR_EXTRUSION.,.F.,.F.,.F.,(4,4),(2,2),
(0.,1.),(0.,1.),.PIECEWISE_BEZIER_KNOTS.);
#60=B_SPLINE_SURFACE_WITH_KNOTS('',3,1,((#8806,#8807),(#8808,#8809),(#8810,
#8811),(#8812,#8813)),.SURF_OF_LINEAR_EXTRUSION.,.F.,.F.,.F.,(4,4),(2,2),
(0.,1.),(0.,1.),.PIECEWISE_BEZIER_KNOTS.);
#61=B_SPLINE_SURFACE_WITH_KNOTS('',3,1,((#8925,#8926),(#8927,#8928),(#8929,
#8930),(#8931,#8932)),.SURF_OF_LINEAR_EXTRUSION.,.F.,.F.,.F.,(4,4),(2,2),
(0.,1.),(0.,1.),.PIECEWISE_BEZIER_KNOTS.);
#62=B_SPLINE_SURFACE_WITH_KNOTS('',3,1,((#8942,#8943),(#8944,#8945),(#8946,
#8947),(#8948,#8949)),.SURF_OF_LINEAR_EXTRUSION.,.F.,.F.,.F.,(4,4),(2,2),
(0.,1.),(0.,1.),.PIECEWISE_BEZIER_KNOTS.);
#63=B_SPLINE_SURFACE_WITH_KNOTS('',3,1,((#8959,#8960),(#8961,#8962),(#8963,
#8964),(#8965,#8966)),.SURF_OF_LINEAR_EXTRUSION.,.F.,.F.,.F.,(4,4),(2,2),
(0.,1.),(0.,1.),.PIECEWISE_BEZIER_KNOTS.);
#64=B_SPLINE_SURFACE_WITH_KNOTS('',3,1,((#8986,#8987),(#8988,#8989),(#8990,
#8991),(#8992,#8993)),.SURF_OF_LINEAR_EXTRUSION.,.F.,.F.,.F.,(4,4),(2,2),
(0.,1.),(0.,1.),.PIECEWISE_BEZIER_KNOTS.);
#65=B_SPLINE_SURFACE_WITH_KNOTS('',3,1,((#8999,#9000),(#9001,#9002),(#9003,
#9004),(#9005,#9006)),.SURF_OF_LINEAR_EXTRUSION.,.F.,.F.,.F.,(4,4),(2,2),
(0.,1.),(0.,1.),.PIECEWISE_BEZIER_KNOTS.);
#66=B_SPLINE_SURFACE_WITH_KNOTS('',3,1,((#9012,#9013),(#9014,#9015),(#9016,
#9017),(#9018,#9019)),.SURF_OF_LINEAR_EXTRUSION.,.F.,.F.,.F.,(4,4),(2,2),
(0.,1.),(0.,1.),.PIECEWISE_BEZIER_KNOTS.);
#67=B_SPLINE_SURFACE_WITH_KNOTS('',3,1,((#9025,#9026),(#9027,#9028),(#9029,
#9030),(#9031,#9032)),.SURF_OF_LINEAR_EXTRUSION.,.F.,.F.,.F.,(4,4),(2,2),
(0.,1.),(0.,1.),.PIECEWISE_BEZIER_KNOTS.);
#68=B_SPLINE_SURFACE_WITH_KNOTS('',3,1,((#9048,#9049),(#9050,#9051),(#9052,
#9053),(#9054,#9055)),.SURF_OF_LINEAR_EXTRUSION.,.F.,.F.,.F.,(4,4),(2,2),
(0.,1.),(0.,1.),.PIECEWISE_BEZIER_KNOTS.);
#69=B_SPLINE_SURFACE_WITH_KNOTS('',3,1,((#9131,#9132),(#9133,#9134),(#9135,
#9136),(#9137,#9138)),.SURF_OF_LINEAR_EXTRUSION.,.F.,.F.,.F.,(4,4),(2,2),
(0.,1.),(0.,1.),.PIECEWISE_BEZIER_KNOTS.);
#70=B_SPLINE_SURFACE_WITH_KNOTS('',3,1,((#9148,#9149),(#9150,#9151),(#9152,
#9153),(#9154,#9155)),.SURF_OF_LINEAR_EXTRUSION.,.F.,.F.,.F.,(4,4),(2,2),
(0.,1.),(0.,1.),.PIECEWISE_BEZIER_KNOTS.);
#71=B_SPLINE_SURFACE_WITH_KNOTS('',3,1,((#9171,#9172),(#9173,#9174),(#9175,
#9176),(#9177,#9178)),.SURF_OF_LINEAR_EXTRUSION.,.F.,.F.,.F.,(4,4),(2,2),
(0.,1.),(0.,1.),.PIECEWISE_BEZIER_KNOTS.);
#72=B_SPLINE_SURFACE_WITH_KNOTS('',3,1,((#9188,#9189),(#9190,#9191),(#9192,
#9193),(#9194,#9195)),.SURF_OF_LINEAR_EXTRUSION.,.F.,.F.,.F.,(4,4),(2,2),
(0.,1.),(0.,1.),.PIECEWISE_BEZIER_KNOTS.);
#73=B_SPLINE_SURFACE_WITH_KNOTS('',3,1,((#9215,#9216),(#9217,#9218),(#9219,
#9220),(#9221,#9222)),.SURF_OF_LINEAR_EXTRUSION.,.F.,.F.,.F.,(4,4),(2,2),
(0.,1.),(0.,1.),.PIECEWISE_BEZIER_KNOTS.);
#74=B_SPLINE_SURFACE_WITH_KNOTS('',3,1,((#9228,#9229),(#9230,#9231),(#9232,
#9233),(#9234,#9235)),.SURF_OF_LINEAR_EXTRUSION.,.F.,.F.,.F.,(4,4),(2,2),
(0.,1.),(0.,1.),.PIECEWISE_BEZIER_KNOTS.);
#75=B_SPLINE_SURFACE_WITH_KNOTS('',3,1,((#9241,#9242),(#9243,#9244),(#9245,
#9246),(#9247,#9248)),.SURF_OF_LINEAR_EXTRUSION.,.F.,.F.,.F.,(4,4),(2,2),
(0.,1.),(0.,1.),.PIECEWISE_BEZIER_KNOTS.);
#76=B_SPLINE_SURFACE_WITH_KNOTS('',3,1,((#9258,#9259),(#9260,#9261),(#9262,
#9263),(#9264,#9265)),.SURF_OF_LINEAR_EXTRUSION.,.F.,.F.,.F.,(4,4),(2,2),
(0.,1.),(0.,1.),.PIECEWISE_BEZIER_KNOTS.);
#77=B_SPLINE_SURFACE_WITH_KNOTS('',3,1,((#9271,#9272),(#9273,#9274),(#9275,
#9276),(#9277,#9278)),.SURF_OF_LINEAR_EXTRUSION.,.F.,.F.,.F.,(4,4),(2,2),
(0.,1.),(0.,1.),.PIECEWISE_BEZIER_KNOTS.);
#78=B_SPLINE_SURFACE_WITH_KNOTS('',3,1,((#9284,#9285),(#9286,#9287),(#9288,
#9289),(#9290,#9291)),.SURF_OF_LINEAR_EXTRUSION.,.F.,.F.,.F.,(4,4),(2,2),
(0.,1.),(0.,1.),.PIECEWISE_BEZIER_KNOTS.);
#79=B_SPLINE_SURFACE_WITH_KNOTS('',3,1,((#9304,#9305),(#9306,#9307),(#9308,
#9309),(#9310,#9311)),.SURF_OF_LINEAR_EXTRUSION.,.F.,.F.,.F.,(4,4),(2,2),
(0.,1.),(0.,1.),.PIECEWISE_BEZIER_KNOTS.);
#80=B_SPLINE_SURFACE_WITH_KNOTS('',3,1,((#9324,#9325),(#9326,#9327),(#9328,
#9329),(#9330,#9331)),.SURF_OF_LINEAR_EXTRUSION.,.F.,.F.,.F.,(4,4),(2,2),
(0.,1.),(0.,1.),.PIECEWISE_BEZIER_KNOTS.);
#81=B_SPLINE_SURFACE_WITH_KNOTS('',3,1,((#9341,#9342),(#9343,#9344),(#9345,
#9346),(#9347,#9348)),.SURF_OF_LINEAR_EXTRUSION.,.F.,.F.,.F.,(4,4),(2,2),
(0.,1.),(0.,1.),.PIECEWISE_BEZIER_KNOTS.);
#82=B_SPLINE_SURFACE_WITH_KNOTS('',3,1,((#9358,#9359),(#9360,#9361),(#9362,
#9363),(#9364,#9365)),.SURF_OF_LINEAR_EXTRUSION.,.F.,.F.,.F.,(4,4),(2,2),
(0.,1.),(0.,1.),.PIECEWISE_BEZIER_KNOTS.);
#83=B_SPLINE_SURFACE_WITH_KNOTS('',3,1,((#9381,#9382),(#9383,#9384),(#9385,
#9386),(#9387,#9388)),.SURF_OF_LINEAR_EXTRUSION.,.F.,.F.,.F.,(4,4),(2,2),
(0.,1.),(0.,1.),.PIECEWISE_BEZIER_KNOTS.);
#84=B_SPLINE_SURFACE_WITH_KNOTS('',3,1,((#9398,#9399),(#9400,#9401),(#9402,
#9403),(#9404,#9405)),.SURF_OF_LINEAR_EXTRUSION.,.F.,.F.,.F.,(4,4),(2,2),
(0.,1.),(0.,1.),.PIECEWISE_BEZIER_KNOTS.);
#85=B_SPLINE_SURFACE_WITH_KNOTS('',3,1,((#9417,#9418),(#9419,#9420),(#9421,
#9422),(#9423,#9424)),.SURF_OF_LINEAR_EXTRUSION.,.F.,.F.,.F.,(4,4),(2,2),
(0.,1.),(0.,1.),.PIECEWISE_BEZIER_KNOTS.);
#86=B_SPLINE_SURFACE_WITH_KNOTS('',3,1,((#9430,#9431),(#9432,#9433),(#9434,
#9435),(#9436,#9437)),.SURF_OF_LINEAR_EXTRUSION.,.F.,.F.,.F.,(4,4),(2,2),
(0.,1.),(0.,1.),.PIECEWISE_BEZIER_KNOTS.);
#87=B_SPLINE_SURFACE_WITH_KNOTS('',3,1,((#9443,#9444),(#9445,#9446),(#9447,
#9448),(#9449,#9450)),.SURF_OF_LINEAR_EXTRUSION.,.F.,.F.,.F.,(4,4),(2,2),
(0.,1.),(0.,1.),.PIECEWISE_BEZIER_KNOTS.);
#88=B_SPLINE_SURFACE_WITH_KNOTS('',3,1,((#9476,#9477),(#9478,#9479),(#9480,
#9481),(#9482,#9483)),.SURF_OF_LINEAR_EXTRUSION.,.F.,.F.,.F.,(4,4),(2,2),
(0.,1.),(0.,1.),.PIECEWISE_BEZIER_KNOTS.);
#89=B_SPLINE_SURFACE_WITH_KNOTS('',3,1,((#9489,#9490),(#9491,#9492),(#9493,
#9494),(#9495,#9496)),.SURF_OF_LINEAR_EXTRUSION.,.F.,.F.,.F.,(4,4),(2,2),
(0.,1.),(0.,1.),.PIECEWISE_BEZIER_KNOTS.);
#90=B_SPLINE_SURFACE_WITH_KNOTS('',3,1,((#9500,#9501),(#9502,#9503),(#9504,
#9505),(#9506,#9507)),.SURF_OF_LINEAR_EXTRUSION.,.F.,.F.,.F.,(4,4),(2,2),
(0.,1.),(0.,1.),.PIECEWISE_BEZIER_KNOTS.);
#91=B_SPLINE_SURFACE_WITH_KNOTS('',3,1,((#9538,#9539),(#9540,#9541),(#9542,
#9543),(#9544,#9545)),.SURF_OF_LINEAR_EXTRUSION.,.F.,.F.,.F.,(4,4),(2,2),
(0.,1.),(0.,1.),.PIECEWISE_BEZIER_KNOTS.);
#92=B_SPLINE_SURFACE_WITH_KNOTS('',3,1,((#9551,#9552),(#9553,#9554),(#9555,
#9556),(#9557,#9558)),.SURF_OF_LINEAR_EXTRUSION.,.F.,.F.,.F.,(4,4),(2,2),
(0.,1.),(0.,1.),.PIECEWISE_BEZIER_KNOTS.);
#93=B_SPLINE_SURFACE_WITH_KNOTS('',3,1,((#9580,#9581),(#9582,#9583),(#9584,
#9585),(#9586,#9587)),.SURF_OF_LINEAR_EXTRUSION.,.F.,.F.,.F.,(4,4),(2,2),
(0.,1.),(0.,1.),.PIECEWISE_BEZIER_KNOTS.);
#94=CYLINDRICAL_SURFACE('',#5645,0.0005);
#95=CYLINDRICAL_SURFACE('',#5648,0.0005);
#96=CYLINDRICAL_SURFACE('',#5651,0.000500000000000007);
#97=CYLINDRICAL_SURFACE('',#5654,0.0005);
#98=CYLINDRICAL_SURFACE('',#5656,0.0005);
#99=CYLINDRICAL_SURFACE('',#5659,0.0005);
#100=CYLINDRICAL_SURFACE('',#5662,0.0005);
#101=CYLINDRICAL_SURFACE('',#5665,0.0005);
#102=CYLINDRICAL_SURFACE('',#5667,0.0005);
#103=CYLINDRICAL_SURFACE('',#5670,0.0005);
#104=CYLINDRICAL_SURFACE('',#5673,0.0005);
#105=CYLINDRICAL_SURFACE('',#5676,0.000500000000000007);
#106=CYLINDRICAL_SURFACE('',#5678,0.0005);
#107=CYLINDRICAL_SURFACE('',#5681,0.0005);
#108=CYLINDRICAL_SURFACE('',#5684,0.0005);
#109=CYLINDRICAL_SURFACE('',#5687,0.0005);
#110=CYLINDRICAL_SURFACE('',#5689,0.0005);
#111=CYLINDRICAL_SURFACE('',#5692,0.0005);
#112=CYLINDRICAL_SURFACE('',#5695,0.0005);
#113=CYLINDRICAL_SURFACE('',#5698,0.0005);
#114=CYLINDRICAL_SURFACE('',#5700,0.0005);
#115=CYLINDRICAL_SURFACE('',#5703,0.0005);
#116=CYLINDRICAL_SURFACE('',#5706,0.0005);
#117=CYLINDRICAL_SURFACE('',#5709,0.0005);
#118=CYLINDRICAL_SURFACE('',#5720,0.0017);
#119=CYLINDRICAL_SURFACE('',#5722,0.0017);
#120=CYLINDRICAL_SURFACE('',#5724,0.0017);
#121=CYLINDRICAL_SURFACE('',#5726,0.0017);
#122=CYLINDRICAL_SURFACE('',#5739,0.002);
#123=CYLINDRICAL_SURFACE('',#5740,0.002);
#124=CYLINDRICAL_SURFACE('',#5741,0.002);
#125=CYLINDRICAL_SURFACE('',#5742,0.002);
#126=CYLINDRICAL_SURFACE('',#5743,0.002);
#127=CYLINDRICAL_SURFACE('',#5744,0.002);
#128=CYLINDRICAL_SURFACE('',#5745,0.002);
#129=CYLINDRICAL_SURFACE('',#5746,0.002);
#130=CYLINDRICAL_SURFACE('',#5758,0.00066214424601916);
#131=CYLINDRICAL_SURFACE('',#5764,0.00112569299997359);
#132=CYLINDRICAL_SURFACE('',#5768,0.00116340937576243);
#133=CYLINDRICAL_SURFACE('',#5770,0.00128967852445214);
#134=CYLINDRICAL_SURFACE('',#5782,0.00143446134129608);
#135=CYLINDRICAL_SURFACE('',#5785,0.00123422029156668);
#136=CYLINDRICAL_SURFACE('',#5792,0.000712586945149156);
#137=CYLINDRICAL_SURFACE('',#5795,0.000719864473298144);
#138=CYLINDRICAL_SURFACE('',#5799,0.0012400447191992);
#139=CYLINDRICAL_SURFACE('',#5802,0.00127610524826143);
#140=CYLINDRICAL_SURFACE('',#5804,0.00125492858096853);
#141=CIRCLE('',#5598,0.00125492858096853);
#142=CIRCLE('',#5599,0.00127610524826143);
#143=CIRCLE('',#5600,0.0012400447191992);
#144=CIRCLE('',#5601,0.00123422029156668);
#145=CIRCLE('',#5602,0.00143446134129608);
#146=CIRCLE('',#5603,0.00128967852445214);
#147=CIRCLE('',#5604,0.00116340937576243);
#148=CIRCLE('',#5605,0.00112569299997359);
#149=CIRCLE('',#5606,0.002);
#150=CIRCLE('',#5607,0.002);
#151=CIRCLE('',#5608,0.002);
#152=CIRCLE('',#5609,0.002);
#153=CIRCLE('',#5610,0.0017);
#154=CIRCLE('',#5611,0.0017);
#155=CIRCLE('',#5612,0.0017);
#156=CIRCLE('',#5613,0.0017);
#157=CIRCLE('',#5614,0.0005);
#158=CIRCLE('',#5615,0.0005);
#159=CIRCLE('',#5616,0.0005);
#160=CIRCLE('',#5617,0.0005);
#161=CIRCLE('',#5618,0.0005);
#162=CIRCLE('',#5619,0.0005);
#163=CIRCLE('',#5620,0.0005);
#164=CIRCLE('',#5621,0.0005);
#165=CIRCLE('',#5622,0.0005);
#166=CIRCLE('',#5623,0.0005);
#167=CIRCLE('',#5624,0.0005);
#168=CIRCLE('',#5625,0.0005);
#169=CIRCLE('',#5626,0.0005);
#170=CIRCLE('',#5627,0.0005);
#171=CIRCLE('',#5628,0.0005);
#172=CIRCLE('',#5629,0.000500000000000007);
#173=CIRCLE('',#5630,0.0005);
#174=CIRCLE('',#5631,0.0005);
#175=CIRCLE('',#5632,0.0005);
#176=CIRCLE('',#5633,0.0005);
#177=CIRCLE('',#5634,0.0005);
#178=CIRCLE('',#5635,0.0005);
#179=CIRCLE('',#5636,0.000500000000000007);
#180=CIRCLE('',#5637,0.0005);
#181=CIRCLE('',#5638,0.002);
#182=CIRCLE('',#5639,0.002);
#183=CIRCLE('',#5640,0.002);
#184=CIRCLE('',#5641,0.002);
#185=CIRCLE('',#5646,0.0005);
#186=CIRCLE('',#5649,0.0005);
#187=CIRCLE('',#5652,0.000500000000000007);
#188=CIRCLE('',#5655,0.0005);
#189=CIRCLE('',#5657,0.0005);
#190=CIRCLE('',#5660,0.0005);
#191=CIRCLE('',#5663,0.0005);
#192=CIRCLE('',#5666,0.0005);
#193=CIRCLE('',#5668,0.0005);
#194=CIRCLE('',#5671,0.0005);
#195=CIRCLE('',#5674,0.0005);
#196=CIRCLE('',#5677,0.000500000000000007);
#197=CIRCLE('',#5679,0.0005);
#198=CIRCLE('',#5682,0.0005);
#199=CIRCLE('',#5685,0.0005);
#200=CIRCLE('',#5688,0.0005);
#201=CIRCLE('',#5690,0.0005);
#202=CIRCLE('',#5693,0.0005);
#203=CIRCLE('',#5696,0.0005);
#204=CIRCLE('',#5699,0.0005);
#205=CIRCLE('',#5701,0.0005);
#206=CIRCLE('',#5704,0.0005);
#207=CIRCLE('',#5707,0.0005);
#208=CIRCLE('',#5710,0.0005);
#209=CIRCLE('',#5721,0.0017);
#210=CIRCLE('',#5723,0.0017);
#211=CIRCLE('',#5725,0.0017);
#212=CIRCLE('',#5727,0.0017);
#213=CIRCLE('',#5731,0.002);
#214=CIRCLE('',#5732,0.002);
#215=CIRCLE('',#5733,0.002);
#216=CIRCLE('',#5734,0.002);
#217=CIRCLE('',#5735,0.002);
#218=CIRCLE('',#5736,0.002);
#219=CIRCLE('',#5737,0.002);
#220=CIRCLE('',#5738,0.002);
#221=CIRCLE('',#5759,0.00066214424601916);
#222=CIRCLE('',#5760,0.00066214424601916);
#223=CIRCLE('',#5765,0.00112569299997359);
#224=CIRCLE('',#5769,0.00116340937576243);
#225=CIRCLE('',#5771,0.00128967852445214);
#226=CIRCLE('',#5783,0.00143446134129608);
#227=CIRCLE('',#5786,0.00123422029156668);
#228=CIRCLE('',#5793,0.000712586945149156);
#229=CIRCLE('',#5794,0.000712586945149156);
#230=CIRCLE('',#5796,0.000719864473298144);
#231=CIRCLE('',#5797,0.000719864473298144);
#232=CIRCLE('',#5800,0.0012400447191992);
#233=CIRCLE('',#5803,0.00127610524826143);
#234=CIRCLE('',#5805,0.00125492858096853);
#235=B_SPLINE_CURVE_WITH_KNOTS('',2,(#7068,#7069,#7070),.UNSPECIFIED.,.F.,
 .F.,(3,3),(0.,1.),.PIECEWISE_BEZIER_KNOTS.);
#236=B_SPLINE_CURVE_WITH_KNOTS('',2,(#7080,#7081,#7082),.UNSPECIFIED.,.F.,
 .F.,(3,3),(0.,1.),.PIECEWISE_BEZIER_KNOTS.);
#237=B_SPLINE_CURVE_WITH_KNOTS('',2,(#7084,#7085,#7086),.UNSPECIFIED.,.F.,
 .F.,(3,3),(0.,1.),.PIECEWISE_BEZIER_KNOTS.);
#238=B_SPLINE_CURVE_WITH_KNOTS('',2,(#7095,#7096,#7097),.UNSPECIFIED.,.F.,
 .F.,(3,3),(0.,1.),.PIECEWISE_BEZIER_KNOTS.);
#239=B_SPLINE_CURVE_WITH_KNOTS('',2,(#7100,#7101,#7102),.UNSPECIFIED.,.F.,
 .F.,(3,3),(0.,1.),.PIECEWISE_BEZIER_KNOTS.);
#240=B_SPLINE_CURVE_WITH_KNOTS('',2,(#7104,#7105,#7106),.UNSPECIFIED.,.F.,
 .F.,(3,3),(0.,1.),.PIECEWISE_BEZIER_KNOTS.);
#241=B_SPLINE_CURVE_WITH_KNOTS('',2,(#7118,#7119,#7120),.UNSPECIFIED.,.F.,
 .F.,(3,3),(0.,1.),.PIECEWISE_BEZIER_KNOTS.);
#242=B_SPLINE_CURVE_WITH_KNOTS('',2,(#7122,#7123,#7124),.UNSPECIFIED.,.F.,
 .F.,(3,3),(0.,1.),.PIECEWISE_BEZIER_KNOTS.);
#243=B_SPLINE_CURVE_WITH_KNOTS('',2,(#7126,#7127,#7128),.UNSPECIFIED.,.F.,
 .F.,(3,3),(0.,1.),.PIECEWISE_BEZIER_KNOTS.);
#244=B_SPLINE_CURVE_WITH_KNOTS('',2,(#7136,#7137,#7138),.UNSPECIFIED.,.F.,
 .F.,(3,3),(0.,1.),.PIECEWISE_BEZIER_KNOTS.);
#245=B_SPLINE_CURVE_WITH_KNOTS('',2,(#7140,#7141,#7142),.UNSPECIFIED.,.F.,
 .F.,(3,3),(0.,1.),.PIECEWISE_BEZIER_KNOTS.);
#246=B_SPLINE_CURVE_WITH_KNOTS('',2,(#7144,#7145,#7146),.UNSPECIFIED.,.F.,
 .F.,(3,3),(0.,1.),.PIECEWISE_BEZIER_KNOTS.);
#247=B_SPLINE_CURVE_WITH_KNOTS('',2,(#7150,#7151,#7152),.UNSPECIFIED.,.F.,
 .F.,(3,3),(0.,1.),.PIECEWISE_BEZIER_KNOTS.);
#248=B_SPLINE_CURVE_WITH_KNOTS('',2,(#7154,#7155,#7156),.UNSPECIFIED.,.F.,
 .F.,(3,3),(0.,1.),.PIECEWISE_BEZIER_KNOTS.);
#249=B_SPLINE_CURVE_WITH_KNOTS('',2,(#7158,#7159,#7160),.UNSPECIFIED.,.F.,
 .F.,(3,3),(0.,1.),.PIECEWISE_BEZIER_KNOTS.);
#250=B_SPLINE_CURVE_WITH_KNOTS('',2,(#7188,#7189,#7190),.UNSPECIFIED.,.F.,
 .F.,(3,3),(0.,1.),.PIECEWISE_BEZIER_KNOTS.);
#251=B_SPLINE_CURVE_WITH_KNOTS('',2,(#7192,#7193,#7194),.UNSPECIFIED.,.F.,
 .F.,(3,3),(0.,1.),.PIECEWISE_BEZIER_KNOTS.);
#252=B_SPLINE_CURVE_WITH_KNOTS('',2,(#7196,#7197,#7198),.UNSPECIFIED.,.F.,
 .F.,(3,3),(0.,1.),.PIECEWISE_BEZIER_KNOTS.);
#253=B_SPLINE_CURVE_WITH_KNOTS('',2,(#7200,#7201,#7202),.UNSPECIFIED.,.F.,
 .F.,(3,3),(0.,1.),.PIECEWISE_BEZIER_KNOTS.);
#254=B_SPLINE_CURVE_WITH_KNOTS('',2,(#7245,#7246,#7247),.UNSPECIFIED.,.F.,
 .F.,(3,3),(0.,1.),.PIECEWISE_BEZIER_KNOTS.);
#255=B_SPLINE_CURVE_WITH_KNOTS('',2,(#7250,#7251,#7252),.UNSPECIFIED.,.F.,
 .F.,(3,3),(0.,1.),.PIECEWISE_BEZIER_KNOTS.);
#256=B_SPLINE_CURVE_WITH_KNOTS('',2,(#7254,#7255,#7256),.UNSPECIFIED.,.F.,
 .F.,(3,3),(0.,1.),.PIECEWISE_BEZIER_KNOTS.);
#257=B_SPLINE_CURVE_WITH_KNOTS('',2,(#7258,#7259,#7260),.UNSPECIFIED.,.F.,
 .F.,(3,3),(0.,1.),.PIECEWISE_BEZIER_KNOTS.);
#258=B_SPLINE_CURVE_WITH_KNOTS('',2,(#7262,#7263,#7264),.UNSPECIFIED.,.F.,
 .F.,(3,3),(0.,1.),.PIECEWISE_BEZIER_KNOTS.);
#259=B_SPLINE_CURVE_WITH_KNOTS('',2,(#7266,#7267,#7268),.UNSPECIFIED.,.F.,
 .F.,(3,3),(0.,1.),.PIECEWISE_BEZIER_KNOTS.);
#260=B_SPLINE_CURVE_WITH_KNOTS('',2,(#7272,#7273,#7274),.UNSPECIFIED.,.F.,
 .F.,(3,3),(0.,1.),.PIECEWISE_BEZIER_KNOTS.);
#261=B_SPLINE_CURVE_WITH_KNOTS('',2,(#7276,#7277,#7278),.UNSPECIFIED.,.F.,
 .F.,(3,3),(0.,1.),.PIECEWISE_BEZIER_KNOTS.);
#262=B_SPLINE_CURVE_WITH_KNOTS('',2,(#7280,#7281,#7282),.UNSPECIFIED.,.F.,
 .F.,(3,3),(0.,1.),.PIECEWISE_BEZIER_KNOTS.);
#263=B_SPLINE_CURVE_WITH_KNOTS('',2,(#7284,#7285,#7286),.UNSPECIFIED.,.F.,
 .F.,(3,3),(0.,1.),.PIECEWISE_BEZIER_KNOTS.);
#264=B_SPLINE_CURVE_WITH_KNOTS('',2,(#7288,#7289,#7290),.UNSPECIFIED.,.F.,
 .F.,(3,3),(0.,1.),.PIECEWISE_BEZIER_KNOTS.);
#265=B_SPLINE_CURVE_WITH_KNOTS('',2,(#7292,#7293,#7294),.UNSPECIFIED.,.F.,
 .F.,(3,3),(0.,1.),.PIECEWISE_BEZIER_KNOTS.);
#266=B_SPLINE_CURVE_WITH_KNOTS('',2,(#7317,#7318,#7319),.UNSPECIFIED.,.F.,
 .F.,(3,3),(0.,1.),.PIECEWISE_BEZIER_KNOTS.);
#267=B_SPLINE_CURVE_WITH_KNOTS('',2,(#7326,#7327,#7328),.UNSPECIFIED.,.F.,
 .F.,(3,3),(0.,1.),.PIECEWISE_BEZIER_KNOTS.);
#268=B_SPLINE_CURVE_WITH_KNOTS('',2,(#7330,#7331,#7332),.UNSPECIFIED.,.F.,
 .F.,(3,3),(0.,1.),.PIECEWISE_BEZIER_KNOTS.);
#269=B_SPLINE_CURVE_WITH_KNOTS('',2,(#7336,#7337,#7338),.UNSPECIFIED.,.F.,
 .F.,(3,3),(0.,1.),.PIECEWISE_BEZIER_KNOTS.);
#270=B_SPLINE_CURVE_WITH_KNOTS('',2,(#7342,#7343,#7344),.UNSPECIFIED.,.F.,
 .F.,(3,3),(0.,1.),.PIECEWISE_BEZIER_KNOTS.);
#271=B_SPLINE_CURVE_WITH_KNOTS('',2,(#7346,#7347,#7348),.UNSPECIFIED.,.F.,
 .F.,(3,3),(0.,1.),.PIECEWISE_BEZIER_KNOTS.);
#272=B_SPLINE_CURVE_WITH_KNOTS('',2,(#7350,#7351,#7352),.UNSPECIFIED.,.F.,
 .F.,(3,3),(0.,1.),.PIECEWISE_BEZIER_KNOTS.);
#273=B_SPLINE_CURVE_WITH_KNOTS('',2,(#7366,#7367,#7368),.UNSPECIFIED.,.F.,
 .F.,(3,3),(0.,1.),.PIECEWISE_BEZIER_KNOTS.);
#274=B_SPLINE_CURVE_WITH_KNOTS('',2,(#7370,#7371,#7372),.UNSPECIFIED.,.F.,
 .F.,(3,3),(0.,1.),.PIECEWISE_BEZIER_KNOTS.);
#275=B_SPLINE_CURVE_WITH_KNOTS('',2,(#7380,#7381,#7382),.UNSPECIFIED.,.F.,
 .F.,(3,3),(0.,1.),.PIECEWISE_BEZIER_KNOTS.);
#276=B_SPLINE_CURVE_WITH_KNOTS('',2,(#7384,#7385,#7386),.UNSPECIFIED.,.F.,
 .F.,(3,3),(0.,1.),.PIECEWISE_BEZIER_KNOTS.);
#277=B_SPLINE_CURVE_WITH_KNOTS('',2,(#7399,#7400,#7401),.UNSPECIFIED.,.F.,
 .F.,(3,3),(0.,1.),.PIECEWISE_BEZIER_KNOTS.);
#278=B_SPLINE_CURVE_WITH_KNOTS('',2,(#7404,#7405,#7406),.UNSPECIFIED.,.F.,
 .F.,(3,3),(0.,1.),.PIECEWISE_BEZIER_KNOTS.);
#279=B_SPLINE_CURVE_WITH_KNOTS('',2,(#7410,#7411,#7412),.UNSPECIFIED.,.F.,
 .F.,(3,3),(0.,1.),.PIECEWISE_BEZIER_KNOTS.);
#280=B_SPLINE_CURVE_WITH_KNOTS('',2,(#7418,#7419,#7420),.UNSPECIFIED.,.F.,
 .F.,(3,3),(0.,1.),.PIECEWISE_BEZIER_KNOTS.);
#281=B_SPLINE_CURVE_WITH_KNOTS('',2,(#7422,#7423,#7424),.UNSPECIFIED.,.F.,
 .F.,(3,3),(0.,1.),.PIECEWISE_BEZIER_KNOTS.);
#282=B_SPLINE_CURVE_WITH_KNOTS('',2,(#7430,#7431,#7432),.UNSPECIFIED.,.F.,
 .F.,(3,3),(0.,1.),.PIECEWISE_BEZIER_KNOTS.);
#283=B_SPLINE_CURVE_WITH_KNOTS('',2,(#7434,#7435,#7436),.UNSPECIFIED.,.F.,
 .F.,(3,3),(0.,1.),.PIECEWISE_BEZIER_KNOTS.);
#284=B_SPLINE_CURVE_WITH_KNOTS('',2,(#7438,#7439,#7440),.UNSPECIFIED.,.F.,
 .F.,(3,3),(0.,1.),.PIECEWISE_BEZIER_KNOTS.);
#285=B_SPLINE_CURVE_WITH_KNOTS('',2,(#7446,#7447,#7448),.UNSPECIFIED.,.F.,
 .F.,(3,3),(0.,1.),.PIECEWISE_BEZIER_KNOTS.);
#286=B_SPLINE_CURVE_WITH_KNOTS('',2,(#7932,#7933,#7934),.UNSPECIFIED.,.F.,
 .F.,(3,3),(0.,1.),.PIECEWISE_BEZIER_KNOTS.);
#287=B_SPLINE_CURVE_WITH_KNOTS('',2,(#7938,#7939,#7940),.UNSPECIFIED.,.F.,
 .F.,(3,3),(0.,1.),.PIECEWISE_BEZIER_KNOTS.);
#288=B_SPLINE_CURVE_WITH_KNOTS('',2,(#7949,#7950,#7951),.UNSPECIFIED.,.F.,
 .F.,(3,3),(0.,1.),.PIECEWISE_BEZIER_KNOTS.);
#289=B_SPLINE_CURVE_WITH_KNOTS('',2,(#7955,#7956,#7957),.UNSPECIFIED.,.F.,
 .F.,(3,3),(0.,1.),.PIECEWISE_BEZIER_KNOTS.);
#290=B_SPLINE_CURVE_WITH_KNOTS('',2,(#7980,#7981,#7982),.UNSPECIFIED.,.F.,
 .F.,(3,3),(0.,1.),.PIECEWISE_BEZIER_KNOTS.);
#291=B_SPLINE_CURVE_WITH_KNOTS('',2,(#7995,#7996,#7997),.UNSPECIFIED.,.F.,
 .F.,(3,3),(0.,1.),.PIECEWISE_BEZIER_KNOTS.);
#292=B_SPLINE_CURVE_WITH_KNOTS('',2,(#8016,#8017,#8018),.UNSPECIFIED.,.F.,
 .F.,(3,3),(0.,1.),.PIECEWISE_BEZIER_KNOTS.);
#293=B_SPLINE_CURVE_WITH_KNOTS('',2,(#8029,#8030,#8031),.UNSPECIFIED.,.F.,
 .F.,(3,3),(0.,1.),.PIECEWISE_BEZIER_KNOTS.);
#294=B_SPLINE_CURVE_WITH_KNOTS('',2,(#8042,#8043,#8044),.UNSPECIFIED.,.F.,
 .F.,(3,3),(0.,1.),.PIECEWISE_BEZIER_KNOTS.);
#295=B_SPLINE_CURVE_WITH_KNOTS('',2,(#8063,#8064,#8065),.UNSPECIFIED.,.F.,
 .F.,(3,3),(0.,1.),.PIECEWISE_BEZIER_KNOTS.);
#296=B_SPLINE_CURVE_WITH_KNOTS('',2,(#8076,#8077,#8078),.UNSPECIFIED.,.F.,
 .F.,(3,3),(0.,1.),.PIECEWISE_BEZIER_KNOTS.);
#297=B_SPLINE_CURVE_WITH_KNOTS('',2,(#8097,#8098,#8099),.UNSPECIFIED.,.F.,
 .F.,(3,3),(0.,1.),.PIECEWISE_BEZIER_KNOTS.);
#298=B_SPLINE_CURVE_WITH_KNOTS('',2,(#8112,#8113,#8114),.UNSPECIFIED.,.F.,
 .F.,(3,3),(0.,1.),.PIECEWISE_BEZIER_KNOTS.);
#299=B_SPLINE_CURVE_WITH_KNOTS('',2,(#8123,#8124,#8125),.UNSPECIFIED.,.F.,
 .F.,(3,3),(0.,1.),.PIECEWISE_BEZIER_KNOTS.);
#300=B_SPLINE_CURVE_WITH_KNOTS('',2,(#8126,#8127,#8128),.UNSPECIFIED.,.F.,
 .F.,(3,3),(0.,1.),.PIECEWISE_BEZIER_KNOTS.);
#301=B_SPLINE_CURVE_WITH_KNOTS('',2,(#8171,#8172,#8173),.UNSPECIFIED.,.F.,
 .F.,(3,3),(0.,1.),.PIECEWISE_BEZIER_KNOTS.);
#302=B_SPLINE_CURVE_WITH_KNOTS('',2,(#8184,#8185,#8186),.UNSPECIFIED.,.F.,
 .F.,(3,3),(0.,1.),.PIECEWISE_BEZIER_KNOTS.);
#303=B_SPLINE_CURVE_WITH_KNOTS('',2,(#8209,#8210,#8211),.UNSPECIFIED.,.F.,
 .F.,(3,3),(0.,1.),.PIECEWISE_BEZIER_KNOTS.);
#304=B_SPLINE_CURVE_WITH_KNOTS('',2,(#8222,#8223,#8224),.UNSPECIFIED.,.F.,
 .F.,(3,3),(0.,1.),.PIECEWISE_BEZIER_KNOTS.);
#305=B_SPLINE_CURVE_WITH_KNOTS('',2,(#8248,#8249,#8250),.UNSPECIFIED.,.F.,
 .F.,(3,3),(0.,1.),.PIECEWISE_BEZIER_KNOTS.);
#306=B_SPLINE_CURVE_WITH_KNOTS('',2,(#8255,#8256,#8257),.UNSPECIFIED.,.F.,
 .F.,(3,3),(0.,1.),.PIECEWISE_BEZIER_KNOTS.);
#307=B_SPLINE_CURVE_WITH_KNOTS('',2,(#8268,#8269,#8270),.UNSPECIFIED.,.F.,
 .F.,(3,3),(0.,1.),.PIECEWISE_BEZIER_KNOTS.);
#308=B_SPLINE_CURVE_WITH_KNOTS('',2,(#8274,#8275,#8276),.UNSPECIFIED.,.F.,
 .F.,(3,3),(0.,1.),.PIECEWISE_BEZIER_KNOTS.);
#309=B_SPLINE_CURVE_WITH_KNOTS('',2,(#8297,#8298,#8299),.UNSPECIFIED.,.F.,
 .F.,(3,3),(0.,1.),.PIECEWISE_BEZIER_KNOTS.);
#310=B_SPLINE_CURVE_WITH_KNOTS('',2,(#8303,#8304,#8305),.UNSPECIFIED.,.F.,
 .F.,(3,3),(0.,1.),.PIECEWISE_BEZIER_KNOTS.);
#311=B_SPLINE_CURVE_WITH_KNOTS('',2,(#8314,#8315,#8316),.UNSPECIFIED.,.F.,
 .F.,(3,3),(0.,1.),.PIECEWISE_BEZIER_KNOTS.);
#312=B_SPLINE_CURVE_WITH_KNOTS('',2,(#8320,#8321,#8322),.UNSPECIFIED.,.F.,
 .F.,(3,3),(0.,1.),.PIECEWISE_BEZIER_KNOTS.);
#313=B_SPLINE_CURVE_WITH_KNOTS('',2,(#8331,#8332,#8333),.UNSPECIFIED.,.F.,
 .F.,(3,3),(0.,1.),.PIECEWISE_BEZIER_KNOTS.);
#314=B_SPLINE_CURVE_WITH_KNOTS('',2,(#8337,#8338,#8339),.UNSPECIFIED.,.F.,
 .F.,(3,3),(0.,1.),.PIECEWISE_BEZIER_KNOTS.);
#315=B_SPLINE_CURVE_WITH_KNOTS('',2,(#8350,#8351,#8352),.UNSPECIFIED.,.F.,
 .F.,(3,3),(0.,1.),.PIECEWISE_BEZIER_KNOTS.);
#316=B_SPLINE_CURVE_WITH_KNOTS('',2,(#8369,#8370,#8371),.UNSPECIFIED.,.F.,
 .F.,(3,3),(0.,1.),.PIECEWISE_BEZIER_KNOTS.);
#317=B_SPLINE_CURVE_WITH_KNOTS('',2,(#8382,#8383,#8384),.UNSPECIFIED.,.F.,
 .F.,(3,3),(0.,1.),.PIECEWISE_BEZIER_KNOTS.);
#318=B_SPLINE_CURVE_WITH_KNOTS('',2,(#8395,#8396,#8397),.UNSPECIFIED.,.F.,
 .F.,(3,3),(0.,1.),.PIECEWISE_BEZIER_KNOTS.);
#319=B_SPLINE_CURVE_WITH_KNOTS('',2,(#8412,#8413,#8414),.UNSPECIFIED.,.F.,
 .F.,(3,3),(0.,1.),.PIECEWISE_BEZIER_KNOTS.);
#320=B_SPLINE_CURVE_WITH_KNOTS('',2,(#8429,#8430,#8431),.UNSPECIFIED.,.F.,
 .F.,(3,3),(0.,1.),.PIECEWISE_BEZIER_KNOTS.);
#321=B_SPLINE_CURVE_WITH_KNOTS('',2,(#8442,#8443,#8444),.UNSPECIFIED.,.F.,
 .F.,(3,3),(0.,1.),.PIECEWISE_BEZIER_KNOTS.);
#322=B_SPLINE_CURVE_WITH_KNOTS('',2,(#8459,#8460,#8461),.UNSPECIFIED.,.F.,
 .F.,(3,3),(0.,1.),.PIECEWISE_BEZIER_KNOTS.);
#323=B_SPLINE_CURVE_WITH_KNOTS('',2,(#8462,#8463,#8464),.UNSPECIFIED.,.F.,
 .F.,(3,3),(0.,1.),.PIECEWISE_BEZIER_KNOTS.);
#324=B_SPLINE_CURVE_WITH_KNOTS('',2,(#8516,#8517,#8518),.UNSPECIFIED.,.F.,
 .F.,(3,3),(0.,1.),.PIECEWISE_BEZIER_KNOTS.);
#325=B_SPLINE_CURVE_WITH_KNOTS('',2,(#8523,#8524,#8525),.UNSPECIFIED.,.F.,
 .F.,(3,3),(0.,1.),.PIECEWISE_BEZIER_KNOTS.);
#326=B_SPLINE_CURVE_WITH_KNOTS('',2,(#8542,#8543,#8544),.UNSPECIFIED.,.F.,
 .F.,(3,3),(0.,1.),.PIECEWISE_BEZIER_KNOTS.);
#327=B_SPLINE_CURVE_WITH_KNOTS('',2,(#8548,#8549,#8550),.UNSPECIFIED.,.F.,
 .F.,(3,3),(0.,1.),.PIECEWISE_BEZIER_KNOTS.);
#328=B_SPLINE_CURVE_WITH_KNOTS('',2,(#8559,#8560,#8561),.UNSPECIFIED.,.F.,
 .F.,(3,3),(0.,1.),.PIECEWISE_BEZIER_KNOTS.);
#329=B_SPLINE_CURVE_WITH_KNOTS('',2,(#8565,#8566,#8567),.UNSPECIFIED.,.F.,
 .F.,(3,3),(0.,1.),.PIECEWISE_BEZIER_KNOTS.);
#330=B_SPLINE_CURVE_WITH_KNOTS('',2,(#8576,#8577,#8578),.UNSPECIFIED.,.F.,
 .F.,(3,3),(0.,1.),.PIECEWISE_BEZIER_KNOTS.);
#331=B_SPLINE_CURVE_WITH_KNOTS('',2,(#8582,#8583,#8584),.UNSPECIFIED.,.F.,
 .F.,(3,3),(0.,1.),.PIECEWISE_BEZIER_KNOTS.);
#332=B_SPLINE_CURVE_WITH_KNOTS('',2,(#8593,#8594,#8595),.UNSPECIFIED.,.F.,
 .F.,(3,3),(0.,1.),.PIECEWISE_BEZIER_KNOTS.);
#333=B_SPLINE_CURVE_WITH_KNOTS('',2,(#8599,#8600,#8601),.UNSPECIFIED.,.F.,
 .F.,(3,3),(0.,1.),.PIECEWISE_BEZIER_KNOTS.);
#334=B_SPLINE_CURVE_WITH_KNOTS('',2,(#8616,#8617,#8618),.UNSPECIFIED.,.F.,
 .F.,(3,3),(0.,1.),.PIECEWISE_BEZIER_KNOTS.);
#335=B_SPLINE_CURVE_WITH_KNOTS('',2,(#8622,#8623,#8624),.UNSPECIFIED.,.F.,
 .F.,(3,3),(0.,1.),.PIECEWISE_BEZIER_KNOTS.);
#336=B_SPLINE_CURVE_WITH_KNOTS('',2,(#8633,#8634,#8635),.UNSPECIFIED.,.F.,
 .F.,(3,3),(0.,1.),.PIECEWISE_BEZIER_KNOTS.);
#337=B_SPLINE_CURVE_WITH_KNOTS('',2,(#8639,#8640,#8641),.UNSPECIFIED.,.F.,
 .F.,(3,3),(0.,1.),.PIECEWISE_BEZIER_KNOTS.);
#338=B_SPLINE_CURVE_WITH_KNOTS('',2,(#8652,#8653,#8654),.UNSPECIFIED.,.F.,
 .F.,(3,3),(0.,1.),.PIECEWISE_BEZIER_KNOTS.);
#339=B_SPLINE_CURVE_WITH_KNOTS('',2,(#8671,#8672,#8673),.UNSPECIFIED.,.F.,
 .F.,(3,3),(0.,1.),.PIECEWISE_BEZIER_KNOTS.);
#340=B_SPLINE_CURVE_WITH_KNOTS('',2,(#8684,#8685,#8686),.UNSPECIFIED.,.F.,
 .F.,(3,3),(0.,1.),.PIECEWISE_BEZIER_KNOTS.);
#341=B_SPLINE_CURVE_WITH_KNOTS('',2,(#8697,#8698,#8699),.UNSPECIFIED.,.F.,
 .F.,(3,3),(0.,1.),.PIECEWISE_BEZIER_KNOTS.);
#342=B_SPLINE_CURVE_WITH_KNOTS('',2,(#8710,#8711,#8712),.UNSPECIFIED.,.F.,
 .F.,(3,3),(0.,1.),.PIECEWISE_BEZIER_KNOTS.);
#343=B_SPLINE_CURVE_WITH_KNOTS('',2,(#8723,#8724,#8725),.UNSPECIFIED.,.F.,
 .F.,(3,3),(0.,1.),.PIECEWISE_BEZIER_KNOTS.);
#344=B_SPLINE_CURVE_WITH_KNOTS('',2,(#8736,#8737,#8738),.UNSPECIFIED.,.F.,
 .F.,(3,3),(0.,1.),.PIECEWISE_BEZIER_KNOTS.);
#345=B_SPLINE_CURVE_WITH_KNOTS('',2,(#8753,#8754,#8755),.UNSPECIFIED.,.F.,
 .F.,(3,3),(0.,1.),.PIECEWISE_BEZIER_KNOTS.);
#346=B_SPLINE_CURVE_WITH_KNOTS('',2,(#8766,#8767,#8768),.UNSPECIFIED.,.F.,
 .F.,(3,3),(0.,1.),.PIECEWISE_BEZIER_KNOTS.);
#347=B_SPLINE_CURVE_WITH_KNOTS('',2,(#8779,#8780,#8781),.UNSPECIFIED.,.F.,
 .F.,(3,3),(0.,1.),.PIECEWISE_BEZIER_KNOTS.);
#348=B_SPLINE_CURVE_WITH_KNOTS('',2,(#8792,#8793,#8794),.UNSPECIFIED.,.F.,
 .F.,(3,3),(0.,1.),.PIECEWISE_BEZIER_KNOTS.);
#349=B_SPLINE_CURVE_WITH_KNOTS('',2,(#8803,#8804,#8805),.UNSPECIFIED.,.F.,
 .F.,(3,3),(0.,1.),.PIECEWISE_BEZIER_KNOTS.);
#350=B_SPLINE_CURVE_WITH_KNOTS('',2,(#8814,#8815,#8816),.UNSPECIFIED.,.F.,
 .F.,(3,3),(0.,1.),.PIECEWISE_BEZIER_KNOTS.);
#351=B_SPLINE_CURVE_WITH_KNOTS('',2,(#8817,#8818,#8819),.UNSPECIFIED.,.F.,
 .F.,(3,3),(0.,1.),.PIECEWISE_BEZIER_KNOTS.);
#352=B_SPLINE_CURVE_WITH_KNOTS('',2,(#8933,#8934,#8935),.UNSPECIFIED.,.F.,
 .F.,(3,3),(0.,1.),.PIECEWISE_BEZIER_KNOTS.);
#353=B_SPLINE_CURVE_WITH_KNOTS('',2,(#8939,#8940,#8941),.UNSPECIFIED.,.F.,
 .F.,(3,3),(0.,1.),.PIECEWISE_BEZIER_KNOTS.);
#354=B_SPLINE_CURVE_WITH_KNOTS('',2,(#8950,#8951,#8952),.UNSPECIFIED.,.F.,
 .F.,(3,3),(0.,1.),.PIECEWISE_BEZIER_KNOTS.);
#355=B_SPLINE_CURVE_WITH_KNOTS('',2,(#8956,#8957,#8958),.UNSPECIFIED.,.F.,
 .F.,(3,3),(0.,1.),.PIECEWISE_BEZIER_KNOTS.);
#356=B_SPLINE_CURVE_WITH_KNOTS('',2,(#8967,#8968,#8969),.UNSPECIFIED.,.F.,
 .F.,(3,3),(0.,1.),.PIECEWISE_BEZIER_KNOTS.);
#357=B_SPLINE_CURVE_WITH_KNOTS('',2,(#8973,#8974,#8975),.UNSPECIFIED.,.F.,
 .F.,(3,3),(0.,1.),.PIECEWISE_BEZIER_KNOTS.);
#358=B_SPLINE_CURVE_WITH_KNOTS('',2,(#8996,#8997,#8998),.UNSPECIFIED.,.F.,
 .F.,(3,3),(0.,1.),.PIECEWISE_BEZIER_KNOTS.);
#359=B_SPLINE_CURVE_WITH_KNOTS('',2,(#9009,#9010,#9011),.UNSPECIFIED.,.F.,
 .F.,(3,3),(0.,1.),.PIECEWISE_BEZIER_KNOTS.);
#360=B_SPLINE_CURVE_WITH_KNOTS('',2,(#9022,#9023,#9024),.UNSPECIFIED.,.F.,
 .F.,(3,3),(0.,1.),.PIECEWISE_BEZIER_KNOTS.);
#361=B_SPLINE_CURVE_WITH_KNOTS('',2,(#9035,#9036,#9037),.UNSPECIFIED.,.F.,
 .F.,(3,3),(0.,1.),.PIECEWISE_BEZIER_KNOTS.);
#362=B_SPLINE_CURVE_WITH_KNOTS('',2,(#9056,#9057,#9058),.UNSPECIFIED.,.F.,
 .F.,(3,3),(0.,1.),.PIECEWISE_BEZIER_KNOTS.);
#363=B_SPLINE_CURVE_WITH_KNOTS('',2,(#9059,#9060,#9061),.UNSPECIFIED.,.F.,
 .F.,(3,3),(0.,1.),.PIECEWISE_BEZIER_KNOTS.);
#364=B_SPLINE_CURVE_WITH_KNOTS('',2,(#9139,#9140,#9141),.UNSPECIFIED.,.F.,
 .F.,(3,3),(0.,1.),.PIECEWISE_BEZIER_KNOTS.);
#365=B_SPLINE_CURVE_WITH_KNOTS('',2,(#9145,#9146,#9147),.UNSPECIFIED.,.F.,
 .F.,(3,3),(0.,1.),.PIECEWISE_BEZIER_KNOTS.);
#366=B_SPLINE_CURVE_WITH_KNOTS('',2,(#9156,#9157,#9158),.UNSPECIFIED.,.F.,
 .F.,(3,3),(0.,1.),.PIECEWISE_BEZIER_KNOTS.);
#367=B_SPLINE_CURVE_WITH_KNOTS('',2,(#9162,#9163,#9164),.UNSPECIFIED.,.F.,
 .F.,(3,3),(0.,1.),.PIECEWISE_BEZIER_KNOTS.);
#368=B_SPLINE_CURVE_WITH_KNOTS('',2,(#9179,#9180,#9181),.UNSPECIFIED.,.F.,
 .F.,(3,3),(0.,1.),.PIECEWISE_BEZIER_KNOTS.);
#369=B_SPLINE_CURVE_WITH_KNOTS('',2,(#9185,#9186,#9187),.UNSPECIFIED.,.F.,
 .F.,(3,3),(0.,1.),.PIECEWISE_BEZIER_KNOTS.);
#370=B_SPLINE_CURVE_WITH_KNOTS('',2,(#9196,#9197,#9198),.UNSPECIFIED.,.F.,
 .F.,(3,3),(0.,1.),.PIECEWISE_BEZIER_KNOTS.);
#371=B_SPLINE_CURVE_WITH_KNOTS('',2,(#9202,#9203,#9204),.UNSPECIFIED.,.F.,
 .F.,(3,3),(0.,1.),.PIECEWISE_BEZIER_KNOTS.);
#372=B_SPLINE_CURVE_WITH_KNOTS('',2,(#9225,#9226,#9227),.UNSPECIFIED.,.F.,
 .F.,(3,3),(0.,1.),.PIECEWISE_BEZIER_KNOTS.);
#373=B_SPLINE_CURVE_WITH_KNOTS('',2,(#9238,#9239,#9240),.UNSPECIFIED.,.F.,
 .F.,(3,3),(0.,1.),.PIECEWISE_BEZIER_KNOTS.);
#374=B_SPLINE_CURVE_WITH_KNOTS('',2,(#9251,#9252,#9253),.UNSPECIFIED.,.F.,
 .F.,(3,3),(0.,1.),.PIECEWISE_BEZIER_KNOTS.);
#375=B_SPLINE_CURVE_WITH_KNOTS('',2,(#9268,#9269,#9270),.UNSPECIFIED.,.F.,
 .F.,(3,3),(0.,1.),.PIECEWISE_BEZIER_KNOTS.);
#376=B_SPLINE_CURVE_WITH_KNOTS('',2,(#9281,#9282,#9283),.UNSPECIFIED.,.F.,
 .F.,(3,3),(0.,1.),.PIECEWISE_BEZIER_KNOTS.);
#377=B_SPLINE_CURVE_WITH_KNOTS('',2,(#9294,#9295,#9296),.UNSPECIFIED.,.F.,
 .F.,(3,3),(0.,1.),.PIECEWISE_BEZIER_KNOTS.);
#378=B_SPLINE_CURVE_WITH_KNOTS('',2,(#9312,#9313,#9314),.UNSPECIFIED.,.F.,
 .F.,(3,3),(0.,1.),.PIECEWISE_BEZIER_KNOTS.);
#379=B_SPLINE_CURVE_WITH_KNOTS('',2,(#9319,#9320,#9321),.UNSPECIFIED.,.F.,
 .F.,(3,3),(0.,1.),.PIECEWISE_BEZIER_KNOTS.);
#380=B_SPLINE_CURVE_WITH_KNOTS('',2,(#9332,#9333,#9334),.UNSPECIFIED.,.F.,
 .F.,(3,3),(0.,1.),.PIECEWISE_BEZIER_KNOTS.);
#381=B_SPLINE_CURVE_WITH_KNOTS('',2,(#9338,#9339,#9340),.UNSPECIFIED.,.F.,
 .F.,(3,3),(0.,1.),.PIECEWISE_BEZIER_KNOTS.);
#382=B_SPLINE_CURVE_WITH_KNOTS('',2,(#9349,#9350,#9351),.UNSPECIFIED.,.F.,
 .F.,(3,3),(0.,1.),.PIECEWISE_BEZIER_KNOTS.);
#383=B_SPLINE_CURVE_WITH_KNOTS('',2,(#9355,#9356,#9357),.UNSPECIFIED.,.F.,
 .F.,(3,3),(0.,1.),.PIECEWISE_BEZIER_KNOTS.);
#384=B_SPLINE_CURVE_WITH_KNOTS('',2,(#9366,#9367,#9368),.UNSPECIFIED.,.F.,
 .F.,(3,3),(0.,1.),.PIECEWISE_BEZIER_KNOTS.);
#385=B_SPLINE_CURVE_WITH_KNOTS('',2,(#9372,#9373,#9374),.UNSPECIFIED.,.F.,
 .F.,(3,3),(0.,1.),.PIECEWISE_BEZIER_KNOTS.);
#386=B_SPLINE_CURVE_WITH_KNOTS('',2,(#9389,#9390,#9391),.UNSPECIFIED.,.F.,
 .F.,(3,3),(0.,1.),.PIECEWISE_BEZIER_KNOTS.);
#387=B_SPLINE_CURVE_WITH_KNOTS('',2,(#9395,#9396,#9397),.UNSPECIFIED.,.F.,
 .F.,(3,3),(0.,1.),.PIECEWISE_BEZIER_KNOTS.);
#388=B_SPLINE_CURVE_WITH_KNOTS('',2,(#9408,#9409,#9410),.UNSPECIFIED.,.F.,
 .F.,(3,3),(0.,1.),.PIECEWISE_BEZIER_KNOTS.);
#389=B_SPLINE_CURVE_WITH_KNOTS('',2,(#9427,#9428,#9429),.UNSPECIFIED.,.F.,
 .F.,(3,3),(0.,1.),.PIECEWISE_BEZIER_KNOTS.);
#390=B_SPLINE_CURVE_WITH_KNOTS('',2,(#9440,#9441,#9442),.UNSPECIFIED.,.F.,
 .F.,(3,3),(0.,1.),.PIECEWISE_BEZIER_KNOTS.);
#391=B_SPLINE_CURVE_WITH_KNOTS('',2,(#9453,#9454,#9455),.UNSPECIFIED.,.F.,
 .F.,(3,3),(0.,1.),.PIECEWISE_BEZIER_KNOTS.);
#392=B_SPLINE_CURVE_WITH_KNOTS('',2,(#9486,#9487,#9488),.UNSPECIFIED.,.F.,
 .F.,(3,3),(0.,1.),.PIECEWISE_BEZIER_KNOTS.);
#393=B_SPLINE_CURVE_WITH_KNOTS('',2,(#9497,#9498,#9499),.UNSPECIFIED.,.F.,
 .F.,(3,3),(0.,1.),.PIECEWISE_BEZIER_KNOTS.);
#394=B_SPLINE_CURVE_WITH_KNOTS('',2,(#9508,#9509,#9510),.UNSPECIFIED.,.F.,
 .F.,(3,3),(0.,1.),.PIECEWISE_BEZIER_KNOTS.);
#395=B_SPLINE_CURVE_WITH_KNOTS('',2,(#9511,#9512,#9513),.UNSPECIFIED.,.F.,
 .F.,(3,3),(0.,1.),.PIECEWISE_BEZIER_KNOTS.);
#396=B_SPLINE_CURVE_WITH_KNOTS('',2,(#9548,#9549,#9550),.UNSPECIFIED.,.F.,
 .F.,(3,3),(0.,1.),.PIECEWISE_BEZIER_KNOTS.);
#397=B_SPLINE_CURVE_WITH_KNOTS('',2,(#9561,#9562,#9563),.UNSPECIFIED.,.F.,
 .F.,(3,3),(0.,1.),.PIECEWISE_BEZIER_KNOTS.);
#398=B_SPLINE_CURVE_WITH_KNOTS('',2,(#9590,#9591,#9592),.UNSPECIFIED.,.F.,
 .F.,(3,3),(0.,1.),.PIECEWISE_BEZIER_KNOTS.);
#399=ORIENTED_EDGE('',*,*,#2011,.T.);
#400=ORIENTED_EDGE('',*,*,#2012,.T.);
#401=ORIENTED_EDGE('',*,*,#2013,.T.);
#402=ORIENTED_EDGE('',*,*,#2014,.T.);
#403=ORIENTED_EDGE('',*,*,#2015,.T.);
#404=ORIENTED_EDGE('',*,*,#2016,.T.);
#405=ORIENTED_EDGE('',*,*,#2017,.T.);
#406=ORIENTED_EDGE('',*,*,#2018,.T.);
#407=ORIENTED_EDGE('',*,*,#2019,.T.);
#408=ORIENTED_EDGE('',*,*,#2020,.T.);
#409=ORIENTED_EDGE('',*,*,#2021,.T.);
#410=ORIENTED_EDGE('',*,*,#2022,.T.);
#411=ORIENTED_EDGE('',*,*,#2023,.T.);
#412=ORIENTED_EDGE('',*,*,#2024,.T.);
#413=ORIENTED_EDGE('',*,*,#2025,.T.);
#414=ORIENTED_EDGE('',*,*,#2026,.T.);
#415=ORIENTED_EDGE('',*,*,#2027,.T.);
#416=ORIENTED_EDGE('',*,*,#2028,.T.);
#417=ORIENTED_EDGE('',*,*,#2029,.T.);
#418=ORIENTED_EDGE('',*,*,#2030,.T.);
#419=ORIENTED_EDGE('',*,*,#2031,.T.);
#420=ORIENTED_EDGE('',*,*,#2032,.T.);
#421=ORIENTED_EDGE('',*,*,#2033,.T.);
#422=ORIENTED_EDGE('',*,*,#2034,.T.);
#423=ORIENTED_EDGE('',*,*,#2035,.T.);
#424=ORIENTED_EDGE('',*,*,#2036,.T.);
#425=ORIENTED_EDGE('',*,*,#2037,.T.);
#426=ORIENTED_EDGE('',*,*,#2038,.T.);
#427=ORIENTED_EDGE('',*,*,#2039,.T.);
#428=ORIENTED_EDGE('',*,*,#2040,.T.);
#429=ORIENTED_EDGE('',*,*,#2041,.T.);
#430=ORIENTED_EDGE('',*,*,#2042,.T.);
#431=ORIENTED_EDGE('',*,*,#2043,.T.);
#432=ORIENTED_EDGE('',*,*,#2044,.T.);
#433=ORIENTED_EDGE('',*,*,#2045,.T.);
#434=ORIENTED_EDGE('',*,*,#2046,.T.);
#435=ORIENTED_EDGE('',*,*,#2047,.T.);
#436=ORIENTED_EDGE('',*,*,#2048,.T.);
#437=ORIENTED_EDGE('',*,*,#2049,.T.);
#438=ORIENTED_EDGE('',*,*,#2050,.T.);
#439=ORIENTED_EDGE('',*,*,#2051,.T.);
#440=ORIENTED_EDGE('',*,*,#2052,.T.);
#441=ORIENTED_EDGE('',*,*,#2053,.T.);
#442=ORIENTED_EDGE('',*,*,#2054,.T.);
#443=ORIENTED_EDGE('',*,*,#2055,.T.);
#444=ORIENTED_EDGE('',*,*,#2056,.T.);
#445=ORIENTED_EDGE('',*,*,#2057,.T.);
#446=ORIENTED_EDGE('',*,*,#2058,.T.);
#447=ORIENTED_EDGE('',*,*,#2059,.T.);
#448=ORIENTED_EDGE('',*,*,#2060,.T.);
#449=ORIENTED_EDGE('',*,*,#2061,.T.);
#450=ORIENTED_EDGE('',*,*,#2062,.T.);
#451=ORIENTED_EDGE('',*,*,#2063,.T.);
#452=ORIENTED_EDGE('',*,*,#2064,.T.);
#453=ORIENTED_EDGE('',*,*,#2065,.T.);
#454=ORIENTED_EDGE('',*,*,#2066,.T.);
#455=ORIENTED_EDGE('',*,*,#2067,.T.);
#456=ORIENTED_EDGE('',*,*,#2068,.T.);
#457=ORIENTED_EDGE('',*,*,#2069,.T.);
#458=ORIENTED_EDGE('',*,*,#2070,.T.);
#459=ORIENTED_EDGE('',*,*,#2071,.T.);
#460=ORIENTED_EDGE('',*,*,#2072,.T.);
#461=ORIENTED_EDGE('',*,*,#2073,.T.);
#462=ORIENTED_EDGE('',*,*,#2074,.T.);
#463=ORIENTED_EDGE('',*,*,#2075,.T.);
#464=ORIENTED_EDGE('',*,*,#2076,.T.);
#465=ORIENTED_EDGE('',*,*,#2077,.T.);
#466=ORIENTED_EDGE('',*,*,#2078,.T.);
#467=ORIENTED_EDGE('',*,*,#2079,.T.);
#468=ORIENTED_EDGE('',*,*,#2080,.T.);
#469=ORIENTED_EDGE('',*,*,#2081,.T.);
#470=ORIENTED_EDGE('',*,*,#2082,.T.);
#471=ORIENTED_EDGE('',*,*,#2083,.T.);
#472=ORIENTED_EDGE('',*,*,#2084,.T.);
#473=ORIENTED_EDGE('',*,*,#2085,.T.);
#474=ORIENTED_EDGE('',*,*,#2086,.T.);
#475=ORIENTED_EDGE('',*,*,#2087,.T.);
#476=ORIENTED_EDGE('',*,*,#2088,.T.);
#477=ORIENTED_EDGE('',*,*,#2089,.T.);
#478=ORIENTED_EDGE('',*,*,#2090,.T.);
#479=ORIENTED_EDGE('',*,*,#2091,.T.);
#480=ORIENTED_EDGE('',*,*,#2092,.T.);
#481=ORIENTED_EDGE('',*,*,#2093,.T.);
#482=ORIENTED_EDGE('',*,*,#2094,.T.);
#483=ORIENTED_EDGE('',*,*,#2095,.T.);
#484=ORIENTED_EDGE('',*,*,#2096,.T.);
#485=ORIENTED_EDGE('',*,*,#2097,.T.);
#486=ORIENTED_EDGE('',*,*,#2098,.T.);
#487=ORIENTED_EDGE('',*,*,#2099,.T.);
#488=ORIENTED_EDGE('',*,*,#2100,.T.);
#489=ORIENTED_EDGE('',*,*,#2101,.T.);
#490=ORIENTED_EDGE('',*,*,#2102,.T.);
#491=ORIENTED_EDGE('',*,*,#2103,.T.);
#492=ORIENTED_EDGE('',*,*,#2104,.T.);
#493=ORIENTED_EDGE('',*,*,#2105,.T.);
#494=ORIENTED_EDGE('',*,*,#2106,.T.);
#495=ORIENTED_EDGE('',*,*,#2107,.T.);
#496=ORIENTED_EDGE('',*,*,#2108,.T.);
#497=ORIENTED_EDGE('',*,*,#2109,.T.);
#498=ORIENTED_EDGE('',*,*,#2110,.T.);
#499=ORIENTED_EDGE('',*,*,#2111,.T.);
#500=ORIENTED_EDGE('',*,*,#2112,.T.);
#501=ORIENTED_EDGE('',*,*,#2113,.T.);
#502=ORIENTED_EDGE('',*,*,#2114,.T.);
#503=ORIENTED_EDGE('',*,*,#2115,.T.);
#504=ORIENTED_EDGE('',*,*,#2116,.T.);
#505=ORIENTED_EDGE('',*,*,#2117,.T.);
#506=ORIENTED_EDGE('',*,*,#2118,.T.);
#507=ORIENTED_EDGE('',*,*,#2119,.T.);
#508=ORIENTED_EDGE('',*,*,#2120,.T.);
#509=ORIENTED_EDGE('',*,*,#2121,.T.);
#510=ORIENTED_EDGE('',*,*,#2122,.T.);
#511=ORIENTED_EDGE('',*,*,#2123,.T.);
#512=ORIENTED_EDGE('',*,*,#2124,.T.);
#513=ORIENTED_EDGE('',*,*,#2125,.T.);
#514=ORIENTED_EDGE('',*,*,#2126,.T.);
#515=ORIENTED_EDGE('',*,*,#2127,.T.);
#516=ORIENTED_EDGE('',*,*,#2128,.T.);
#517=ORIENTED_EDGE('',*,*,#2129,.T.);
#518=ORIENTED_EDGE('',*,*,#2130,.T.);
#519=ORIENTED_EDGE('',*,*,#2131,.T.);
#520=ORIENTED_EDGE('',*,*,#2132,.T.);
#521=ORIENTED_EDGE('',*,*,#2133,.T.);
#522=ORIENTED_EDGE('',*,*,#2134,.T.);
#523=ORIENTED_EDGE('',*,*,#2135,.T.);
#524=ORIENTED_EDGE('',*,*,#2136,.T.);
#525=ORIENTED_EDGE('',*,*,#2137,.T.);
#526=ORIENTED_EDGE('',*,*,#2138,.T.);
#527=ORIENTED_EDGE('',*,*,#2139,.T.);
#528=ORIENTED_EDGE('',*,*,#2140,.T.);
#529=ORIENTED_EDGE('',*,*,#2141,.T.);
#530=ORIENTED_EDGE('',*,*,#2142,.T.);
#531=ORIENTED_EDGE('',*,*,#2143,.T.);
#532=ORIENTED_EDGE('',*,*,#2144,.T.);
#533=ORIENTED_EDGE('',*,*,#2145,.T.);
#534=ORIENTED_EDGE('',*,*,#2146,.T.);
#535=ORIENTED_EDGE('',*,*,#2147,.T.);
#536=ORIENTED_EDGE('',*,*,#2148,.T.);
#537=ORIENTED_EDGE('',*,*,#2149,.T.);
#538=ORIENTED_EDGE('',*,*,#2150,.T.);
#539=ORIENTED_EDGE('',*,*,#2151,.T.);
#540=ORIENTED_EDGE('',*,*,#2152,.T.);
#541=ORIENTED_EDGE('',*,*,#2153,.T.);
#542=ORIENTED_EDGE('',*,*,#2154,.T.);
#543=ORIENTED_EDGE('',*,*,#2155,.T.);
#544=ORIENTED_EDGE('',*,*,#2156,.T.);
#545=ORIENTED_EDGE('',*,*,#2157,.T.);
#546=ORIENTED_EDGE('',*,*,#2158,.T.);
#547=ORIENTED_EDGE('',*,*,#2159,.T.);
#548=ORIENTED_EDGE('',*,*,#2160,.T.);
#549=ORIENTED_EDGE('',*,*,#2161,.T.);
#550=ORIENTED_EDGE('',*,*,#2162,.T.);
#551=ORIENTED_EDGE('',*,*,#2163,.T.);
#552=ORIENTED_EDGE('',*,*,#2164,.T.);
#553=ORIENTED_EDGE('',*,*,#2165,.T.);
#554=ORIENTED_EDGE('',*,*,#2166,.T.);
#555=ORIENTED_EDGE('',*,*,#2167,.T.);
#556=ORIENTED_EDGE('',*,*,#2168,.F.);
#557=ORIENTED_EDGE('',*,*,#2169,.T.);
#558=ORIENTED_EDGE('',*,*,#2170,.F.);
#559=ORIENTED_EDGE('',*,*,#2171,.T.);
#560=ORIENTED_EDGE('',*,*,#2172,.F.);
#561=ORIENTED_EDGE('',*,*,#2173,.F.);
#562=ORIENTED_EDGE('',*,*,#2174,.F.);
#563=ORIENTED_EDGE('',*,*,#2175,.F.);
#564=ORIENTED_EDGE('',*,*,#2176,.F.);
#565=ORIENTED_EDGE('',*,*,#2177,.T.);
#566=ORIENTED_EDGE('',*,*,#2178,.F.);
#567=ORIENTED_EDGE('',*,*,#2179,.T.);
#568=ORIENTED_EDGE('',*,*,#2180,.F.);
#569=ORIENTED_EDGE('',*,*,#2181,.F.);
#570=ORIENTED_EDGE('',*,*,#2182,.F.);
#571=ORIENTED_EDGE('',*,*,#2183,.F.);
#572=ORIENTED_EDGE('',*,*,#2184,.F.);
#573=ORIENTED_EDGE('',*,*,#2185,.T.);
#574=ORIENTED_EDGE('',*,*,#2186,.F.);
#575=ORIENTED_EDGE('',*,*,#2187,.T.);
#576=ORIENTED_EDGE('',*,*,#2188,.F.);
#577=ORIENTED_EDGE('',*,*,#2189,.F.);
#578=ORIENTED_EDGE('',*,*,#2190,.F.);
#579=ORIENTED_EDGE('',*,*,#2191,.F.);
#580=ORIENTED_EDGE('',*,*,#2192,.F.);
#581=ORIENTED_EDGE('',*,*,#2193,.T.);
#582=ORIENTED_EDGE('',*,*,#2194,.F.);
#583=ORIENTED_EDGE('',*,*,#2195,.T.);
#584=ORIENTED_EDGE('',*,*,#2196,.F.);
#585=ORIENTED_EDGE('',*,*,#2197,.F.);
#586=ORIENTED_EDGE('',*,*,#2198,.F.);
#587=ORIENTED_EDGE('',*,*,#2199,.F.);
#588=ORIENTED_EDGE('',*,*,#2200,.F.);
#589=ORIENTED_EDGE('',*,*,#2201,.T.);
#590=ORIENTED_EDGE('',*,*,#2202,.F.);
#591=ORIENTED_EDGE('',*,*,#2203,.T.);
#592=ORIENTED_EDGE('',*,*,#2204,.F.);
#593=ORIENTED_EDGE('',*,*,#2205,.F.);
#594=ORIENTED_EDGE('',*,*,#2206,.F.);
#595=ORIENTED_EDGE('',*,*,#2207,.F.);
#596=ORIENTED_EDGE('',*,*,#2208,.F.);
#597=ORIENTED_EDGE('',*,*,#2209,.T.);
#598=ORIENTED_EDGE('',*,*,#2210,.F.);
#599=ORIENTED_EDGE('',*,*,#2211,.T.);
#600=ORIENTED_EDGE('',*,*,#2212,.F.);
#601=ORIENTED_EDGE('',*,*,#2213,.F.);
#602=ORIENTED_EDGE('',*,*,#2214,.F.);
#603=ORIENTED_EDGE('',*,*,#2215,.F.);
#604=ORIENTED_EDGE('',*,*,#2216,.F.);
#605=ORIENTED_EDGE('',*,*,#2217,.T.);
#606=ORIENTED_EDGE('',*,*,#2218,.F.);
#607=ORIENTED_EDGE('',*,*,#2219,.T.);
#608=ORIENTED_EDGE('',*,*,#2220,.F.);
#609=ORIENTED_EDGE('',*,*,#2221,.F.);
#610=ORIENTED_EDGE('',*,*,#2222,.F.);
#611=ORIENTED_EDGE('',*,*,#2223,.F.);
#612=ORIENTED_EDGE('',*,*,#2224,.F.);
#613=ORIENTED_EDGE('',*,*,#2225,.T.);
#614=ORIENTED_EDGE('',*,*,#2226,.T.);
#615=ORIENTED_EDGE('',*,*,#2227,.T.);
#616=ORIENTED_EDGE('',*,*,#2228,.T.);
#617=ORIENTED_EDGE('',*,*,#2229,.T.);
#618=ORIENTED_EDGE('',*,*,#2230,.F.);
#619=ORIENTED_EDGE('',*,*,#2231,.T.);
#620=ORIENTED_EDGE('',*,*,#2232,.F.);
#621=ORIENTED_EDGE('',*,*,#2233,.T.);
#622=ORIENTED_EDGE('',*,*,#2224,.T.);
#623=ORIENTED_EDGE('',*,*,#2234,.T.);
#624=ORIENTED_EDGE('',*,*,#2235,.T.);
#625=ORIENTED_EDGE('',*,*,#2236,.T.);
#626=ORIENTED_EDGE('',*,*,#2226,.F.);
#627=ORIENTED_EDGE('',*,*,#2237,.T.);
#628=ORIENTED_EDGE('',*,*,#2228,.F.);
#629=ORIENTED_EDGE('',*,*,#2238,.T.);
#630=ORIENTED_EDGE('',*,*,#2239,.T.);
#631=ORIENTED_EDGE('',*,*,#2240,.T.);
#632=ORIENTED_EDGE('',*,*,#2241,.F.);
#633=ORIENTED_EDGE('',*,*,#2242,.F.);
#634=ORIENTED_EDGE('',*,*,#2216,.T.);
#635=ORIENTED_EDGE('',*,*,#2243,.T.);
#636=ORIENTED_EDGE('',*,*,#2244,.T.);
#637=ORIENTED_EDGE('',*,*,#2245,.F.);
#638=ORIENTED_EDGE('',*,*,#2217,.F.);
#639=ORIENTED_EDGE('',*,*,#2242,.T.);
#640=ORIENTED_EDGE('',*,*,#2246,.F.);
#641=ORIENTED_EDGE('',*,*,#2247,.F.);
#642=ORIENTED_EDGE('',*,*,#2218,.T.);
#643=ORIENTED_EDGE('',*,*,#2245,.T.);
#644=ORIENTED_EDGE('',*,*,#2248,.T.);
#645=ORIENTED_EDGE('',*,*,#2249,.F.);
#646=ORIENTED_EDGE('',*,*,#2219,.F.);
#647=ORIENTED_EDGE('',*,*,#2247,.T.);
#648=ORIENTED_EDGE('',*,*,#2250,.F.);
#649=ORIENTED_EDGE('',*,*,#2251,.F.);
#650=ORIENTED_EDGE('',*,*,#2220,.T.);
#651=ORIENTED_EDGE('',*,*,#2249,.T.);
#652=ORIENTED_EDGE('',*,*,#2252,.F.);
#653=ORIENTED_EDGE('',*,*,#2253,.F.);
#654=ORIENTED_EDGE('',*,*,#2221,.T.);
#655=ORIENTED_EDGE('',*,*,#2251,.T.);
#656=ORIENTED_EDGE('',*,*,#2254,.F.);
#657=ORIENTED_EDGE('',*,*,#2255,.F.);
#658=ORIENTED_EDGE('',*,*,#2222,.T.);
#659=ORIENTED_EDGE('',*,*,#2253,.T.);
#660=ORIENTED_EDGE('',*,*,#2256,.F.);
#661=ORIENTED_EDGE('',*,*,#2257,.F.);
#662=ORIENTED_EDGE('',*,*,#2208,.T.);
#663=ORIENTED_EDGE('',*,*,#2258,.T.);
#664=ORIENTED_EDGE('',*,*,#2259,.T.);
#665=ORIENTED_EDGE('',*,*,#2260,.F.);
#666=ORIENTED_EDGE('',*,*,#2209,.F.);
#667=ORIENTED_EDGE('',*,*,#2257,.T.);
#668=ORIENTED_EDGE('',*,*,#2261,.F.);
#669=ORIENTED_EDGE('',*,*,#2262,.F.);
#670=ORIENTED_EDGE('',*,*,#2210,.T.);
#671=ORIENTED_EDGE('',*,*,#2260,.T.);
#672=ORIENTED_EDGE('',*,*,#2263,.T.);
#673=ORIENTED_EDGE('',*,*,#2264,.F.);
#674=ORIENTED_EDGE('',*,*,#2211,.F.);
#675=ORIENTED_EDGE('',*,*,#2262,.T.);
#676=ORIENTED_EDGE('',*,*,#2265,.F.);
#677=ORIENTED_EDGE('',*,*,#2266,.F.);
#678=ORIENTED_EDGE('',*,*,#2212,.T.);
#679=ORIENTED_EDGE('',*,*,#2264,.T.);
#680=ORIENTED_EDGE('',*,*,#2267,.F.);
#681=ORIENTED_EDGE('',*,*,#2268,.F.);
#682=ORIENTED_EDGE('',*,*,#2213,.T.);
#683=ORIENTED_EDGE('',*,*,#2266,.T.);
#684=ORIENTED_EDGE('',*,*,#2269,.F.);
#685=ORIENTED_EDGE('',*,*,#2270,.F.);
#686=ORIENTED_EDGE('',*,*,#2214,.T.);
#687=ORIENTED_EDGE('',*,*,#2268,.T.);
#688=ORIENTED_EDGE('',*,*,#2271,.F.);
#689=ORIENTED_EDGE('',*,*,#2272,.F.);
#690=ORIENTED_EDGE('',*,*,#2200,.T.);
#691=ORIENTED_EDGE('',*,*,#2273,.T.);
#692=ORIENTED_EDGE('',*,*,#2274,.T.);
#693=ORIENTED_EDGE('',*,*,#2275,.F.);
#694=ORIENTED_EDGE('',*,*,#2201,.F.);
#695=ORIENTED_EDGE('',*,*,#2272,.T.);
#696=ORIENTED_EDGE('',*,*,#2276,.F.);
#697=ORIENTED_EDGE('',*,*,#2277,.F.);
#698=ORIENTED_EDGE('',*,*,#2202,.T.);
#699=ORIENTED_EDGE('',*,*,#2275,.T.);
#700=ORIENTED_EDGE('',*,*,#2278,.T.);
#701=ORIENTED_EDGE('',*,*,#2279,.F.);
#702=ORIENTED_EDGE('',*,*,#2203,.F.);
#703=ORIENTED_EDGE('',*,*,#2277,.T.);
#704=ORIENTED_EDGE('',*,*,#2280,.F.);
#705=ORIENTED_EDGE('',*,*,#2281,.F.);
#706=ORIENTED_EDGE('',*,*,#2204,.T.);
#707=ORIENTED_EDGE('',*,*,#2279,.T.);
#708=ORIENTED_EDGE('',*,*,#2282,.F.);
#709=ORIENTED_EDGE('',*,*,#2283,.F.);
#710=ORIENTED_EDGE('',*,*,#2205,.T.);
#711=ORIENTED_EDGE('',*,*,#2281,.T.);
#712=ORIENTED_EDGE('',*,*,#2284,.F.);
#713=ORIENTED_EDGE('',*,*,#2285,.F.);
#714=ORIENTED_EDGE('',*,*,#2206,.T.);
#715=ORIENTED_EDGE('',*,*,#2283,.T.);
#716=ORIENTED_EDGE('',*,*,#2286,.F.);
#717=ORIENTED_EDGE('',*,*,#2287,.F.);
#718=ORIENTED_EDGE('',*,*,#2192,.T.);
#719=ORIENTED_EDGE('',*,*,#2288,.T.);
#720=ORIENTED_EDGE('',*,*,#2289,.T.);
#721=ORIENTED_EDGE('',*,*,#2290,.F.);
#722=ORIENTED_EDGE('',*,*,#2193,.F.);
#723=ORIENTED_EDGE('',*,*,#2287,.T.);
#724=ORIENTED_EDGE('',*,*,#2291,.F.);
#725=ORIENTED_EDGE('',*,*,#2292,.F.);
#726=ORIENTED_EDGE('',*,*,#2194,.T.);
#727=ORIENTED_EDGE('',*,*,#2290,.T.);
#728=ORIENTED_EDGE('',*,*,#2293,.T.);
#729=ORIENTED_EDGE('',*,*,#2294,.F.);
#730=ORIENTED_EDGE('',*,*,#2195,.F.);
#731=ORIENTED_EDGE('',*,*,#2292,.T.);
#732=ORIENTED_EDGE('',*,*,#2295,.F.);
#733=ORIENTED_EDGE('',*,*,#2296,.F.);
#734=ORIENTED_EDGE('',*,*,#2196,.T.);
#735=ORIENTED_EDGE('',*,*,#2294,.T.);
#736=ORIENTED_EDGE('',*,*,#2297,.F.);
#737=ORIENTED_EDGE('',*,*,#2298,.F.);
#738=ORIENTED_EDGE('',*,*,#2197,.T.);
#739=ORIENTED_EDGE('',*,*,#2296,.T.);
#740=ORIENTED_EDGE('',*,*,#2299,.F.);
#741=ORIENTED_EDGE('',*,*,#2300,.F.);
#742=ORIENTED_EDGE('',*,*,#2198,.T.);
#743=ORIENTED_EDGE('',*,*,#2298,.T.);
#744=ORIENTED_EDGE('',*,*,#2301,.F.);
#745=ORIENTED_EDGE('',*,*,#2302,.F.);
#746=ORIENTED_EDGE('',*,*,#2184,.T.);
#747=ORIENTED_EDGE('',*,*,#2303,.T.);
#748=ORIENTED_EDGE('',*,*,#2304,.T.);
#749=ORIENTED_EDGE('',*,*,#2305,.F.);
#750=ORIENTED_EDGE('',*,*,#2185,.F.);
#751=ORIENTED_EDGE('',*,*,#2302,.T.);
#752=ORIENTED_EDGE('',*,*,#2306,.F.);
#753=ORIENTED_EDGE('',*,*,#2307,.F.);
#754=ORIENTED_EDGE('',*,*,#2186,.T.);
#755=ORIENTED_EDGE('',*,*,#2305,.T.);
#756=ORIENTED_EDGE('',*,*,#2308,.T.);
#757=ORIENTED_EDGE('',*,*,#2309,.F.);
#758=ORIENTED_EDGE('',*,*,#2187,.F.);
#759=ORIENTED_EDGE('',*,*,#2307,.T.);
#760=ORIENTED_EDGE('',*,*,#2310,.F.);
#761=ORIENTED_EDGE('',*,*,#2311,.F.);
#762=ORIENTED_EDGE('',*,*,#2188,.T.);
#763=ORIENTED_EDGE('',*,*,#2309,.T.);
#764=ORIENTED_EDGE('',*,*,#2312,.F.);
#765=ORIENTED_EDGE('',*,*,#2313,.F.);
#766=ORIENTED_EDGE('',*,*,#2189,.T.);
#767=ORIENTED_EDGE('',*,*,#2311,.T.);
#768=ORIENTED_EDGE('',*,*,#2314,.F.);
#769=ORIENTED_EDGE('',*,*,#2315,.F.);
#770=ORIENTED_EDGE('',*,*,#2190,.T.);
#771=ORIENTED_EDGE('',*,*,#2313,.T.);
#772=ORIENTED_EDGE('',*,*,#2316,.F.);
#773=ORIENTED_EDGE('',*,*,#2317,.F.);
#774=ORIENTED_EDGE('',*,*,#2176,.T.);
#775=ORIENTED_EDGE('',*,*,#2318,.T.);
#776=ORIENTED_EDGE('',*,*,#2319,.T.);
#777=ORIENTED_EDGE('',*,*,#2320,.F.);
#778=ORIENTED_EDGE('',*,*,#2177,.F.);
#779=ORIENTED_EDGE('',*,*,#2317,.T.);
#780=ORIENTED_EDGE('',*,*,#2321,.F.);
#781=ORIENTED_EDGE('',*,*,#2322,.F.);
#782=ORIENTED_EDGE('',*,*,#2178,.T.);
#783=ORIENTED_EDGE('',*,*,#2320,.T.);
#784=ORIENTED_EDGE('',*,*,#2323,.T.);
#785=ORIENTED_EDGE('',*,*,#2324,.F.);
#786=ORIENTED_EDGE('',*,*,#2179,.F.);
#787=ORIENTED_EDGE('',*,*,#2322,.T.);
#788=ORIENTED_EDGE('',*,*,#2325,.F.);
#789=ORIENTED_EDGE('',*,*,#2326,.F.);
#790=ORIENTED_EDGE('',*,*,#2180,.T.);
#791=ORIENTED_EDGE('',*,*,#2324,.T.);
#792=ORIENTED_EDGE('',*,*,#2327,.F.);
#793=ORIENTED_EDGE('',*,*,#2328,.F.);
#794=ORIENTED_EDGE('',*,*,#2181,.T.);
#795=ORIENTED_EDGE('',*,*,#2326,.T.);
#796=ORIENTED_EDGE('',*,*,#2329,.F.);
#797=ORIENTED_EDGE('',*,*,#2330,.F.);
#798=ORIENTED_EDGE('',*,*,#2182,.T.);
#799=ORIENTED_EDGE('',*,*,#2328,.T.);
#800=ORIENTED_EDGE('',*,*,#2170,.T.);
#801=ORIENTED_EDGE('',*,*,#2331,.T.);
#802=ORIENTED_EDGE('',*,*,#2332,.F.);
#803=ORIENTED_EDGE('',*,*,#2333,.T.);
#804=ORIENTED_EDGE('',*,*,#2334,.T.);
#805=ORIENTED_EDGE('',*,*,#2335,.T.);
#806=ORIENTED_EDGE('',*,*,#2164,.F.);
#807=ORIENTED_EDGE('',*,*,#2336,.T.);
#808=ORIENTED_EDGE('',*,*,#2166,.F.);
#809=ORIENTED_EDGE('',*,*,#2337,.T.);
#810=ORIENTED_EDGE('',*,*,#2338,.T.);
#811=ORIENTED_EDGE('',*,*,#2339,.T.);
#812=ORIENTED_EDGE('',*,*,#2340,.F.);
#813=ORIENTED_EDGE('',*,*,#2243,.F.);
#814=ORIENTED_EDGE('',*,*,#2223,.T.);
#815=ORIENTED_EDGE('',*,*,#2255,.T.);
#816=ORIENTED_EDGE('',*,*,#2341,.F.);
#817=ORIENTED_EDGE('',*,*,#2258,.F.);
#818=ORIENTED_EDGE('',*,*,#2215,.T.);
#819=ORIENTED_EDGE('',*,*,#2270,.T.);
#820=ORIENTED_EDGE('',*,*,#2342,.F.);
#821=ORIENTED_EDGE('',*,*,#2273,.F.);
#822=ORIENTED_EDGE('',*,*,#2207,.T.);
#823=ORIENTED_EDGE('',*,*,#2285,.T.);
#824=ORIENTED_EDGE('',*,*,#2343,.F.);
#825=ORIENTED_EDGE('',*,*,#2288,.F.);
#826=ORIENTED_EDGE('',*,*,#2199,.T.);
#827=ORIENTED_EDGE('',*,*,#2300,.T.);
#828=ORIENTED_EDGE('',*,*,#2344,.F.);
#829=ORIENTED_EDGE('',*,*,#2303,.F.);
#830=ORIENTED_EDGE('',*,*,#2191,.T.);
#831=ORIENTED_EDGE('',*,*,#2315,.T.);
#832=ORIENTED_EDGE('',*,*,#2345,.F.);
#833=ORIENTED_EDGE('',*,*,#2318,.F.);
#834=ORIENTED_EDGE('',*,*,#2183,.T.);
#835=ORIENTED_EDGE('',*,*,#2330,.T.);
#836=ORIENTED_EDGE('',*,*,#2175,.T.);
#837=ORIENTED_EDGE('',*,*,#2346,.F.);
#838=ORIENTED_EDGE('',*,*,#2174,.T.);
#839=ORIENTED_EDGE('',*,*,#2347,.F.);
#840=ORIENTED_EDGE('',*,*,#2173,.T.);
#841=ORIENTED_EDGE('',*,*,#2348,.F.);
#842=ORIENTED_EDGE('',*,*,#2172,.T.);
#843=ORIENTED_EDGE('',*,*,#2349,.F.);
#844=ORIENTED_EDGE('',*,*,#2350,.F.);
#845=ORIENTED_EDGE('',*,*,#2351,.T.);
#846=ORIENTED_EDGE('',*,*,#2168,.T.);
#847=ORIENTED_EDGE('',*,*,#2352,.T.);
#848=ORIENTED_EDGE('',*,*,#2230,.T.);
#849=ORIENTED_EDGE('',*,*,#2353,.T.);
#850=ORIENTED_EDGE('',*,*,#2354,.F.);
#851=ORIENTED_EDGE('',*,*,#2355,.T.);
#852=ORIENTED_EDGE('',*,*,#2338,.F.);
#853=ORIENTED_EDGE('',*,*,#2356,.T.);
#854=ORIENTED_EDGE('',*,*,#2334,.F.);
#855=ORIENTED_EDGE('',*,*,#2357,.T.);
#856=ORIENTED_EDGE('',*,*,#2332,.T.);
#857=ORIENTED_EDGE('',*,*,#2358,.T.);
#858=ORIENTED_EDGE('',*,*,#2350,.T.);
#859=ORIENTED_EDGE('',*,*,#2359,.T.);
#860=ORIENTED_EDGE('',*,*,#2349,.T.);
#861=ORIENTED_EDGE('',*,*,#2348,.T.);
#862=ORIENTED_EDGE('',*,*,#2347,.T.);
#863=ORIENTED_EDGE('',*,*,#2346,.T.);
#864=ORIENTED_EDGE('',*,*,#2316,.T.);
#865=ORIENTED_EDGE('',*,*,#2345,.T.);
#866=ORIENTED_EDGE('',*,*,#2329,.T.);
#867=ORIENTED_EDGE('',*,*,#2327,.T.);
#868=ORIENTED_EDGE('',*,*,#2325,.T.);
#869=ORIENTED_EDGE('',*,*,#2323,.F.);
#870=ORIENTED_EDGE('',*,*,#2321,.T.);
#871=ORIENTED_EDGE('',*,*,#2319,.F.);
#872=ORIENTED_EDGE('',*,*,#2301,.T.);
#873=ORIENTED_EDGE('',*,*,#2344,.T.);
#874=ORIENTED_EDGE('',*,*,#2314,.T.);
#875=ORIENTED_EDGE('',*,*,#2312,.T.);
#876=ORIENTED_EDGE('',*,*,#2310,.T.);
#877=ORIENTED_EDGE('',*,*,#2308,.F.);
#878=ORIENTED_EDGE('',*,*,#2306,.T.);
#879=ORIENTED_EDGE('',*,*,#2304,.F.);
#880=ORIENTED_EDGE('',*,*,#2286,.T.);
#881=ORIENTED_EDGE('',*,*,#2343,.T.);
#882=ORIENTED_EDGE('',*,*,#2299,.T.);
#883=ORIENTED_EDGE('',*,*,#2297,.T.);
#884=ORIENTED_EDGE('',*,*,#2295,.T.);
#885=ORIENTED_EDGE('',*,*,#2293,.F.);
#886=ORIENTED_EDGE('',*,*,#2291,.T.);
#887=ORIENTED_EDGE('',*,*,#2289,.F.);
#888=ORIENTED_EDGE('',*,*,#2271,.T.);
#889=ORIENTED_EDGE('',*,*,#2342,.T.);
#890=ORIENTED_EDGE('',*,*,#2284,.T.);
#891=ORIENTED_EDGE('',*,*,#2282,.T.);
#892=ORIENTED_EDGE('',*,*,#2280,.T.);
#893=ORIENTED_EDGE('',*,*,#2278,.F.);
#894=ORIENTED_EDGE('',*,*,#2276,.T.);
#895=ORIENTED_EDGE('',*,*,#2274,.F.);
#896=ORIENTED_EDGE('',*,*,#2256,.T.);
#897=ORIENTED_EDGE('',*,*,#2341,.T.);
#898=ORIENTED_EDGE('',*,*,#2269,.T.);
#899=ORIENTED_EDGE('',*,*,#2267,.T.);
#900=ORIENTED_EDGE('',*,*,#2265,.T.);
#901=ORIENTED_EDGE('',*,*,#2263,.F.);
#902=ORIENTED_EDGE('',*,*,#2261,.T.);
#903=ORIENTED_EDGE('',*,*,#2259,.F.);
#904=ORIENTED_EDGE('',*,*,#2241,.T.);
#905=ORIENTED_EDGE('',*,*,#2340,.T.);
#906=ORIENTED_EDGE('',*,*,#2254,.T.);
#907=ORIENTED_EDGE('',*,*,#2252,.T.);
#908=ORIENTED_EDGE('',*,*,#2250,.T.);
#909=ORIENTED_EDGE('',*,*,#2248,.F.);
#910=ORIENTED_EDGE('',*,*,#2246,.T.);
#911=ORIENTED_EDGE('',*,*,#2244,.F.);
#912=ORIENTED_EDGE('',*,*,#2235,.F.);
#913=ORIENTED_EDGE('',*,*,#2360,.T.);
#914=ORIENTED_EDGE('',*,*,#2232,.T.);
#915=ORIENTED_EDGE('',*,*,#2361,.T.);
#916=ORIENTED_EDGE('',*,*,#2354,.T.);
#917=ORIENTED_EDGE('',*,*,#2362,.T.);
#918=ORIENTED_EDGE('',*,*,#2239,.F.);
#919=ORIENTED_EDGE('',*,*,#2363,.T.);
#920=ORIENTED_EDGE('',*,*,#2227,.F.);
#921=ORIENTED_EDGE('',*,*,#2236,.F.);
#922=ORIENTED_EDGE('',*,*,#2363,.F.);
#923=ORIENTED_EDGE('',*,*,#2238,.F.);
#924=ORIENTED_EDGE('',*,*,#2229,.F.);
#925=ORIENTED_EDGE('',*,*,#2240,.F.);
#926=ORIENTED_EDGE('',*,*,#2362,.F.);
#927=ORIENTED_EDGE('',*,*,#2353,.F.);
#928=ORIENTED_EDGE('',*,*,#2225,.F.);
#929=ORIENTED_EDGE('',*,*,#2233,.F.);
#930=ORIENTED_EDGE('',*,*,#2360,.F.);
#931=ORIENTED_EDGE('',*,*,#2237,.F.);
#932=ORIENTED_EDGE('',*,*,#2231,.F.);
#933=ORIENTED_EDGE('',*,*,#2355,.F.);
#934=ORIENTED_EDGE('',*,*,#2361,.F.);
#935=ORIENTED_EDGE('',*,*,#2234,.F.);
#936=ORIENTED_EDGE('',*,*,#2165,.F.);
#937=ORIENTED_EDGE('',*,*,#2335,.F.);
#938=ORIENTED_EDGE('',*,*,#2356,.F.);
#939=ORIENTED_EDGE('',*,*,#2337,.F.);
#940=ORIENTED_EDGE('',*,*,#2169,.F.);
#941=ORIENTED_EDGE('',*,*,#2351,.F.);
#942=ORIENTED_EDGE('',*,*,#2358,.F.);
#943=ORIENTED_EDGE('',*,*,#2331,.F.);
#944=ORIENTED_EDGE('',*,*,#2167,.F.);
#945=ORIENTED_EDGE('',*,*,#2339,.F.);
#946=ORIENTED_EDGE('',*,*,#2359,.F.);
#947=ORIENTED_EDGE('',*,*,#2352,.F.);
#948=ORIENTED_EDGE('',*,*,#2171,.F.);
#949=ORIENTED_EDGE('',*,*,#2333,.F.);
#950=ORIENTED_EDGE('',*,*,#2357,.F.);
#951=ORIENTED_EDGE('',*,*,#2336,.F.);
#952=ORIENTED_EDGE('',*,*,#2154,.F.);
#953=ORIENTED_EDGE('',*,*,#2364,.F.);
#954=ORIENTED_EDGE('',*,*,#2365,.T.);
#955=ORIENTED_EDGE('',*,*,#2366,.T.);
#956=ORIENTED_EDGE('',*,*,#2163,.F.);
#957=ORIENTED_EDGE('',*,*,#2367,.F.);
#958=ORIENTED_EDGE('',*,*,#2368,.T.);
#959=ORIENTED_EDGE('',*,*,#2364,.T.);
#960=ORIENTED_EDGE('',*,*,#2162,.F.);
#961=ORIENTED_EDGE('',*,*,#2369,.F.);
#962=ORIENTED_EDGE('',*,*,#2370,.T.);
#963=ORIENTED_EDGE('',*,*,#2367,.T.);
#964=ORIENTED_EDGE('',*,*,#2161,.F.);
#965=ORIENTED_EDGE('',*,*,#2371,.F.);
#966=ORIENTED_EDGE('',*,*,#2372,.T.);
#967=ORIENTED_EDGE('',*,*,#2369,.T.);
#968=ORIENTED_EDGE('',*,*,#2160,.F.);
#969=ORIENTED_EDGE('',*,*,#2373,.F.);
#970=ORIENTED_EDGE('',*,*,#2374,.T.);
#971=ORIENTED_EDGE('',*,*,#2371,.T.);
#972=ORIENTED_EDGE('',*,*,#2159,.F.);
#973=ORIENTED_EDGE('',*,*,#2375,.F.);
#974=ORIENTED_EDGE('',*,*,#2376,.T.);
#975=ORIENTED_EDGE('',*,*,#2373,.T.);
#976=ORIENTED_EDGE('',*,*,#2158,.F.);
#977=ORIENTED_EDGE('',*,*,#2377,.F.);
#978=ORIENTED_EDGE('',*,*,#2378,.T.);
#979=ORIENTED_EDGE('',*,*,#2375,.T.);
#980=ORIENTED_EDGE('',*,*,#2157,.F.);
#981=ORIENTED_EDGE('',*,*,#2379,.F.);
#982=ORIENTED_EDGE('',*,*,#2380,.T.);
#983=ORIENTED_EDGE('',*,*,#2377,.T.);
#984=ORIENTED_EDGE('',*,*,#2156,.F.);
#985=ORIENTED_EDGE('',*,*,#2381,.F.);
#986=ORIENTED_EDGE('',*,*,#2382,.T.);
#987=ORIENTED_EDGE('',*,*,#2379,.T.);
#988=ORIENTED_EDGE('',*,*,#2155,.F.);
#989=ORIENTED_EDGE('',*,*,#2366,.F.);
#990=ORIENTED_EDGE('',*,*,#2383,.T.);
#991=ORIENTED_EDGE('',*,*,#2381,.T.);
#992=ORIENTED_EDGE('',*,*,#2365,.F.);
#993=ORIENTED_EDGE('',*,*,#2368,.F.);
#994=ORIENTED_EDGE('',*,*,#2370,.F.);
#995=ORIENTED_EDGE('',*,*,#2372,.F.);
#996=ORIENTED_EDGE('',*,*,#2374,.F.);
#997=ORIENTED_EDGE('',*,*,#2376,.F.);
#998=ORIENTED_EDGE('',*,*,#2378,.F.);
#999=ORIENTED_EDGE('',*,*,#2380,.F.);
#1000=ORIENTED_EDGE('',*,*,#2382,.F.);
#1001=ORIENTED_EDGE('',*,*,#2383,.F.);
#1002=ORIENTED_EDGE('',*,*,#2384,.F.);
#1003=ORIENTED_EDGE('',*,*,#2385,.F.);
#1004=ORIENTED_EDGE('',*,*,#2386,.T.);
#1005=ORIENTED_EDGE('',*,*,#2387,.T.);
#1006=ORIENTED_EDGE('',*,*,#2388,.F.);
#1007=ORIENTED_EDGE('',*,*,#2389,.F.);
#1008=ORIENTED_EDGE('',*,*,#2390,.T.);
#1009=ORIENTED_EDGE('',*,*,#2385,.T.);
#1010=ORIENTED_EDGE('',*,*,#2391,.F.);
#1011=ORIENTED_EDGE('',*,*,#2392,.F.);
#1012=ORIENTED_EDGE('',*,*,#2393,.T.);
#1013=ORIENTED_EDGE('',*,*,#2389,.T.);
#1014=ORIENTED_EDGE('',*,*,#2394,.F.);
#1015=ORIENTED_EDGE('',*,*,#2395,.F.);
#1016=ORIENTED_EDGE('',*,*,#2396,.T.);
#1017=ORIENTED_EDGE('',*,*,#2392,.T.);
#1018=ORIENTED_EDGE('',*,*,#2397,.F.);
#1019=ORIENTED_EDGE('',*,*,#2398,.F.);
#1020=ORIENTED_EDGE('',*,*,#2399,.T.);
#1021=ORIENTED_EDGE('',*,*,#2395,.T.);
#1022=ORIENTED_EDGE('',*,*,#2138,.F.);
#1023=ORIENTED_EDGE('',*,*,#2400,.F.);
#1024=ORIENTED_EDGE('',*,*,#2401,.T.);
#1025=ORIENTED_EDGE('',*,*,#2402,.T.);
#1026=ORIENTED_EDGE('',*,*,#2153,.F.);
#1027=ORIENTED_EDGE('',*,*,#2403,.F.);
#1028=ORIENTED_EDGE('',*,*,#2404,.T.);
#1029=ORIENTED_EDGE('',*,*,#2400,.T.);
#1030=ORIENTED_EDGE('',*,*,#2152,.F.);
#1031=ORIENTED_EDGE('',*,*,#2405,.F.);
#1032=ORIENTED_EDGE('',*,*,#2406,.T.);
#1033=ORIENTED_EDGE('',*,*,#2403,.T.);
#1034=ORIENTED_EDGE('',*,*,#2151,.F.);
#1035=ORIENTED_EDGE('',*,*,#2407,.F.);
#1036=ORIENTED_EDGE('',*,*,#2408,.T.);
#1037=ORIENTED_EDGE('',*,*,#2405,.T.);
#1038=ORIENTED_EDGE('',*,*,#2150,.F.);
#1039=ORIENTED_EDGE('',*,*,#2409,.F.);
#1040=ORIENTED_EDGE('',*,*,#2410,.T.);
#1041=ORIENTED_EDGE('',*,*,#2407,.T.);
#1042=ORIENTED_EDGE('',*,*,#2149,.F.);
#1043=ORIENTED_EDGE('',*,*,#2411,.F.);
#1044=ORIENTED_EDGE('',*,*,#2412,.T.);
#1045=ORIENTED_EDGE('',*,*,#2409,.T.);
#1046=ORIENTED_EDGE('',*,*,#2148,.F.);
#1047=ORIENTED_EDGE('',*,*,#2413,.F.);
#1048=ORIENTED_EDGE('',*,*,#2414,.T.);
#1049=ORIENTED_EDGE('',*,*,#2411,.T.);
#1050=ORIENTED_EDGE('',*,*,#2147,.F.);
#1051=ORIENTED_EDGE('',*,*,#2415,.F.);
#1052=ORIENTED_EDGE('',*,*,#2416,.T.);
#1053=ORIENTED_EDGE('',*,*,#2413,.T.);
#1054=ORIENTED_EDGE('',*,*,#2146,.F.);
#1055=ORIENTED_EDGE('',*,*,#2417,.F.);
#1056=ORIENTED_EDGE('',*,*,#2418,.T.);
#1057=ORIENTED_EDGE('',*,*,#2415,.T.);
#1058=ORIENTED_EDGE('',*,*,#2145,.F.);
#1059=ORIENTED_EDGE('',*,*,#2419,.F.);
#1060=ORIENTED_EDGE('',*,*,#2420,.T.);
#1061=ORIENTED_EDGE('',*,*,#2417,.T.);
#1062=ORIENTED_EDGE('',*,*,#2144,.F.);
#1063=ORIENTED_EDGE('',*,*,#2421,.F.);
#1064=ORIENTED_EDGE('',*,*,#2422,.T.);
#1065=ORIENTED_EDGE('',*,*,#2419,.T.);
#1066=ORIENTED_EDGE('',*,*,#2143,.F.);
#1067=ORIENTED_EDGE('',*,*,#2423,.F.);
#1068=ORIENTED_EDGE('',*,*,#2424,.T.);
#1069=ORIENTED_EDGE('',*,*,#2421,.T.);
#1070=ORIENTED_EDGE('',*,*,#2142,.F.);
#1071=ORIENTED_EDGE('',*,*,#2425,.F.);
#1072=ORIENTED_EDGE('',*,*,#2426,.T.);
#1073=ORIENTED_EDGE('',*,*,#2423,.T.);
#1074=ORIENTED_EDGE('',*,*,#2141,.F.);
#1075=ORIENTED_EDGE('',*,*,#2427,.F.);
#1076=ORIENTED_EDGE('',*,*,#2428,.T.);
#1077=ORIENTED_EDGE('',*,*,#2425,.T.);
#1078=ORIENTED_EDGE('',*,*,#2140,.F.);
#1079=ORIENTED_EDGE('',*,*,#2429,.F.);
#1080=ORIENTED_EDGE('',*,*,#2430,.T.);
#1081=ORIENTED_EDGE('',*,*,#2427,.T.);
#1082=ORIENTED_EDGE('',*,*,#2139,.F.);
#1083=ORIENTED_EDGE('',*,*,#2402,.F.);
#1084=ORIENTED_EDGE('',*,*,#2431,.T.);
#1085=ORIENTED_EDGE('',*,*,#2429,.T.);
#1086=ORIENTED_EDGE('',*,*,#2432,.F.);
#1087=ORIENTED_EDGE('',*,*,#2387,.F.);
#1088=ORIENTED_EDGE('',*,*,#2433,.T.);
#1089=ORIENTED_EDGE('',*,*,#2398,.T.);
#1090=ORIENTED_EDGE('',*,*,#2401,.F.);
#1091=ORIENTED_EDGE('',*,*,#2404,.F.);
#1092=ORIENTED_EDGE('',*,*,#2406,.F.);
#1093=ORIENTED_EDGE('',*,*,#2408,.F.);
#1094=ORIENTED_EDGE('',*,*,#2410,.F.);
#1095=ORIENTED_EDGE('',*,*,#2412,.F.);
#1096=ORIENTED_EDGE('',*,*,#2414,.F.);
#1097=ORIENTED_EDGE('',*,*,#2416,.F.);
#1098=ORIENTED_EDGE('',*,*,#2418,.F.);
#1099=ORIENTED_EDGE('',*,*,#2420,.F.);
#1100=ORIENTED_EDGE('',*,*,#2422,.F.);
#1101=ORIENTED_EDGE('',*,*,#2424,.F.);
#1102=ORIENTED_EDGE('',*,*,#2426,.F.);
#1103=ORIENTED_EDGE('',*,*,#2428,.F.);
#1104=ORIENTED_EDGE('',*,*,#2430,.F.);
#1105=ORIENTED_EDGE('',*,*,#2431,.F.);
#1106=ORIENTED_EDGE('',*,*,#2386,.F.);
#1107=ORIENTED_EDGE('',*,*,#2390,.F.);
#1108=ORIENTED_EDGE('',*,*,#2393,.F.);
#1109=ORIENTED_EDGE('',*,*,#2396,.F.);
#1110=ORIENTED_EDGE('',*,*,#2399,.F.);
#1111=ORIENTED_EDGE('',*,*,#2433,.F.);
#1112=ORIENTED_EDGE('',*,*,#2384,.T.);
#1113=ORIENTED_EDGE('',*,*,#2432,.T.);
#1114=ORIENTED_EDGE('',*,*,#2397,.T.);
#1115=ORIENTED_EDGE('',*,*,#2394,.T.);
#1116=ORIENTED_EDGE('',*,*,#2391,.T.);
#1117=ORIENTED_EDGE('',*,*,#2388,.T.);
#1118=ORIENTED_EDGE('',*,*,#2120,.F.);
#1119=ORIENTED_EDGE('',*,*,#2434,.F.);
#1120=ORIENTED_EDGE('',*,*,#2435,.T.);
#1121=ORIENTED_EDGE('',*,*,#2436,.T.);
#1122=ORIENTED_EDGE('',*,*,#2137,.F.);
#1123=ORIENTED_EDGE('',*,*,#2437,.F.);
#1124=ORIENTED_EDGE('',*,*,#2438,.T.);
#1125=ORIENTED_EDGE('',*,*,#2434,.T.);
#1126=ORIENTED_EDGE('',*,*,#2136,.F.);
#1127=ORIENTED_EDGE('',*,*,#2439,.F.);
#1128=ORIENTED_EDGE('',*,*,#2440,.T.);
#1129=ORIENTED_EDGE('',*,*,#2437,.T.);
#1130=ORIENTED_EDGE('',*,*,#2135,.F.);
#1131=ORIENTED_EDGE('',*,*,#2441,.F.);
#1132=ORIENTED_EDGE('',*,*,#2442,.T.);
#1133=ORIENTED_EDGE('',*,*,#2439,.T.);
#1134=ORIENTED_EDGE('',*,*,#2134,.F.);
#1135=ORIENTED_EDGE('',*,*,#2443,.F.);
#1136=ORIENTED_EDGE('',*,*,#2444,.T.);
#1137=ORIENTED_EDGE('',*,*,#2441,.T.);
#1138=ORIENTED_EDGE('',*,*,#2133,.F.);
#1139=ORIENTED_EDGE('',*,*,#2445,.F.);
#1140=ORIENTED_EDGE('',*,*,#2446,.T.);
#1141=ORIENTED_EDGE('',*,*,#2443,.T.);
#1142=ORIENTED_EDGE('',*,*,#2132,.F.);
#1143=ORIENTED_EDGE('',*,*,#2447,.F.);
#1144=ORIENTED_EDGE('',*,*,#2448,.T.);
#1145=ORIENTED_EDGE('',*,*,#2445,.T.);
#1146=ORIENTED_EDGE('',*,*,#2131,.F.);
#1147=ORIENTED_EDGE('',*,*,#2449,.F.);
#1148=ORIENTED_EDGE('',*,*,#2450,.T.);
#1149=ORIENTED_EDGE('',*,*,#2447,.T.);
#1150=ORIENTED_EDGE('',*,*,#2130,.F.);
#1151=ORIENTED_EDGE('',*,*,#2451,.F.);
#1152=ORIENTED_EDGE('',*,*,#2452,.T.);
#1153=ORIENTED_EDGE('',*,*,#2449,.T.);
#1154=ORIENTED_EDGE('',*,*,#2129,.F.);
#1155=ORIENTED_EDGE('',*,*,#2453,.F.);
#1156=ORIENTED_EDGE('',*,*,#2454,.T.);
#1157=ORIENTED_EDGE('',*,*,#2451,.T.);
#1158=ORIENTED_EDGE('',*,*,#2128,.F.);
#1159=ORIENTED_EDGE('',*,*,#2455,.F.);
#1160=ORIENTED_EDGE('',*,*,#2456,.T.);
#1161=ORIENTED_EDGE('',*,*,#2453,.T.);
#1162=ORIENTED_EDGE('',*,*,#2127,.F.);
#1163=ORIENTED_EDGE('',*,*,#2457,.F.);
#1164=ORIENTED_EDGE('',*,*,#2458,.T.);
#1165=ORIENTED_EDGE('',*,*,#2455,.T.);
#1166=ORIENTED_EDGE('',*,*,#2126,.F.);
#1167=ORIENTED_EDGE('',*,*,#2459,.F.);
#1168=ORIENTED_EDGE('',*,*,#2460,.T.);
#1169=ORIENTED_EDGE('',*,*,#2457,.T.);
#1170=ORIENTED_EDGE('',*,*,#2125,.F.);
#1171=ORIENTED_EDGE('',*,*,#2461,.F.);
#1172=ORIENTED_EDGE('',*,*,#2462,.T.);
#1173=ORIENTED_EDGE('',*,*,#2459,.T.);
#1174=ORIENTED_EDGE('',*,*,#2124,.F.);
#1175=ORIENTED_EDGE('',*,*,#2463,.F.);
#1176=ORIENTED_EDGE('',*,*,#2464,.T.);
#1177=ORIENTED_EDGE('',*,*,#2461,.T.);
#1178=ORIENTED_EDGE('',*,*,#2123,.F.);
#1179=ORIENTED_EDGE('',*,*,#2465,.F.);
#1180=ORIENTED_EDGE('',*,*,#2466,.T.);
#1181=ORIENTED_EDGE('',*,*,#2463,.T.);
#1182=ORIENTED_EDGE('',*,*,#2122,.F.);
#1183=ORIENTED_EDGE('',*,*,#2467,.F.);
#1184=ORIENTED_EDGE('',*,*,#2468,.T.);
#1185=ORIENTED_EDGE('',*,*,#2465,.T.);
#1186=ORIENTED_EDGE('',*,*,#2121,.F.);
#1187=ORIENTED_EDGE('',*,*,#2436,.F.);
#1188=ORIENTED_EDGE('',*,*,#2469,.T.);
#1189=ORIENTED_EDGE('',*,*,#2467,.T.);
#1190=ORIENTED_EDGE('',*,*,#2435,.F.);
#1191=ORIENTED_EDGE('',*,*,#2438,.F.);
#1192=ORIENTED_EDGE('',*,*,#2440,.F.);
#1193=ORIENTED_EDGE('',*,*,#2442,.F.);
#1194=ORIENTED_EDGE('',*,*,#2444,.F.);
#1195=ORIENTED_EDGE('',*,*,#2446,.F.);
#1196=ORIENTED_EDGE('',*,*,#2448,.F.);
#1197=ORIENTED_EDGE('',*,*,#2450,.F.);
#1198=ORIENTED_EDGE('',*,*,#2452,.F.);
#1199=ORIENTED_EDGE('',*,*,#2454,.F.);
#1200=ORIENTED_EDGE('',*,*,#2456,.F.);
#1201=ORIENTED_EDGE('',*,*,#2458,.F.);
#1202=ORIENTED_EDGE('',*,*,#2460,.F.);
#1203=ORIENTED_EDGE('',*,*,#2462,.F.);
#1204=ORIENTED_EDGE('',*,*,#2464,.F.);
#1205=ORIENTED_EDGE('',*,*,#2466,.F.);
#1206=ORIENTED_EDGE('',*,*,#2468,.F.);
#1207=ORIENTED_EDGE('',*,*,#2469,.F.);
#1208=ORIENTED_EDGE('',*,*,#2470,.F.);
#1209=ORIENTED_EDGE('',*,*,#2471,.F.);
#1210=ORIENTED_EDGE('',*,*,#2472,.T.);
#1211=ORIENTED_EDGE('',*,*,#2473,.T.);
#1212=ORIENTED_EDGE('',*,*,#2474,.F.);
#1213=ORIENTED_EDGE('',*,*,#2475,.F.);
#1214=ORIENTED_EDGE('',*,*,#2476,.T.);
#1215=ORIENTED_EDGE('',*,*,#2471,.T.);
#1216=ORIENTED_EDGE('',*,*,#2477,.F.);
#1217=ORIENTED_EDGE('',*,*,#2478,.F.);
#1218=ORIENTED_EDGE('',*,*,#2479,.T.);
#1219=ORIENTED_EDGE('',*,*,#2475,.T.);
#1220=ORIENTED_EDGE('',*,*,#2480,.F.);
#1221=ORIENTED_EDGE('',*,*,#2481,.F.);
#1222=ORIENTED_EDGE('',*,*,#2482,.T.);
#1223=ORIENTED_EDGE('',*,*,#2478,.T.);
#1224=ORIENTED_EDGE('',*,*,#2483,.F.);
#1225=ORIENTED_EDGE('',*,*,#2484,.F.);
#1226=ORIENTED_EDGE('',*,*,#2485,.T.);
#1227=ORIENTED_EDGE('',*,*,#2481,.T.);
#1228=ORIENTED_EDGE('',*,*,#2486,.F.);
#1229=ORIENTED_EDGE('',*,*,#2487,.F.);
#1230=ORIENTED_EDGE('',*,*,#2488,.T.);
#1231=ORIENTED_EDGE('',*,*,#2484,.T.);
#1232=ORIENTED_EDGE('',*,*,#2489,.F.);
#1233=ORIENTED_EDGE('',*,*,#2490,.F.);
#1234=ORIENTED_EDGE('',*,*,#2491,.T.);
#1235=ORIENTED_EDGE('',*,*,#2487,.T.);
#1236=ORIENTED_EDGE('',*,*,#2108,.F.);
#1237=ORIENTED_EDGE('',*,*,#2492,.F.);
#1238=ORIENTED_EDGE('',*,*,#2493,.T.);
#1239=ORIENTED_EDGE('',*,*,#2494,.T.);
#1240=ORIENTED_EDGE('',*,*,#2119,.F.);
#1241=ORIENTED_EDGE('',*,*,#2495,.F.);
#1242=ORIENTED_EDGE('',*,*,#2496,.T.);
#1243=ORIENTED_EDGE('',*,*,#2492,.T.);
#1244=ORIENTED_EDGE('',*,*,#2118,.F.);
#1245=ORIENTED_EDGE('',*,*,#2497,.F.);
#1246=ORIENTED_EDGE('',*,*,#2498,.T.);
#1247=ORIENTED_EDGE('',*,*,#2495,.T.);
#1248=ORIENTED_EDGE('',*,*,#2117,.F.);
#1249=ORIENTED_EDGE('',*,*,#2499,.F.);
#1250=ORIENTED_EDGE('',*,*,#2500,.T.);
#1251=ORIENTED_EDGE('',*,*,#2497,.T.);
#1252=ORIENTED_EDGE('',*,*,#2116,.F.);
#1253=ORIENTED_EDGE('',*,*,#2501,.F.);
#1254=ORIENTED_EDGE('',*,*,#2502,.T.);
#1255=ORIENTED_EDGE('',*,*,#2499,.T.);
#1256=ORIENTED_EDGE('',*,*,#2115,.F.);
#1257=ORIENTED_EDGE('',*,*,#2503,.F.);
#1258=ORIENTED_EDGE('',*,*,#2504,.T.);
#1259=ORIENTED_EDGE('',*,*,#2501,.T.);
#1260=ORIENTED_EDGE('',*,*,#2114,.F.);
#1261=ORIENTED_EDGE('',*,*,#2505,.F.);
#1262=ORIENTED_EDGE('',*,*,#2506,.T.);
#1263=ORIENTED_EDGE('',*,*,#2503,.T.);
#1264=ORIENTED_EDGE('',*,*,#2113,.F.);
#1265=ORIENTED_EDGE('',*,*,#2507,.F.);
#1266=ORIENTED_EDGE('',*,*,#2508,.T.);
#1267=ORIENTED_EDGE('',*,*,#2505,.T.);
#1268=ORIENTED_EDGE('',*,*,#2112,.F.);
#1269=ORIENTED_EDGE('',*,*,#2509,.F.);
#1270=ORIENTED_EDGE('',*,*,#2510,.T.);
#1271=ORIENTED_EDGE('',*,*,#2507,.T.);
#1272=ORIENTED_EDGE('',*,*,#2111,.F.);
#1273=ORIENTED_EDGE('',*,*,#2511,.F.);
#1274=ORIENTED_EDGE('',*,*,#2512,.T.);
#1275=ORIENTED_EDGE('',*,*,#2509,.T.);
#1276=ORIENTED_EDGE('',*,*,#2110,.F.);
#1277=ORIENTED_EDGE('',*,*,#2513,.F.);
#1278=ORIENTED_EDGE('',*,*,#2514,.T.);
#1279=ORIENTED_EDGE('',*,*,#2511,.T.);
#1280=ORIENTED_EDGE('',*,*,#2109,.F.);
#1281=ORIENTED_EDGE('',*,*,#2494,.F.);
#1282=ORIENTED_EDGE('',*,*,#2515,.T.);
#1283=ORIENTED_EDGE('',*,*,#2513,.T.);
#1284=ORIENTED_EDGE('',*,*,#2516,.F.);
#1285=ORIENTED_EDGE('',*,*,#2473,.F.);
#1286=ORIENTED_EDGE('',*,*,#2517,.T.);
#1287=ORIENTED_EDGE('',*,*,#2490,.T.);
#1288=ORIENTED_EDGE('',*,*,#2493,.F.);
#1289=ORIENTED_EDGE('',*,*,#2496,.F.);
#1290=ORIENTED_EDGE('',*,*,#2498,.F.);
#1291=ORIENTED_EDGE('',*,*,#2500,.F.);
#1292=ORIENTED_EDGE('',*,*,#2502,.F.);
#1293=ORIENTED_EDGE('',*,*,#2504,.F.);
#1294=ORIENTED_EDGE('',*,*,#2506,.F.);
#1295=ORIENTED_EDGE('',*,*,#2508,.F.);
#1296=ORIENTED_EDGE('',*,*,#2510,.F.);
#1297=ORIENTED_EDGE('',*,*,#2512,.F.);
#1298=ORIENTED_EDGE('',*,*,#2514,.F.);
#1299=ORIENTED_EDGE('',*,*,#2515,.F.);
#1300=ORIENTED_EDGE('',*,*,#2472,.F.);
#1301=ORIENTED_EDGE('',*,*,#2476,.F.);
#1302=ORIENTED_EDGE('',*,*,#2479,.F.);
#1303=ORIENTED_EDGE('',*,*,#2482,.F.);
#1304=ORIENTED_EDGE('',*,*,#2485,.F.);
#1305=ORIENTED_EDGE('',*,*,#2488,.F.);
#1306=ORIENTED_EDGE('',*,*,#2491,.F.);
#1307=ORIENTED_EDGE('',*,*,#2517,.F.);
#1308=ORIENTED_EDGE('',*,*,#2470,.T.);
#1309=ORIENTED_EDGE('',*,*,#2516,.T.);
#1310=ORIENTED_EDGE('',*,*,#2489,.T.);
#1311=ORIENTED_EDGE('',*,*,#2486,.T.);
#1312=ORIENTED_EDGE('',*,*,#2483,.T.);
#1313=ORIENTED_EDGE('',*,*,#2480,.T.);
#1314=ORIENTED_EDGE('',*,*,#2477,.T.);
#1315=ORIENTED_EDGE('',*,*,#2474,.T.);
#1316=ORIENTED_EDGE('',*,*,#2098,.F.);
#1317=ORIENTED_EDGE('',*,*,#2518,.F.);
#1318=ORIENTED_EDGE('',*,*,#2519,.T.);
#1319=ORIENTED_EDGE('',*,*,#2520,.T.);
#1320=ORIENTED_EDGE('',*,*,#2107,.F.);
#1321=ORIENTED_EDGE('',*,*,#2521,.F.);
#1322=ORIENTED_EDGE('',*,*,#2522,.T.);
#1323=ORIENTED_EDGE('',*,*,#2518,.T.);
#1324=ORIENTED_EDGE('',*,*,#2106,.F.);
#1325=ORIENTED_EDGE('',*,*,#2523,.F.);
#1326=ORIENTED_EDGE('',*,*,#2524,.T.);
#1327=ORIENTED_EDGE('',*,*,#2521,.T.);
#1328=ORIENTED_EDGE('',*,*,#2105,.F.);
#1329=ORIENTED_EDGE('',*,*,#2525,.F.);
#1330=ORIENTED_EDGE('',*,*,#2526,.T.);
#1331=ORIENTED_EDGE('',*,*,#2523,.T.);
#1332=ORIENTED_EDGE('',*,*,#2104,.F.);
#1333=ORIENTED_EDGE('',*,*,#2527,.F.);
#1334=ORIENTED_EDGE('',*,*,#2528,.T.);
#1335=ORIENTED_EDGE('',*,*,#2525,.T.);
#1336=ORIENTED_EDGE('',*,*,#2103,.F.);
#1337=ORIENTED_EDGE('',*,*,#2529,.F.);
#1338=ORIENTED_EDGE('',*,*,#2530,.T.);
#1339=ORIENTED_EDGE('',*,*,#2527,.T.);
#1340=ORIENTED_EDGE('',*,*,#2102,.F.);
#1341=ORIENTED_EDGE('',*,*,#2531,.F.);
#1342=ORIENTED_EDGE('',*,*,#2532,.T.);
#1343=ORIENTED_EDGE('',*,*,#2529,.T.);
#1344=ORIENTED_EDGE('',*,*,#2101,.F.);
#1345=ORIENTED_EDGE('',*,*,#2533,.F.);
#1346=ORIENTED_EDGE('',*,*,#2534,.T.);
#1347=ORIENTED_EDGE('',*,*,#2531,.T.);
#1348=ORIENTED_EDGE('',*,*,#2100,.F.);
#1349=ORIENTED_EDGE('',*,*,#2535,.F.);
#1350=ORIENTED_EDGE('',*,*,#2536,.T.);
#1351=ORIENTED_EDGE('',*,*,#2533,.T.);
#1352=ORIENTED_EDGE('',*,*,#2099,.F.);
#1353=ORIENTED_EDGE('',*,*,#2520,.F.);
#1354=ORIENTED_EDGE('',*,*,#2537,.T.);
#1355=ORIENTED_EDGE('',*,*,#2535,.T.);
#1356=ORIENTED_EDGE('',*,*,#2519,.F.);
#1357=ORIENTED_EDGE('',*,*,#2522,.F.);
#1358=ORIENTED_EDGE('',*,*,#2524,.F.);
#1359=ORIENTED_EDGE('',*,*,#2526,.F.);
#1360=ORIENTED_EDGE('',*,*,#2528,.F.);
#1361=ORIENTED_EDGE('',*,*,#2530,.F.);
#1362=ORIENTED_EDGE('',*,*,#2532,.F.);
#1363=ORIENTED_EDGE('',*,*,#2534,.F.);
#1364=ORIENTED_EDGE('',*,*,#2536,.F.);
#1365=ORIENTED_EDGE('',*,*,#2537,.F.);
#1366=ORIENTED_EDGE('',*,*,#2538,.F.);
#1367=ORIENTED_EDGE('',*,*,#2539,.F.);
#1368=ORIENTED_EDGE('',*,*,#2540,.T.);
#1369=ORIENTED_EDGE('',*,*,#2541,.T.);
#1370=ORIENTED_EDGE('',*,*,#2542,.F.);
#1371=ORIENTED_EDGE('',*,*,#2543,.F.);
#1372=ORIENTED_EDGE('',*,*,#2544,.T.);
#1373=ORIENTED_EDGE('',*,*,#2539,.T.);
#1374=ORIENTED_EDGE('',*,*,#2545,.F.);
#1375=ORIENTED_EDGE('',*,*,#2546,.F.);
#1376=ORIENTED_EDGE('',*,*,#2547,.T.);
#1377=ORIENTED_EDGE('',*,*,#2543,.T.);
#1378=ORIENTED_EDGE('',*,*,#2548,.F.);
#1379=ORIENTED_EDGE('',*,*,#2549,.F.);
#1380=ORIENTED_EDGE('',*,*,#2550,.T.);
#1381=ORIENTED_EDGE('',*,*,#2546,.T.);
#1382=ORIENTED_EDGE('',*,*,#2551,.F.);
#1383=ORIENTED_EDGE('',*,*,#2552,.F.);
#1384=ORIENTED_EDGE('',*,*,#2553,.T.);
#1385=ORIENTED_EDGE('',*,*,#2549,.T.);
#1386=ORIENTED_EDGE('',*,*,#2554,.F.);
#1387=ORIENTED_EDGE('',*,*,#2555,.F.);
#1388=ORIENTED_EDGE('',*,*,#2556,.T.);
#1389=ORIENTED_EDGE('',*,*,#2552,.T.);
#1390=ORIENTED_EDGE('',*,*,#2557,.F.);
#1391=ORIENTED_EDGE('',*,*,#2558,.F.);
#1392=ORIENTED_EDGE('',*,*,#2559,.T.);
#1393=ORIENTED_EDGE('',*,*,#2555,.T.);
#1394=ORIENTED_EDGE('',*,*,#2560,.F.);
#1395=ORIENTED_EDGE('',*,*,#2561,.F.);
#1396=ORIENTED_EDGE('',*,*,#2562,.T.);
#1397=ORIENTED_EDGE('',*,*,#2558,.T.);
#1398=ORIENTED_EDGE('',*,*,#2563,.F.);
#1399=ORIENTED_EDGE('',*,*,#2564,.F.);
#1400=ORIENTED_EDGE('',*,*,#2565,.T.);
#1401=ORIENTED_EDGE('',*,*,#2561,.T.);
#1402=ORIENTED_EDGE('',*,*,#2084,.F.);
#1403=ORIENTED_EDGE('',*,*,#2566,.F.);
#1404=ORIENTED_EDGE('',*,*,#2567,.T.);
#1405=ORIENTED_EDGE('',*,*,#2568,.T.);
#1406=ORIENTED_EDGE('',*,*,#2097,.F.);
#1407=ORIENTED_EDGE('',*,*,#2569,.F.);
#1408=ORIENTED_EDGE('',*,*,#2570,.T.);
#1409=ORIENTED_EDGE('',*,*,#2566,.T.);
#1410=ORIENTED_EDGE('',*,*,#2096,.F.);
#1411=ORIENTED_EDGE('',*,*,#2571,.F.);
#1412=ORIENTED_EDGE('',*,*,#2572,.T.);
#1413=ORIENTED_EDGE('',*,*,#2569,.T.);
#1414=ORIENTED_EDGE('',*,*,#2095,.F.);
#1415=ORIENTED_EDGE('',*,*,#2573,.F.);
#1416=ORIENTED_EDGE('',*,*,#2574,.T.);
#1417=ORIENTED_EDGE('',*,*,#2571,.T.);
#1418=ORIENTED_EDGE('',*,*,#2094,.F.);
#1419=ORIENTED_EDGE('',*,*,#2575,.F.);
#1420=ORIENTED_EDGE('',*,*,#2576,.T.);
#1421=ORIENTED_EDGE('',*,*,#2573,.T.);
#1422=ORIENTED_EDGE('',*,*,#2093,.F.);
#1423=ORIENTED_EDGE('',*,*,#2577,.F.);
#1424=ORIENTED_EDGE('',*,*,#2578,.T.);
#1425=ORIENTED_EDGE('',*,*,#2575,.T.);
#1426=ORIENTED_EDGE('',*,*,#2092,.F.);
#1427=ORIENTED_EDGE('',*,*,#2579,.F.);
#1428=ORIENTED_EDGE('',*,*,#2580,.T.);
#1429=ORIENTED_EDGE('',*,*,#2577,.T.);
#1430=ORIENTED_EDGE('',*,*,#2091,.F.);
#1431=ORIENTED_EDGE('',*,*,#2581,.F.);
#1432=ORIENTED_EDGE('',*,*,#2582,.T.);
#1433=ORIENTED_EDGE('',*,*,#2579,.T.);
#1434=ORIENTED_EDGE('',*,*,#2090,.F.);
#1435=ORIENTED_EDGE('',*,*,#2583,.F.);
#1436=ORIENTED_EDGE('',*,*,#2584,.T.);
#1437=ORIENTED_EDGE('',*,*,#2581,.T.);
#1438=ORIENTED_EDGE('',*,*,#2089,.F.);
#1439=ORIENTED_EDGE('',*,*,#2585,.F.);
#1440=ORIENTED_EDGE('',*,*,#2586,.T.);
#1441=ORIENTED_EDGE('',*,*,#2583,.T.);
#1442=ORIENTED_EDGE('',*,*,#2088,.F.);
#1443=ORIENTED_EDGE('',*,*,#2587,.F.);
#1444=ORIENTED_EDGE('',*,*,#2588,.T.);
#1445=ORIENTED_EDGE('',*,*,#2585,.T.);
#1446=ORIENTED_EDGE('',*,*,#2087,.F.);
#1447=ORIENTED_EDGE('',*,*,#2589,.F.);
#1448=ORIENTED_EDGE('',*,*,#2590,.T.);
#1449=ORIENTED_EDGE('',*,*,#2587,.T.);
#1450=ORIENTED_EDGE('',*,*,#2086,.F.);
#1451=ORIENTED_EDGE('',*,*,#2591,.F.);
#1452=ORIENTED_EDGE('',*,*,#2592,.T.);
#1453=ORIENTED_EDGE('',*,*,#2589,.T.);
#1454=ORIENTED_EDGE('',*,*,#2085,.F.);
#1455=ORIENTED_EDGE('',*,*,#2568,.F.);
#1456=ORIENTED_EDGE('',*,*,#2593,.T.);
#1457=ORIENTED_EDGE('',*,*,#2591,.T.);
#1458=ORIENTED_EDGE('',*,*,#2594,.F.);
#1459=ORIENTED_EDGE('',*,*,#2541,.F.);
#1460=ORIENTED_EDGE('',*,*,#2595,.T.);
#1461=ORIENTED_EDGE('',*,*,#2564,.T.);
#1462=ORIENTED_EDGE('',*,*,#2567,.F.);
#1463=ORIENTED_EDGE('',*,*,#2570,.F.);
#1464=ORIENTED_EDGE('',*,*,#2572,.F.);
#1465=ORIENTED_EDGE('',*,*,#2574,.F.);
#1466=ORIENTED_EDGE('',*,*,#2576,.F.);
#1467=ORIENTED_EDGE('',*,*,#2578,.F.);
#1468=ORIENTED_EDGE('',*,*,#2580,.F.);
#1469=ORIENTED_EDGE('',*,*,#2582,.F.);
#1470=ORIENTED_EDGE('',*,*,#2584,.F.);
#1471=ORIENTED_EDGE('',*,*,#2586,.F.);
#1472=ORIENTED_EDGE('',*,*,#2588,.F.);
#1473=ORIENTED_EDGE('',*,*,#2590,.F.);
#1474=ORIENTED_EDGE('',*,*,#2592,.F.);
#1475=ORIENTED_EDGE('',*,*,#2593,.F.);
#1476=ORIENTED_EDGE('',*,*,#2540,.F.);
#1477=ORIENTED_EDGE('',*,*,#2544,.F.);
#1478=ORIENTED_EDGE('',*,*,#2547,.F.);
#1479=ORIENTED_EDGE('',*,*,#2550,.F.);
#1480=ORIENTED_EDGE('',*,*,#2553,.F.);
#1481=ORIENTED_EDGE('',*,*,#2556,.F.);
#1482=ORIENTED_EDGE('',*,*,#2559,.F.);
#1483=ORIENTED_EDGE('',*,*,#2562,.F.);
#1484=ORIENTED_EDGE('',*,*,#2565,.F.);
#1485=ORIENTED_EDGE('',*,*,#2595,.F.);
#1486=ORIENTED_EDGE('',*,*,#2538,.T.);
#1487=ORIENTED_EDGE('',*,*,#2594,.T.);
#1488=ORIENTED_EDGE('',*,*,#2563,.T.);
#1489=ORIENTED_EDGE('',*,*,#2560,.T.);
#1490=ORIENTED_EDGE('',*,*,#2557,.T.);
#1491=ORIENTED_EDGE('',*,*,#2554,.T.);
#1492=ORIENTED_EDGE('',*,*,#2551,.T.);
#1493=ORIENTED_EDGE('',*,*,#2548,.T.);
#1494=ORIENTED_EDGE('',*,*,#2545,.T.);
#1495=ORIENTED_EDGE('',*,*,#2542,.T.);
#1496=ORIENTED_EDGE('',*,*,#2076,.F.);
#1497=ORIENTED_EDGE('',*,*,#2596,.F.);
#1498=ORIENTED_EDGE('',*,*,#2597,.T.);
#1499=ORIENTED_EDGE('',*,*,#2598,.T.);
#1500=ORIENTED_EDGE('',*,*,#2083,.F.);
#1501=ORIENTED_EDGE('',*,*,#2599,.F.);
#1502=ORIENTED_EDGE('',*,*,#2600,.T.);
#1503=ORIENTED_EDGE('',*,*,#2596,.T.);
#1504=ORIENTED_EDGE('',*,*,#2082,.F.);
#1505=ORIENTED_EDGE('',*,*,#2601,.F.);
#1506=ORIENTED_EDGE('',*,*,#2602,.T.);
#1507=ORIENTED_EDGE('',*,*,#2599,.T.);
#1508=ORIENTED_EDGE('',*,*,#2081,.F.);
#1509=ORIENTED_EDGE('',*,*,#2603,.F.);
#1510=ORIENTED_EDGE('',*,*,#2604,.T.);
#1511=ORIENTED_EDGE('',*,*,#2601,.T.);
#1512=ORIENTED_EDGE('',*,*,#2080,.F.);
#1513=ORIENTED_EDGE('',*,*,#2605,.F.);
#1514=ORIENTED_EDGE('',*,*,#2606,.T.);
#1515=ORIENTED_EDGE('',*,*,#2603,.T.);
#1516=ORIENTED_EDGE('',*,*,#2079,.F.);
#1517=ORIENTED_EDGE('',*,*,#2607,.F.);
#1518=ORIENTED_EDGE('',*,*,#2608,.T.);
#1519=ORIENTED_EDGE('',*,*,#2605,.T.);
#1520=ORIENTED_EDGE('',*,*,#2078,.F.);
#1521=ORIENTED_EDGE('',*,*,#2609,.F.);
#1522=ORIENTED_EDGE('',*,*,#2610,.T.);
#1523=ORIENTED_EDGE('',*,*,#2607,.T.);
#1524=ORIENTED_EDGE('',*,*,#2077,.F.);
#1525=ORIENTED_EDGE('',*,*,#2598,.F.);
#1526=ORIENTED_EDGE('',*,*,#2611,.T.);
#1527=ORIENTED_EDGE('',*,*,#2609,.T.);
#1528=ORIENTED_EDGE('',*,*,#2597,.F.);
#1529=ORIENTED_EDGE('',*,*,#2600,.F.);
#1530=ORIENTED_EDGE('',*,*,#2602,.F.);
#1531=ORIENTED_EDGE('',*,*,#2604,.F.);
#1532=ORIENTED_EDGE('',*,*,#2606,.F.);
#1533=ORIENTED_EDGE('',*,*,#2608,.F.);
#1534=ORIENTED_EDGE('',*,*,#2610,.F.);
#1535=ORIENTED_EDGE('',*,*,#2611,.F.);
#1536=ORIENTED_EDGE('',*,*,#2064,.F.);
#1537=ORIENTED_EDGE('',*,*,#2612,.F.);
#1538=ORIENTED_EDGE('',*,*,#2613,.T.);
#1539=ORIENTED_EDGE('',*,*,#2614,.T.);
#1540=ORIENTED_EDGE('',*,*,#2075,.F.);
#1541=ORIENTED_EDGE('',*,*,#2615,.F.);
#1542=ORIENTED_EDGE('',*,*,#2616,.T.);
#1543=ORIENTED_EDGE('',*,*,#2612,.T.);
#1544=ORIENTED_EDGE('',*,*,#2074,.F.);
#1545=ORIENTED_EDGE('',*,*,#2617,.F.);
#1546=ORIENTED_EDGE('',*,*,#2618,.T.);
#1547=ORIENTED_EDGE('',*,*,#2615,.T.);
#1548=ORIENTED_EDGE('',*,*,#2073,.F.);
#1549=ORIENTED_EDGE('',*,*,#2619,.F.);
#1550=ORIENTED_EDGE('',*,*,#2620,.T.);
#1551=ORIENTED_EDGE('',*,*,#2617,.T.);
#1552=ORIENTED_EDGE('',*,*,#2072,.F.);
#1553=ORIENTED_EDGE('',*,*,#2621,.F.);
#1554=ORIENTED_EDGE('',*,*,#2622,.T.);
#1555=ORIENTED_EDGE('',*,*,#2619,.T.);
#1556=ORIENTED_EDGE('',*,*,#2071,.F.);
#1557=ORIENTED_EDGE('',*,*,#2623,.F.);
#1558=ORIENTED_EDGE('',*,*,#2624,.T.);
#1559=ORIENTED_EDGE('',*,*,#2621,.T.);
#1560=ORIENTED_EDGE('',*,*,#2070,.F.);
#1561=ORIENTED_EDGE('',*,*,#2625,.F.);
#1562=ORIENTED_EDGE('',*,*,#2626,.T.);
#1563=ORIENTED_EDGE('',*,*,#2623,.T.);
#1564=ORIENTED_EDGE('',*,*,#2069,.F.);
#1565=ORIENTED_EDGE('',*,*,#2627,.F.);
#1566=ORIENTED_EDGE('',*,*,#2628,.T.);
#1567=ORIENTED_EDGE('',*,*,#2625,.T.);
#1568=ORIENTED_EDGE('',*,*,#2068,.F.);
#1569=ORIENTED_EDGE('',*,*,#2629,.F.);
#1570=ORIENTED_EDGE('',*,*,#2630,.T.);
#1571=ORIENTED_EDGE('',*,*,#2627,.T.);
#1572=ORIENTED_EDGE('',*,*,#2067,.F.);
#1573=ORIENTED_EDGE('',*,*,#2631,.F.);
#1574=ORIENTED_EDGE('',*,*,#2632,.T.);
#1575=ORIENTED_EDGE('',*,*,#2629,.T.);
#1576=ORIENTED_EDGE('',*,*,#2066,.F.);
#1577=ORIENTED_EDGE('',*,*,#2633,.F.);
#1578=ORIENTED_EDGE('',*,*,#2634,.T.);
#1579=ORIENTED_EDGE('',*,*,#2631,.T.);
#1580=ORIENTED_EDGE('',*,*,#2065,.F.);
#1581=ORIENTED_EDGE('',*,*,#2614,.F.);
#1582=ORIENTED_EDGE('',*,*,#2635,.T.);
#1583=ORIENTED_EDGE('',*,*,#2633,.T.);
#1584=ORIENTED_EDGE('',*,*,#2613,.F.);
#1585=ORIENTED_EDGE('',*,*,#2616,.F.);
#1586=ORIENTED_EDGE('',*,*,#2618,.F.);
#1587=ORIENTED_EDGE('',*,*,#2620,.F.);
#1588=ORIENTED_EDGE('',*,*,#2622,.F.);
#1589=ORIENTED_EDGE('',*,*,#2624,.F.);
#1590=ORIENTED_EDGE('',*,*,#2626,.F.);
#1591=ORIENTED_EDGE('',*,*,#2628,.F.);
#1592=ORIENTED_EDGE('',*,*,#2630,.F.);
#1593=ORIENTED_EDGE('',*,*,#2632,.F.);
#1594=ORIENTED_EDGE('',*,*,#2634,.F.);
#1595=ORIENTED_EDGE('',*,*,#2635,.F.);
#1596=ORIENTED_EDGE('',*,*,#2636,.F.);
#1597=ORIENTED_EDGE('',*,*,#2637,.F.);
#1598=ORIENTED_EDGE('',*,*,#2638,.T.);
#1599=ORIENTED_EDGE('',*,*,#2639,.T.);
#1600=ORIENTED_EDGE('',*,*,#2640,.F.);
#1601=ORIENTED_EDGE('',*,*,#2641,.F.);
#1602=ORIENTED_EDGE('',*,*,#2642,.T.);
#1603=ORIENTED_EDGE('',*,*,#2637,.T.);
#1604=ORIENTED_EDGE('',*,*,#2643,.F.);
#1605=ORIENTED_EDGE('',*,*,#2644,.F.);
#1606=ORIENTED_EDGE('',*,*,#2645,.T.);
#1607=ORIENTED_EDGE('',*,*,#2641,.T.);
#1608=ORIENTED_EDGE('',*,*,#2646,.F.);
#1609=ORIENTED_EDGE('',*,*,#2647,.F.);
#1610=ORIENTED_EDGE('',*,*,#2648,.T.);
#1611=ORIENTED_EDGE('',*,*,#2644,.T.);
#1612=ORIENTED_EDGE('',*,*,#2649,.F.);
#1613=ORIENTED_EDGE('',*,*,#2650,.F.);
#1614=ORIENTED_EDGE('',*,*,#2651,.T.);
#1615=ORIENTED_EDGE('',*,*,#2647,.T.);
#1616=ORIENTED_EDGE('',*,*,#2652,.F.);
#1617=ORIENTED_EDGE('',*,*,#2653,.F.);
#1618=ORIENTED_EDGE('',*,*,#2654,.T.);
#1619=ORIENTED_EDGE('',*,*,#2650,.T.);
#1620=ORIENTED_EDGE('',*,*,#2055,.F.);
#1621=ORIENTED_EDGE('',*,*,#2655,.F.);
#1622=ORIENTED_EDGE('',*,*,#2656,.T.);
#1623=ORIENTED_EDGE('',*,*,#2657,.T.);
#1624=ORIENTED_EDGE('',*,*,#2063,.F.);
#1625=ORIENTED_EDGE('',*,*,#2658,.F.);
#1626=ORIENTED_EDGE('',*,*,#2659,.T.);
#1627=ORIENTED_EDGE('',*,*,#2655,.T.);
#1628=ORIENTED_EDGE('',*,*,#2062,.F.);
#1629=ORIENTED_EDGE('',*,*,#2660,.F.);
#1630=ORIENTED_EDGE('',*,*,#2661,.T.);
#1631=ORIENTED_EDGE('',*,*,#2658,.T.);
#1632=ORIENTED_EDGE('',*,*,#2061,.F.);
#1633=ORIENTED_EDGE('',*,*,#2662,.F.);
#1634=ORIENTED_EDGE('',*,*,#2663,.T.);
#1635=ORIENTED_EDGE('',*,*,#2660,.T.);
#1636=ORIENTED_EDGE('',*,*,#2060,.F.);
#1637=ORIENTED_EDGE('',*,*,#2664,.F.);
#1638=ORIENTED_EDGE('',*,*,#2665,.T.);
#1639=ORIENTED_EDGE('',*,*,#2662,.T.);
#1640=ORIENTED_EDGE('',*,*,#2059,.F.);
#1641=ORIENTED_EDGE('',*,*,#2666,.F.);
#1642=ORIENTED_EDGE('',*,*,#2667,.T.);
#1643=ORIENTED_EDGE('',*,*,#2664,.T.);
#1644=ORIENTED_EDGE('',*,*,#2058,.F.);
#1645=ORIENTED_EDGE('',*,*,#2668,.F.);
#1646=ORIENTED_EDGE('',*,*,#2669,.T.);
#1647=ORIENTED_EDGE('',*,*,#2666,.T.);
#1648=ORIENTED_EDGE('',*,*,#2057,.F.);
#1649=ORIENTED_EDGE('',*,*,#2670,.F.);
#1650=ORIENTED_EDGE('',*,*,#2671,.T.);
#1651=ORIENTED_EDGE('',*,*,#2668,.T.);
#1652=ORIENTED_EDGE('',*,*,#2056,.F.);
#1653=ORIENTED_EDGE('',*,*,#2657,.F.);
#1654=ORIENTED_EDGE('',*,*,#2672,.T.);
#1655=ORIENTED_EDGE('',*,*,#2670,.T.);
#1656=ORIENTED_EDGE('',*,*,#2673,.F.);
#1657=ORIENTED_EDGE('',*,*,#2639,.F.);
#1658=ORIENTED_EDGE('',*,*,#2674,.T.);
#1659=ORIENTED_EDGE('',*,*,#2653,.T.);
#1660=ORIENTED_EDGE('',*,*,#2656,.F.);
#1661=ORIENTED_EDGE('',*,*,#2659,.F.);
#1662=ORIENTED_EDGE('',*,*,#2661,.F.);
#1663=ORIENTED_EDGE('',*,*,#2663,.F.);
#1664=ORIENTED_EDGE('',*,*,#2665,.F.);
#1665=ORIENTED_EDGE('',*,*,#2667,.F.);
#1666=ORIENTED_EDGE('',*,*,#2669,.F.);
#1667=ORIENTED_EDGE('',*,*,#2671,.F.);
#1668=ORIENTED_EDGE('',*,*,#2672,.F.);
#1669=ORIENTED_EDGE('',*,*,#2638,.F.);
#1670=ORIENTED_EDGE('',*,*,#2642,.F.);
#1671=ORIENTED_EDGE('',*,*,#2645,.F.);
#1672=ORIENTED_EDGE('',*,*,#2648,.F.);
#1673=ORIENTED_EDGE('',*,*,#2651,.F.);
#1674=ORIENTED_EDGE('',*,*,#2654,.F.);
#1675=ORIENTED_EDGE('',*,*,#2674,.F.);
#1676=ORIENTED_EDGE('',*,*,#2636,.T.);
#1677=ORIENTED_EDGE('',*,*,#2673,.T.);
#1678=ORIENTED_EDGE('',*,*,#2652,.T.);
#1679=ORIENTED_EDGE('',*,*,#2649,.T.);
#1680=ORIENTED_EDGE('',*,*,#2646,.T.);
#1681=ORIENTED_EDGE('',*,*,#2643,.T.);
#1682=ORIENTED_EDGE('',*,*,#2640,.T.);
#1683=ORIENTED_EDGE('',*,*,#2675,.F.);
#1684=ORIENTED_EDGE('',*,*,#2676,.F.);
#1685=ORIENTED_EDGE('',*,*,#2677,.T.);
#1686=ORIENTED_EDGE('',*,*,#2678,.T.);
#1687=ORIENTED_EDGE('',*,*,#2679,.F.);
#1688=ORIENTED_EDGE('',*,*,#2680,.F.);
#1689=ORIENTED_EDGE('',*,*,#2681,.T.);
#1690=ORIENTED_EDGE('',*,*,#2676,.T.);
#1691=ORIENTED_EDGE('',*,*,#2047,.F.);
#1692=ORIENTED_EDGE('',*,*,#2682,.F.);
#1693=ORIENTED_EDGE('',*,*,#2683,.T.);
#1694=ORIENTED_EDGE('',*,*,#2684,.T.);
#1695=ORIENTED_EDGE('',*,*,#2054,.F.);
#1696=ORIENTED_EDGE('',*,*,#2685,.F.);
#1697=ORIENTED_EDGE('',*,*,#2686,.T.);
#1698=ORIENTED_EDGE('',*,*,#2682,.T.);
#1699=ORIENTED_EDGE('',*,*,#2053,.F.);
#1700=ORIENTED_EDGE('',*,*,#2687,.F.);
#1701=ORIENTED_EDGE('',*,*,#2688,.T.);
#1702=ORIENTED_EDGE('',*,*,#2685,.T.);
#1703=ORIENTED_EDGE('',*,*,#2052,.F.);
#1704=ORIENTED_EDGE('',*,*,#2689,.F.);
#1705=ORIENTED_EDGE('',*,*,#2690,.T.);
#1706=ORIENTED_EDGE('',*,*,#2687,.T.);
#1707=ORIENTED_EDGE('',*,*,#2051,.F.);
#1708=ORIENTED_EDGE('',*,*,#2691,.F.);
#1709=ORIENTED_EDGE('',*,*,#2692,.T.);
#1710=ORIENTED_EDGE('',*,*,#2689,.T.);
#1711=ORIENTED_EDGE('',*,*,#2050,.F.);
#1712=ORIENTED_EDGE('',*,*,#2693,.F.);
#1713=ORIENTED_EDGE('',*,*,#2694,.T.);
#1714=ORIENTED_EDGE('',*,*,#2691,.T.);
#1715=ORIENTED_EDGE('',*,*,#2049,.F.);
#1716=ORIENTED_EDGE('',*,*,#2695,.F.);
#1717=ORIENTED_EDGE('',*,*,#2696,.T.);
#1718=ORIENTED_EDGE('',*,*,#2693,.T.);
#1719=ORIENTED_EDGE('',*,*,#2048,.F.);
#1720=ORIENTED_EDGE('',*,*,#2684,.F.);
#1721=ORIENTED_EDGE('',*,*,#2697,.T.);
#1722=ORIENTED_EDGE('',*,*,#2695,.T.);
#1723=ORIENTED_EDGE('',*,*,#2698,.F.);
#1724=ORIENTED_EDGE('',*,*,#2678,.F.);
#1725=ORIENTED_EDGE('',*,*,#2699,.T.);
#1726=ORIENTED_EDGE('',*,*,#2680,.T.);
#1727=ORIENTED_EDGE('',*,*,#2683,.F.);
#1728=ORIENTED_EDGE('',*,*,#2686,.F.);
#1729=ORIENTED_EDGE('',*,*,#2688,.F.);
#1730=ORIENTED_EDGE('',*,*,#2690,.F.);
#1731=ORIENTED_EDGE('',*,*,#2692,.F.);
#1732=ORIENTED_EDGE('',*,*,#2694,.F.);
#1733=ORIENTED_EDGE('',*,*,#2696,.F.);
#1734=ORIENTED_EDGE('',*,*,#2697,.F.);
#1735=ORIENTED_EDGE('',*,*,#2677,.F.);
#1736=ORIENTED_EDGE('',*,*,#2681,.F.);
#1737=ORIENTED_EDGE('',*,*,#2699,.F.);
#1738=ORIENTED_EDGE('',*,*,#2675,.T.);
#1739=ORIENTED_EDGE('',*,*,#2698,.T.);
#1740=ORIENTED_EDGE('',*,*,#2679,.T.);
#1741=ORIENTED_EDGE('',*,*,#2700,.F.);
#1742=ORIENTED_EDGE('',*,*,#2701,.F.);
#1743=ORIENTED_EDGE('',*,*,#2702,.T.);
#1744=ORIENTED_EDGE('',*,*,#2703,.T.);
#1745=ORIENTED_EDGE('',*,*,#2704,.F.);
#1746=ORIENTED_EDGE('',*,*,#2705,.F.);
#1747=ORIENTED_EDGE('',*,*,#2706,.T.);
#1748=ORIENTED_EDGE('',*,*,#2701,.T.);
#1749=ORIENTED_EDGE('',*,*,#2707,.F.);
#1750=ORIENTED_EDGE('',*,*,#2708,.F.);
#1751=ORIENTED_EDGE('',*,*,#2709,.T.);
#1752=ORIENTED_EDGE('',*,*,#2705,.T.);
#1753=ORIENTED_EDGE('',*,*,#2710,.F.);
#1754=ORIENTED_EDGE('',*,*,#2711,.F.);
#1755=ORIENTED_EDGE('',*,*,#2712,.T.);
#1756=ORIENTED_EDGE('',*,*,#2708,.T.);
#1757=ORIENTED_EDGE('',*,*,#2713,.F.);
#1758=ORIENTED_EDGE('',*,*,#2714,.F.);
#1759=ORIENTED_EDGE('',*,*,#2715,.T.);
#1760=ORIENTED_EDGE('',*,*,#2711,.T.);
#1761=ORIENTED_EDGE('',*,*,#2716,.F.);
#1762=ORIENTED_EDGE('',*,*,#2717,.F.);
#1763=ORIENTED_EDGE('',*,*,#2718,.T.);
#1764=ORIENTED_EDGE('',*,*,#2714,.T.);
#1765=ORIENTED_EDGE('',*,*,#2719,.F.);
#1766=ORIENTED_EDGE('',*,*,#2720,.F.);
#1767=ORIENTED_EDGE('',*,*,#2721,.T.);
#1768=ORIENTED_EDGE('',*,*,#2717,.T.);
#1769=ORIENTED_EDGE('',*,*,#2037,.F.);
#1770=ORIENTED_EDGE('',*,*,#2722,.F.);
#1771=ORIENTED_EDGE('',*,*,#2723,.T.);
#1772=ORIENTED_EDGE('',*,*,#2724,.T.);
#1773=ORIENTED_EDGE('',*,*,#2046,.F.);
#1774=ORIENTED_EDGE('',*,*,#2725,.F.);
#1775=ORIENTED_EDGE('',*,*,#2726,.T.);
#1776=ORIENTED_EDGE('',*,*,#2722,.T.);
#1777=ORIENTED_EDGE('',*,*,#2045,.F.);
#1778=ORIENTED_EDGE('',*,*,#2727,.F.);
#1779=ORIENTED_EDGE('',*,*,#2728,.T.);
#1780=ORIENTED_EDGE('',*,*,#2725,.T.);
#1781=ORIENTED_EDGE('',*,*,#2044,.F.);
#1782=ORIENTED_EDGE('',*,*,#2729,.F.);
#1783=ORIENTED_EDGE('',*,*,#2730,.T.);
#1784=ORIENTED_EDGE('',*,*,#2727,.T.);
#1785=ORIENTED_EDGE('',*,*,#2043,.F.);
#1786=ORIENTED_EDGE('',*,*,#2731,.F.);
#1787=ORIENTED_EDGE('',*,*,#2732,.T.);
#1788=ORIENTED_EDGE('',*,*,#2729,.T.);
#1789=ORIENTED_EDGE('',*,*,#2042,.F.);
#1790=ORIENTED_EDGE('',*,*,#2733,.F.);
#1791=ORIENTED_EDGE('',*,*,#2734,.T.);
#1792=ORIENTED_EDGE('',*,*,#2731,.T.);
#1793=ORIENTED_EDGE('',*,*,#2041,.F.);
#1794=ORIENTED_EDGE('',*,*,#2735,.F.);
#1795=ORIENTED_EDGE('',*,*,#2736,.T.);
#1796=ORIENTED_EDGE('',*,*,#2733,.T.);
#1797=ORIENTED_EDGE('',*,*,#2040,.F.);
#1798=ORIENTED_EDGE('',*,*,#2737,.F.);
#1799=ORIENTED_EDGE('',*,*,#2738,.T.);
#1800=ORIENTED_EDGE('',*,*,#2735,.T.);
#1801=ORIENTED_EDGE('',*,*,#2039,.F.);
#1802=ORIENTED_EDGE('',*,*,#2739,.F.);
#1803=ORIENTED_EDGE('',*,*,#2740,.T.);
#1804=ORIENTED_EDGE('',*,*,#2737,.T.);
#1805=ORIENTED_EDGE('',*,*,#2038,.F.);
#1806=ORIENTED_EDGE('',*,*,#2724,.F.);
#1807=ORIENTED_EDGE('',*,*,#2741,.T.);
#1808=ORIENTED_EDGE('',*,*,#2739,.T.);
#1809=ORIENTED_EDGE('',*,*,#2742,.F.);
#1810=ORIENTED_EDGE('',*,*,#2703,.F.);
#1811=ORIENTED_EDGE('',*,*,#2743,.T.);
#1812=ORIENTED_EDGE('',*,*,#2720,.T.);
#1813=ORIENTED_EDGE('',*,*,#2723,.F.);
#1814=ORIENTED_EDGE('',*,*,#2726,.F.);
#1815=ORIENTED_EDGE('',*,*,#2728,.F.);
#1816=ORIENTED_EDGE('',*,*,#2730,.F.);
#1817=ORIENTED_EDGE('',*,*,#2732,.F.);
#1818=ORIENTED_EDGE('',*,*,#2734,.F.);
#1819=ORIENTED_EDGE('',*,*,#2736,.F.);
#1820=ORIENTED_EDGE('',*,*,#2738,.F.);
#1821=ORIENTED_EDGE('',*,*,#2740,.F.);
#1822=ORIENTED_EDGE('',*,*,#2741,.F.);
#1823=ORIENTED_EDGE('',*,*,#2702,.F.);
#1824=ORIENTED_EDGE('',*,*,#2706,.F.);
#1825=ORIENTED_EDGE('',*,*,#2709,.F.);
#1826=ORIENTED_EDGE('',*,*,#2712,.F.);
#1827=ORIENTED_EDGE('',*,*,#2715,.F.);
#1828=ORIENTED_EDGE('',*,*,#2718,.F.);
#1829=ORIENTED_EDGE('',*,*,#2721,.F.);
#1830=ORIENTED_EDGE('',*,*,#2743,.F.);
#1831=ORIENTED_EDGE('',*,*,#2700,.T.);
#1832=ORIENTED_EDGE('',*,*,#2742,.T.);
#1833=ORIENTED_EDGE('',*,*,#2719,.T.);
#1834=ORIENTED_EDGE('',*,*,#2716,.T.);
#1835=ORIENTED_EDGE('',*,*,#2713,.T.);
#1836=ORIENTED_EDGE('',*,*,#2710,.T.);
#1837=ORIENTED_EDGE('',*,*,#2707,.T.);
#1838=ORIENTED_EDGE('',*,*,#2704,.T.);
#1839=ORIENTED_EDGE('',*,*,#2744,.F.);
#1840=ORIENTED_EDGE('',*,*,#2745,.F.);
#1841=ORIENTED_EDGE('',*,*,#2746,.T.);
#1842=ORIENTED_EDGE('',*,*,#2747,.T.);
#1843=ORIENTED_EDGE('',*,*,#2748,.F.);
#1844=ORIENTED_EDGE('',*,*,#2749,.F.);
#1845=ORIENTED_EDGE('',*,*,#2750,.T.);
#1846=ORIENTED_EDGE('',*,*,#2745,.T.);
#1847=ORIENTED_EDGE('',*,*,#2751,.F.);
#1848=ORIENTED_EDGE('',*,*,#2752,.F.);
#1849=ORIENTED_EDGE('',*,*,#2753,.T.);
#1850=ORIENTED_EDGE('',*,*,#2749,.T.);
#1851=ORIENTED_EDGE('',*,*,#2754,.F.);
#1852=ORIENTED_EDGE('',*,*,#2755,.F.);
#1853=ORIENTED_EDGE('',*,*,#2756,.T.);
#1854=ORIENTED_EDGE('',*,*,#2752,.T.);
#1855=ORIENTED_EDGE('',*,*,#2757,.F.);
#1856=ORIENTED_EDGE('',*,*,#2758,.F.);
#1857=ORIENTED_EDGE('',*,*,#2759,.T.);
#1858=ORIENTED_EDGE('',*,*,#2755,.T.);
#1859=ORIENTED_EDGE('',*,*,#2760,.F.);
#1860=ORIENTED_EDGE('',*,*,#2761,.F.);
#1861=ORIENTED_EDGE('',*,*,#2762,.T.);
#1862=ORIENTED_EDGE('',*,*,#2758,.T.);
#1863=ORIENTED_EDGE('',*,*,#2025,.F.);
#1864=ORIENTED_EDGE('',*,*,#2763,.F.);
#1865=ORIENTED_EDGE('',*,*,#2764,.T.);
#1866=ORIENTED_EDGE('',*,*,#2765,.T.);
#1867=ORIENTED_EDGE('',*,*,#2036,.F.);
#1868=ORIENTED_EDGE('',*,*,#2766,.F.);
#1869=ORIENTED_EDGE('',*,*,#2767,.T.);
#1870=ORIENTED_EDGE('',*,*,#2763,.T.);
#1871=ORIENTED_EDGE('',*,*,#2035,.F.);
#1872=ORIENTED_EDGE('',*,*,#2768,.F.);
#1873=ORIENTED_EDGE('',*,*,#2769,.T.);
#1874=ORIENTED_EDGE('',*,*,#2766,.T.);
#1875=ORIENTED_EDGE('',*,*,#2034,.F.);
#1876=ORIENTED_EDGE('',*,*,#2770,.F.);
#1877=ORIENTED_EDGE('',*,*,#2771,.T.);
#1878=ORIENTED_EDGE('',*,*,#2768,.T.);
#1879=ORIENTED_EDGE('',*,*,#2033,.F.);
#1880=ORIENTED_EDGE('',*,*,#2772,.F.);
#1881=ORIENTED_EDGE('',*,*,#2773,.T.);
#1882=ORIENTED_EDGE('',*,*,#2770,.T.);
#1883=ORIENTED_EDGE('',*,*,#2032,.F.);
#1884=ORIENTED_EDGE('',*,*,#2774,.F.);
#1885=ORIENTED_EDGE('',*,*,#2775,.T.);
#1886=ORIENTED_EDGE('',*,*,#2772,.T.);
#1887=ORIENTED_EDGE('',*,*,#2031,.F.);
#1888=ORIENTED_EDGE('',*,*,#2776,.F.);
#1889=ORIENTED_EDGE('',*,*,#2777,.T.);
#1890=ORIENTED_EDGE('',*,*,#2774,.T.);
#1891=ORIENTED_EDGE('',*,*,#2030,.F.);
#1892=ORIENTED_EDGE('',*,*,#2778,.F.);
#1893=ORIENTED_EDGE('',*,*,#2779,.T.);
#1894=ORIENTED_EDGE('',*,*,#2776,.T.);
#1895=ORIENTED_EDGE('',*,*,#2029,.F.);
#1896=ORIENTED_EDGE('',*,*,#2780,.F.);
#1897=ORIENTED_EDGE('',*,*,#2781,.T.);
#1898=ORIENTED_EDGE('',*,*,#2778,.T.);
#1899=ORIENTED_EDGE('',*,*,#2028,.F.);
#1900=ORIENTED_EDGE('',*,*,#2782,.F.);
#1901=ORIENTED_EDGE('',*,*,#2783,.T.);
#1902=ORIENTED_EDGE('',*,*,#2780,.T.);
#1903=ORIENTED_EDGE('',*,*,#2027,.F.);
#1904=ORIENTED_EDGE('',*,*,#2784,.F.);
#1905=ORIENTED_EDGE('',*,*,#2785,.T.);
#1906=ORIENTED_EDGE('',*,*,#2782,.T.);
#1907=ORIENTED_EDGE('',*,*,#2026,.F.);
#1908=ORIENTED_EDGE('',*,*,#2765,.F.);
#1909=ORIENTED_EDGE('',*,*,#2786,.T.);
#1910=ORIENTED_EDGE('',*,*,#2784,.T.);
#1911=ORIENTED_EDGE('',*,*,#2787,.F.);
#1912=ORIENTED_EDGE('',*,*,#2747,.F.);
#1913=ORIENTED_EDGE('',*,*,#2788,.T.);
#1914=ORIENTED_EDGE('',*,*,#2761,.T.);
#1915=ORIENTED_EDGE('',*,*,#2764,.F.);
#1916=ORIENTED_EDGE('',*,*,#2767,.F.);
#1917=ORIENTED_EDGE('',*,*,#2769,.F.);
#1918=ORIENTED_EDGE('',*,*,#2771,.F.);
#1919=ORIENTED_EDGE('',*,*,#2773,.F.);
#1920=ORIENTED_EDGE('',*,*,#2775,.F.);
#1921=ORIENTED_EDGE('',*,*,#2777,.F.);
#1922=ORIENTED_EDGE('',*,*,#2779,.F.);
#1923=ORIENTED_EDGE('',*,*,#2781,.F.);
#1924=ORIENTED_EDGE('',*,*,#2783,.F.);
#1925=ORIENTED_EDGE('',*,*,#2785,.F.);
#1926=ORIENTED_EDGE('',*,*,#2786,.F.);
#1927=ORIENTED_EDGE('',*,*,#2746,.F.);
#1928=ORIENTED_EDGE('',*,*,#2750,.F.);
#1929=ORIENTED_EDGE('',*,*,#2753,.F.);
#1930=ORIENTED_EDGE('',*,*,#2756,.F.);
#1931=ORIENTED_EDGE('',*,*,#2759,.F.);
#1932=ORIENTED_EDGE('',*,*,#2762,.F.);
#1933=ORIENTED_EDGE('',*,*,#2788,.F.);
#1934=ORIENTED_EDGE('',*,*,#2744,.T.);
#1935=ORIENTED_EDGE('',*,*,#2787,.T.);
#1936=ORIENTED_EDGE('',*,*,#2760,.T.);
#1937=ORIENTED_EDGE('',*,*,#2757,.T.);
#1938=ORIENTED_EDGE('',*,*,#2754,.T.);
#1939=ORIENTED_EDGE('',*,*,#2751,.T.);
#1940=ORIENTED_EDGE('',*,*,#2748,.T.);
#1941=ORIENTED_EDGE('',*,*,#2011,.F.);
#1942=ORIENTED_EDGE('',*,*,#2789,.F.);
#1943=ORIENTED_EDGE('',*,*,#2790,.T.);
#1944=ORIENTED_EDGE('',*,*,#2791,.T.);
#1945=ORIENTED_EDGE('',*,*,#2024,.F.);
#1946=ORIENTED_EDGE('',*,*,#2792,.F.);
#1947=ORIENTED_EDGE('',*,*,#2793,.T.);
#1948=ORIENTED_EDGE('',*,*,#2789,.T.);
#1949=ORIENTED_EDGE('',*,*,#2023,.F.);
#1950=ORIENTED_EDGE('',*,*,#2794,.F.);
#1951=ORIENTED_EDGE('',*,*,#2795,.T.);
#1952=ORIENTED_EDGE('',*,*,#2792,.T.);
#1953=ORIENTED_EDGE('',*,*,#2022,.F.);
#1954=ORIENTED_EDGE('',*,*,#2796,.F.);
#1955=ORIENTED_EDGE('',*,*,#2797,.T.);
#1956=ORIENTED_EDGE('',*,*,#2794,.T.);
#1957=ORIENTED_EDGE('',*,*,#2021,.F.);
#1958=ORIENTED_EDGE('',*,*,#2798,.F.);
#1959=ORIENTED_EDGE('',*,*,#2799,.T.);
#1960=ORIENTED_EDGE('',*,*,#2796,.T.);
#1961=ORIENTED_EDGE('',*,*,#2020,.F.);
#1962=ORIENTED_EDGE('',*,*,#2800,.F.);
#1963=ORIENTED_EDGE('',*,*,#2801,.T.);
#1964=ORIENTED_EDGE('',*,*,#2798,.T.);
#1965=ORIENTED_EDGE('',*,*,#2019,.F.);
#1966=ORIENTED_EDGE('',*,*,#2802,.F.);
#1967=ORIENTED_EDGE('',*,*,#2803,.T.);
#1968=ORIENTED_EDGE('',*,*,#2800,.T.);
#1969=ORIENTED_EDGE('',*,*,#2018,.F.);
#1970=ORIENTED_EDGE('',*,*,#2804,.F.);
#1971=ORIENTED_EDGE('',*,*,#2805,.T.);
#1972=ORIENTED_EDGE('',*,*,#2802,.T.);
#1973=ORIENTED_EDGE('',*,*,#2017,.F.);
#1974=ORIENTED_EDGE('',*,*,#2806,.F.);
#1975=ORIENTED_EDGE('',*,*,#2807,.T.);
#1976=ORIENTED_EDGE('',*,*,#2804,.T.);
#1977=ORIENTED_EDGE('',*,*,#2016,.F.);
#1978=ORIENTED_EDGE('',*,*,#2808,.F.);
#1979=ORIENTED_EDGE('',*,*,#2809,.T.);
#1980=ORIENTED_EDGE('',*,*,#2806,.T.);
#1981=ORIENTED_EDGE('',*,*,#2015,.F.);
#1982=ORIENTED_EDGE('',*,*,#2810,.F.);
#1983=ORIENTED_EDGE('',*,*,#2811,.T.);
#1984=ORIENTED_EDGE('',*,*,#2808,.T.);
#1985=ORIENTED_EDGE('',*,*,#2014,.F.);
#1986=ORIENTED_EDGE('',*,*,#2812,.F.);
#1987=ORIENTED_EDGE('',*,*,#2813,.T.);
#1988=ORIENTED_EDGE('',*,*,#2810,.T.);
#1989=ORIENTED_EDGE('',*,*,#2013,.F.);
#1990=ORIENTED_EDGE('',*,*,#2814,.F.);
#1991=ORIENTED_EDGE('',*,*,#2815,.T.);
#1992=ORIENTED_EDGE('',*,*,#2812,.T.);
#1993=ORIENTED_EDGE('',*,*,#2012,.F.);
#1994=ORIENTED_EDGE('',*,*,#2791,.F.);
#1995=ORIENTED_EDGE('',*,*,#2816,.T.);
#1996=ORIENTED_EDGE('',*,*,#2814,.T.);
#1997=ORIENTED_EDGE('',*,*,#2790,.F.);
#1998=ORIENTED_EDGE('',*,*,#2793,.F.);
#1999=ORIENTED_EDGE('',*,*,#2795,.F.);
#2000=ORIENTED_EDGE('',*,*,#2797,.F.);
#2001=ORIENTED_EDGE('',*,*,#2799,.F.);
#2002=ORIENTED_EDGE('',*,*,#2801,.F.);
#2003=ORIENTED_EDGE('',*,*,#2803,.F.);
#2004=ORIENTED_EDGE('',*,*,#2805,.F.);
#2005=ORIENTED_EDGE('',*,*,#2807,.F.);
#2006=ORIENTED_EDGE('',*,*,#2809,.F.);
#2007=ORIENTED_EDGE('',*,*,#2811,.F.);
#2008=ORIENTED_EDGE('',*,*,#2813,.F.);
#2009=ORIENTED_EDGE('',*,*,#2815,.F.);
#2010=ORIENTED_EDGE('',*,*,#2816,.F.);
#2011=EDGE_CURVE('',#2817,#2818,#3357,.T.);
#2012=EDGE_CURVE('',#2818,#2819,#3358,.T.);
#2013=EDGE_CURVE('',#2819,#2820,#3359,.T.);
#2014=EDGE_CURVE('',#2820,#2821,#235,.T.);
#2015=EDGE_CURVE('',#2821,#2822,#3360,.T.);
#2016=EDGE_CURVE('',#2822,#2823,#3361,.T.);
#2017=EDGE_CURVE('',#2823,#2824,#3362,.T.);
#2018=EDGE_CURVE('',#2824,#2825,#3363,.T.);
#2019=EDGE_CURVE('',#2825,#2826,#236,.T.);
#2020=EDGE_CURVE('',#2826,#2827,#237,.T.);
#2021=EDGE_CURVE('',#2827,#2828,#3364,.T.);
#2022=EDGE_CURVE('',#2828,#2829,#3365,.T.);
#2023=EDGE_CURVE('',#2829,#2830,#3366,.T.);
#2024=EDGE_CURVE('',#2830,#2817,#3367,.T.);
#2025=EDGE_CURVE('',#2831,#2832,#238,.T.);
#2026=EDGE_CURVE('',#2832,#2833,#239,.T.);
#2027=EDGE_CURVE('',#2833,#2834,#240,.T.);
#2028=EDGE_CURVE('',#2834,#2835,#3368,.T.);
#2029=EDGE_CURVE('',#2835,#2836,#3369,.T.);
#2030=EDGE_CURVE('',#2836,#2837,#3370,.T.);
#2031=EDGE_CURVE('',#2837,#2838,#3371,.T.);
#2032=EDGE_CURVE('',#2838,#2839,#3372,.T.);
#2033=EDGE_CURVE('',#2839,#2840,#241,.T.);
#2034=EDGE_CURVE('',#2840,#2841,#242,.T.);
#2035=EDGE_CURVE('',#2841,#2842,#243,.T.);
#2036=EDGE_CURVE('',#2842,#2831,#3373,.T.);
#2037=EDGE_CURVE('',#2843,#2844,#3374,.T.);
#2038=EDGE_CURVE('',#2844,#2845,#3375,.T.);
#2039=EDGE_CURVE('',#2845,#2846,#244,.T.);
#2040=EDGE_CURVE('',#2846,#2847,#245,.T.);
#2041=EDGE_CURVE('',#2847,#2848,#246,.T.);
#2042=EDGE_CURVE('',#2848,#2849,#3376,.T.);
#2043=EDGE_CURVE('',#2849,#2850,#247,.T.);
#2044=EDGE_CURVE('',#2850,#2851,#248,.T.);
#2045=EDGE_CURVE('',#2851,#2852,#249,.T.);
#2046=EDGE_CURVE('',#2852,#2843,#3377,.T.);
#2047=EDGE_CURVE('',#2853,#2854,#3378,.T.);
#2048=EDGE_CURVE('',#2854,#2855,#3379,.T.);
#2049=EDGE_CURVE('',#2855,#2856,#3380,.T.);
#2050=EDGE_CURVE('',#2856,#2857,#3381,.T.);
#2051=EDGE_CURVE('',#2857,#2858,#3382,.T.);
#2052=EDGE_CURVE('',#2858,#2859,#3383,.T.);
#2053=EDGE_CURVE('',#2859,#2860,#3384,.T.);
#2054=EDGE_CURVE('',#2860,#2853,#3385,.T.);
#2055=EDGE_CURVE('',#2861,#2862,#3386,.T.);
#2056=EDGE_CURVE('',#2862,#2863,#3387,.T.);
#2057=EDGE_CURVE('',#2863,#2864,#3388,.T.);
#2058=EDGE_CURVE('',#2864,#2865,#3389,.T.);
#2059=EDGE_CURVE('',#2865,#2866,#250,.T.);
#2060=EDGE_CURVE('',#2866,#2867,#251,.T.);
#2061=EDGE_CURVE('',#2867,#2868,#252,.T.);
#2062=EDGE_CURVE('',#2868,#2869,#253,.T.);
#2063=EDGE_CURVE('',#2869,#2861,#3390,.T.);
#2064=EDGE_CURVE('',#2870,#2871,#3391,.T.);
#2065=EDGE_CURVE('',#2871,#2872,#3392,.T.);
#2066=EDGE_CURVE('',#2872,#2873,#3393,.T.);
#2067=EDGE_CURVE('',#2873,#2874,#3394,.T.);
#2068=EDGE_CURVE('',#2874,#2875,#3395,.T.);
#2069=EDGE_CURVE('',#2875,#2876,#3396,.T.);
#2070=EDGE_CURVE('',#2876,#2877,#3397,.T.);
#2071=EDGE_CURVE('',#2877,#2878,#3398,.T.);
#2072=EDGE_CURVE('',#2878,#2879,#3399,.T.);
#2073=EDGE_CURVE('',#2879,#2880,#3400,.T.);
#2074=EDGE_CURVE('',#2880,#2881,#3401,.T.);
#2075=EDGE_CURVE('',#2881,#2870,#3402,.T.);
#2076=EDGE_CURVE('',#2882,#2883,#3403,.T.);
#2077=EDGE_CURVE('',#2883,#2884,#3404,.T.);
#2078=EDGE_CURVE('',#2884,#2885,#3405,.T.);
#2079=EDGE_CURVE('',#2885,#2886,#3406,.T.);
#2080=EDGE_CURVE('',#2886,#2887,#3407,.T.);
#2081=EDGE_CURVE('',#2887,#2888,#3408,.T.);
#2082=EDGE_CURVE('',#2888,#2889,#3409,.T.);
#2083=EDGE_CURVE('',#2889,#2882,#3410,.T.);
#2084=EDGE_CURVE('',#2890,#2891,#254,.T.);
#2085=EDGE_CURVE('',#2891,#2892,#255,.T.);
#2086=EDGE_CURVE('',#2892,#2893,#256,.T.);
#2087=EDGE_CURVE('',#2893,#2894,#257,.T.);
#2088=EDGE_CURVE('',#2894,#2895,#258,.T.);
#2089=EDGE_CURVE('',#2895,#2896,#259,.T.);
#2090=EDGE_CURVE('',#2896,#2897,#3411,.T.);
#2091=EDGE_CURVE('',#2897,#2898,#260,.T.);
#2092=EDGE_CURVE('',#2898,#2899,#261,.T.);
#2093=EDGE_CURVE('',#2899,#2900,#262,.T.);
#2094=EDGE_CURVE('',#2900,#2901,#263,.T.);
#2095=EDGE_CURVE('',#2901,#2902,#264,.T.);
#2096=EDGE_CURVE('',#2902,#2903,#265,.T.);
#2097=EDGE_CURVE('',#2903,#2890,#3412,.T.);
#2098=EDGE_CURVE('',#2904,#2905,#3413,.T.);
#2099=EDGE_CURVE('',#2905,#2906,#3414,.T.);
#2100=EDGE_CURVE('',#2906,#2907,#3415,.T.);
#2101=EDGE_CURVE('',#2907,#2908,#3416,.T.);
#2102=EDGE_CURVE('',#2908,#2909,#3417,.T.);
#2103=EDGE_CURVE('',#2909,#2910,#3418,.T.);
#2104=EDGE_CURVE('',#2910,#2911,#3419,.T.);
#2105=EDGE_CURVE('',#2911,#2912,#3420,.T.);
#2106=EDGE_CURVE('',#2912,#2913,#3421,.T.);
#2107=EDGE_CURVE('',#2913,#2904,#3422,.T.);
#2108=EDGE_CURVE('',#2914,#2915,#266,.T.);
#2109=EDGE_CURVE('',#2915,#2916,#141,.T.);
#2110=EDGE_CURVE('',#2916,#2917,#142,.T.);
#2111=EDGE_CURVE('',#2917,#2918,#267,.T.);
#2112=EDGE_CURVE('',#2918,#2919,#268,.T.);
#2113=EDGE_CURVE('',#2919,#2920,#3423,.T.);
#2114=EDGE_CURVE('',#2920,#2921,#269,.T.);
#2115=EDGE_CURVE('',#2921,#2922,#143,.T.);
#2116=EDGE_CURVE('',#2922,#2923,#270,.T.);
#2117=EDGE_CURVE('',#2923,#2924,#271,.T.);
#2118=EDGE_CURVE('',#2924,#2925,#272,.T.);
#2119=EDGE_CURVE('',#2925,#2914,#3424,.T.);
#2120=EDGE_CURVE('',#2926,#2927,#3425,.T.);
#2121=EDGE_CURVE('',#2927,#2928,#3426,.T.);
#2122=EDGE_CURVE('',#2928,#2929,#3427,.T.);
#2123=EDGE_CURVE('',#2929,#2930,#3428,.T.);
#2124=EDGE_CURVE('',#2930,#2931,#3429,.T.);
#2125=EDGE_CURVE('',#2931,#2932,#273,.T.);
#2126=EDGE_CURVE('',#2932,#2933,#274,.T.);
#2127=EDGE_CURVE('',#2933,#2934,#144,.F.);
#2128=EDGE_CURVE('',#2934,#2935,#3430,.T.);
#2129=EDGE_CURVE('',#2935,#2936,#145,.T.);
#2130=EDGE_CURVE('',#2936,#2937,#275,.T.);
#2131=EDGE_CURVE('',#2937,#2938,#276,.T.);
#2132=EDGE_CURVE('',#2938,#2939,#3431,.T.);
#2133=EDGE_CURVE('',#2939,#2940,#3432,.T.);
#2134=EDGE_CURVE('',#2940,#2941,#3433,.T.);
#2135=EDGE_CURVE('',#2941,#2942,#3434,.T.);
#2136=EDGE_CURVE('',#2942,#2943,#3435,.T.);
#2137=EDGE_CURVE('',#2943,#2926,#3436,.T.);
#2138=EDGE_CURVE('',#2944,#2945,#277,.T.);
#2139=EDGE_CURVE('',#2945,#2946,#278,.T.);
#2140=EDGE_CURVE('',#2946,#2947,#3437,.T.);
#2141=EDGE_CURVE('',#2947,#2948,#279,.T.);
#2142=EDGE_CURVE('',#2948,#2949,#146,.T.);
#2143=EDGE_CURVE('',#2949,#2950,#147,.T.);
#2144=EDGE_CURVE('',#2950,#2951,#280,.T.);
#2145=EDGE_CURVE('',#2951,#2952,#281,.T.);
#2146=EDGE_CURVE('',#2952,#2953,#3438,.T.);
#2147=EDGE_CURVE('',#2953,#2954,#3439,.T.);
#2148=EDGE_CURVE('',#2954,#2955,#282,.T.);
#2149=EDGE_CURVE('',#2955,#2956,#283,.T.);
#2150=EDGE_CURVE('',#2956,#2957,#284,.T.);
#2151=EDGE_CURVE('',#2957,#2958,#148,.F.);
#2152=EDGE_CURVE('',#2958,#2959,#3440,.T.);
#2153=EDGE_CURVE('',#2959,#2944,#285,.T.);
#2154=EDGE_CURVE('',#2960,#2961,#3441,.T.);
#2155=EDGE_CURVE('',#2961,#2962,#3442,.T.);
#2156=EDGE_CURVE('',#2962,#2963,#3443,.T.);
#2157=EDGE_CURVE('',#2963,#2964,#3444,.T.);
#2158=EDGE_CURVE('',#2964,#2965,#3445,.T.);
#2159=EDGE_CURVE('',#2965,#2966,#3446,.T.);
#2160=EDGE_CURVE('',#2966,#2967,#3447,.T.);
#2161=EDGE_CURVE('',#2967,#2968,#3448,.T.);
#2162=EDGE_CURVE('',#2968,#2969,#3449,.T.);
#2163=EDGE_CURVE('',#2969,#2960,#3450,.T.);
#2164=EDGE_CURVE('',#2970,#2971,#3451,.T.);
#2165=EDGE_CURVE('',#2971,#2972,#149,.T.);
#2166=EDGE_CURVE('',#2972,#2973,#3452,.T.);
#2167=EDGE_CURVE('',#2973,#2974,#150,.T.);
#2168=EDGE_CURVE('',#2975,#2974,#3453,.T.);
#2169=EDGE_CURVE('',#2975,#2976,#151,.T.);
#2170=EDGE_CURVE('',#2977,#2976,#3454,.T.);
#2171=EDGE_CURVE('',#2977,#2970,#152,.T.);
#2172=EDGE_CURVE('',#2978,#2978,#153,.T.);
#2173=EDGE_CURVE('',#2979,#2979,#154,.T.);
#2174=EDGE_CURVE('',#2980,#2980,#155,.T.);
#2175=EDGE_CURVE('',#2981,#2981,#156,.T.);
#2176=EDGE_CURVE('',#2982,#2983,#157,.T.);
#2177=EDGE_CURVE('',#2982,#2984,#3455,.T.);
#2178=EDGE_CURVE('',#2985,#2984,#158,.T.);
#2179=EDGE_CURVE('',#2985,#2986,#3456,.T.);
#2180=EDGE_CURVE('',#2987,#2986,#159,.T.);
#2181=EDGE_CURVE('',#2988,#2987,#3457,.T.);
#2182=EDGE_CURVE('',#2989,#2988,#160,.T.);
#2183=EDGE_CURVE('',#2983,#2989,#3458,.T.);
#2184=EDGE_CURVE('',#2990,#2991,#161,.T.);
#2185=EDGE_CURVE('',#2990,#2992,#3459,.T.);
#2186=EDGE_CURVE('',#2993,#2992,#162,.T.);
#2187=EDGE_CURVE('',#2993,#2994,#3460,.T.);
#2188=EDGE_CURVE('',#2995,#2994,#163,.T.);
#2189=EDGE_CURVE('',#2996,#2995,#3461,.T.);
#2190=EDGE_CURVE('',#2997,#2996,#164,.T.);
#2191=EDGE_CURVE('',#2991,#2997,#3462,.T.);
#2192=EDGE_CURVE('',#2998,#2999,#165,.T.);
#2193=EDGE_CURVE('',#2998,#3000,#3463,.T.);
#2194=EDGE_CURVE('',#3001,#3000,#166,.T.);
#2195=EDGE_CURVE('',#3001,#3002,#3464,.T.);
#2196=EDGE_CURVE('',#3003,#3002,#167,.T.);
#2197=EDGE_CURVE('',#3004,#3003,#3465,.T.);
#2198=EDGE_CURVE('',#3005,#3004,#168,.T.);
#2199=EDGE_CURVE('',#2999,#3005,#3466,.T.);
#2200=EDGE_CURVE('',#3006,#3007,#169,.T.);
#2201=EDGE_CURVE('',#3006,#3008,#3467,.T.);
#2202=EDGE_CURVE('',#3009,#3008,#170,.T.);
#2203=EDGE_CURVE('',#3009,#3010,#3468,.T.);
#2204=EDGE_CURVE('',#3011,#3010,#171,.T.);
#2205=EDGE_CURVE('',#3012,#3011,#3469,.T.);
#2206=EDGE_CURVE('',#3013,#3012,#172,.T.);
#2207=EDGE_CURVE('',#3007,#3013,#3470,.T.);
#2208=EDGE_CURVE('',#3014,#3015,#173,.T.);
#2209=EDGE_CURVE('',#3014,#3016,#3471,.T.);
#2210=EDGE_CURVE('',#3017,#3016,#174,.T.);
#2211=EDGE_CURVE('',#3017,#3018,#3472,.T.);
#2212=EDGE_CURVE('',#3019,#3018,#175,.T.);
#2213=EDGE_CURVE('',#3020,#3019,#3473,.T.);
#2214=EDGE_CURVE('',#3021,#3020,#176,.T.);
#2215=EDGE_CURVE('',#3015,#3021,#3474,.T.);
#2216=EDGE_CURVE('',#3022,#3023,#177,.T.);
#2217=EDGE_CURVE('',#3022,#3024,#3475,.T.);
#2218=EDGE_CURVE('',#3025,#3024,#178,.T.);
#2219=EDGE_CURVE('',#3025,#3026,#3476,.T.);
#2220=EDGE_CURVE('',#3027,#3026,#179,.T.);
#2221=EDGE_CURVE('',#3028,#3027,#3477,.T.);
#2222=EDGE_CURVE('',#3029,#3028,#180,.T.);
#2223=EDGE_CURVE('',#3023,#3029,#3478,.T.);
#2224=EDGE_CURVE('',#3030,#3031,#3479,.T.);
#2225=EDGE_CURVE('',#3030,#3032,#181,.F.);
#2226=EDGE_CURVE('',#3032,#3033,#3480,.T.);
#2227=EDGE_CURVE('',#3033,#3034,#182,.F.);
#2228=EDGE_CURVE('',#3034,#3035,#3481,.T.);
#2229=EDGE_CURVE('',#3035,#3036,#183,.F.);
#2230=EDGE_CURVE('',#3037,#3036,#3482,.T.);
#2231=EDGE_CURVE('',#3037,#3031,#184,.F.);
#2232=EDGE_CURVE('',#3038,#3039,#3483,.T.);
#2233=EDGE_CURVE('',#3038,#3030,#3484,.F.);
#2234=EDGE_CURVE('',#3031,#3039,#3485,.T.);
#2235=EDGE_CURVE('',#3040,#3041,#3486,.T.);
#2236=EDGE_CURVE('',#3041,#3033,#3487,.F.);
#2237=EDGE_CURVE('',#3032,#3040,#3488,.T.);
#2238=EDGE_CURVE('',#3034,#3042,#3489,.T.);
#2239=EDGE_CURVE('',#3042,#3043,#3490,.T.);
#2240=EDGE_CURVE('',#3043,#3035,#3491,.F.);
#2241=EDGE_CURVE('',#3044,#3045,#185,.T.);
#2242=EDGE_CURVE('',#3022,#3044,#3492,.T.);
#2243=EDGE_CURVE('',#3023,#3045,#3493,.T.);
#2244=EDGE_CURVE('',#3044,#3046,#3494,.T.);
#2245=EDGE_CURVE('',#3024,#3046,#3495,.T.);
#2246=EDGE_CURVE('',#3047,#3046,#186,.T.);
#2247=EDGE_CURVE('',#3025,#3047,#3496,.T.);
#2248=EDGE_CURVE('',#3047,#3048,#3497,.T.);
#2249=EDGE_CURVE('',#3026,#3048,#3498,.T.);
#2250=EDGE_CURVE('',#3049,#3048,#187,.T.);
#2251=EDGE_CURVE('',#3027,#3049,#3499,.T.);
#2252=EDGE_CURVE('',#3050,#3049,#3500,.T.);
#2253=EDGE_CURVE('',#3028,#3050,#3501,.T.);
#2254=EDGE_CURVE('',#3051,#3050,#188,.T.);
#2255=EDGE_CURVE('',#3029,#3051,#3502,.T.);
#2256=EDGE_CURVE('',#3052,#3053,#189,.T.);
#2257=EDGE_CURVE('',#3014,#3052,#3503,.T.);
#2258=EDGE_CURVE('',#3015,#3053,#3504,.T.);
#2259=EDGE_CURVE('',#3052,#3054,#3505,.T.);
#2260=EDGE_CURVE('',#3016,#3054,#3506,.T.);
#2261=EDGE_CURVE('',#3055,#3054,#190,.T.);
#2262=EDGE_CURVE('',#3017,#3055,#3507,.T.);
#2263=EDGE_CURVE('',#3055,#3056,#3508,.T.);
#2264=EDGE_CURVE('',#3018,#3056,#3509,.T.);
#2265=EDGE_CURVE('',#3057,#3056,#191,.T.);
#2266=EDGE_CURVE('',#3019,#3057,#3510,.T.);
#2267=EDGE_CURVE('',#3058,#3057,#3511,.T.);
#2268=EDGE_CURVE('',#3020,#3058,#3512,.T.);
#2269=EDGE_CURVE('',#3059,#3058,#192,.T.);
#2270=EDGE_CURVE('',#3021,#3059,#3513,.T.);
#2271=EDGE_CURVE('',#3060,#3061,#193,.T.);
#2272=EDGE_CURVE('',#3006,#3060,#3514,.T.);
#2273=EDGE_CURVE('',#3007,#3061,#3515,.T.);
#2274=EDGE_CURVE('',#3060,#3062,#3516,.T.);
#2275=EDGE_CURVE('',#3008,#3062,#3517,.T.);
#2276=EDGE_CURVE('',#3063,#3062,#194,.T.);
#2277=EDGE_CURVE('',#3009,#3063,#3518,.T.);
#2278=EDGE_CURVE('',#3063,#3064,#3519,.T.);
#2279=EDGE_CURVE('',#3010,#3064,#3520,.T.);
#2280=EDGE_CURVE('',#3065,#3064,#195,.T.);
#2281=EDGE_CURVE('',#3011,#3065,#3521,.T.);
#2282=EDGE_CURVE('',#3066,#3065,#3522,.T.);
#2283=EDGE_CURVE('',#3012,#3066,#3523,.T.);
#2284=EDGE_CURVE('',#3067,#3066,#196,.T.);
#2285=EDGE_CURVE('',#3013,#3067,#3524,.T.);
#2286=EDGE_CURVE('',#3068,#3069,#197,.T.);
#2287=EDGE_CURVE('',#2998,#3068,#3525,.T.);
#2288=EDGE_CURVE('',#2999,#3069,#3526,.T.);
#2289=EDGE_CURVE('',#3068,#3070,#3527,.T.);
#2290=EDGE_CURVE('',#3000,#3070,#3528,.T.);
#2291=EDGE_CURVE('',#3071,#3070,#198,.T.);
#2292=EDGE_CURVE('',#3001,#3071,#3529,.T.);
#2293=EDGE_CURVE('',#3071,#3072,#3530,.T.);
#2294=EDGE_CURVE('',#3002,#3072,#3531,.T.);
#2295=EDGE_CURVE('',#3073,#3072,#199,.T.);
#2296=EDGE_CURVE('',#3003,#3073,#3532,.T.);
#2297=EDGE_CURVE('',#3074,#3073,#3533,.T.);
#2298=EDGE_CURVE('',#3004,#3074,#3534,.T.);
#2299=EDGE_CURVE('',#3075,#3074,#200,.T.);
#2300=EDGE_CURVE('',#3005,#3075,#3535,.T.);
#2301=EDGE_CURVE('',#3076,#3077,#201,.T.);
#2302=EDGE_CURVE('',#2990,#3076,#3536,.T.);
#2303=EDGE_CURVE('',#2991,#3077,#3537,.T.);
#2304=EDGE_CURVE('',#3076,#3078,#3538,.T.);
#2305=EDGE_CURVE('',#2992,#3078,#3539,.T.);
#2306=EDGE_CURVE('',#3079,#3078,#202,.T.);
#2307=EDGE_CURVE('',#2993,#3079,#3540,.T.);
#2308=EDGE_CURVE('',#3079,#3080,#3541,.T.);
#2309=EDGE_CURVE('',#2994,#3080,#3542,.T.);
#2310=EDGE_CURVE('',#3081,#3080,#203,.T.);
#2311=EDGE_CURVE('',#2995,#3081,#3543,.T.);
#2312=EDGE_CURVE('',#3082,#3081,#3544,.T.);
#2313=EDGE_CURVE('',#2996,#3082,#3545,.T.);
#2314=EDGE_CURVE('',#3083,#3082,#204,.T.);
#2315=EDGE_CURVE('',#2997,#3083,#3546,.T.);
#2316=EDGE_CURVE('',#3084,#3085,#205,.T.);
#2317=EDGE_CURVE('',#2982,#3084,#3547,.T.);
#2318=EDGE_CURVE('',#2983,#3085,#3548,.T.);
#2319=EDGE_CURVE('',#3084,#3086,#3549,.T.);
#2320=EDGE_CURVE('',#2984,#3086,#3550,.T.);
#2321=EDGE_CURVE('',#3087,#3086,#206,.T.);
#2322=EDGE_CURVE('',#2985,#3087,#3551,.T.);
#2323=EDGE_CURVE('',#3087,#3088,#3552,.T.);
#2324=EDGE_CURVE('',#2986,#3088,#3553,.T.);
#2325=EDGE_CURVE('',#3089,#3088,#207,.T.);
#2326=EDGE_CURVE('',#2987,#3089,#3554,.T.);
#2327=EDGE_CURVE('',#3090,#3089,#3555,.T.);
#2328=EDGE_CURVE('',#2988,#3090,#3556,.T.);
#2329=EDGE_CURVE('',#3091,#3090,#208,.T.);
#2330=EDGE_CURVE('',#2989,#3091,#3557,.T.);
#2331=EDGE_CURVE('',#2976,#3092,#3558,.T.);
#2332=EDGE_CURVE('',#3093,#3092,#3559,.T.);
#2333=EDGE_CURVE('',#3093,#2977,#3560,.F.);
#2334=EDGE_CURVE('',#3094,#3095,#3561,.T.);
#2335=EDGE_CURVE('',#3095,#2971,#3562,.F.);
#2336=EDGE_CURVE('',#2970,#3094,#3563,.T.);
#2337=EDGE_CURVE('',#2972,#3096,#3564,.T.);
#2338=EDGE_CURVE('',#3096,#3097,#3565,.T.);
#2339=EDGE_CURVE('',#3097,#2973,#3566,.F.);
#2340=EDGE_CURVE('',#3045,#3051,#3567,.T.);
#2341=EDGE_CURVE('',#3053,#3059,#3568,.T.);
#2342=EDGE_CURVE('',#3061,#3067,#3569,.T.);
#2343=EDGE_CURVE('',#3069,#3075,#3570,.T.);
#2344=EDGE_CURVE('',#3077,#3083,#3571,.T.);
#2345=EDGE_CURVE('',#3085,#3091,#3572,.T.);
#2346=EDGE_CURVE('',#3098,#3098,#209,.T.);
#2347=EDGE_CURVE('',#3099,#3099,#210,.T.);
#2348=EDGE_CURVE('',#3100,#3100,#211,.T.);
#2349=EDGE_CURVE('',#3101,#3101,#212,.T.);
#2350=EDGE_CURVE('',#3102,#3103,#3573,.T.);
#2351=EDGE_CURVE('',#3102,#2975,#3574,.F.);
#2352=EDGE_CURVE('',#2974,#3103,#3575,.T.);
#2353=EDGE_CURVE('',#3036,#3104,#3576,.T.);
#2354=EDGE_CURVE('',#3105,#3104,#3577,.T.);
#2355=EDGE_CURVE('',#3105,#3037,#3578,.F.);
#2356=EDGE_CURVE('',#3096,#3095,#213,.F.);
#2357=EDGE_CURVE('',#3094,#3093,#214,.F.);
#2358=EDGE_CURVE('',#3092,#3102,#215,.F.);
#2359=EDGE_CURVE('',#3103,#3097,#216,.F.);
#2360=EDGE_CURVE('',#3040,#3038,#217,.T.);
#2361=EDGE_CURVE('',#3039,#3105,#218,.T.);
#2362=EDGE_CURVE('',#3104,#3043,#219,.T.);
#2363=EDGE_CURVE('',#3042,#3041,#220,.T.);
#2364=EDGE_CURVE('',#3106,#2960,#3579,.T.);
#2365=EDGE_CURVE('',#3106,#3107,#3580,.T.);
#2366=EDGE_CURVE('',#3107,#2961,#3581,.T.);
#2367=EDGE_CURVE('',#3108,#2969,#3582,.T.);
#2368=EDGE_CURVE('',#3108,#3106,#3583,.T.);
#2369=EDGE_CURVE('',#3109,#2968,#3584,.T.);
#2370=EDGE_CURVE('',#3109,#3108,#3585,.T.);
#2371=EDGE_CURVE('',#3110,#2967,#3586,.T.);
#2372=EDGE_CURVE('',#3110,#3109,#3587,.T.);
#2373=EDGE_CURVE('',#3111,#2966,#3588,.T.);
#2374=EDGE_CURVE('',#3111,#3110,#3589,.T.);
#2375=EDGE_CURVE('',#3112,#2965,#3590,.T.);
#2376=EDGE_CURVE('',#3112,#3111,#3591,.T.);
#2377=EDGE_CURVE('',#3113,#2964,#3592,.T.);
#2378=EDGE_CURVE('',#3113,#3112,#3593,.T.);
#2379=EDGE_CURVE('',#3114,#2963,#3594,.T.);
#2380=EDGE_CURVE('',#3114,#3113,#3595,.T.);
#2381=EDGE_CURVE('',#3115,#2962,#3596,.T.);
#2382=EDGE_CURVE('',#3115,#3114,#3597,.T.);
#2383=EDGE_CURVE('',#3107,#3115,#3598,.T.);
#2384=EDGE_CURVE('',#3116,#3117,#221,.F.);
#2385=EDGE_CURVE('',#3118,#3116,#3599,.T.);
#2386=EDGE_CURVE('',#3118,#3119,#222,.F.);
#2387=EDGE_CURVE('',#3119,#3117,#3600,.T.);
#2388=EDGE_CURVE('',#3120,#3116,#286,.T.);
#2389=EDGE_CURVE('',#3121,#3120,#3601,.T.);
#2390=EDGE_CURVE('',#3121,#3118,#287,.T.);
#2391=EDGE_CURVE('',#3122,#3120,#288,.T.);
#2392=EDGE_CURVE('',#3123,#3122,#3602,.T.);
#2393=EDGE_CURVE('',#3123,#3121,#289,.T.);
#2394=EDGE_CURVE('',#3124,#3122,#3603,.T.);
#2395=EDGE_CURVE('',#3125,#3124,#3604,.T.);
#2396=EDGE_CURVE('',#3125,#3123,#3605,.T.);
#2397=EDGE_CURVE('',#3126,#3124,#3606,.T.);
#2398=EDGE_CURVE('',#3127,#3126,#3607,.T.);
#2399=EDGE_CURVE('',#3127,#3125,#3608,.T.);
#2400=EDGE_CURVE('',#3128,#2944,#3609,.T.);
#2401=EDGE_CURVE('',#3128,#3129,#290,.T.);
#2402=EDGE_CURVE('',#3129,#2945,#3610,.T.);
#2403=EDGE_CURVE('',#3130,#2959,#3611,.T.);
#2404=EDGE_CURVE('',#3130,#3128,#291,.T.);
#2405=EDGE_CURVE('',#3131,#2958,#3612,.T.);
#2406=EDGE_CURVE('',#3131,#3130,#3613,.T.);
#2407=EDGE_CURVE('',#3132,#2957,#3614,.T.);
#2408=EDGE_CURVE('',#3132,#3131,#223,.F.);
#2409=EDGE_CURVE('',#3133,#2956,#3615,.T.);
#2410=EDGE_CURVE('',#3133,#3132,#292,.T.);
#2411=EDGE_CURVE('',#3134,#2955,#3616,.T.);
#2412=EDGE_CURVE('',#3134,#3133,#293,.T.);
#2413=EDGE_CURVE('',#3135,#2954,#3617,.T.);
#2414=EDGE_CURVE('',#3135,#3134,#294,.T.);
#2415=EDGE_CURVE('',#3136,#2953,#3618,.T.);
#2416=EDGE_CURVE('',#3136,#3135,#3619,.T.);
#2417=EDGE_CURVE('',#3137,#2952,#3620,.T.);
#2418=EDGE_CURVE('',#3137,#3136,#3621,.T.);
#2419=EDGE_CURVE('',#3138,#2951,#3622,.T.);
#2420=EDGE_CURVE('',#3138,#3137,#295,.T.);
#2421=EDGE_CURVE('',#3139,#2950,#3623,.T.);
#2422=EDGE_CURVE('',#3139,#3138,#296,.T.);
#2423=EDGE_CURVE('',#3140,#2949,#3624,.T.);
#2424=EDGE_CURVE('',#3140,#3139,#224,.T.);
#2425=EDGE_CURVE('',#3141,#2948,#3625,.T.);
#2426=EDGE_CURVE('',#3141,#3140,#225,.T.);
#2427=EDGE_CURVE('',#3142,#2947,#3626,.T.);
#2428=EDGE_CURVE('',#3142,#3141,#297,.T.);
#2429=EDGE_CURVE('',#3143,#2946,#3627,.T.);
#2430=EDGE_CURVE('',#3143,#3142,#3628,.T.);
#2431=EDGE_CURVE('',#3129,#3143,#298,.T.);
#2432=EDGE_CURVE('',#3117,#3126,#299,.T.);
#2433=EDGE_CURVE('',#3119,#3127,#300,.T.);
#2434=EDGE_CURVE('',#3144,#2926,#3629,.T.);
#2435=EDGE_CURVE('',#3144,#3145,#3630,.T.);
#2436=EDGE_CURVE('',#3145,#2927,#3631,.T.);
#2437=EDGE_CURVE('',#3146,#2943,#3632,.T.);
#2438=EDGE_CURVE('',#3146,#3144,#3633,.T.);
#2439=EDGE_CURVE('',#3147,#2942,#3634,.T.);
#2440=EDGE_CURVE('',#3147,#3146,#3635,.T.);
#2441=EDGE_CURVE('',#3148,#2941,#3636,.T.);
#2442=EDGE_CURVE('',#3148,#3147,#3637,.T.);
#2443=EDGE_CURVE('',#3149,#2940,#3638,.T.);
#2444=EDGE_CURVE('',#3149,#3148,#3639,.T.);
#2445=EDGE_CURVE('',#3150,#2939,#3640,.T.);
#2446=EDGE_CURVE('',#3150,#3149,#3641,.T.);
#2447=EDGE_CURVE('',#3151,#2938,#3642,.T.);
#2448=EDGE_CURVE('',#3151,#3150,#3643,.T.);
#2449=EDGE_CURVE('',#3152,#2937,#3644,.T.);
#2450=EDGE_CURVE('',#3152,#3151,#301,.T.);
#2451=EDGE_CURVE('',#3153,#2936,#3645,.T.);
#2452=EDGE_CURVE('',#3153,#3152,#302,.T.);
#2453=EDGE_CURVE('',#3154,#2935,#3646,.T.);
#2454=EDGE_CURVE('',#3154,#3153,#226,.T.);
#2455=EDGE_CURVE('',#3155,#2934,#3647,.T.);
#2456=EDGE_CURVE('',#3155,#3154,#3648,.T.);
#2457=EDGE_CURVE('',#3156,#2933,#3649,.T.);
#2458=EDGE_CURVE('',#3156,#3155,#227,.F.);
#2459=EDGE_CURVE('',#3157,#2932,#3650,.T.);
#2460=EDGE_CURVE('',#3157,#3156,#303,.T.);
#2461=EDGE_CURVE('',#3158,#2931,#3651,.T.);
#2462=EDGE_CURVE('',#3158,#3157,#304,.T.);
#2463=EDGE_CURVE('',#3159,#2930,#3652,.T.);
#2464=EDGE_CURVE('',#3159,#3158,#3653,.T.);
#2465=EDGE_CURVE('',#3160,#2929,#3654,.T.);
#2466=EDGE_CURVE('',#3160,#3159,#3655,.T.);
#2467=EDGE_CURVE('',#3161,#2928,#3656,.T.);
#2468=EDGE_CURVE('',#3161,#3160,#3657,.T.);
#2469=EDGE_CURVE('',#3145,#3161,#3658,.T.);
#2470=EDGE_CURVE('',#3162,#3163,#305,.T.);
#2471=EDGE_CURVE('',#3164,#3162,#3659,.T.);
#2472=EDGE_CURVE('',#3164,#3165,#306,.T.);
#2473=EDGE_CURVE('',#3165,#3163,#3660,.T.);
#2474=EDGE_CURVE('',#3166,#3162,#307,.T.);
#2475=EDGE_CURVE('',#3167,#3166,#3661,.T.);
#2476=EDGE_CURVE('',#3167,#3164,#308,.T.);
#2477=EDGE_CURVE('',#3168,#3166,#228,.F.);
#2478=EDGE_CURVE('',#3169,#3168,#3662,.T.);
#2479=EDGE_CURVE('',#3169,#3167,#229,.F.);
#2480=EDGE_CURVE('',#3170,#3168,#230,.F.);
#2481=EDGE_CURVE('',#3171,#3170,#3663,.T.);
#2482=EDGE_CURVE('',#3171,#3169,#231,.F.);
#2483=EDGE_CURVE('',#3172,#3170,#309,.T.);
#2484=EDGE_CURVE('',#3173,#3172,#3664,.T.);
#2485=EDGE_CURVE('',#3173,#3171,#310,.T.);
#2486=EDGE_CURVE('',#3174,#3172,#311,.T.);
#2487=EDGE_CURVE('',#3175,#3174,#3665,.T.);
#2488=EDGE_CURVE('',#3175,#3173,#312,.T.);
#2489=EDGE_CURVE('',#3176,#3174,#313,.T.);
#2490=EDGE_CURVE('',#3177,#3176,#3666,.T.);
#2491=EDGE_CURVE('',#3177,#3175,#314,.T.);
#2492=EDGE_CURVE('',#3178,#2914,#3667,.T.);
#2493=EDGE_CURVE('',#3178,#3179,#315,.T.);
#2494=EDGE_CURVE('',#3179,#2915,#3668,.T.);
#2495=EDGE_CURVE('',#3180,#2925,#3669,.T.);
#2496=EDGE_CURVE('',#3180,#3178,#3670,.T.);
#2497=EDGE_CURVE('',#3181,#2924,#3671,.T.);
#2498=EDGE_CURVE('',#3181,#3180,#316,.T.);
#2499=EDGE_CURVE('',#3182,#2923,#3672,.T.);
#2500=EDGE_CURVE('',#3182,#3181,#317,.T.);
#2501=EDGE_CURVE('',#3183,#2922,#3673,.T.);
#2502=EDGE_CURVE('',#3183,#3182,#318,.T.);
#2503=EDGE_CURVE('',#3184,#2921,#3674,.T.);
#2504=EDGE_CURVE('',#3184,#3183,#232,.T.);
#2505=EDGE_CURVE('',#3185,#2920,#3675,.T.);
#2506=EDGE_CURVE('',#3185,#3184,#319,.T.);
#2507=EDGE_CURVE('',#3186,#2919,#3676,.T.);
#2508=EDGE_CURVE('',#3186,#3185,#3677,.T.);
#2509=EDGE_CURVE('',#3187,#2918,#3678,.T.);
#2510=EDGE_CURVE('',#3187,#3186,#320,.T.);
#2511=EDGE_CURVE('',#3188,#2917,#3679,.T.);
#2512=EDGE_CURVE('',#3188,#3187,#321,.T.);
#2513=EDGE_CURVE('',#3189,#2916,#3680,.T.);
#2514=EDGE_CURVE('',#3189,#3188,#233,.T.);
#2515=EDGE_CURVE('',#3179,#3189,#234,.T.);
#2516=EDGE_CURVE('',#3163,#3176,#322,.T.);
#2517=EDGE_CURVE('',#3165,#3177,#323,.T.);
#2518=EDGE_CURVE('',#3190,#2904,#3681,.T.);
#2519=EDGE_CURVE('',#3190,#3191,#3682,.T.);
#2520=EDGE_CURVE('',#3191,#2905,#3683,.T.);
#2521=EDGE_CURVE('',#3192,#2913,#3684,.T.);
#2522=EDGE_CURVE('',#3192,#3190,#3685,.T.);
#2523=EDGE_CURVE('',#3193,#2912,#3686,.T.);
#2524=EDGE_CURVE('',#3193,#3192,#3687,.T.);
#2525=EDGE_CURVE('',#3194,#2911,#3688,.T.);
#2526=EDGE_CURVE('',#3194,#3193,#3689,.T.);
#2527=EDGE_CURVE('',#3195,#2910,#3690,.T.);
#2528=EDGE_CURVE('',#3195,#3194,#3691,.T.);
#2529=EDGE_CURVE('',#3196,#2909,#3692,.T.);
#2530=EDGE_CURVE('',#3196,#3195,#3693,.T.);
#2531=EDGE_CURVE('',#3197,#2908,#3694,.T.);
#2532=EDGE_CURVE('',#3197,#3196,#3695,.T.);
#2533=EDGE_CURVE('',#3198,#2907,#3696,.T.);
#2534=EDGE_CURVE('',#3198,#3197,#3697,.T.);
#2535=EDGE_CURVE('',#3199,#2906,#3698,.T.);
#2536=EDGE_CURVE('',#3199,#3198,#3699,.T.);
#2537=EDGE_CURVE('',#3191,#3199,#3700,.T.);
#2538=EDGE_CURVE('',#3200,#3201,#324,.T.);
#2539=EDGE_CURVE('',#3202,#3200,#3701,.T.);
#2540=EDGE_CURVE('',#3202,#3203,#325,.T.);
#2541=EDGE_CURVE('',#3203,#3201,#3702,.T.);
#2542=EDGE_CURVE('',#3204,#3200,#3703,.T.);
#2543=EDGE_CURVE('',#3205,#3204,#3704,.T.);
#2544=EDGE_CURVE('',#3205,#3202,#3705,.T.);
#2545=EDGE_CURVE('',#3206,#3204,#326,.T.);
#2546=EDGE_CURVE('',#3207,#3206,#3706,.T.);
#2547=EDGE_CURVE('',#3207,#3205,#327,.T.);
#2548=EDGE_CURVE('',#3208,#3206,#328,.T.);
#2549=EDGE_CURVE('',#3209,#3208,#3707,.T.);
#2550=EDGE_CURVE('',#3209,#3207,#329,.T.);
#2551=EDGE_CURVE('',#3210,#3208,#330,.T.);
#2552=EDGE_CURVE('',#3211,#3210,#3708,.T.);
#2553=EDGE_CURVE('',#3211,#3209,#331,.T.);
#2554=EDGE_CURVE('',#3212,#3210,#332,.T.);
#2555=EDGE_CURVE('',#3213,#3212,#3709,.T.);
#2556=EDGE_CURVE('',#3213,#3211,#333,.T.);
#2557=EDGE_CURVE('',#3214,#3212,#3710,.T.);
#2558=EDGE_CURVE('',#3215,#3214,#3711,.T.);
#2559=EDGE_CURVE('',#3215,#3213,#3712,.T.);
#2560=EDGE_CURVE('',#3216,#3214,#334,.T.);
#2561=EDGE_CURVE('',#3217,#3216,#3713,.T.);
#2562=EDGE_CURVE('',#3217,#3215,#335,.T.);
#2563=EDGE_CURVE('',#3218,#3216,#336,.T.);
#2564=EDGE_CURVE('',#3219,#3218,#3714,.T.);
#2565=EDGE_CURVE('',#3219,#3217,#337,.T.);
#2566=EDGE_CURVE('',#3220,#2890,#3715,.T.);
#2567=EDGE_CURVE('',#3220,#3221,#338,.T.);
#2568=EDGE_CURVE('',#3221,#2891,#3716,.T.);
#2569=EDGE_CURVE('',#3222,#2903,#3717,.T.);
#2570=EDGE_CURVE('',#3222,#3220,#3718,.T.);
#2571=EDGE_CURVE('',#3223,#2902,#3719,.T.);
#2572=EDGE_CURVE('',#3223,#3222,#339,.T.);
#2573=EDGE_CURVE('',#3224,#2901,#3720,.T.);
#2574=EDGE_CURVE('',#3224,#3223,#340,.T.);
#2575=EDGE_CURVE('',#3225,#2900,#3721,.T.);
#2576=EDGE_CURVE('',#3225,#3224,#341,.T.);
#2577=EDGE_CURVE('',#3226,#2899,#3722,.T.);
#2578=EDGE_CURVE('',#3226,#3225,#342,.T.);
#2579=EDGE_CURVE('',#3227,#2898,#3723,.T.);
#2580=EDGE_CURVE('',#3227,#3226,#343,.T.);
#2581=EDGE_CURVE('',#3228,#2897,#3724,.T.);
#2582=EDGE_CURVE('',#3228,#3227,#344,.T.);
#2583=EDGE_CURVE('',#3229,#2896,#3725,.T.);
#2584=EDGE_CURVE('',#3229,#3228,#3726,.T.);
#2585=EDGE_CURVE('',#3230,#2895,#3727,.T.);
#2586=EDGE_CURVE('',#3230,#3229,#345,.T.);
#2587=EDGE_CURVE('',#3231,#2894,#3728,.T.);
#2588=EDGE_CURVE('',#3231,#3230,#346,.T.);
#2589=EDGE_CURVE('',#3232,#2893,#3729,.T.);
#2590=EDGE_CURVE('',#3232,#3231,#347,.T.);
#2591=EDGE_CURVE('',#3233,#2892,#3730,.T.);
#2592=EDGE_CURVE('',#3233,#3232,#348,.T.);
#2593=EDGE_CURVE('',#3221,#3233,#349,.T.);
#2594=EDGE_CURVE('',#3201,#3218,#350,.T.);
#2595=EDGE_CURVE('',#3203,#3219,#351,.T.);
#2596=EDGE_CURVE('',#3234,#2882,#3731,.T.);
#2597=EDGE_CURVE('',#3234,#3235,#3732,.T.);
#2598=EDGE_CURVE('',#3235,#2883,#3733,.T.);
#2599=EDGE_CURVE('',#3236,#2889,#3734,.T.);
#2600=EDGE_CURVE('',#3236,#3234,#3735,.T.);
#2601=EDGE_CURVE('',#3237,#2888,#3736,.T.);
#2602=EDGE_CURVE('',#3237,#3236,#3737,.T.);
#2603=EDGE_CURVE('',#3238,#2887,#3738,.T.);
#2604=EDGE_CURVE('',#3238,#3237,#3739,.T.);
#2605=EDGE_CURVE('',#3239,#2886,#3740,.T.);
#2606=EDGE_CURVE('',#3239,#3238,#3741,.T.);
#2607=EDGE_CURVE('',#3240,#2885,#3742,.T.);
#2608=EDGE_CURVE('',#3240,#3239,#3743,.T.);
#2609=EDGE_CURVE('',#3241,#2884,#3744,.T.);
#2610=EDGE_CURVE('',#3241,#3240,#3745,.T.);
#2611=EDGE_CURVE('',#3235,#3241,#3746,.T.);
#2612=EDGE_CURVE('',#3242,#2870,#3747,.T.);
#2613=EDGE_CURVE('',#3242,#3243,#3748,.T.);
#2614=EDGE_CURVE('',#3243,#2871,#3749,.T.);
#2615=EDGE_CURVE('',#3244,#2881,#3750,.T.);
#2616=EDGE_CURVE('',#3244,#3242,#3751,.T.);
#2617=EDGE_CURVE('',#3245,#2880,#3752,.T.);
#2618=EDGE_CURVE('',#3245,#3244,#3753,.T.);
#2619=EDGE_CURVE('',#3246,#2879,#3754,.T.);
#2620=EDGE_CURVE('',#3246,#3245,#3755,.T.);
#2621=EDGE_CURVE('',#3247,#2878,#3756,.T.);
#2622=EDGE_CURVE('',#3247,#3246,#3757,.T.);
#2623=EDGE_CURVE('',#3248,#2877,#3758,.T.);
#2624=EDGE_CURVE('',#3248,#3247,#3759,.T.);
#2625=EDGE_CURVE('',#3249,#2876,#3760,.T.);
#2626=EDGE_CURVE('',#3249,#3248,#3761,.T.);
#2627=EDGE_CURVE('',#3250,#2875,#3762,.T.);
#2628=EDGE_CURVE('',#3250,#3249,#3763,.T.);
#2629=EDGE_CURVE('',#3251,#2874,#3764,.T.);
#2630=EDGE_CURVE('',#3251,#3250,#3765,.T.);
#2631=EDGE_CURVE('',#3252,#2873,#3766,.T.);
#2632=EDGE_CURVE('',#3252,#3251,#3767,.T.);
#2633=EDGE_CURVE('',#3253,#2872,#3768,.T.);
#2634=EDGE_CURVE('',#3253,#3252,#3769,.T.);
#2635=EDGE_CURVE('',#3243,#3253,#3770,.T.);
#2636=EDGE_CURVE('',#3254,#3255,#3771,.T.);
#2637=EDGE_CURVE('',#3256,#3254,#3772,.T.);
#2638=EDGE_CURVE('',#3256,#3257,#3773,.T.);
#2639=EDGE_CURVE('',#3257,#3255,#3774,.T.);
#2640=EDGE_CURVE('',#3258,#3254,#3775,.T.);
#2641=EDGE_CURVE('',#3259,#3258,#3776,.T.);
#2642=EDGE_CURVE('',#3259,#3256,#3777,.T.);
#2643=EDGE_CURVE('',#3260,#3258,#3778,.T.);
#2644=EDGE_CURVE('',#3261,#3260,#3779,.T.);
#2645=EDGE_CURVE('',#3261,#3259,#3780,.T.);
#2646=EDGE_CURVE('',#3262,#3260,#352,.T.);
#2647=EDGE_CURVE('',#3263,#3262,#3781,.T.);
#2648=EDGE_CURVE('',#3263,#3261,#353,.T.);
#2649=EDGE_CURVE('',#3264,#3262,#354,.T.);
#2650=EDGE_CURVE('',#3265,#3264,#3782,.T.);
#2651=EDGE_CURVE('',#3265,#3263,#355,.T.);
#2652=EDGE_CURVE('',#3266,#3264,#356,.T.);
#2653=EDGE_CURVE('',#3267,#3266,#3783,.T.);
#2654=EDGE_CURVE('',#3267,#3265,#357,.T.);
#2655=EDGE_CURVE('',#3268,#2861,#3784,.T.);
#2656=EDGE_CURVE('',#3268,#3269,#3785,.T.);
#2657=EDGE_CURVE('',#3269,#2862,#3786,.T.);
#2658=EDGE_CURVE('',#3270,#2869,#3787,.T.);
#2659=EDGE_CURVE('',#3270,#3268,#3788,.T.);
#2660=EDGE_CURVE('',#3271,#2868,#3789,.T.);
#2661=EDGE_CURVE('',#3271,#3270,#358,.T.);
#2662=EDGE_CURVE('',#3272,#2867,#3790,.T.);
#2663=EDGE_CURVE('',#3272,#3271,#359,.T.);
#2664=EDGE_CURVE('',#3273,#2866,#3791,.T.);
#2665=EDGE_CURVE('',#3273,#3272,#360,.T.);
#2666=EDGE_CURVE('',#3274,#2865,#3792,.T.);
#2667=EDGE_CURVE('',#3274,#3273,#361,.T.);
#2668=EDGE_CURVE('',#3275,#2864,#3793,.T.);
#2669=EDGE_CURVE('',#3275,#3274,#3794,.T.);
#2670=EDGE_CURVE('',#3276,#2863,#3795,.T.);
#2671=EDGE_CURVE('',#3276,#3275,#3796,.T.);
#2672=EDGE_CURVE('',#3269,#3276,#3797,.T.);
#2673=EDGE_CURVE('',#3255,#3266,#362,.T.);
#2674=EDGE_CURVE('',#3257,#3267,#363,.T.);
#2675=EDGE_CURVE('',#3277,#3278,#3798,.T.);
#2676=EDGE_CURVE('',#3279,#3277,#3799,.T.);
#2677=EDGE_CURVE('',#3279,#3280,#3800,.T.);
#2678=EDGE_CURVE('',#3280,#3278,#3801,.T.);
#2679=EDGE_CURVE('',#3281,#3277,#3802,.T.);
#2680=EDGE_CURVE('',#3282,#3281,#3803,.T.);
#2681=EDGE_CURVE('',#3282,#3279,#3804,.T.);
#2682=EDGE_CURVE('',#3283,#2853,#3805,.T.);
#2683=EDGE_CURVE('',#3283,#3284,#3806,.T.);
#2684=EDGE_CURVE('',#3284,#2854,#3807,.T.);
#2685=EDGE_CURVE('',#3285,#2860,#3808,.T.);
#2686=EDGE_CURVE('',#3285,#3283,#3809,.T.);
#2687=EDGE_CURVE('',#3286,#2859,#3810,.T.);
#2688=EDGE_CURVE('',#3286,#3285,#3811,.T.);
#2689=EDGE_CURVE('',#3287,#2858,#3812,.T.);
#2690=EDGE_CURVE('',#3287,#3286,#3813,.T.);
#2691=EDGE_CURVE('',#3288,#2857,#3814,.T.);
#2692=EDGE_CURVE('',#3288,#3287,#3815,.T.);
#2693=EDGE_CURVE('',#3289,#2856,#3816,.T.);
#2694=EDGE_CURVE('',#3289,#3288,#3817,.T.);
#2695=EDGE_CURVE('',#3290,#2855,#3818,.T.);
#2696=EDGE_CURVE('',#3290,#3289,#3819,.T.);
#2697=EDGE_CURVE('',#3284,#3290,#3820,.T.);
#2698=EDGE_CURVE('',#3278,#3281,#3821,.T.);
#2699=EDGE_CURVE('',#3280,#3282,#3822,.T.);
#2700=EDGE_CURVE('',#3291,#3292,#3823,.T.);
#2701=EDGE_CURVE('',#3293,#3291,#3824,.T.);
#2702=EDGE_CURVE('',#3293,#3294,#3825,.T.);
#2703=EDGE_CURVE('',#3294,#3292,#3826,.T.);
#2704=EDGE_CURVE('',#3295,#3291,#3827,.T.);
#2705=EDGE_CURVE('',#3296,#3295,#3828,.T.);
#2706=EDGE_CURVE('',#3296,#3293,#3829,.T.);
#2707=EDGE_CURVE('',#3297,#3295,#364,.T.);
#2708=EDGE_CURVE('',#3298,#3297,#3830,.T.);
#2709=EDGE_CURVE('',#3298,#3296,#365,.T.);
#2710=EDGE_CURVE('',#3299,#3297,#366,.T.);
#2711=EDGE_CURVE('',#3300,#3299,#3831,.T.);
#2712=EDGE_CURVE('',#3300,#3298,#367,.T.);
#2713=EDGE_CURVE('',#3301,#3299,#3832,.T.);
#2714=EDGE_CURVE('',#3302,#3301,#3833,.T.);
#2715=EDGE_CURVE('',#3302,#3300,#3834,.T.);
#2716=EDGE_CURVE('',#3303,#3301,#368,.T.);
#2717=EDGE_CURVE('',#3304,#3303,#3835,.T.);
#2718=EDGE_CURVE('',#3304,#3302,#369,.T.);
#2719=EDGE_CURVE('',#3305,#3303,#370,.T.);
#2720=EDGE_CURVE('',#3306,#3305,#3836,.T.);
#2721=EDGE_CURVE('',#3306,#3304,#371,.T.);
#2722=EDGE_CURVE('',#3307,#2843,#3837,.T.);
#2723=EDGE_CURVE('',#3307,#3308,#3838,.T.);
#2724=EDGE_CURVE('',#3308,#2844,#3839,.T.);
#2725=EDGE_CURVE('',#3309,#2852,#3840,.T.);
#2726=EDGE_CURVE('',#3309,#3307,#3841,.T.);
#2727=EDGE_CURVE('',#3310,#2851,#3842,.T.);
#2728=EDGE_CURVE('',#3310,#3309,#372,.T.);
#2729=EDGE_CURVE('',#3311,#2850,#3843,.T.);
#2730=EDGE_CURVE('',#3311,#3310,#373,.T.);
#2731=EDGE_CURVE('',#3312,#2849,#3844,.T.);
#2732=EDGE_CURVE('',#3312,#3311,#374,.T.);
#2733=EDGE_CURVE('',#3313,#2848,#3845,.T.);
#2734=EDGE_CURVE('',#3313,#3312,#3846,.T.);
#2735=EDGE_CURVE('',#3314,#2847,#3847,.T.);
#2736=EDGE_CURVE('',#3314,#3313,#375,.T.);
#2737=EDGE_CURVE('',#3315,#2846,#3848,.T.);
#2738=EDGE_CURVE('',#3315,#3314,#376,.T.);
#2739=EDGE_CURVE('',#3316,#2845,#3849,.T.);
#2740=EDGE_CURVE('',#3316,#3315,#377,.T.);
#2741=EDGE_CURVE('',#3308,#3316,#3850,.T.);
#2742=EDGE_CURVE('',#3292,#3305,#3851,.T.);
#2743=EDGE_CURVE('',#3294,#3306,#3852,.T.);
#2744=EDGE_CURVE('',#3317,#3318,#378,.T.);
#2745=EDGE_CURVE('',#3319,#3317,#3853,.T.);
#2746=EDGE_CURVE('',#3319,#3320,#379,.T.);
#2747=EDGE_CURVE('',#3320,#3318,#3854,.T.);
#2748=EDGE_CURVE('',#3321,#3317,#380,.T.);
#2749=EDGE_CURVE('',#3322,#3321,#3855,.T.);
#2750=EDGE_CURVE('',#3322,#3319,#381,.T.);
#2751=EDGE_CURVE('',#3323,#3321,#382,.T.);
#2752=EDGE_CURVE('',#3324,#3323,#3856,.T.);
#2753=EDGE_CURVE('',#3324,#3322,#383,.T.);
#2754=EDGE_CURVE('',#3325,#3323,#384,.T.);
#2755=EDGE_CURVE('',#3326,#3325,#3857,.T.);
#2756=EDGE_CURVE('',#3326,#3324,#385,.T.);
#2757=EDGE_CURVE('',#3327,#3325,#3858,.T.);
#2758=EDGE_CURVE('',#3328,#3327,#3859,.T.);
#2759=EDGE_CURVE('',#3328,#3326,#3860,.T.);
#2760=EDGE_CURVE('',#3329,#3327,#386,.T.);
#2761=EDGE_CURVE('',#3330,#3329,#3861,.T.);
#2762=EDGE_CURVE('',#3330,#3328,#387,.T.);
#2763=EDGE_CURVE('',#3331,#2831,#3862,.T.);
#2764=EDGE_CURVE('',#3331,#3332,#388,.T.);
#2765=EDGE_CURVE('',#3332,#2832,#3863,.T.);
#2766=EDGE_CURVE('',#3333,#2842,#3864,.T.);
#2767=EDGE_CURVE('',#3333,#3331,#3865,.T.);
#2768=EDGE_CURVE('',#3334,#2841,#3866,.T.);
#2769=EDGE_CURVE('',#3334,#3333,#389,.T.);
#2770=EDGE_CURVE('',#3335,#2840,#3867,.T.);
#2771=EDGE_CURVE('',#3335,#3334,#390,.T.);
#2772=EDGE_CURVE('',#3336,#2839,#3868,.T.);
#2773=EDGE_CURVE('',#3336,#3335,#391,.T.);
#2774=EDGE_CURVE('',#3337,#2838,#3869,.T.);
#2775=EDGE_CURVE('',#3337,#3336,#3870,.T.);
#2776=EDGE_CURVE('',#3338,#2837,#3871,.T.);
#2777=EDGE_CURVE('',#3338,#3337,#3872,.T.);
#2778=EDGE_CURVE('',#3339,#2836,#3873,.T.);
#2779=EDGE_CURVE('',#3339,#3338,#3874,.T.);
#2780=EDGE_CURVE('',#3340,#2835,#3875,.T.);
#2781=EDGE_CURVE('',#3340,#3339,#3876,.T.);
#2782=EDGE_CURVE('',#3341,#2834,#3877,.T.);
#2783=EDGE_CURVE('',#3341,#3340,#3878,.T.);
#2784=EDGE_CURVE('',#3342,#2833,#3879,.T.);
#2785=EDGE_CURVE('',#3342,#3341,#392,.T.);
#2786=EDGE_CURVE('',#3332,#3342,#393,.T.);
#2787=EDGE_CURVE('',#3318,#3329,#394,.T.);
#2788=EDGE_CURVE('',#3320,#3330,#395,.T.);
#2789=EDGE_CURVE('',#3343,#2817,#3880,.T.);
#2790=EDGE_CURVE('',#3343,#3344,#3881,.T.);
#2791=EDGE_CURVE('',#3344,#2818,#3882,.T.);
#2792=EDGE_CURVE('',#3345,#2830,#3883,.T.);
#2793=EDGE_CURVE('',#3345,#3343,#3884,.T.);
#2794=EDGE_CURVE('',#3346,#2829,#3885,.T.);
#2795=EDGE_CURVE('',#3346,#3345,#3886,.T.);
#2796=EDGE_CURVE('',#3347,#2828,#3887,.T.);
#2797=EDGE_CURVE('',#3347,#3346,#3888,.T.);
#2798=EDGE_CURVE('',#3348,#2827,#3889,.T.);
#2799=EDGE_CURVE('',#3348,#3347,#3890,.T.);
#2800=EDGE_CURVE('',#3349,#2826,#3891,.T.);
#2801=EDGE_CURVE('',#3349,#3348,#396,.T.);
#2802=EDGE_CURVE('',#3350,#2825,#3892,.T.);
#2803=EDGE_CURVE('',#3350,#3349,#397,.T.);
#2804=EDGE_CURVE('',#3351,#2824,#3893,.T.);
#2805=EDGE_CURVE('',#3351,#3350,#3894,.T.);
#2806=EDGE_CURVE('',#3352,#2823,#3895,.T.);
#2807=EDGE_CURVE('',#3352,#3351,#3896,.T.);
#2808=EDGE_CURVE('',#3353,#2822,#3897,.T.);
#2809=EDGE_CURVE('',#3353,#3352,#3898,.T.);
#2810=EDGE_CURVE('',#3354,#2821,#3899,.T.);
#2811=EDGE_CURVE('',#3354,#3353,#3900,.T.);
#2812=EDGE_CURVE('',#3355,#2820,#3901,.T.);
#2813=EDGE_CURVE('',#3355,#3354,#398,.T.);
#2814=EDGE_CURVE('',#3356,#2819,#3902,.T.);
#2815=EDGE_CURVE('',#3356,#3355,#3903,.T.);
#2816=EDGE_CURVE('',#3344,#3356,#3904,.T.);
#2817=VERTEX_POINT('',#7062);
#2818=VERTEX_POINT('',#7063);
#2819=VERTEX_POINT('',#7065);
#2820=VERTEX_POINT('',#7067);
#2821=VERTEX_POINT('',#7071);
#2822=VERTEX_POINT('',#7073);
#2823=VERTEX_POINT('',#7075);
#2824=VERTEX_POINT('',#7077);
#2825=VERTEX_POINT('',#7079);
#2826=VERTEX_POINT('',#7083);
#2827=VERTEX_POINT('',#7087);
#2828=VERTEX_POINT('',#7089);
#2829=VERTEX_POINT('',#7091);
#2830=VERTEX_POINT('',#7093);
#2831=VERTEX_POINT('',#7098);
#2832=VERTEX_POINT('',#7099);
#2833=VERTEX_POINT('',#7103);
#2834=VERTEX_POINT('',#7107);
#2835=VERTEX_POINT('',#7109);
#2836=VERTEX_POINT('',#7111);
#2837=VERTEX_POINT('',#7113);
#2838=VERTEX_POINT('',#7115);
#2839=VERTEX_POINT('',#7117);
#2840=VERTEX_POINT('',#7121);
#2841=VERTEX_POINT('',#7125);
#2842=VERTEX_POINT('',#7129);
#2843=VERTEX_POINT('',#7132);
#2844=VERTEX_POINT('',#7133);
#2845=VERTEX_POINT('',#7135);
#2846=VERTEX_POINT('',#7139);
#2847=VERTEX_POINT('',#7143);
#2848=VERTEX_POINT('',#7147);
#2849=VERTEX_POINT('',#7149);
#2850=VERTEX_POINT('',#7153);
#2851=VERTEX_POINT('',#7157);
#2852=VERTEX_POINT('',#7161);
#2853=VERTEX_POINT('',#7164);
#2854=VERTEX_POINT('',#7165);
#2855=VERTEX_POINT('',#7167);
#2856=VERTEX_POINT('',#7169);
#2857=VERTEX_POINT('',#7171);
#2858=VERTEX_POINT('',#7173);
#2859=VERTEX_POINT('',#7175);
#2860=VERTEX_POINT('',#7177);
#2861=VERTEX_POINT('',#7180);
#2862=VERTEX_POINT('',#7181);
#2863=VERTEX_POINT('',#7183);
#2864=VERTEX_POINT('',#7185);
#2865=VERTEX_POINT('',#7187);
#2866=VERTEX_POINT('',#7191);
#2867=VERTEX_POINT('',#7195);
#2868=VERTEX_POINT('',#7199);
#2869=VERTEX_POINT('',#7203);
#2870=VERTEX_POINT('',#7206);
#2871=VERTEX_POINT('',#7207);
#2872=VERTEX_POINT('',#7209);
#2873=VERTEX_POINT('',#7211);
#2874=VERTEX_POINT('',#7213);
#2875=VERTEX_POINT('',#7215);
#2876=VERTEX_POINT('',#7217);
#2877=VERTEX_POINT('',#7219);
#2878=VERTEX_POINT('',#7221);
#2879=VERTEX_POINT('',#7223);
#2880=VERTEX_POINT('',#7225);
#2881=VERTEX_POINT('',#7227);
#2882=VERTEX_POINT('',#7230);
#2883=VERTEX_POINT('',#7231);
#2884=VERTEX_POINT('',#7233);
#2885=VERTEX_POINT('',#7235);
#2886=VERTEX_POINT('',#7237);
#2887=VERTEX_POINT('',#7239);
#2888=VERTEX_POINT('',#7241);
#2889=VERTEX_POINT('',#7243);
#2890=VERTEX_POINT('',#7248);
#2891=VERTEX_POINT('',#7249);
#2892=VERTEX_POINT('',#7253);
#2893=VERTEX_POINT('',#7257);
#2894=VERTEX_POINT('',#7261);
#2895=VERTEX_POINT('',#7265);
#2896=VERTEX_POINT('',#7269);
#2897=VERTEX_POINT('',#7271);
#2898=VERTEX_POINT('',#7275);
#2899=VERTEX_POINT('',#7279);
#2900=VERTEX_POINT('',#7283);
#2901=VERTEX_POINT('',#7287);
#2902=VERTEX_POINT('',#7291);
#2903=VERTEX_POINT('',#7295);
#2904=VERTEX_POINT('',#7298);
#2905=VERTEX_POINT('',#7299);
#2906=VERTEX_POINT('',#7301);
#2907=VERTEX_POINT('',#7303);
#2908=VERTEX_POINT('',#7305);
#2909=VERTEX_POINT('',#7307);
#2910=VERTEX_POINT('',#7309);
#2911=VERTEX_POINT('',#7311);
#2912=VERTEX_POINT('',#7313);
#2913=VERTEX_POINT('',#7315);
#2914=VERTEX_POINT('',#7320);
#2915=VERTEX_POINT('',#7321);
#2916=VERTEX_POINT('',#7323);
#2917=VERTEX_POINT('',#7325);
#2918=VERTEX_POINT('',#7329);
#2919=VERTEX_POINT('',#7333);
#2920=VERTEX_POINT('',#7335);
#2921=VERTEX_POINT('',#7339);
#2922=VERTEX_POINT('',#7341);
#2923=VERTEX_POINT('',#7345);
#2924=VERTEX_POINT('',#7349);
#2925=VERTEX_POINT('',#7353);
#2926=VERTEX_POINT('',#7356);
#2927=VERTEX_POINT('',#7357);
#2928=VERTEX_POINT('',#7359);
#2929=VERTEX_POINT('',#7361);
#2930=VERTEX_POINT('',#7363);
#2931=VERTEX_POINT('',#7365);
#2932=VERTEX_POINT('',#7369);
#2933=VERTEX_POINT('',#7373);
#2934=VERTEX_POINT('',#7375);
#2935=VERTEX_POINT('',#7377);
#2936=VERTEX_POINT('',#7379);
#2937=VERTEX_POINT('',#7383);
#2938=VERTEX_POINT('',#7387);
#2939=VERTEX_POINT('',#7389);
#2940=VERTEX_POINT('',#7391);
#2941=VERTEX_POINT('',#7393);
#2942=VERTEX_POINT('',#7395);
#2943=VERTEX_POINT('',#7397);
#2944=VERTEX_POINT('',#7402);
#2945=VERTEX_POINT('',#7403);
#2946=VERTEX_POINT('',#7407);
#2947=VERTEX_POINT('',#7409);
#2948=VERTEX_POINT('',#7413);
#2949=VERTEX_POINT('',#7415);
#2950=VERTEX_POINT('',#7417);
#2951=VERTEX_POINT('',#7421);
#2952=VERTEX_POINT('',#7425);
#2953=VERTEX_POINT('',#7427);
#2954=VERTEX_POINT('',#7429);
#2955=VERTEX_POINT('',#7433);
#2956=VERTEX_POINT('',#7437);
#2957=VERTEX_POINT('',#7441);
#2958=VERTEX_POINT('',#7443);
#2959=VERTEX_POINT('',#7445);
#2960=VERTEX_POINT('',#7450);
#2961=VERTEX_POINT('',#7451);
#2962=VERTEX_POINT('',#7453);
#2963=VERTEX_POINT('',#7455);
#2964=VERTEX_POINT('',#7457);
#2965=VERTEX_POINT('',#7459);
#2966=VERTEX_POINT('',#7461);
#2967=VERTEX_POINT('',#7463);
#2968=VERTEX_POINT('',#7465);
#2969=VERTEX_POINT('',#7467);
#2970=VERTEX_POINT('',#7470);
#2971=VERTEX_POINT('',#7471);
#2972=VERTEX_POINT('',#7473);
#2973=VERTEX_POINT('',#7475);
#2974=VERTEX_POINT('',#7477);
#2975=VERTEX_POINT('',#7479);
#2976=VERTEX_POINT('',#7481);
#2977=VERTEX_POINT('',#7483);
#2978=VERTEX_POINT('',#7486);
#2979=VERTEX_POINT('',#7488);
#2980=VERTEX_POINT('',#7490);
#2981=VERTEX_POINT('',#7492);
#2982=VERTEX_POINT('',#7494);
#2983=VERTEX_POINT('',#7495);
#2984=VERTEX_POINT('',#7497);
#2985=VERTEX_POINT('',#7499);
#2986=VERTEX_POINT('',#7501);
#2987=VERTEX_POINT('',#7503);
#2988=VERTEX_POINT('',#7505);
#2989=VERTEX_POINT('',#7507);
#2990=VERTEX_POINT('',#7510);
#2991=VERTEX_POINT('',#7511);
#2992=VERTEX_POINT('',#7513);
#2993=VERTEX_POINT('',#7515);
#2994=VERTEX_POINT('',#7517);
#2995=VERTEX_POINT('',#7519);
#2996=VERTEX_POINT('',#7521);
#2997=VERTEX_POINT('',#7523);
#2998=VERTEX_POINT('',#7526);
#2999=VERTEX_POINT('',#7527);
#3000=VERTEX_POINT('',#7529);
#3001=VERTEX_POINT('',#7531);
#3002=VERTEX_POINT('',#7533);
#3003=VERTEX_POINT('',#7535);
#3004=VERTEX_POINT('',#7537);
#3005=VERTEX_POINT('',#7539);
#3006=VERTEX_POINT('',#7542);
#3007=VERTEX_POINT('',#7543);
#3008=VERTEX_POINT('',#7545);
#3009=VERTEX_POINT('',#7547);
#3010=VERTEX_POINT('',#7549);
#3011=VERTEX_POINT('',#7551);
#3012=VERTEX_POINT('',#7553);
#3013=VERTEX_POINT('',#7555);
#3014=VERTEX_POINT('',#7558);
#3015=VERTEX_POINT('',#7559);
#3016=VERTEX_POINT('',#7561);
#3017=VERTEX_POINT('',#7563);
#3018=VERTEX_POINT('',#7565);
#3019=VERTEX_POINT('',#7567);
#3020=VERTEX_POINT('',#7569);
#3021=VERTEX_POINT('',#7571);
#3022=VERTEX_POINT('',#7574);
#3023=VERTEX_POINT('',#7575);
#3024=VERTEX_POINT('',#7577);
#3025=VERTEX_POINT('',#7579);
#3026=VERTEX_POINT('',#7581);
#3027=VERTEX_POINT('',#7583);
#3028=VERTEX_POINT('',#7585);
#3029=VERTEX_POINT('',#7587);
#3030=VERTEX_POINT('',#7590);
#3031=VERTEX_POINT('',#7591);
#3032=VERTEX_POINT('',#7593);
#3033=VERTEX_POINT('',#7595);
#3034=VERTEX_POINT('',#7597);
#3035=VERTEX_POINT('',#7599);
#3036=VERTEX_POINT('',#7601);
#3037=VERTEX_POINT('',#7603);
#3038=VERTEX_POINT('',#7607);
#3039=VERTEX_POINT('',#7608);
#3040=VERTEX_POINT('',#7613);
#3041=VERTEX_POINT('',#7614);
#3042=VERTEX_POINT('',#7619);
#3043=VERTEX_POINT('',#7621);
#3044=VERTEX_POINT('',#7625);
#3045=VERTEX_POINT('',#7626);
#3046=VERTEX_POINT('',#7631);
#3047=VERTEX_POINT('',#7635);
#3048=VERTEX_POINT('',#7639);
#3049=VERTEX_POINT('',#7643);
#3050=VERTEX_POINT('',#7647);
#3051=VERTEX_POINT('',#7651);
#3052=VERTEX_POINT('',#7655);
#3053=VERTEX_POINT('',#7656);
#3054=VERTEX_POINT('',#7661);
#3055=VERTEX_POINT('',#7665);
#3056=VERTEX_POINT('',#7669);
#3057=VERTEX_POINT('',#7673);
#3058=VERTEX_POINT('',#7677);
#3059=VERTEX_POINT('',#7681);
#3060=VERTEX_POINT('',#7685);
#3061=VERTEX_POINT('',#7686);
#3062=VERTEX_POINT('',#7691);
#3063=VERTEX_POINT('',#7695);
#3064=VERTEX_POINT('',#7699);
#3065=VERTEX_POINT('',#7703);
#3066=VERTEX_POINT('',#7707);
#3067=VERTEX_POINT('',#7711);
#3068=VERTEX_POINT('',#7715);
#3069=VERTEX_POINT('',#7716);
#3070=VERTEX_POINT('',#7721);
#3071=VERTEX_POINT('',#7725);
#3072=VERTEX_POINT('',#7729);
#3073=VERTEX_POINT('',#7733);
#3074=VERTEX_POINT('',#7737);
#3075=VERTEX_POINT('',#7741);
#3076=VERTEX_POINT('',#7745);
#3077=VERTEX_POINT('',#7746);
#3078=VERTEX_POINT('',#7751);
#3079=VERTEX_POINT('',#7755);
#3080=VERTEX_POINT('',#7759);
#3081=VERTEX_POINT('',#7763);
#3082=VERTEX_POINT('',#7767);
#3083=VERTEX_POINT('',#7771);
#3084=VERTEX_POINT('',#7775);
#3085=VERTEX_POINT('',#7776);
#3086=VERTEX_POINT('',#7781);
#3087=VERTEX_POINT('',#7785);
#3088=VERTEX_POINT('',#7789);
#3089=VERTEX_POINT('',#7793);
#3090=VERTEX_POINT('',#7797);
#3091=VERTEX_POINT('',#7801);
#3092=VERTEX_POINT('',#7805);
#3093=VERTEX_POINT('',#7807);
#3094=VERTEX_POINT('',#7811);
#3095=VERTEX_POINT('',#7812);
#3096=VERTEX_POINT('',#7817);
#3097=VERTEX_POINT('',#7819);
#3098=VERTEX_POINT('',#7835);
#3099=VERTEX_POINT('',#7838);
#3100=VERTEX_POINT('',#7841);
#3101=VERTEX_POINT('',#7844);
#3102=VERTEX_POINT('',#7847);
#3103=VERTEX_POINT('',#7848);
#3104=VERTEX_POINT('',#7853);
#3105=VERTEX_POINT('',#7855);
#3106=VERTEX_POINT('',#7876);
#3107=VERTEX_POINT('',#7878);
#3108=VERTEX_POINT('',#7882);
#3109=VERTEX_POINT('',#7886);
#3110=VERTEX_POINT('',#7890);
#3111=VERTEX_POINT('',#7894);
#3112=VERTEX_POINT('',#7898);
#3113=VERTEX_POINT('',#7902);
#3114=VERTEX_POINT('',#7906);
#3115=VERTEX_POINT('',#7910);
#3116=VERTEX_POINT('',#7917);
#3117=VERTEX_POINT('',#7918);
#3118=VERTEX_POINT('',#7920);
#3119=VERTEX_POINT('',#7922);
#3120=VERTEX_POINT('',#7935);
#3121=VERTEX_POINT('',#7937);
#3122=VERTEX_POINT('',#7952);
#3123=VERTEX_POINT('',#7954);
#3124=VERTEX_POINT('',#7960);
#3125=VERTEX_POINT('',#7962);
#3126=VERTEX_POINT('',#7966);
#3127=VERTEX_POINT('',#7968);
#3128=VERTEX_POINT('',#7979);
#3129=VERTEX_POINT('',#7983);
#3130=VERTEX_POINT('',#7994);
#3131=VERTEX_POINT('',#8000);
#3132=VERTEX_POINT('',#8004);
#3133=VERTEX_POINT('',#8015);
#3134=VERTEX_POINT('',#8028);
#3135=VERTEX_POINT('',#8041);
#3136=VERTEX_POINT('',#8047);
#3137=VERTEX_POINT('',#8051);
#3138=VERTEX_POINT('',#8062);
#3139=VERTEX_POINT('',#8075);
#3140=VERTEX_POINT('',#8081);
#3141=VERTEX_POINT('',#8085);
#3142=VERTEX_POINT('',#8096);
#3143=VERTEX_POINT('',#8102);
#3144=VERTEX_POINT('',#8133);
#3145=VERTEX_POINT('',#8135);
#3146=VERTEX_POINT('',#8139);
#3147=VERTEX_POINT('',#8143);
#3148=VERTEX_POINT('',#8147);
#3149=VERTEX_POINT('',#8151);
#3150=VERTEX_POINT('',#8155);
#3151=VERTEX_POINT('',#8159);
#3152=VERTEX_POINT('',#8170);
#3153=VERTEX_POINT('',#8183);
#3154=VERTEX_POINT('',#8189);
#3155=VERTEX_POINT('',#8193);
#3156=VERTEX_POINT('',#8197);
#3157=VERTEX_POINT('',#8208);
#3158=VERTEX_POINT('',#8221);
#3159=VERTEX_POINT('',#8227);
#3160=VERTEX_POINT('',#8231);
#3161=VERTEX_POINT('',#8235);
#3162=VERTEX_POINT('',#8251);
#3163=VERTEX_POINT('',#8252);
#3164=VERTEX_POINT('',#8254);
#3165=VERTEX_POINT('',#8258);
#3166=VERTEX_POINT('',#8271);
#3167=VERTEX_POINT('',#8273);
#3168=VERTEX_POINT('',#8279);
#3169=VERTEX_POINT('',#8281);
#3170=VERTEX_POINT('',#8285);
#3171=VERTEX_POINT('',#8287);
#3172=VERTEX_POINT('',#8300);
#3173=VERTEX_POINT('',#8302);
#3174=VERTEX_POINT('',#8317);
#3175=VERTEX_POINT('',#8319);
#3176=VERTEX_POINT('',#8334);
#3177=VERTEX_POINT('',#8336);
#3178=VERTEX_POINT('',#8349);
#3179=VERTEX_POINT('',#8353);
#3180=VERTEX_POINT('',#8357);
#3181=VERTEX_POINT('',#8368);
#3182=VERTEX_POINT('',#8381);
#3183=VERTEX_POINT('',#8394);
#3184=VERTEX_POINT('',#8400);
#3185=VERTEX_POINT('',#8411);
#3186=VERTEX_POINT('',#8417);
#3187=VERTEX_POINT('',#8428);
#3188=VERTEX_POINT('',#8441);
#3189=VERTEX_POINT('',#8447);
#3190=VERTEX_POINT('',#8469);
#3191=VERTEX_POINT('',#8471);
#3192=VERTEX_POINT('',#8475);
#3193=VERTEX_POINT('',#8479);
#3194=VERTEX_POINT('',#8483);
#3195=VERTEX_POINT('',#8487);
#3196=VERTEX_POINT('',#8491);
#3197=VERTEX_POINT('',#8495);
#3198=VERTEX_POINT('',#8499);
#3199=VERTEX_POINT('',#8503);
#3200=VERTEX_POINT('',#8519);
#3201=VERTEX_POINT('',#8520);
#3202=VERTEX_POINT('',#8522);
#3203=VERTEX_POINT('',#8526);
#3204=VERTEX_POINT('',#8530);
#3205=VERTEX_POINT('',#8532);
#3206=VERTEX_POINT('',#8545);
#3207=VERTEX_POINT('',#8547);
#3208=VERTEX_POINT('',#8562);
#3209=VERTEX_POINT('',#8564);
#3210=VERTEX_POINT('',#8579);
#3211=VERTEX_POINT('',#8581);
#3212=VERTEX_POINT('',#8596);
#3213=VERTEX_POINT('',#8598);
#3214=VERTEX_POINT('',#8604);
#3215=VERTEX_POINT('',#8606);
#3216=VERTEX_POINT('',#8619);
#3217=VERTEX_POINT('',#8621);
#3218=VERTEX_POINT('',#8636);
#3219=VERTEX_POINT('',#8638);
#3220=VERTEX_POINT('',#8651);
#3221=VERTEX_POINT('',#8655);
#3222=VERTEX_POINT('',#8659);
#3223=VERTEX_POINT('',#8670);
#3224=VERTEX_POINT('',#8683);
#3225=VERTEX_POINT('',#8696);
#3226=VERTEX_POINT('',#8709);
#3227=VERTEX_POINT('',#8722);
#3228=VERTEX_POINT('',#8735);
#3229=VERTEX_POINT('',#8741);
#3230=VERTEX_POINT('',#8752);
#3231=VERTEX_POINT('',#8765);
#3232=VERTEX_POINT('',#8778);
#3233=VERTEX_POINT('',#8791);
#3234=VERTEX_POINT('',#8824);
#3235=VERTEX_POINT('',#8826);
#3236=VERTEX_POINT('',#8830);
#3237=VERTEX_POINT('',#8834);
#3238=VERTEX_POINT('',#8838);
#3239=VERTEX_POINT('',#8842);
#3240=VERTEX_POINT('',#8846);
#3241=VERTEX_POINT('',#8850);
#3242=VERTEX_POINT('',#8857);
#3243=VERTEX_POINT('',#8859);
#3244=VERTEX_POINT('',#8863);
#3245=VERTEX_POINT('',#8867);
#3246=VERTEX_POINT('',#8871);
#3247=VERTEX_POINT('',#8875);
#3248=VERTEX_POINT('',#8879);
#3249=VERTEX_POINT('',#8883);
#3250=VERTEX_POINT('',#8887);
#3251=VERTEX_POINT('',#8891);
#3252=VERTEX_POINT('',#8895);
#3253=VERTEX_POINT('',#8899);
#3254=VERTEX_POINT('',#8906);
#3255=VERTEX_POINT('',#8907);
#3256=VERTEX_POINT('',#8909);
#3257=VERTEX_POINT('',#8911);
#3258=VERTEX_POINT('',#8915);
#3259=VERTEX_POINT('',#8917);
#3260=VERTEX_POINT('',#8921);
#3261=VERTEX_POINT('',#8923);
#3262=VERTEX_POINT('',#8936);
#3263=VERTEX_POINT('',#8938);
#3264=VERTEX_POINT('',#8953);
#3265=VERTEX_POINT('',#8955);
#3266=VERTEX_POINT('',#8970);
#3267=VERTEX_POINT('',#8972);
#3268=VERTEX_POINT('',#8978);
#3269=VERTEX_POINT('',#8980);
#3270=VERTEX_POINT('',#8984);
#3271=VERTEX_POINT('',#8995);
#3272=VERTEX_POINT('',#9008);
#3273=VERTEX_POINT('',#9021);
#3274=VERTEX_POINT('',#9034);
#3275=VERTEX_POINT('',#9040);
#3276=VERTEX_POINT('',#9044);
#3277=VERTEX_POINT('',#9066);
#3278=VERTEX_POINT('',#9067);
#3279=VERTEX_POINT('',#9069);
#3280=VERTEX_POINT('',#9071);
#3281=VERTEX_POINT('',#9075);
#3282=VERTEX_POINT('',#9077);
#3283=VERTEX_POINT('',#9081);
#3284=VERTEX_POINT('',#9083);
#3285=VERTEX_POINT('',#9087);
#3286=VERTEX_POINT('',#9091);
#3287=VERTEX_POINT('',#9095);
#3288=VERTEX_POINT('',#9099);
#3289=VERTEX_POINT('',#9103);
#3290=VERTEX_POINT('',#9107);
#3291=VERTEX_POINT('',#9118);
#3292=VERTEX_POINT('',#9119);
#3293=VERTEX_POINT('',#9121);
#3294=VERTEX_POINT('',#9123);
#3295=VERTEX_POINT('',#9127);
#3296=VERTEX_POINT('',#9129);
#3297=VERTEX_POINT('',#9142);
#3298=VERTEX_POINT('',#9144);
#3299=VERTEX_POINT('',#9159);
#3300=VERTEX_POINT('',#9161);
#3301=VERTEX_POINT('',#9167);
#3302=VERTEX_POINT('',#9169);
#3303=VERTEX_POINT('',#9182);
#3304=VERTEX_POINT('',#9184);
#3305=VERTEX_POINT('',#9199);
#3306=VERTEX_POINT('',#9201);
#3307=VERTEX_POINT('',#9207);
#3308=VERTEX_POINT('',#9209);
#3309=VERTEX_POINT('',#9213);
#3310=VERTEX_POINT('',#9224);
#3311=VERTEX_POINT('',#9237);
#3312=VERTEX_POINT('',#9250);
#3313=VERTEX_POINT('',#9256);
#3314=VERTEX_POINT('',#9267);
#3315=VERTEX_POINT('',#9280);
#3316=VERTEX_POINT('',#9293);
#3317=VERTEX_POINT('',#9315);
#3318=VERTEX_POINT('',#9316);
#3319=VERTEX_POINT('',#9318);
#3320=VERTEX_POINT('',#9322);
#3321=VERTEX_POINT('',#9335);
#3322=VERTEX_POINT('',#9337);
#3323=VERTEX_POINT('',#9352);
#3324=VERTEX_POINT('',#9354);
#3325=VERTEX_POINT('',#9369);
#3326=VERTEX_POINT('',#9371);
#3327=VERTEX_POINT('',#9377);
#3328=VERTEX_POINT('',#9379);
#3329=VERTEX_POINT('',#9392);
#3330=VERTEX_POINT('',#9394);
#3331=VERTEX_POINT('',#9407);
#3332=VERTEX_POINT('',#9411);
#3333=VERTEX_POINT('',#9415);
#3334=VERTEX_POINT('',#9426);
#3335=VERTEX_POINT('',#9439);
#3336=VERTEX_POINT('',#9452);
#3337=VERTEX_POINT('',#9458);
#3338=VERTEX_POINT('',#9462);
#3339=VERTEX_POINT('',#9466);
#3340=VERTEX_POINT('',#9470);
#3341=VERTEX_POINT('',#9474);
#3342=VERTEX_POINT('',#9485);
#3343=VERTEX_POINT('',#9518);
#3344=VERTEX_POINT('',#9520);
#3345=VERTEX_POINT('',#9524);
#3346=VERTEX_POINT('',#9528);
#3347=VERTEX_POINT('',#9532);
#3348=VERTEX_POINT('',#9536);
#3349=VERTEX_POINT('',#9547);
#3350=VERTEX_POINT('',#9560);
#3351=VERTEX_POINT('',#9566);
#3352=VERTEX_POINT('',#9570);
#3353=VERTEX_POINT('',#9574);
#3354=VERTEX_POINT('',#9578);
#3355=VERTEX_POINT('',#9589);
#3356=VERTEX_POINT('',#9595);
#3357=LINE('',#7061,#3905);
#3358=LINE('',#7064,#3906);
#3359=LINE('',#7066,#3907);
#3360=LINE('',#7072,#3908);
#3361=LINE('',#7074,#3909);
#3362=LINE('',#7076,#3910);
#3363=LINE('',#7078,#3911);
#3364=LINE('',#7088,#3912);
#3365=LINE('',#7090,#3913);
#3366=LINE('',#7092,#3914);
#3367=LINE('',#7094,#3915);
#3368=LINE('',#7108,#3916);
#3369=LINE('',#7110,#3917);
#3370=LINE('',#7112,#3918);
#3371=LINE('',#7114,#3919);
#3372=LINE('',#7116,#3920);
#3373=LINE('',#7130,#3921);
#3374=LINE('',#7131,#3922);
#3375=LINE('',#7134,#3923);
#3376=LINE('',#7148,#3924);
#3377=LINE('',#7162,#3925);
#3378=LINE('',#7163,#3926);
#3379=LINE('',#7166,#3927);
#3380=LINE('',#7168,#3928);
#3381=LINE('',#7170,#3929);
#3382=LINE('',#7172,#3930);
#3383=LINE('',#7174,#3931);
#3384=LINE('',#7176,#3932);
#3385=LINE('',#7178,#3933);
#3386=LINE('',#7179,#3934);
#3387=LINE('',#7182,#3935);
#3388=LINE('',#7184,#3936);
#3389=LINE('',#7186,#3937);
#3390=LINE('',#7204,#3938);
#3391=LINE('',#7205,#3939);
#3392=LINE('',#7208,#3940);
#3393=LINE('',#7210,#3941);
#3394=LINE('',#7212,#3942);
#3395=LINE('',#7214,#3943);
#3396=LINE('',#7216,#3944);
#3397=LINE('',#7218,#3945);
#3398=LINE('',#7220,#3946);
#3399=LINE('',#7222,#3947);
#3400=LINE('',#7224,#3948);
#3401=LINE('',#7226,#3949);
#3402=LINE('',#7228,#3950);
#3403=LINE('',#7229,#3951);
#3404=LINE('',#7232,#3952);
#3405=LINE('',#7234,#3953);
#3406=LINE('',#7236,#3954);
#3407=LINE('',#7238,#3955);
#3408=LINE('',#7240,#3956);
#3409=LINE('',#7242,#3957);
#3410=LINE('',#7244,#3958);
#3411=LINE('',#7270,#3959);
#3412=LINE('',#7296,#3960);
#3413=LINE('',#7297,#3961);
#3414=LINE('',#7300,#3962);
#3415=LINE('',#7302,#3963);
#3416=LINE('',#7304,#3964);
#3417=LINE('',#7306,#3965);
#3418=LINE('',#7308,#3966);
#3419=LINE('',#7310,#3967);
#3420=LINE('',#7312,#3968);
#3421=LINE('',#7314,#3969);
#3422=LINE('',#7316,#3970);
#3423=LINE('',#7334,#3971);
#3424=LINE('',#7354,#3972);
#3425=LINE('',#7355,#3973);
#3426=LINE('',#7358,#3974);
#3427=LINE('',#7360,#3975);
#3428=LINE('',#7362,#3976);
#3429=LINE('',#7364,#3977);
#3430=LINE('',#7376,#3978);
#3431=LINE('',#7388,#3979);
#3432=LINE('',#7390,#3980);
#3433=LINE('',#7392,#3981);
#3434=LINE('',#7394,#3982);
#3435=LINE('',#7396,#3983);
#3436=LINE('',#7398,#3984);
#3437=LINE('',#7408,#3985);
#3438=LINE('',#7426,#3986);
#3439=LINE('',#7428,#3987);
#3440=LINE('',#7444,#3988);
#3441=LINE('',#7449,#3989);
#3442=LINE('',#7452,#3990);
#3443=LINE('',#7454,#3991);
#3444=LINE('',#7456,#3992);
#3445=LINE('',#7458,#3993);
#3446=LINE('',#7460,#3994);
#3447=LINE('',#7462,#3995);
#3448=LINE('',#7464,#3996);
#3449=LINE('',#7466,#3997);
#3450=LINE('',#7468,#3998);
#3451=LINE('',#7469,#3999);
#3452=LINE('',#7474,#4000);
#3453=LINE('',#7478,#4001);
#3454=LINE('',#7482,#4002);
#3455=LINE('',#7496,#4003);
#3456=LINE('',#7500,#4004);
#3457=LINE('',#7504,#4005);
#3458=LINE('',#7508,#4006);
#3459=LINE('',#7512,#4007);
#3460=LINE('',#7516,#4008);
#3461=LINE('',#7520,#4009);
#3462=LINE('',#7524,#4010);
#3463=LINE('',#7528,#4011);
#3464=LINE('',#7532,#4012);
#3465=LINE('',#7536,#4013);
#3466=LINE('',#7540,#4014);
#3467=LINE('',#7544,#4015);
#3468=LINE('',#7548,#4016);
#3469=LINE('',#7552,#4017);
#3470=LINE('',#7556,#4018);
#3471=LINE('',#7560,#4019);
#3472=LINE('',#7564,#4020);
#3473=LINE('',#7568,#4021);
#3474=LINE('',#7572,#4022);
#3475=LINE('',#7576,#4023);
#3476=LINE('',#7580,#4024);
#3477=LINE('',#7584,#4025);
#3478=LINE('',#7588,#4026);
#3479=LINE('',#7589,#4027);
#3480=LINE('',#7594,#4028);
#3481=LINE('',#7598,#4029);
#3482=LINE('',#7602,#4030);
#3483=LINE('',#7606,#4031);
#3484=LINE('',#7609,#4032);
#3485=LINE('',#7610,#4033);
#3486=LINE('',#7612,#4034);
#3487=LINE('',#7615,#4035);
#3488=LINE('',#7616,#4036);
#3489=LINE('',#7618,#4037);
#3490=LINE('',#7620,#4038);
#3491=LINE('',#7622,#4039);
#3492=LINE('',#7627,#4040);
#3493=LINE('',#7628,#4041);
#3494=LINE('',#7630,#4042);
#3495=LINE('',#7632,#4043);
#3496=LINE('',#7636,#4044);
#3497=LINE('',#7638,#4045);
#3498=LINE('',#7640,#4046);
#3499=LINE('',#7644,#4047);
#3500=LINE('',#7646,#4048);
#3501=LINE('',#7648,#4049);
#3502=LINE('',#7652,#4050);
#3503=LINE('',#7657,#4051);
#3504=LINE('',#7658,#4052);
#3505=LINE('',#7660,#4053);
#3506=LINE('',#7662,#4054);
#3507=LINE('',#7666,#4055);
#3508=LINE('',#7668,#4056);
#3509=LINE('',#7670,#4057);
#3510=LINE('',#7674,#4058);
#3511=LINE('',#7676,#4059);
#3512=LINE('',#7678,#4060);
#3513=LINE('',#7682,#4061);
#3514=LINE('',#7687,#4062);
#3515=LINE('',#7688,#4063);
#3516=LINE('',#7690,#4064);
#3517=LINE('',#7692,#4065);
#3518=LINE('',#7696,#4066);
#3519=LINE('',#7698,#4067);
#3520=LINE('',#7700,#4068);
#3521=LINE('',#7704,#4069);
#3522=LINE('',#7706,#4070);
#3523=LINE('',#7708,#4071);
#3524=LINE('',#7712,#4072);
#3525=LINE('',#7717,#4073);
#3526=LINE('',#7718,#4074);
#3527=LINE('',#7720,#4075);
#3528=LINE('',#7722,#4076);
#3529=LINE('',#7726,#4077);
#3530=LINE('',#7728,#4078);
#3531=LINE('',#7730,#4079);
#3532=LINE('',#7734,#4080);
#3533=LINE('',#7736,#4081);
#3534=LINE('',#7738,#4082);
#3535=LINE('',#7742,#4083);
#3536=LINE('',#7747,#4084);
#3537=LINE('',#7748,#4085);
#3538=LINE('',#7750,#4086);
#3539=LINE('',#7752,#4087);
#3540=LINE('',#7756,#4088);
#3541=LINE('',#7758,#4089);
#3542=LINE('',#7760,#4090);
#3543=LINE('',#7764,#4091);
#3544=LINE('',#7766,#4092);
#3545=LINE('',#7768,#4093);
#3546=LINE('',#7772,#4094);
#3547=LINE('',#7777,#4095);
#3548=LINE('',#7778,#4096);
#3549=LINE('',#7780,#4097);
#3550=LINE('',#7782,#4098);
#3551=LINE('',#7786,#4099);
#3552=LINE('',#7788,#4100);
#3553=LINE('',#7790,#4101);
#3554=LINE('',#7794,#4102);
#3555=LINE('',#7796,#4103);
#3556=LINE('',#7798,#4104);
#3557=LINE('',#7802,#4105);
#3558=LINE('',#7804,#4106);
#3559=LINE('',#7806,#4107);
#3560=LINE('',#7808,#4108);
#3561=LINE('',#7810,#4109);
#3562=LINE('',#7813,#4110);
#3563=LINE('',#7814,#4111);
#3564=LINE('',#7816,#4112);
#3565=LINE('',#7818,#4113);
#3566=LINE('',#7820,#4114);
#3567=LINE('',#7822,#4115);
#3568=LINE('',#7824,#4116);
#3569=LINE('',#7826,#4117);
#3570=LINE('',#7828,#4118);
#3571=LINE('',#7830,#4119);
#3572=LINE('',#7832,#4120);
#3573=LINE('',#7846,#4121);
#3574=LINE('',#7849,#4122);
#3575=LINE('',#7850,#4123);
#3576=LINE('',#7852,#4124);
#3577=LINE('',#7854,#4125);
#3578=LINE('',#7856,#4126);
#3579=LINE('',#7875,#4127);
#3580=LINE('',#7877,#4128);
#3581=LINE('',#7879,#4129);
#3582=LINE('',#7881,#4130);
#3583=LINE('',#7883,#4131);
#3584=LINE('',#7885,#4132);
#3585=LINE('',#7887,#4133);
#3586=LINE('',#7889,#4134);
#3587=LINE('',#7891,#4135);
#3588=LINE('',#7893,#4136);
#3589=LINE('',#7895,#4137);
#3590=LINE('',#7897,#4138);
#3591=LINE('',#7899,#4139);
#3592=LINE('',#7901,#4140);
#3593=LINE('',#7903,#4141);
#3594=LINE('',#7905,#4142);
#3595=LINE('',#7907,#4143);
#3596=LINE('',#7909,#4144);
#3597=LINE('',#7911,#4145);
#3598=LINE('',#7913,#4146);
#3599=LINE('',#7919,#4147);
#3600=LINE('',#7923,#4148);
#3601=LINE('',#7936,#4149);
#3602=LINE('',#7953,#4150);
#3603=LINE('',#7959,#4151);
#3604=LINE('',#7961,#4152);
#3605=LINE('',#7963,#4153);
#3606=LINE('',#7965,#4154);
#3607=LINE('',#7967,#4155);
#3608=LINE('',#7969,#4156);
#3609=LINE('',#7978,#4157);
#3610=LINE('',#7984,#4158);
#3611=LINE('',#7993,#4159);
#3612=LINE('',#7999,#4160);
#3613=LINE('',#8001,#4161);
#3614=LINE('',#8003,#4162);
#3615=LINE('',#8014,#4163);
#3616=LINE('',#8027,#4164);
#3617=LINE('',#8040,#4165);
#3618=LINE('',#8046,#4166);
#3619=LINE('',#8048,#4167);
#3620=LINE('',#8050,#4168);
#3621=LINE('',#8052,#4169);
#3622=LINE('',#8061,#4170);
#3623=LINE('',#8074,#4171);
#3624=LINE('',#8080,#4172);
#3625=LINE('',#8084,#4173);
#3626=LINE('',#8095,#4174);
#3627=LINE('',#8101,#4175);
#3628=LINE('',#8103,#4176);
#3629=LINE('',#8132,#4177);
#3630=LINE('',#8134,#4178);
#3631=LINE('',#8136,#4179);
#3632=LINE('',#8138,#4180);
#3633=LINE('',#8140,#4181);
#3634=LINE('',#8142,#4182);
#3635=LINE('',#8144,#4183);
#3636=LINE('',#8146,#4184);
#3637=LINE('',#8148,#4185);
#3638=LINE('',#8150,#4186);
#3639=LINE('',#8152,#4187);
#3640=LINE('',#8154,#4188);
#3641=LINE('',#8156,#4189);
#3642=LINE('',#8158,#4190);
#3643=LINE('',#8160,#4191);
#3644=LINE('',#8169,#4192);
#3645=LINE('',#8182,#4193);
#3646=LINE('',#8188,#4194);
#3647=LINE('',#8192,#4195);
#3648=LINE('',#8194,#4196);
#3649=LINE('',#8196,#4197);
#3650=LINE('',#8207,#4198);
#3651=LINE('',#8220,#4199);
#3652=LINE('',#8226,#4200);
#3653=LINE('',#8228,#4201);
#3654=LINE('',#8230,#4202);
#3655=LINE('',#8232,#4203);
#3656=LINE('',#8234,#4204);
#3657=LINE('',#8236,#4205);
#3658=LINE('',#8238,#4206);
#3659=LINE('',#8253,#4207);
#3660=LINE('',#8259,#4208);
#3661=LINE('',#8272,#4209);
#3662=LINE('',#8280,#4210);
#3663=LINE('',#8286,#4211);
#3664=LINE('',#8301,#4212);
#3665=LINE('',#8318,#4213);
#3666=LINE('',#8335,#4214);
#3667=LINE('',#8348,#4215);
#3668=LINE('',#8354,#4216);
#3669=LINE('',#8356,#4217);
#3670=LINE('',#8358,#4218);
#3671=LINE('',#8367,#4219);
#3672=LINE('',#8380,#4220);
#3673=LINE('',#8393,#4221);
#3674=LINE('',#8399,#4222);
#3675=LINE('',#8410,#4223);
#3676=LINE('',#8416,#4224);
#3677=LINE('',#8418,#4225);
#3678=LINE('',#8427,#4226);
#3679=LINE('',#8440,#4227);
#3680=LINE('',#8446,#4228);
#3681=LINE('',#8468,#4229);
#3682=LINE('',#8470,#4230);
#3683=LINE('',#8472,#4231);
#3684=LINE('',#8474,#4232);
#3685=LINE('',#8476,#4233);
#3686=LINE('',#8478,#4234);
#3687=LINE('',#8480,#4235);
#3688=LINE('',#8482,#4236);
#3689=LINE('',#8484,#4237);
#3690=LINE('',#8486,#4238);
#3691=LINE('',#8488,#4239);
#3692=LINE('',#8490,#4240);
#3693=LINE('',#8492,#4241);
#3694=LINE('',#8494,#4242);
#3695=LINE('',#8496,#4243);
#3696=LINE('',#8498,#4244);
#3697=LINE('',#8500,#4245);
#3698=LINE('',#8502,#4246);
#3699=LINE('',#8504,#4247);
#3700=LINE('',#8506,#4248);
#3701=LINE('',#8521,#4249);
#3702=LINE('',#8527,#4250);
#3703=LINE('',#8529,#4251);
#3704=LINE('',#8531,#4252);
#3705=LINE('',#8533,#4253);
#3706=LINE('',#8546,#4254);
#3707=LINE('',#8563,#4255);
#3708=LINE('',#8580,#4256);
#3709=LINE('',#8597,#4257);
#3710=LINE('',#8603,#4258);
#3711=LINE('',#8605,#4259);
#3712=LINE('',#8607,#4260);
#3713=LINE('',#8620,#4261);
#3714=LINE('',#8637,#4262);
#3715=LINE('',#8650,#4263);
#3716=LINE('',#8656,#4264);
#3717=LINE('',#8658,#4265);
#3718=LINE('',#8660,#4266);
#3719=LINE('',#8669,#4267);
#3720=LINE('',#8682,#4268);
#3721=LINE('',#8695,#4269);
#3722=LINE('',#8708,#4270);
#3723=LINE('',#8721,#4271);
#3724=LINE('',#8734,#4272);
#3725=LINE('',#8740,#4273);
#3726=LINE('',#8742,#4274);
#3727=LINE('',#8751,#4275);
#3728=LINE('',#8764,#4276);
#3729=LINE('',#8777,#4277);
#3730=LINE('',#8790,#4278);
#3731=LINE('',#8823,#4279);
#3732=LINE('',#8825,#4280);
#3733=LINE('',#8827,#4281);
#3734=LINE('',#8829,#4282);
#3735=LINE('',#8831,#4283);
#3736=LINE('',#8833,#4284);
#3737=LINE('',#8835,#4285);
#3738=LINE('',#8837,#4286);
#3739=LINE('',#8839,#4287);
#3740=LINE('',#8841,#4288);
#3741=LINE('',#8843,#4289);
#3742=LINE('',#8845,#4290);
#3743=LINE('',#8847,#4291);
#3744=LINE('',#8849,#4292);
#3745=LINE('',#8851,#4293);
#3746=LINE('',#8853,#4294);
#3747=LINE('',#8856,#4295);
#3748=LINE('',#8858,#4296);
#3749=LINE('',#8860,#4297);
#3750=LINE('',#8862,#4298);
#3751=LINE('',#8864,#4299);
#3752=LINE('',#8866,#4300);
#3753=LINE('',#8868,#4301);
#3754=LINE('',#8870,#4302);
#3755=LINE('',#8872,#4303);
#3756=LINE('',#8874,#4304);
#3757=LINE('',#8876,#4305);
#3758=LINE('',#8878,#4306);
#3759=LINE('',#8880,#4307);
#3760=LINE('',#8882,#4308);
#3761=LINE('',#8884,#4309);
#3762=LINE('',#8886,#4310);
#3763=LINE('',#8888,#4311);
#3764=LINE('',#8890,#4312);
#3765=LINE('',#8892,#4313);
#3766=LINE('',#8894,#4314);
#3767=LINE('',#8896,#4315);
#3768=LINE('',#8898,#4316);
#3769=LINE('',#8900,#4317);
#3770=LINE('',#8902,#4318);
#3771=LINE('',#8905,#4319);
#3772=LINE('',#8908,#4320);
#3773=LINE('',#8910,#4321);
#3774=LINE('',#8912,#4322);
#3775=LINE('',#8914,#4323);
#3776=LINE('',#8916,#4324);
#3777=LINE('',#8918,#4325);
#3778=LINE('',#8920,#4326);
#3779=LINE('',#8922,#4327);
#3780=LINE('',#8924,#4328);
#3781=LINE('',#8937,#4329);
#3782=LINE('',#8954,#4330);
#3783=LINE('',#8971,#4331);
#3784=LINE('',#8977,#4332);
#3785=LINE('',#8979,#4333);
#3786=LINE('',#8981,#4334);
#3787=LINE('',#8983,#4335);
#3788=LINE('',#8985,#4336);
#3789=LINE('',#8994,#4337);
#3790=LINE('',#9007,#4338);
#3791=LINE('',#9020,#4339);
#3792=LINE('',#9033,#4340);
#3793=LINE('',#9039,#4341);
#3794=LINE('',#9041,#4342);
#3795=LINE('',#9043,#4343);
#3796=LINE('',#9045,#4344);
#3797=LINE('',#9047,#4345);
#3798=LINE('',#9065,#4346);
#3799=LINE('',#9068,#4347);
#3800=LINE('',#9070,#4348);
#3801=LINE('',#9072,#4349);
#3802=LINE('',#9074,#4350);
#3803=LINE('',#9076,#4351);
#3804=LINE('',#9078,#4352);
#3805=LINE('',#9080,#4353);
#3806=LINE('',#9082,#4354);
#3807=LINE('',#9084,#4355);
#3808=LINE('',#9086,#4356);
#3809=LINE('',#9088,#4357);
#3810=LINE('',#9090,#4358);
#3811=LINE('',#9092,#4359);
#3812=LINE('',#9094,#4360);
#3813=LINE('',#9096,#4361);
#3814=LINE('',#9098,#4362);
#3815=LINE('',#9100,#4363);
#3816=LINE('',#9102,#4364);
#3817=LINE('',#9104,#4365);
#3818=LINE('',#9106,#4366);
#3819=LINE('',#9108,#4367);
#3820=LINE('',#9110,#4368);
#3821=LINE('',#9112,#4369);
#3822=LINE('',#9113,#4370);
#3823=LINE('',#9117,#4371);
#3824=LINE('',#9120,#4372);
#3825=LINE('',#9122,#4373);
#3826=LINE('',#9124,#4374);
#3827=LINE('',#9126,#4375);
#3828=LINE('',#9128,#4376);
#3829=LINE('',#9130,#4377);
#3830=LINE('',#9143,#4378);
#3831=LINE('',#9160,#4379);
#3832=LINE('',#9166,#4380);
#3833=LINE('',#9168,#4381);
#3834=LINE('',#9170,#4382);
#3835=LINE('',#9183,#4383);
#3836=LINE('',#9200,#4384);
#3837=LINE('',#9206,#4385);
#3838=LINE('',#9208,#4386);
#3839=LINE('',#9210,#4387);
#3840=LINE('',#9212,#4388);
#3841=LINE('',#9214,#4389);
#3842=LINE('',#9223,#4390);
#3843=LINE('',#9236,#4391);
#3844=LINE('',#9249,#4392);
#3845=LINE('',#9255,#4393);
#3846=LINE('',#9257,#4394);
#3847=LINE('',#9266,#4395);
#3848=LINE('',#9279,#4396);
#3849=LINE('',#9292,#4397);
#3850=LINE('',#9298,#4398);
#3851=LINE('',#9300,#4399);
#3852=LINE('',#9301,#4400);
#3853=LINE('',#9317,#4401);
#3854=LINE('',#9323,#4402);
#3855=LINE('',#9336,#4403);
#3856=LINE('',#9353,#4404);
#3857=LINE('',#9370,#4405);
#3858=LINE('',#9376,#4406);
#3859=LINE('',#9378,#4407);
#3860=LINE('',#9380,#4408);
#3861=LINE('',#9393,#4409);
#3862=LINE('',#9406,#4410);
#3863=LINE('',#9412,#4411);
#3864=LINE('',#9414,#4412);
#3865=LINE('',#9416,#4413);
#3866=LINE('',#9425,#4414);
#3867=LINE('',#9438,#4415);
#3868=LINE('',#9451,#4416);
#3869=LINE('',#9457,#4417);
#3870=LINE('',#9459,#4418);
#3871=LINE('',#9461,#4419);
#3872=LINE('',#9463,#4420);
#3873=LINE('',#9465,#4421);
#3874=LINE('',#9467,#4422);
#3875=LINE('',#9469,#4423);
#3876=LINE('',#9471,#4424);
#3877=LINE('',#9473,#4425);
#3878=LINE('',#9475,#4426);
#3879=LINE('',#9484,#4427);
#3880=LINE('',#9517,#4428);
#3881=LINE('',#9519,#4429);
#3882=LINE('',#9521,#4430);
#3883=LINE('',#9523,#4431);
#3884=LINE('',#9525,#4432);
#3885=LINE('',#9527,#4433);
#3886=LINE('',#9529,#4434);
#3887=LINE('',#9531,#4435);
#3888=LINE('',#9533,#4436);
#3889=LINE('',#9535,#4437);
#3890=LINE('',#9537,#4438);
#3891=LINE('',#9546,#4439);
#3892=LINE('',#9559,#4440);
#3893=LINE('',#9565,#4441);
#3894=LINE('',#9567,#4442);
#3895=LINE('',#9569,#4443);
#3896=LINE('',#9571,#4444);
#3897=LINE('',#9573,#4445);
#3898=LINE('',#9575,#4446);
#3899=LINE('',#9577,#4447);
#3900=LINE('',#9579,#4448);
#3901=LINE('',#9588,#4449);
#3902=LINE('',#9594,#4450);
#3903=LINE('',#9596,#4451);
#3904=LINE('',#9598,#4452);
#3905=VECTOR('',#5905,1.);
#3906=VECTOR('',#5906,1.);
#3907=VECTOR('',#5907,1.);
#3908=VECTOR('',#5908,1.);
#3909=VECTOR('',#5909,1.);
#3910=VECTOR('',#5910,1.);
#3911=VECTOR('',#5911,1.);
#3912=VECTOR('',#5912,1.);
#3913=VECTOR('',#5913,1.);
#3914=VECTOR('',#5914,1.);
#3915=VECTOR('',#5915,1.);
#3916=VECTOR('',#5916,1.);
#3917=VECTOR('',#5917,1.);
#3918=VECTOR('',#5918,1.);
#3919=VECTOR('',#5919,1.);
#3920=VECTOR('',#5920,1.);
#3921=VECTOR('',#5921,1.);
#3922=VECTOR('',#5922,1.);
#3923=VECTOR('',#5923,1.);
#3924=VECTOR('',#5924,1.);
#3925=VECTOR('',#5925,1.);
#3926=VECTOR('',#5926,1.);
#3927=VECTOR('',#5927,1.);
#3928=VECTOR('',#5928,1.);
#3929=VECTOR('',#5929,1.);
#3930=VECTOR('',#5930,1.);
#3931=VECTOR('',#5931,1.);
#3932=VECTOR('',#5932,1.);
#3933=VECTOR('',#5933,1.);
#3934=VECTOR('',#5934,1.);
#3935=VECTOR('',#5935,1.);
#3936=VECTOR('',#5936,1.);
#3937=VECTOR('',#5937,1.);
#3938=VECTOR('',#5938,1.);
#3939=VECTOR('',#5939,1.);
#3940=VECTOR('',#5940,1.);
#3941=VECTOR('',#5941,1.);
#3942=VECTOR('',#5942,1.);
#3943=VECTOR('',#5943,1.);
#3944=VECTOR('',#5944,1.);
#3945=VECTOR('',#5945,1.);
#3946=VECTOR('',#5946,1.);
#3947=VECTOR('',#5947,1.);
#3948=VECTOR('',#5948,1.);
#3949=VECTOR('',#5949,1.);
#3950=VECTOR('',#5950,1.);
#3951=VECTOR('',#5951,1.);
#3952=VECTOR('',#5952,1.);
#3953=VECTOR('',#5953,1.);
#3954=VECTOR('',#5954,1.);
#3955=VECTOR('',#5955,1.);
#3956=VECTOR('',#5956,1.);
#3957=VECTOR('',#5957,1.);
#3958=VECTOR('',#5958,1.);
#3959=VECTOR('',#5959,1.);
#3960=VECTOR('',#5960,1.);
#3961=VECTOR('',#5961,1.);
#3962=VECTOR('',#5962,1.);
#3963=VECTOR('',#5963,1.);
#3964=VECTOR('',#5964,1.);
#3965=VECTOR('',#5965,1.);
#3966=VECTOR('',#5966,1.);
#3967=VECTOR('',#5967,1.);
#3968=VECTOR('',#5968,1.);
#3969=VECTOR('',#5969,1.);
#3970=VECTOR('',#5970,1.);
#3971=VECTOR('',#5975,1.);
#3972=VECTOR('',#5978,1.);
#3973=VECTOR('',#5979,1.);
#3974=VECTOR('',#5980,1.);
#3975=VECTOR('',#5981,1.);
#3976=VECTOR('',#5982,1.);
#3977=VECTOR('',#5983,1.);
#3978=VECTOR('',#5986,1.);
#3979=VECTOR('',#5989,1.);
#3980=VECTOR('',#5990,1.);
#3981=VECTOR('',#5991,1.);
#3982=VECTOR('',#5992,1.);
#3983=VECTOR('',#5993,1.);
#3984=VECTOR('',#5994,1.);
#3985=VECTOR('',#5995,1.);
#3986=VECTOR('',#6000,1.);
#3987=VECTOR('',#6001,1.);
#3988=VECTOR('',#6004,1.);
#3989=VECTOR('',#6005,1.);
#3990=VECTOR('',#6006,1.);
#3991=VECTOR('',#6007,1.);
#3992=VECTOR('',#6008,1.);
#3993=VECTOR('',#6009,1.);
#3994=VECTOR('',#6010,1.);
#3995=VECTOR('',#6011,1.);
#3996=VECTOR('',#6012,1.);
#3997=VECTOR('',#6013,1.);
#3998=VECTOR('',#6014,1.);
#3999=VECTOR('',#6015,1.);
#4000=VECTOR('',#6018,1.);
#4001=VECTOR('',#6021,1.);
#4002=VECTOR('',#6024,1.);
#4003=VECTOR('',#6037,1.);
#4004=VECTOR('',#6040,1.);
#4005=VECTOR('',#6043,1.);
#4006=VECTOR('',#6046,1.);
#4007=VECTOR('',#6049,1.);
#4008=VECTOR('',#6052,1.);
#4009=VECTOR('',#6055,1.);
#4010=VECTOR('',#6058,1.);
#4011=VECTOR('',#6061,1.);
#4012=VECTOR('',#6064,1.);
#4013=VECTOR('',#6067,1.);
#4014=VECTOR('',#6070,1.);
#4015=VECTOR('',#6073,1.);
#4016=VECTOR('',#6076,1.);
#4017=VECTOR('',#6079,1.);
#4018=VECTOR('',#6082,1.);
#4019=VECTOR('',#6085,1.);
#4020=VECTOR('',#6088,1.);
#4021=VECTOR('',#6091,1.);
#4022=VECTOR('',#6094,1.);
#4023=VECTOR('',#6097,1.);
#4024=VECTOR('',#6100,1.);
#4025=VECTOR('',#6103,1.);
#4026=VECTOR('',#6106,1.);
#4027=VECTOR('',#6107,1.);
#4028=VECTOR('',#6110,1.);
#4029=VECTOR('',#6113,1.);
#4030=VECTOR('',#6116,1.);
#4031=VECTOR('',#6121,1.);
#4032=VECTOR('',#6122,1.);
#4033=VECTOR('',#6123,1.);
#4034=VECTOR('',#6126,1.);
#4035=VECTOR('',#6127,1.);
#4036=VECTOR('',#6128,1.);
#4037=VECTOR('',#6131,1.);
#4038=VECTOR('',#6132,1.);
#4039=VECTOR('',#6133,1.);
#4040=VECTOR('',#6138,1.);
#4041=VECTOR('',#6139,1.);
#4042=VECTOR('',#6142,1.);
#4043=VECTOR('',#6143,1.);
#4044=VECTOR('',#6148,1.);
#4045=VECTOR('',#6151,1.);
#4046=VECTOR('',#6152,1.);
#4047=VECTOR('',#6157,1.);
#4048=VECTOR('',#6160,1.);
#4049=VECTOR('',#6161,1.);
#4050=VECTOR('',#6166,1.);
#4051=VECTOR('',#6171,1.);
#4052=VECTOR('',#6172,1.);
#4053=VECTOR('',#6175,1.);
#4054=VECTOR('',#6176,1.);
#4055=VECTOR('',#6181,1.);
#4056=VECTOR('',#6184,1.);
#4057=VECTOR('',#6185,1.);
#4058=VECTOR('',#6190,1.);
#4059=VECTOR('',#6193,1.);
#4060=VECTOR('',#6194,1.);
#4061=VECTOR('',#6199,1.);
#4062=VECTOR('',#6204,1.);
#4063=VECTOR('',#6205,1.);
#4064=VECTOR('',#6208,1.);
#4065=VECTOR('',#6209,1.);
#4066=VECTOR('',#6214,1.);
#4067=VECTOR('',#6217,1.);
#4068=VECTOR('',#6218,1.);
#4069=VECTOR('',#6223,1.);
#4070=VECTOR('',#6226,1.);
#4071=VECTOR('',#6227,1.);
#4072=VECTOR('',#6232,1.);
#4073=VECTOR('',#6237,1.);
#4074=VECTOR('',#6238,1.);
#4075=VECTOR('',#6241,1.);
#4076=VECTOR('',#6242,1.);
#4077=VECTOR('',#6247,1.);
#4078=VECTOR('',#6250,1.);
#4079=VECTOR('',#6251,1.);
#4080=VECTOR('',#6256,1.);
#4081=VECTOR('',#6259,1.);
#4082=VECTOR('',#6260,1.);
#4083=VECTOR('',#6265,1.);
#4084=VECTOR('',#6270,1.);
#4085=VECTOR('',#6271,1.);
#4086=VECTOR('',#6274,1.);
#4087=VECTOR('',#6275,1.);
#4088=VECTOR('',#6280,1.);
#4089=VECTOR('',#6283,1.);
#4090=VECTOR('',#6284,1.);
#4091=VECTOR('',#6289,1.);
#4092=VECTOR('',#6292,1.);
#4093=VECTOR('',#6293,1.);
#4094=VECTOR('',#6298,1.);
#4095=VECTOR('',#6303,1.);
#4096=VECTOR('',#6304,1.);
#4097=VECTOR('',#6307,1.);
#4098=VECTOR('',#6308,1.);
#4099=VECTOR('',#6313,1.);
#4100=VECTOR('',#6316,1.);
#4101=VECTOR('',#6317,1.);
#4102=VECTOR('',#6322,1.);
#4103=VECTOR('',#6325,1.);
#4104=VECTOR('',#6326,1.);
#4105=VECTOR('',#6331,1.);
#4106=VECTOR('',#6334,1.);
#4107=VECTOR('',#6335,1.);
#4108=VECTOR('',#6336,1.);
#4109=VECTOR('',#6339,1.);
#4110=VECTOR('',#6340,1.);
#4111=VECTOR('',#6341,1.);
#4112=VECTOR('',#6344,1.);
#4113=VECTOR('',#6345,1.);
#4114=VECTOR('',#6346,1.);
#4115=VECTOR('',#6349,1.);
#4116=VECTOR('',#6352,1.);
#4117=VECTOR('',#6355,1.);
#4118=VECTOR('',#6358,1.);
#4119=VECTOR('',#6361,1.);
#4120=VECTOR('',#6364,1.);
#4121=VECTOR('',#6383,1.);
#4122=VECTOR('',#6384,1.);
#4123=VECTOR('',#6385,1.);
#4124=VECTOR('',#6388,1.);
#4125=VECTOR('',#6389,1.);
#4126=VECTOR('',#6390,1.);
#4127=VECTOR('',#6427,1.);
#4128=VECTOR('',#6428,1.);
#4129=VECTOR('',#6429,1.);
#4130=VECTOR('',#6432,1.);
#4131=VECTOR('',#6433,1.);
#4132=VECTOR('',#6436,1.);
#4133=VECTOR('',#6437,1.);
#4134=VECTOR('',#6440,1.);
#4135=VECTOR('',#6441,1.);
#4136=VECTOR('',#6444,1.);
#4137=VECTOR('',#6445,1.);
#4138=VECTOR('',#6448,1.);
#4139=VECTOR('',#6449,1.);
#4140=VECTOR('',#6452,1.);
#4141=VECTOR('',#6453,1.);
#4142=VECTOR('',#6456,1.);
#4143=VECTOR('',#6457,1.);
#4144=VECTOR('',#6460,1.);
#4145=VECTOR('',#6461,1.);
#4146=VECTOR('',#6464,1.);
#4147=VECTOR('',#6471,1.);
#4148=VECTOR('',#6474,1.);
#4149=VECTOR('',#6475,1.);
#4150=VECTOR('',#6476,1.);
#4151=VECTOR('',#6479,1.);
#4152=VECTOR('',#6480,1.);
#4153=VECTOR('',#6481,1.);
#4154=VECTOR('',#6484,1.);
#4155=VECTOR('',#6485,1.);
#4156=VECTOR('',#6486,1.);
#4157=VECTOR('',#6487,1.);
#4158=VECTOR('',#6488,1.);
#4159=VECTOR('',#6489,1.);
#4160=VECTOR('',#6492,1.);
#4161=VECTOR('',#6493,1.);
#4162=VECTOR('',#6496,1.);
#4163=VECTOR('',#6499,1.);
#4164=VECTOR('',#6500,1.);
#4165=VECTOR('',#6501,1.);
#4166=VECTOR('',#6504,1.);
#4167=VECTOR('',#6505,1.);
#4168=VECTOR('',#6508,1.);
#4169=VECTOR('',#6509,1.);
#4170=VECTOR('',#6510,1.);
#4171=VECTOR('',#6511,1.);
#4172=VECTOR('',#6514,1.);
#4173=VECTOR('',#6519,1.);
#4174=VECTOR('',#6522,1.);
#4175=VECTOR('',#6525,1.);
#4176=VECTOR('',#6526,1.);
#4177=VECTOR('',#6533,1.);
#4178=VECTOR('',#6534,1.);
#4179=VECTOR('',#6535,1.);
#4180=VECTOR('',#6538,1.);
#4181=VECTOR('',#6539,1.);
#4182=VECTOR('',#6542,1.);
#4183=VECTOR('',#6543,1.);
#4184=VECTOR('',#6546,1.);
#4185=VECTOR('',#6547,1.);
#4186=VECTOR('',#6550,1.);
#4187=VECTOR('',#6551,1.);
#4188=VECTOR('',#6554,1.);
#4189=VECTOR('',#6555,1.);
#4190=VECTOR('',#6558,1.);
#4191=VECTOR('',#6559,1.);
#4192=VECTOR('',#6560,1.);
#4193=VECTOR('',#6561,1.);
#4194=VECTOR('',#6564,1.);
#4195=VECTOR('',#6569,1.);
#4196=VECTOR('',#6570,1.);
#4197=VECTOR('',#6573,1.);
#4198=VECTOR('',#6576,1.);
#4199=VECTOR('',#6577,1.);
#4200=VECTOR('',#6580,1.);
#4201=VECTOR('',#6581,1.);
#4202=VECTOR('',#6584,1.);
#4203=VECTOR('',#6585,1.);
#4204=VECTOR('',#6588,1.);
#4205=VECTOR('',#6589,1.);
#4206=VECTOR('',#6592,1.);
#4207=VECTOR('',#6595,1.);
#4208=VECTOR('',#6596,1.);
#4209=VECTOR('',#6597,1.);
#4210=VECTOR('',#6602,1.);
#4211=VECTOR('',#6609,1.);
#4212=VECTOR('',#6612,1.);
#4213=VECTOR('',#6613,1.);
#4214=VECTOR('',#6614,1.);
#4215=VECTOR('',#6615,1.);
#4216=VECTOR('',#6616,1.);
#4217=VECTOR('',#6619,1.);
#4218=VECTOR('',#6620,1.);
#4219=VECTOR('',#6621,1.);
#4220=VECTOR('',#6622,1.);
#4221=VECTOR('',#6623,1.);
#4222=VECTOR('',#6626,1.);
#4223=VECTOR('',#6629,1.);
#4224=VECTOR('',#6632,1.);
#4225=VECTOR('',#6633,1.);
#4226=VECTOR('',#6634,1.);
#4227=VECTOR('',#6635,1.);
#4228=VECTOR('',#6638,1.);
#4229=VECTOR('',#6651,1.);
#4230=VECTOR('',#6652,1.);
#4231=VECTOR('',#6653,1.);
#4232=VECTOR('',#6656,1.);
#4233=VECTOR('',#6657,1.);
#4234=VECTOR('',#6660,1.);
#4235=VECTOR('',#6661,1.);
#4236=VECTOR('',#6664,1.);
#4237=VECTOR('',#6665,1.);
#4238=VECTOR('',#6668,1.);
#4239=VECTOR('',#6669,1.);
#4240=VECTOR('',#6672,1.);
#4241=VECTOR('',#6673,1.);
#4242=VECTOR('',#6676,1.);
#4243=VECTOR('',#6677,1.);
#4244=VECTOR('',#6680,1.);
#4245=VECTOR('',#6681,1.);
#4246=VECTOR('',#6684,1.);
#4247=VECTOR('',#6685,1.);
#4248=VECTOR('',#6688,1.);
#4249=VECTOR('',#6691,1.);
#4250=VECTOR('',#6692,1.);
#4251=VECTOR('',#6695,1.);
#4252=VECTOR('',#6696,1.);
#4253=VECTOR('',#6697,1.);
#4254=VECTOR('',#6698,1.);
#4255=VECTOR('',#6699,1.);
#4256=VECTOR('',#6700,1.);
#4257=VECTOR('',#6701,1.);
#4258=VECTOR('',#6704,1.);
#4259=VECTOR('',#6705,1.);
#4260=VECTOR('',#6706,1.);
#4261=VECTOR('',#6707,1.);
#4262=VECTOR('',#6708,1.);
#4263=VECTOR('',#6709,1.);
#4264=VECTOR('',#6710,1.);
#4265=VECTOR('',#6713,1.);
#4266=VECTOR('',#6714,1.);
#4267=VECTOR('',#6715,1.);
#4268=VECTOR('',#6716,1.);
#4269=VECTOR('',#6717,1.);
#4270=VECTOR('',#6718,1.);
#4271=VECTOR('',#6719,1.);
#4272=VECTOR('',#6720,1.);
#4273=VECTOR('',#6723,1.);
#4274=VECTOR('',#6724,1.);
#4275=VECTOR('',#6725,1.);
#4276=VECTOR('',#6726,1.);
#4277=VECTOR('',#6727,1.);
#4278=VECTOR('',#6728,1.);
#4279=VECTOR('',#6735,1.);
#4280=VECTOR('',#6736,1.);
#4281=VECTOR('',#6737,1.);
#4282=VECTOR('',#6740,1.);
#4283=VECTOR('',#6741,1.);
#4284=VECTOR('',#6744,1.);
#4285=VECTOR('',#6745,1.);
#4286=VECTOR('',#6748,1.);
#4287=VECTOR('',#6749,1.);
#4288=VECTOR('',#6752,1.);
#4289=VECTOR('',#6753,1.);
#4290=VECTOR('',#6756,1.);
#4291=VECTOR('',#6757,1.);
#4292=VECTOR('',#6760,1.);
#4293=VECTOR('',#6761,1.);
#4294=VECTOR('',#6764,1.);
#4295=VECTOR('',#6769,1.);
#4296=VECTOR('',#6770,1.);
#4297=VECTOR('',#6771,1.);
#4298=VECTOR('',#6774,1.);
#4299=VECTOR('',#6775,1.);
#4300=VECTOR('',#6778,1.);
#4301=VECTOR('',#6779,1.);
#4302=VECTOR('',#6782,1.);
#4303=VECTOR('',#6783,1.);
#4304=VECTOR('',#6786,1.);
#4305=VECTOR('',#6787,1.);
#4306=VECTOR('',#6790,1.);
#4307=VECTOR('',#6791,1.);
#4308=VECTOR('',#6794,1.);
#4309=VECTOR('',#6795,1.);
#4310=VECTOR('',#6798,1.);
#4311=VECTOR('',#6799,1.);
#4312=VECTOR('',#6802,1.);
#4313=VECTOR('',#6803,1.);
#4314=VECTOR('',#6806,1.);
#4315=VECTOR('',#6807,1.);
#4316=VECTOR('',#6810,1.);
#4317=VECTOR('',#6811,1.);
#4318=VECTOR('',#6814,1.);
#4319=VECTOR('',#6819,1.);
#4320=VECTOR('',#6820,1.);
#4321=VECTOR('',#6821,1.);
#4322=VECTOR('',#6822,1.);
#4323=VECTOR('',#6825,1.);
#4324=VECTOR('',#6826,1.);
#4325=VECTOR('',#6827,1.);
#4326=VECTOR('',#6830,1.);
#4327=VECTOR('',#6831,1.);
#4328=VECTOR('',#6832,1.);
#4329=VECTOR('',#6833,1.);
#4330=VECTOR('',#6834,1.);
#4331=VECTOR('',#6835,1.);
#4332=VECTOR('',#6838,1.);
#4333=VECTOR('',#6839,1.);
#4334=VECTOR('',#6840,1.);
#4335=VECTOR('',#6843,1.);
#4336=VECTOR('',#6844,1.);
#4337=VECTOR('',#6845,1.);
#4338=VECTOR('',#6846,1.);
#4339=VECTOR('',#6847,1.);
#4340=VECTOR('',#6848,1.);
#4341=VECTOR('',#6851,1.);
#4342=VECTOR('',#6852,1.);
#4343=VECTOR('',#6855,1.);
#4344=VECTOR('',#6856,1.);
#4345=VECTOR('',#6859,1.);
#4346=VECTOR('',#6866,1.);
#4347=VECTOR('',#6867,1.);
#4348=VECTOR('',#6868,1.);
#4349=VECTOR('',#6869,1.);
#4350=VECTOR('',#6872,1.);
#4351=VECTOR('',#6873,1.);
#4352=VECTOR('',#6874,1.);
#4353=VECTOR('',#6877,1.);
#4354=VECTOR('',#6878,1.);
#4355=VECTOR('',#6879,1.);
#4356=VECTOR('',#6882,1.);
#4357=VECTOR('',#6883,1.);
#4358=VECTOR('',#6886,1.);
#4359=VECTOR('',#6887,1.);
#4360=VECTOR('',#6890,1.);
#4361=VECTOR('',#6891,1.);
#4362=VECTOR('',#6894,1.);
#4363=VECTOR('',#6895,1.);
#4364=VECTOR('',#6898,1.);
#4365=VECTOR('',#6899,1.);
#4366=VECTOR('',#6902,1.);
#4367=VECTOR('',#6903,1.);
#4368=VECTOR('',#6906,1.);
#4369=VECTOR('',#6909,1.);
#4370=VECTOR('',#6910,1.);
#4371=VECTOR('',#6917,1.);
#4372=VECTOR('',#6918,1.);
#4373=VECTOR('',#6919,1.);
#4374=VECTOR('',#6920,1.);
#4375=VECTOR('',#6923,1.);
#4376=VECTOR('',#6924,1.);
#4377=VECTOR('',#6925,1.);
#4378=VECTOR('',#6926,1.);
#4379=VECTOR('',#6927,1.);
#4380=VECTOR('',#6930,1.);
#4381=VECTOR('',#6931,1.);
#4382=VECTOR('',#6932,1.);
#4383=VECTOR('',#6933,1.);
#4384=VECTOR('',#6934,1.);
#4385=VECTOR('',#6937,1.);
#4386=VECTOR('',#6938,1.);
#4387=VECTOR('',#6939,1.);
#4388=VECTOR('',#6942,1.);
#4389=VECTOR('',#6943,1.);
#4390=VECTOR('',#6944,1.);
#4391=VECTOR('',#6945,1.);
#4392=VECTOR('',#6946,1.);
#4393=VECTOR('',#6949,1.);
#4394=VECTOR('',#6950,1.);
#4395=VECTOR('',#6951,1.);
#4396=VECTOR('',#6952,1.);
#4397=VECTOR('',#6953,1.);
#4398=VECTOR('',#6956,1.);
#4399=VECTOR('',#6959,1.);
#4400=VECTOR('',#6960,1.);
#4401=VECTOR('',#6965,1.);
#4402=VECTOR('',#6966,1.);
#4403=VECTOR('',#6967,1.);
#4404=VECTOR('',#6968,1.);
#4405=VECTOR('',#6969,1.);
#4406=VECTOR('',#6972,1.);
#4407=VECTOR('',#6973,1.);
#4408=VECTOR('',#6974,1.);
#4409=VECTOR('',#6975,1.);
#4410=VECTOR('',#6976,1.);
#4411=VECTOR('',#6977,1.);
#4412=VECTOR('',#6980,1.);
#4413=VECTOR('',#6981,1.);
#4414=VECTOR('',#6982,1.);
#4415=VECTOR('',#6983,1.);
#4416=VECTOR('',#6984,1.);
#4417=VECTOR('',#6987,1.);
#4418=VECTOR('',#6988,1.);
#4419=VECTOR('',#6991,1.);
#4420=VECTOR('',#6992,1.);
#4421=VECTOR('',#6995,1.);
#4422=VECTOR('',#6996,1.);
#4423=VECTOR('',#6999,1.);
#4424=VECTOR('',#7000,1.);
#4425=VECTOR('',#7003,1.);
#4426=VECTOR('',#7004,1.);
#4427=VECTOR('',#7005,1.);
#4428=VECTOR('',#7012,1.);
#4429=VECTOR('',#7013,1.);
#4430=VECTOR('',#7014,1.);
#4431=VECTOR('',#7017,1.);
#4432=VECTOR('',#7018,1.);
#4433=VECTOR('',#7021,1.);
#4434=VECTOR('',#7022,1.);
#4435=VECTOR('',#7025,1.);
#4436=VECTOR('',#7026,1.);
#4437=VECTOR('',#7029,1.);
#4438=VECTOR('',#7030,1.);
#4439=VECTOR('',#7031,1.);
#4440=VECTOR('',#7032,1.);
#4441=VECTOR('',#7035,1.);
#4442=VECTOR('',#7036,1.);
#4443=VECTOR('',#7039,1.);
#4444=VECTOR('',#7040,1.);
#4445=VECTOR('',#7043,1.);
#4446=VECTOR('',#7044,1.);
#4447=VECTOR('',#7047,1.);
#4448=VECTOR('',#7048,1.);
#4449=VECTOR('',#7049,1.);
#4450=VECTOR('',#7052,1.);
#4451=VECTOR('',#7053,1.);
#4452=VECTOR('',#7056,1.);
#4453=EDGE_LOOP('',(#399,#400,#401,#402,#403,#404,#405,#406,#407,#408,#409,
#410,#411,#412));
#4454=EDGE_LOOP('',(#413,#414,#415,#416,#417,#418,#419,#420,#421,#422,#423,
#424));
#4455=EDGE_LOOP('',(#425,#426,#427,#428,#429,#430,#431,#432,#433,#434));
#4456=EDGE_LOOP('',(#435,#436,#437,#438,#439,#440,#441,#442));
#4457=EDGE_LOOP('',(#443,#444,#445,#446,#447,#448,#449,#450,#451));
#4458=EDGE_LOOP('',(#452,#453,#454,#455,#456,#457,#458,#459,#460,#461,#462,
#463));
#4459=EDGE_LOOP('',(#464,#465,#466,#467,#468,#469,#470,#471));
#4460=EDGE_LOOP('',(#472,#473,#474,#475,#476,#477,#478,#479,#480,#481,#482,
#483,#484,#485));
#4461=EDGE_LOOP('',(#486,#487,#488,#489,#490,#491,#492,#493,#494,#495));
#4462=EDGE_LOOP('',(#496,#497,#498,#499,#500,#501,#502,#503,#504,#505,#506,
#507));
#4463=EDGE_LOOP('',(#508,#509,#510,#511,#512,#513,#514,#515,#516,#517,#518,
#519,#520,#521,#522,#523,#524,#525));
#4464=EDGE_LOOP('',(#526,#527,#528,#529,#530,#531,#532,#533,#534,#535,#536,
#537,#538,#539,#540,#541));
#4465=EDGE_LOOP('',(#542,#543,#544,#545,#546,#547,#548,#549,#550,#551));
#4466=EDGE_LOOP('',(#552,#553,#554,#555,#556,#557,#558,#559));
#4467=EDGE_LOOP('',(#560));
#4468=EDGE_LOOP('',(#561));
#4469=EDGE_LOOP('',(#562));
#4470=EDGE_LOOP('',(#563));
#4471=EDGE_LOOP('',(#564,#565,#566,#567,#568,#569,#570,#571));
#4472=EDGE_LOOP('',(#572,#573,#574,#575,#576,#577,#578,#579));
#4473=EDGE_LOOP('',(#580,#581,#582,#583,#584,#585,#586,#587));
#4474=EDGE_LOOP('',(#588,#589,#590,#591,#592,#593,#594,#595));
#4475=EDGE_LOOP('',(#596,#597,#598,#599,#600,#601,#602,#603));
#4476=EDGE_LOOP('',(#604,#605,#606,#607,#608,#609,#610,#611));
#4477=EDGE_LOOP('',(#612,#613,#614,#615,#616,#617,#618,#619));
#4478=EDGE_LOOP('',(#620,#621,#622,#623));
#4479=EDGE_LOOP('',(#624,#625,#626,#627));
#4480=EDGE_LOOP('',(#628,#629,#630,#631));
#4481=EDGE_LOOP('',(#632,#633,#634,#635));
#4482=EDGE_LOOP('',(#636,#637,#638,#639));
#4483=EDGE_LOOP('',(#640,#641,#642,#643));
#4484=EDGE_LOOP('',(#644,#645,#646,#647));
#4485=EDGE_LOOP('',(#648,#649,#650,#651));
#4486=EDGE_LOOP('',(#652,#653,#654,#655));
#4487=EDGE_LOOP('',(#656,#657,#658,#659));
#4488=EDGE_LOOP('',(#660,#661,#662,#663));
#4489=EDGE_LOOP('',(#664,#665,#666,#667));
#4490=EDGE_LOOP('',(#668,#669,#670,#671));
#4491=EDGE_LOOP('',(#672,#673,#674,#675));
#4492=EDGE_LOOP('',(#676,#677,#678,#679));
#4493=EDGE_LOOP('',(#680,#681,#682,#683));
#4494=EDGE_LOOP('',(#684,#685,#686,#687));
#4495=EDGE_LOOP('',(#688,#689,#690,#691));
#4496=EDGE_LOOP('',(#692,#693,#694,#695));
#4497=EDGE_LOOP('',(#696,#697,#698,#699));
#4498=EDGE_LOOP('',(#700,#701,#702,#703));
#4499=EDGE_LOOP('',(#704,#705,#706,#707));
#4500=EDGE_LOOP('',(#708,#709,#710,#711));
#4501=EDGE_LOOP('',(#712,#713,#714,#715));
#4502=EDGE_LOOP('',(#716,#717,#718,#719));
#4503=EDGE_LOOP('',(#720,#721,#722,#723));
#4504=EDGE_LOOP('',(#724,#725,#726,#727));
#4505=EDGE_LOOP('',(#728,#729,#730,#731));
#4506=EDGE_LOOP('',(#732,#733,#734,#735));
#4507=EDGE_LOOP('',(#736,#737,#738,#739));
#4508=EDGE_LOOP('',(#740,#741,#742,#743));
#4509=EDGE_LOOP('',(#744,#745,#746,#747));
#4510=EDGE_LOOP('',(#748,#749,#750,#751));
#4511=EDGE_LOOP('',(#752,#753,#754,#755));
#4512=EDGE_LOOP('',(#756,#757,#758,#759));
#4513=EDGE_LOOP('',(#760,#761,#762,#763));
#4514=EDGE_LOOP('',(#764,#765,#766,#767));
#4515=EDGE_LOOP('',(#768,#769,#770,#771));
#4516=EDGE_LOOP('',(#772,#773,#774,#775));
#4517=EDGE_LOOP('',(#776,#777,#778,#779));
#4518=EDGE_LOOP('',(#780,#781,#782,#783));
#4519=EDGE_LOOP('',(#784,#785,#786,#787));
#4520=EDGE_LOOP('',(#788,#789,#790,#791));
#4521=EDGE_LOOP('',(#792,#793,#794,#795));
#4522=EDGE_LOOP('',(#796,#797,#798,#799));
#4523=EDGE_LOOP('',(#800,#801,#802,#803));
#4524=EDGE_LOOP('',(#804,#805,#806,#807));
#4525=EDGE_LOOP('',(#808,#809,#810,#811));
#4526=EDGE_LOOP('',(#812,#813,#814,#815));
#4527=EDGE_LOOP('',(#816,#817,#818,#819));
#4528=EDGE_LOOP('',(#820,#821,#822,#823));
#4529=EDGE_LOOP('',(#824,#825,#826,#827));
#4530=EDGE_LOOP('',(#828,#829,#830,#831));
#4531=EDGE_LOOP('',(#832,#833,#834,#835));
#4532=EDGE_LOOP('',(#836));
#4533=EDGE_LOOP('',(#837));
#4534=EDGE_LOOP('',(#838));
#4535=EDGE_LOOP('',(#839));
#4536=EDGE_LOOP('',(#840));
#4537=EDGE_LOOP('',(#841));
#4538=EDGE_LOOP('',(#842));
#4539=EDGE_LOOP('',(#843));
#4540=EDGE_LOOP('',(#844,#845,#846,#847));
#4541=EDGE_LOOP('',(#848,#849,#850,#851));
#4542=EDGE_LOOP('',(#852,#853,#854,#855,#856,#857,#858,#859));
#4543=EDGE_LOOP('',(#860));
#4544=EDGE_LOOP('',(#861));
#4545=EDGE_LOOP('',(#862));
#4546=EDGE_LOOP('',(#863));
#4547=EDGE_LOOP('',(#864,#865,#866,#867,#868,#869,#870,#871));
#4548=EDGE_LOOP('',(#872,#873,#874,#875,#876,#877,#878,#879));
#4549=EDGE_LOOP('',(#880,#881,#882,#883,#884,#885,#886,#887));
#4550=EDGE_LOOP('',(#888,#889,#890,#891,#892,#893,#894,#895));
#4551=EDGE_LOOP('',(#896,#897,#898,#899,#900,#901,#902,#903));
#4552=EDGE_LOOP('',(#904,#905,#906,#907,#908,#909,#910,#911));
#4553=EDGE_LOOP('',(#912,#913,#914,#915,#916,#917,#918,#919));
#4554=EDGE_LOOP('',(#920,#921,#922,#923));
#4555=EDGE_LOOP('',(#924,#925,#926,#927));
#4556=EDGE_LOOP('',(#928,#929,#930,#931));
#4557=EDGE_LOOP('',(#932,#933,#934,#935));
#4558=EDGE_LOOP('',(#936,#937,#938,#939));
#4559=EDGE_LOOP('',(#940,#941,#942,#943));
#4560=EDGE_LOOP('',(#944,#945,#946,#947));
#4561=EDGE_LOOP('',(#948,#949,#950,#951));
#4562=EDGE_LOOP('',(#952,#953,#954,#955));
#4563=EDGE_LOOP('',(#956,#957,#958,#959));
#4564=EDGE_LOOP('',(#960,#961,#962,#963));
#4565=EDGE_LOOP('',(#964,#965,#966,#967));
#4566=EDGE_LOOP('',(#968,#969,#970,#971));
#4567=EDGE_LOOP('',(#972,#973,#974,#975));
#4568=EDGE_LOOP('',(#976,#977,#978,#979));
#4569=EDGE_LOOP('',(#980,#981,#982,#983));
#4570=EDGE_LOOP('',(#984,#985,#986,#987));
#4571=EDGE_LOOP('',(#988,#989,#990,#991));
#4572=EDGE_LOOP('',(#992,#993,#994,#995,#996,#997,#998,#999,#1000,#1001));
#4573=EDGE_LOOP('',(#1002,#1003,#1004,#1005));
#4574=EDGE_LOOP('',(#1006,#1007,#1008,#1009));
#4575=EDGE_LOOP('',(#1010,#1011,#1012,#1013));
#4576=EDGE_LOOP('',(#1014,#1015,#1016,#1017));
#4577=EDGE_LOOP('',(#1018,#1019,#1020,#1021));
#4578=EDGE_LOOP('',(#1022,#1023,#1024,#1025));
#4579=EDGE_LOOP('',(#1026,#1027,#1028,#1029));
#4580=EDGE_LOOP('',(#1030,#1031,#1032,#1033));
#4581=EDGE_LOOP('',(#1034,#1035,#1036,#1037));
#4582=EDGE_LOOP('',(#1038,#1039,#1040,#1041));
#4583=EDGE_LOOP('',(#1042,#1043,#1044,#1045));
#4584=EDGE_LOOP('',(#1046,#1047,#1048,#1049));
#4585=EDGE_LOOP('',(#1050,#1051,#1052,#1053));
#4586=EDGE_LOOP('',(#1054,#1055,#1056,#1057));
#4587=EDGE_LOOP('',(#1058,#1059,#1060,#1061));
#4588=EDGE_LOOP('',(#1062,#1063,#1064,#1065));
#4589=EDGE_LOOP('',(#1066,#1067,#1068,#1069));
#4590=EDGE_LOOP('',(#1070,#1071,#1072,#1073));
#4591=EDGE_LOOP('',(#1074,#1075,#1076,#1077));
#4592=EDGE_LOOP('',(#1078,#1079,#1080,#1081));
#4593=EDGE_LOOP('',(#1082,#1083,#1084,#1085));
#4594=EDGE_LOOP('',(#1086,#1087,#1088,#1089));
#4595=EDGE_LOOP('',(#1090,#1091,#1092,#1093,#1094,#1095,#1096,#1097,#1098,
#1099,#1100,#1101,#1102,#1103,#1104,#1105));
#4596=EDGE_LOOP('',(#1106,#1107,#1108,#1109,#1110,#1111));
#4597=EDGE_LOOP('',(#1112,#1113,#1114,#1115,#1116,#1117));
#4598=EDGE_LOOP('',(#1118,#1119,#1120,#1121));
#4599=EDGE_LOOP('',(#1122,#1123,#1124,#1125));
#4600=EDGE_LOOP('',(#1126,#1127,#1128,#1129));
#4601=EDGE_LOOP('',(#1130,#1131,#1132,#1133));
#4602=EDGE_LOOP('',(#1134,#1135,#1136,#1137));
#4603=EDGE_LOOP('',(#1138,#1139,#1140,#1141));
#4604=EDGE_LOOP('',(#1142,#1143,#1144,#1145));
#4605=EDGE_LOOP('',(#1146,#1147,#1148,#1149));
#4606=EDGE_LOOP('',(#1150,#1151,#1152,#1153));
#4607=EDGE_LOOP('',(#1154,#1155,#1156,#1157));
#4608=EDGE_LOOP('',(#1158,#1159,#1160,#1161));
#4609=EDGE_LOOP('',(#1162,#1163,#1164,#1165));
#4610=EDGE_LOOP('',(#1166,#1167,#1168,#1169));
#4611=EDGE_LOOP('',(#1170,#1171,#1172,#1173));
#4612=EDGE_LOOP('',(#1174,#1175,#1176,#1177));
#4613=EDGE_LOOP('',(#1178,#1179,#1180,#1181));
#4614=EDGE_LOOP('',(#1182,#1183,#1184,#1185));
#4615=EDGE_LOOP('',(#1186,#1187,#1188,#1189));
#4616=EDGE_LOOP('',(#1190,#1191,#1192,#1193,#1194,#1195,#1196,#1197,#1198,
#1199,#1200,#1201,#1202,#1203,#1204,#1205,#1206,#1207));
#4617=EDGE_LOOP('',(#1208,#1209,#1210,#1211));
#4618=EDGE_LOOP('',(#1212,#1213,#1214,#1215));
#4619=EDGE_LOOP('',(#1216,#1217,#1218,#1219));
#4620=EDGE_LOOP('',(#1220,#1221,#1222,#1223));
#4621=EDGE_LOOP('',(#1224,#1225,#1226,#1227));
#4622=EDGE_LOOP('',(#1228,#1229,#1230,#1231));
#4623=EDGE_LOOP('',(#1232,#1233,#1234,#1235));
#4624=EDGE_LOOP('',(#1236,#1237,#1238,#1239));
#4625=EDGE_LOOP('',(#1240,#1241,#1242,#1243));
#4626=EDGE_LOOP('',(#1244,#1245,#1246,#1247));
#4627=EDGE_LOOP('',(#1248,#1249,#1250,#1251));
#4628=EDGE_LOOP('',(#1252,#1253,#1254,#1255));
#4629=EDGE_LOOP('',(#1256,#1257,#1258,#1259));
#4630=EDGE_LOOP('',(#1260,#1261,#1262,#1263));
#4631=EDGE_LOOP('',(#1264,#1265,#1266,#1267));
#4632=EDGE_LOOP('',(#1268,#1269,#1270,#1271));
#4633=EDGE_LOOP('',(#1272,#1273,#1274,#1275));
#4634=EDGE_LOOP('',(#1276,#1277,#1278,#1279));
#4635=EDGE_LOOP('',(#1280,#1281,#1282,#1283));
#4636=EDGE_LOOP('',(#1284,#1285,#1286,#1287));
#4637=EDGE_LOOP('',(#1288,#1289,#1290,#1291,#1292,#1293,#1294,#1295,#1296,
#1297,#1298,#1299));
#4638=EDGE_LOOP('',(#1300,#1301,#1302,#1303,#1304,#1305,#1306,#1307));
#4639=EDGE_LOOP('',(#1308,#1309,#1310,#1311,#1312,#1313,#1314,#1315));
#4640=EDGE_LOOP('',(#1316,#1317,#1318,#1319));
#4641=EDGE_LOOP('',(#1320,#1321,#1322,#1323));
#4642=EDGE_LOOP('',(#1324,#1325,#1326,#1327));
#4643=EDGE_LOOP('',(#1328,#1329,#1330,#1331));
#4644=EDGE_LOOP('',(#1332,#1333,#1334,#1335));
#4645=EDGE_LOOP('',(#1336,#1337,#1338,#1339));
#4646=EDGE_LOOP('',(#1340,#1341,#1342,#1343));
#4647=EDGE_LOOP('',(#1344,#1345,#1346,#1347));
#4648=EDGE_LOOP('',(#1348,#1349,#1350,#1351));
#4649=EDGE_LOOP('',(#1352,#1353,#1354,#1355));
#4650=EDGE_LOOP('',(#1356,#1357,#1358,#1359,#1360,#1361,#1362,#1363,#1364,
#1365));
#4651=EDGE_LOOP('',(#1366,#1367,#1368,#1369));
#4652=EDGE_LOOP('',(#1370,#1371,#1372,#1373));
#4653=EDGE_LOOP('',(#1374,#1375,#1376,#1377));
#4654=EDGE_LOOP('',(#1378,#1379,#1380,#1381));
#4655=EDGE_LOOP('',(#1382,#1383,#1384,#1385));
#4656=EDGE_LOOP('',(#1386,#1387,#1388,#1389));
#4657=EDGE_LOOP('',(#1390,#1391,#1392,#1393));
#4658=EDGE_LOOP('',(#1394,#1395,#1396,#1397));
#4659=EDGE_LOOP('',(#1398,#1399,#1400,#1401));
#4660=EDGE_LOOP('',(#1402,#1403,#1404,#1405));
#4661=EDGE_LOOP('',(#1406,#1407,#1408,#1409));
#4662=EDGE_LOOP('',(#1410,#1411,#1412,#1413));
#4663=EDGE_LOOP('',(#1414,#1415,#1416,#1417));
#4664=EDGE_LOOP('',(#1418,#1419,#1420,#1421));
#4665=EDGE_LOOP('',(#1422,#1423,#1424,#1425));
#4666=EDGE_LOOP('',(#1426,#1427,#1428,#1429));
#4667=EDGE_LOOP('',(#1430,#1431,#1432,#1433));
#4668=EDGE_LOOP('',(#1434,#1435,#1436,#1437));
#4669=EDGE_LOOP('',(#1438,#1439,#1440,#1441));
#4670=EDGE_LOOP('',(#1442,#1443,#1444,#1445));
#4671=EDGE_LOOP('',(#1446,#1447,#1448,#1449));
#4672=EDGE_LOOP('',(#1450,#1451,#1452,#1453));
#4673=EDGE_LOOP('',(#1454,#1455,#1456,#1457));
#4674=EDGE_LOOP('',(#1458,#1459,#1460,#1461));
#4675=EDGE_LOOP('',(#1462,#1463,#1464,#1465,#1466,#1467,#1468,#1469,#1470,
#1471,#1472,#1473,#1474,#1475));
#4676=EDGE_LOOP('',(#1476,#1477,#1478,#1479,#1480,#1481,#1482,#1483,#1484,
#1485));
#4677=EDGE_LOOP('',(#1486,#1487,#1488,#1489,#1490,#1491,#1492,#1493,#1494,
#1495));
#4678=EDGE_LOOP('',(#1496,#1497,#1498,#1499));
#4679=EDGE_LOOP('',(#1500,#1501,#1502,#1503));
#4680=EDGE_LOOP('',(#1504,#1505,#1506,#1507));
#4681=EDGE_LOOP('',(#1508,#1509,#1510,#1511));
#4682=EDGE_LOOP('',(#1512,#1513,#1514,#1515));
#4683=EDGE_LOOP('',(#1516,#1517,#1518,#1519));
#4684=EDGE_LOOP('',(#1520,#1521,#1522,#1523));
#4685=EDGE_LOOP('',(#1524,#1525,#1526,#1527));
#4686=EDGE_LOOP('',(#1528,#1529,#1530,#1531,#1532,#1533,#1534,#1535));
#4687=EDGE_LOOP('',(#1536,#1537,#1538,#1539));
#4688=EDGE_LOOP('',(#1540,#1541,#1542,#1543));
#4689=EDGE_LOOP('',(#1544,#1545,#1546,#1547));
#4690=EDGE_LOOP('',(#1548,#1549,#1550,#1551));
#4691=EDGE_LOOP('',(#1552,#1553,#1554,#1555));
#4692=EDGE_LOOP('',(#1556,#1557,#1558,#1559));
#4693=EDGE_LOOP('',(#1560,#1561,#1562,#1563));
#4694=EDGE_LOOP('',(#1564,#1565,#1566,#1567));
#4695=EDGE_LOOP('',(#1568,#1569,#1570,#1571));
#4696=EDGE_LOOP('',(#1572,#1573,#1574,#1575));
#4697=EDGE_LOOP('',(#1576,#1577,#1578,#1579));
#4698=EDGE_LOOP('',(#1580,#1581,#1582,#1583));
#4699=EDGE_LOOP('',(#1584,#1585,#1586,#1587,#1588,#1589,#1590,#1591,#1592,
#1593,#1594,#1595));
#4700=EDGE_LOOP('',(#1596,#1597,#1598,#1599));
#4701=EDGE_LOOP('',(#1600,#1601,#1602,#1603));
#4702=EDGE_LOOP('',(#1604,#1605,#1606,#1607));
#4703=EDGE_LOOP('',(#1608,#1609,#1610,#1611));
#4704=EDGE_LOOP('',(#1612,#1613,#1614,#1615));
#4705=EDGE_LOOP('',(#1616,#1617,#1618,#1619));
#4706=EDGE_LOOP('',(#1620,#1621,#1622,#1623));
#4707=EDGE_LOOP('',(#1624,#1625,#1626,#1627));
#4708=EDGE_LOOP('',(#1628,#1629,#1630,#1631));
#4709=EDGE_LOOP('',(#1632,#1633,#1634,#1635));
#4710=EDGE_LOOP('',(#1636,#1637,#1638,#1639));
#4711=EDGE_LOOP('',(#1640,#1641,#1642,#1643));
#4712=EDGE_LOOP('',(#1644,#1645,#1646,#1647));
#4713=EDGE_LOOP('',(#1648,#1649,#1650,#1651));
#4714=EDGE_LOOP('',(#1652,#1653,#1654,#1655));
#4715=EDGE_LOOP('',(#1656,#1657,#1658,#1659));
#4716=EDGE_LOOP('',(#1660,#1661,#1662,#1663,#1664,#1665,#1666,#1667,#1668));
#4717=EDGE_LOOP('',(#1669,#1670,#1671,#1672,#1673,#1674,#1675));
#4718=EDGE_LOOP('',(#1676,#1677,#1678,#1679,#1680,#1681,#1682));
#4719=EDGE_LOOP('',(#1683,#1684,#1685,#1686));
#4720=EDGE_LOOP('',(#1687,#1688,#1689,#1690));
#4721=EDGE_LOOP('',(#1691,#1692,#1693,#1694));
#4722=EDGE_LOOP('',(#1695,#1696,#1697,#1698));
#4723=EDGE_LOOP('',(#1699,#1700,#1701,#1702));
#4724=EDGE_LOOP('',(#1703,#1704,#1705,#1706));
#4725=EDGE_LOOP('',(#1707,#1708,#1709,#1710));
#4726=EDGE_LOOP('',(#1711,#1712,#1713,#1714));
#4727=EDGE_LOOP('',(#1715,#1716,#1717,#1718));
#4728=EDGE_LOOP('',(#1719,#1720,#1721,#1722));
#4729=EDGE_LOOP('',(#1723,#1724,#1725,#1726));
#4730=EDGE_LOOP('',(#1727,#1728,#1729,#1730,#1731,#1732,#1733,#1734));
#4731=EDGE_LOOP('',(#1735,#1736,#1737));
#4732=EDGE_LOOP('',(#1738,#1739,#1740));
#4733=EDGE_LOOP('',(#1741,#1742,#1743,#1744));
#4734=EDGE_LOOP('',(#1745,#1746,#1747,#1748));
#4735=EDGE_LOOP('',(#1749,#1750,#1751,#1752));
#4736=EDGE_LOOP('',(#1753,#1754,#1755,#1756));
#4737=EDGE_LOOP('',(#1757,#1758,#1759,#1760));
#4738=EDGE_LOOP('',(#1761,#1762,#1763,#1764));
#4739=EDGE_LOOP('',(#1765,#1766,#1767,#1768));
#4740=EDGE_LOOP('',(#1769,#1770,#1771,#1772));
#4741=EDGE_LOOP('',(#1773,#1774,#1775,#1776));
#4742=EDGE_LOOP('',(#1777,#1778,#1779,#1780));
#4743=EDGE_LOOP('',(#1781,#1782,#1783,#1784));
#4744=EDGE_LOOP('',(#1785,#1786,#1787,#1788));
#4745=EDGE_LOOP('',(#1789,#1790,#1791,#1792));
#4746=EDGE_LOOP('',(#1793,#1794,#1795,#1796));
#4747=EDGE_LOOP('',(#1797,#1798,#1799,#1800));
#4748=EDGE_LOOP('',(#1801,#1802,#1803,#1804));
#4749=EDGE_LOOP('',(#1805,#1806,#1807,#1808));
#4750=EDGE_LOOP('',(#1809,#1810,#1811,#1812));
#4751=EDGE_LOOP('',(#1813,#1814,#1815,#1816,#1817,#1818,#1819,#1820,#1821,
#1822));
#4752=EDGE_LOOP('',(#1823,#1824,#1825,#1826,#1827,#1828,#1829,#1830));
#4753=EDGE_LOOP('',(#1831,#1832,#1833,#1834,#1835,#1836,#1837,#1838));
#4754=EDGE_LOOP('',(#1839,#1840,#1841,#1842));
#4755=EDGE_LOOP('',(#1843,#1844,#1845,#1846));
#4756=EDGE_LOOP('',(#1847,#1848,#1849,#1850));
#4757=EDGE_LOOP('',(#1851,#1852,#1853,#1854));
#4758=EDGE_LOOP('',(#1855,#1856,#1857,#1858));
#4759=EDGE_LOOP('',(#1859,#1860,#1861,#1862));
#4760=EDGE_LOOP('',(#1863,#1864,#1865,#1866));
#4761=EDGE_LOOP('',(#1867,#1868,#1869,#1870));
#4762=EDGE_LOOP('',(#1871,#1872,#1873,#1874));
#4763=EDGE_LOOP('',(#1875,#1876,#1877,#1878));
#4764=EDGE_LOOP('',(#1879,#1880,#1881,#1882));
#4765=EDGE_LOOP('',(#1883,#1884,#1885,#1886));
#4766=EDGE_LOOP('',(#1887,#1888,#1889,#1890));
#4767=EDGE_LOOP('',(#1891,#1892,#1893,#1894));
#4768=EDGE_LOOP('',(#1895,#1896,#1897,#1898));
#4769=EDGE_LOOP('',(#1899,#1900,#1901,#1902));
#4770=EDGE_LOOP('',(#1903,#1904,#1905,#1906));
#4771=EDGE_LOOP('',(#1907,#1908,#1909,#1910));
#4772=EDGE_LOOP('',(#1911,#1912,#1913,#1914));
#4773=EDGE_LOOP('',(#1915,#1916,#1917,#1918,#1919,#1920,#1921,#1922,#1923,
#1924,#1925,#1926));
#4774=EDGE_LOOP('',(#1927,#1928,#1929,#1930,#1931,#1932,#1933));
#4775=EDGE_LOOP('',(#1934,#1935,#1936,#1937,#1938,#1939,#1940));
#4776=EDGE_LOOP('',(#1941,#1942,#1943,#1944));
#4777=EDGE_LOOP('',(#1945,#1946,#1947,#1948));
#4778=EDGE_LOOP('',(#1949,#1950,#1951,#1952));
#4779=EDGE_LOOP('',(#1953,#1954,#1955,#1956));
#4780=EDGE_LOOP('',(#1957,#1958,#1959,#1960));
#4781=EDGE_LOOP('',(#1961,#1962,#1963,#1964));
#4782=EDGE_LOOP('',(#1965,#1966,#1967,#1968));
#4783=EDGE_LOOP('',(#1969,#1970,#1971,#1972));
#4784=EDGE_LOOP('',(#1973,#1974,#1975,#1976));
#4785=EDGE_LOOP('',(#1977,#1978,#1979,#1980));
#4786=EDGE_LOOP('',(#1981,#1982,#1983,#1984));
#4787=EDGE_LOOP('',(#1985,#1986,#1987,#1988));
#4788=EDGE_LOOP('',(#1989,#1990,#1991,#1992));
#4789=EDGE_LOOP('',(#1993,#1994,#1995,#1996));
#4790=EDGE_LOOP('',(#1997,#1998,#1999,#2000,#2001,#2002,#2003,#2004,#2005,
#2006,#2007,#2008,#2009,#2010));
#4791=FACE_BOUND('',#4453,.T.);
#4792=FACE_BOUND('',#4454,.T.);
#4793=FACE_BOUND('',#4455,.T.);
#4794=FACE_BOUND('',#4456,.T.);
#4795=FACE_BOUND('',#4457,.T.);
#4796=FACE_BOUND('',#4458,.T.);
#4797=FACE_BOUND('',#4459,.T.);
#4798=FACE_BOUND('',#4460,.T.);
#4799=FACE_BOUND('',#4461,.T.);
#4800=FACE_BOUND('',#4462,.T.);
#4801=FACE_BOUND('',#4463,.T.);
#4802=FACE_BOUND('',#4464,.T.);
#4803=FACE_BOUND('',#4465,.T.);
#4804=FACE_BOUND('',#4466,.T.);
#4805=FACE_BOUND('',#4467,.T.);
#4806=FACE_BOUND('',#4468,.T.);
#4807=FACE_BOUND('',#4469,.T.);
#4808=FACE_BOUND('',#4470,.T.);
#4809=FACE_BOUND('',#4471,.T.);
#4810=FACE_BOUND('',#4472,.T.);
#4811=FACE_BOUND('',#4473,.T.);
#4812=FACE_BOUND('',#4474,.T.);
#4813=FACE_BOUND('',#4475,.T.);
#4814=FACE_BOUND('',#4476,.T.);
#4815=FACE_BOUND('',#4477,.T.);
#4816=FACE_BOUND('',#4478,.T.);
#4817=FACE_BOUND('',#4479,.T.);
#4818=FACE_BOUND('',#4480,.T.);
#4819=FACE_BOUND('',#4481,.T.);
#4820=FACE_BOUND('',#4482,.T.);
#4821=FACE_BOUND('',#4483,.T.);
#4822=FACE_BOUND('',#4484,.T.);
#4823=FACE_BOUND('',#4485,.T.);
#4824=FACE_BOUND('',#4486,.T.);
#4825=FACE_BOUND('',#4487,.T.);
#4826=FACE_BOUND('',#4488,.T.);
#4827=FACE_BOUND('',#4489,.T.);
#4828=FACE_BOUND('',#4490,.T.);
#4829=FACE_BOUND('',#4491,.T.);
#4830=FACE_BOUND('',#4492,.T.);
#4831=FACE_BOUND('',#4493,.T.);
#4832=FACE_BOUND('',#4494,.T.);
#4833=FACE_BOUND('',#4495,.T.);
#4834=FACE_BOUND('',#4496,.T.);
#4835=FACE_BOUND('',#4497,.T.);
#4836=FACE_BOUND('',#4498,.T.);
#4837=FACE_BOUND('',#4499,.T.);
#4838=FACE_BOUND('',#4500,.T.);
#4839=FACE_BOUND('',#4501,.T.);
#4840=FACE_BOUND('',#4502,.T.);
#4841=FACE_BOUND('',#4503,.T.);
#4842=FACE_BOUND('',#4504,.T.);
#4843=FACE_BOUND('',#4505,.T.);
#4844=FACE_BOUND('',#4506,.T.);
#4845=FACE_BOUND('',#4507,.T.);
#4846=FACE_BOUND('',#4508,.T.);
#4847=FACE_BOUND('',#4509,.T.);
#4848=FACE_BOUND('',#4510,.T.);
#4849=FACE_BOUND('',#4511,.T.);
#4850=FACE_BOUND('',#4512,.T.);
#4851=FACE_BOUND('',#4513,.T.);
#4852=FACE_BOUND('',#4514,.T.);
#4853=FACE_BOUND('',#4515,.T.);
#4854=FACE_BOUND('',#4516,.T.);
#4855=FACE_BOUND('',#4517,.T.);
#4856=FACE_BOUND('',#4518,.T.);
#4857=FACE_BOUND('',#4519,.T.);
#4858=FACE_BOUND('',#4520,.T.);
#4859=FACE_BOUND('',#4521,.T.);
#4860=FACE_BOUND('',#4522,.T.);
#4861=FACE_BOUND('',#4523,.T.);
#4862=FACE_BOUND('',#4524,.T.);
#4863=FACE_BOUND('',#4525,.T.);
#4864=FACE_BOUND('',#4526,.T.);
#4865=FACE_BOUND('',#4527,.T.);
#4866=FACE_BOUND('',#4528,.T.);
#4867=FACE_BOUND('',#4529,.T.);
#4868=FACE_BOUND('',#4530,.T.);
#4869=FACE_BOUND('',#4531,.T.);
#4870=FACE_BOUND('',#4532,.T.);
#4871=FACE_BOUND('',#4533,.T.);
#4872=FACE_BOUND('',#4534,.T.);
#4873=FACE_BOUND('',#4535,.T.);
#4874=FACE_BOUND('',#4536,.T.);
#4875=FACE_BOUND('',#4537,.T.);
#4876=FACE_BOUND('',#4538,.T.);
#4877=FACE_BOUND('',#4539,.T.);
#4878=FACE_BOUND('',#4540,.T.);
#4879=FACE_BOUND('',#4541,.T.);
#4880=FACE_BOUND('',#4542,.T.);
#4881=FACE_BOUND('',#4543,.T.);
#4882=FACE_BOUND('',#4544,.T.);
#4883=FACE_BOUND('',#4545,.T.);
#4884=FACE_BOUND('',#4546,.T.);
#4885=FACE_BOUND('',#4547,.T.);
#4886=FACE_BOUND('',#4548,.T.);
#4887=FACE_BOUND('',#4549,.T.);
#4888=FACE_BOUND('',#4550,.T.);
#4889=FACE_BOUND('',#4551,.T.);
#4890=FACE_BOUND('',#4552,.T.);
#4891=FACE_BOUND('',#4553,.T.);
#4892=FACE_BOUND('',#4554,.T.);
#4893=FACE_BOUND('',#4555,.T.);
#4894=FACE_BOUND('',#4556,.T.);
#4895=FACE_BOUND('',#4557,.T.);
#4896=FACE_BOUND('',#4558,.T.);
#4897=FACE_BOUND('',#4559,.T.);
#4898=FACE_BOUND('',#4560,.T.);
#4899=FACE_BOUND('',#4561,.T.);
#4900=FACE_BOUND('',#4562,.T.);
#4901=FACE_BOUND('',#4563,.T.);
#4902=FACE_BOUND('',#4564,.T.);
#4903=FACE_BOUND('',#4565,.T.);
#4904=FACE_BOUND('',#4566,.T.);
#4905=FACE_BOUND('',#4567,.T.);
#4906=FACE_BOUND('',#4568,.T.);
#4907=FACE_BOUND('',#4569,.T.);
#4908=FACE_BOUND('',#4570,.T.);
#4909=FACE_BOUND('',#4571,.T.);
#4910=FACE_BOUND('',#4572,.T.);
#4911=FACE_BOUND('',#4573,.T.);
#4912=FACE_BOUND('',#4574,.T.);
#4913=FACE_BOUND('',#4575,.T.);
#4914=FACE_BOUND('',#4576,.T.);
#4915=FACE_BOUND('',#4577,.T.);
#4916=FACE_BOUND('',#4578,.T.);
#4917=FACE_BOUND('',#4579,.T.);
#4918=FACE_BOUND('',#4580,.T.);
#4919=FACE_BOUND('',#4581,.T.);
#4920=FACE_BOUND('',#4582,.T.);
#4921=FACE_BOUND('',#4583,.T.);
#4922=FACE_BOUND('',#4584,.T.);
#4923=FACE_BOUND('',#4585,.T.);
#4924=FACE_BOUND('',#4586,.T.);
#4925=FACE_BOUND('',#4587,.T.);
#4926=FACE_BOUND('',#4588,.T.);
#4927=FACE_BOUND('',#4589,.T.);
#4928=FACE_BOUND('',#4590,.T.);
#4929=FACE_BOUND('',#4591,.T.);
#4930=FACE_BOUND('',#4592,.T.);
#4931=FACE_BOUND('',#4593,.T.);
#4932=FACE_BOUND('',#4594,.T.);
#4933=FACE_BOUND('',#4595,.T.);
#4934=FACE_BOUND('',#4596,.T.);
#4935=FACE_BOUND('',#4597,.T.);
#4936=FACE_BOUND('',#4598,.T.);
#4937=FACE_BOUND('',#4599,.T.);
#4938=FACE_BOUND('',#4600,.T.);
#4939=FACE_BOUND('',#4601,.T.);
#4940=FACE_BOUND('',#4602,.T.);
#4941=FACE_BOUND('',#4603,.T.);
#4942=FACE_BOUND('',#4604,.T.);
#4943=FACE_BOUND('',#4605,.T.);
#4944=FACE_BOUND('',#4606,.T.);
#4945=FACE_BOUND('',#4607,.T.);
#4946=FACE_BOUND('',#4608,.T.);
#4947=FACE_BOUND('',#4609,.T.);
#4948=FACE_BOUND('',#4610,.T.);
#4949=FACE_BOUND('',#4611,.T.);
#4950=FACE_BOUND('',#4612,.T.);
#4951=FACE_BOUND('',#4613,.T.);
#4952=FACE_BOUND('',#4614,.T.);
#4953=FACE_BOUND('',#4615,.T.);
#4954=FACE_BOUND('',#4616,.T.);
#4955=FACE_BOUND('',#4617,.T.);
#4956=FACE_BOUND('',#4618,.T.);
#4957=FACE_BOUND('',#4619,.T.);
#4958=FACE_BOUND('',#4620,.T.);
#4959=FACE_BOUND('',#4621,.T.);
#4960=FACE_BOUND('',#4622,.T.);
#4961=FACE_BOUND('',#4623,.T.);
#4962=FACE_BOUND('',#4624,.T.);
#4963=FACE_BOUND('',#4625,.T.);
#4964=FACE_BOUND('',#4626,.T.);
#4965=FACE_BOUND('',#4627,.T.);
#4966=FACE_BOUND('',#4628,.T.);
#4967=FACE_BOUND('',#4629,.T.);
#4968=FACE_BOUND('',#4630,.T.);
#4969=FACE_BOUND('',#4631,.T.);
#4970=FACE_BOUND('',#4632,.T.);
#4971=FACE_BOUND('',#4633,.T.);
#4972=FACE_BOUND('',#4634,.T.);
#4973=FACE_BOUND('',#4635,.T.);
#4974=FACE_BOUND('',#4636,.T.);
#4975=FACE_BOUND('',#4637,.T.);
#4976=FACE_BOUND('',#4638,.T.);
#4977=FACE_BOUND('',#4639,.T.);
#4978=FACE_BOUND('',#4640,.T.);
#4979=FACE_BOUND('',#4641,.T.);
#4980=FACE_BOUND('',#4642,.T.);
#4981=FACE_BOUND('',#4643,.T.);
#4982=FACE_BOUND('',#4644,.T.);
#4983=FACE_BOUND('',#4645,.T.);
#4984=FACE_BOUND('',#4646,.T.);
#4985=FACE_BOUND('',#4647,.T.);
#4986=FACE_BOUND('',#4648,.T.);
#4987=FACE_BOUND('',#4649,.T.);
#4988=FACE_BOUND('',#4650,.T.);
#4989=FACE_BOUND('',#4651,.T.);
#4990=FACE_BOUND('',#4652,.T.);
#4991=FACE_BOUND('',#4653,.T.);
#4992=FACE_BOUND('',#4654,.T.);
#4993=FACE_BOUND('',#4655,.T.);
#4994=FACE_BOUND('',#4656,.T.);
#4995=FACE_BOUND('',#4657,.T.);
#4996=FACE_BOUND('',#4658,.T.);
#4997=FACE_BOUND('',#4659,.T.);
#4998=FACE_BOUND('',#4660,.T.);
#4999=FACE_BOUND('',#4661,.T.);
#5000=FACE_BOUND('',#4662,.T.);
#5001=FACE_BOUND('',#4663,.T.);
#5002=FACE_BOUND('',#4664,.T.);
#5003=FACE_BOUND('',#4665,.T.);
#5004=FACE_BOUND('',#4666,.T.);
#5005=FACE_BOUND('',#4667,.T.);
#5006=FACE_BOUND('',#4668,.T.);
#5007=FACE_BOUND('',#4669,.T.);
#5008=FACE_BOUND('',#4670,.T.);
#5009=FACE_BOUND('',#4671,.T.);
#5010=FACE_BOUND('',#4672,.T.);
#5011=FACE_BOUND('',#4673,.T.);
#5012=FACE_BOUND('',#4674,.T.);
#5013=FACE_BOUND('',#4675,.T.);
#5014=FACE_BOUND('',#4676,.T.);
#5015=FACE_BOUND('',#4677,.T.);
#5016=FACE_BOUND('',#4678,.T.);
#5017=FACE_BOUND('',#4679,.T.);
#5018=FACE_BOUND('',#4680,.T.);
#5019=FACE_BOUND('',#4681,.T.);
#5020=FACE_BOUND('',#4682,.T.);
#5021=FACE_BOUND('',#4683,.T.);
#5022=FACE_BOUND('',#4684,.T.);
#5023=FACE_BOUND('',#4685,.T.);
#5024=FACE_BOUND('',#4686,.T.);
#5025=FACE_BOUND('',#4687,.T.);
#5026=FACE_BOUND('',#4688,.T.);
#5027=FACE_BOUND('',#4689,.T.);
#5028=FACE_BOUND('',#4690,.T.);
#5029=FACE_BOUND('',#4691,.T.);
#5030=FACE_BOUND('',#4692,.T.);
#5031=FACE_BOUND('',#4693,.T.);
#5032=FACE_BOUND('',#4694,.T.);
#5033=FACE_BOUND('',#4695,.T.);
#5034=FACE_BOUND('',#4696,.T.);
#5035=FACE_BOUND('',#4697,.T.);
#5036=FACE_BOUND('',#4698,.T.);
#5037=FACE_BOUND('',#4699,.T.);
#5038=FACE_BOUND('',#4700,.T.);
#5039=FACE_BOUND('',#4701,.T.);
#5040=FACE_BOUND('',#4702,.T.);
#5041=FACE_BOUND('',#4703,.T.);
#5042=FACE_BOUND('',#4704,.T.);
#5043=FACE_BOUND('',#4705,.T.);
#5044=FACE_BOUND('',#4706,.T.);
#5045=FACE_BOUND('',#4707,.T.);
#5046=FACE_BOUND('',#4708,.T.);
#5047=FACE_BOUND('',#4709,.T.);
#5048=FACE_BOUND('',#4710,.T.);
#5049=FACE_BOUND('',#4711,.T.);
#5050=FACE_BOUND('',#4712,.T.);
#5051=FACE_BOUND('',#4713,.T.);
#5052=FACE_BOUND('',#4714,.T.);
#5053=FACE_BOUND('',#4715,.T.);
#5054=FACE_BOUND('',#4716,.T.);
#5055=FACE_BOUND('',#4717,.T.);
#5056=FACE_BOUND('',#4718,.T.);
#5057=FACE_BOUND('',#4719,.T.);
#5058=FACE_BOUND('',#4720,.T.);
#5059=FACE_BOUND('',#4721,.T.);
#5060=FACE_BOUND('',#4722,.T.);
#5061=FACE_BOUND('',#4723,.T.);
#5062=FACE_BOUND('',#4724,.T.);
#5063=FACE_BOUND('',#4725,.T.);
#5064=FACE_BOUND('',#4726,.T.);
#5065=FACE_BOUND('',#4727,.T.);
#5066=FACE_BOUND('',#4728,.T.);
#5067=FACE_BOUND('',#4729,.T.);
#5068=FACE_BOUND('',#4730,.T.);
#5069=FACE_BOUND('',#4731,.T.);
#5070=FACE_BOUND('',#4732,.T.);
#5071=FACE_BOUND('',#4733,.T.);
#5072=FACE_BOUND('',#4734,.T.);
#5073=FACE_BOUND('',#4735,.T.);
#5074=FACE_BOUND('',#4736,.T.);
#5075=FACE_BOUND('',#4737,.T.);
#5076=FACE_BOUND('',#4738,.T.);
#5077=FACE_BOUND('',#4739,.T.);
#5078=FACE_BOUND('',#4740,.T.);
#5079=FACE_BOUND('',#4741,.T.);
#5080=FACE_BOUND('',#4742,.T.);
#5081=FACE_BOUND('',#4743,.T.);
#5082=FACE_BOUND('',#4744,.T.);
#5083=FACE_BOUND('',#4745,.T.);
#5084=FACE_BOUND('',#4746,.T.);
#5085=FACE_BOUND('',#4747,.T.);
#5086=FACE_BOUND('',#4748,.T.);
#5087=FACE_BOUND('',#4749,.T.);
#5088=FACE_BOUND('',#4750,.T.);
#5089=FACE_BOUND('',#4751,.T.);
#5090=FACE_BOUND('',#4752,.T.);
#5091=FACE_BOUND('',#4753,.T.);
#5092=FACE_BOUND('',#4754,.T.);
#5093=FACE_BOUND('',#4755,.T.);
#5094=FACE_BOUND('',#4756,.T.);
#5095=FACE_BOUND('',#4757,.T.);
#5096=FACE_BOUND('',#4758,.T.);
#5097=FACE_BOUND('',#4759,.T.);
#5098=FACE_BOUND('',#4760,.T.);
#5099=FACE_BOUND('',#4761,.T.);
#5100=FACE_BOUND('',#4762,.T.);
#5101=FACE_BOUND('',#4763,.T.);
#5102=FACE_BOUND('',#4764,.T.);
#5103=FACE_BOUND('',#4765,.T.);
#5104=FACE_BOUND('',#4766,.T.);
#5105=FACE_BOUND('',#4767,.T.);
#5106=FACE_BOUND('',#4768,.T.);
#5107=FACE_BOUND('',#4769,.T.);
#5108=FACE_BOUND('',#4770,.T.);
#5109=FACE_BOUND('',#4771,.T.);
#5110=FACE_BOUND('',#4772,.T.);
#5111=FACE_BOUND('',#4773,.T.);
#5112=FACE_BOUND('',#4774,.T.);
#5113=FACE_BOUND('',#4775,.T.);
#5114=FACE_BOUND('',#4776,.T.);
#5115=FACE_BOUND('',#4777,.T.);
#5116=FACE_BOUND('',#4778,.T.);
#5117=FACE_BOUND('',#4779,.T.);
#5118=FACE_BOUND('',#4780,.T.);
#5119=FACE_BOUND('',#4781,.T.);
#5120=FACE_BOUND('',#4782,.T.);
#5121=FACE_BOUND('',#4783,.T.);
#5122=FACE_BOUND('',#4784,.T.);
#5123=FACE_BOUND('',#4785,.T.);
#5124=FACE_BOUND('',#4786,.T.);
#5125=FACE_BOUND('',#4787,.T.);
#5126=FACE_BOUND('',#4788,.T.);
#5127=FACE_BOUND('',#4789,.T.);
#5128=FACE_BOUND('',#4790,.T.);
#5129=PLANE('',#5597);
#5130=PLANE('',#5642);
#5131=PLANE('',#5643);
#5132=PLANE('',#5644);
#5133=PLANE('',#5647);
#5134=PLANE('',#5650);
#5135=PLANE('',#5653);
#5136=PLANE('',#5658);
#5137=PLANE('',#5661);
#5138=PLANE('',#5664);
#5139=PLANE('',#5669);
#5140=PLANE('',#5672);
#5141=PLANE('',#5675);
#5142=PLANE('',#5680);
#5143=PLANE('',#5683);
#5144=PLANE('',#5686);
#5145=PLANE('',#5691);
#5146=PLANE('',#5694);
#5147=PLANE('',#5697);
#5148=PLANE('',#5702);
#5149=PLANE('',#5705);
#5150=PLANE('',#5708);
#5151=PLANE('',#5711);
#5152=PLANE('',#5712);
#5153=PLANE('',#5713);
#5154=PLANE('',#5714);
#5155=PLANE('',#5715);
#5156=PLANE('',#5716);
#5157=PLANE('',#5717);
#5158=PLANE('',#5718);
#5159=PLANE('',#5719);
#5160=PLANE('',#5728);
#5161=PLANE('',#5729);
#5162=PLANE('',#5730);
#5163=PLANE('',#5747);
#5164=PLANE('',#5748);
#5165=PLANE('',#5749);
#5166=PLANE('',#5750);
#5167=PLANE('',#5751);
#5168=PLANE('',#5752);
#5169=PLANE('',#5753);
#5170=PLANE('',#5754);
#5171=PLANE('',#5755);
#5172=PLANE('',#5756);
#5173=PLANE('',#5757);
#5174=PLANE('',#5761);
#5175=PLANE('',#5762);
#5176=PLANE('',#5763);
#5177=PLANE('',#5766);
#5178=PLANE('',#5767);
#5179=PLANE('',#5772);
#5180=PLANE('',#5773);
#5181=PLANE('',#5774);
#5182=PLANE('',#5775);
#5183=PLANE('',#5776);
#5184=PLANE('',#5777);
#5185=PLANE('',#5778);
#5186=PLANE('',#5779);
#5187=PLANE('',#5780);
#5188=PLANE('',#5781);
#5189=PLANE('',#5784);
#5190=PLANE('',#5787);
#5191=PLANE('',#5788);
#5192=PLANE('',#5789);
#5193=PLANE('',#5790);
#5194=PLANE('',#5791);
#5195=PLANE('',#5798);
#5196=PLANE('',#5801);
#5197=PLANE('',#5806);
#5198=PLANE('',#5807);
#5199=PLANE('',#5808);
#5200=PLANE('',#5809);
#5201=PLANE('',#5810);
#5202=PLANE('',#5811);
#5203=PLANE('',#5812);
#5204=PLANE('',#5813);
#5205=PLANE('',#5814);
#5206=PLANE('',#5815);
#5207=PLANE('',#5816);
#5208=PLANE('',#5817);
#5209=PLANE('',#5818);
#5210=PLANE('',#5819);
#5211=PLANE('',#5820);
#5212=PLANE('',#5821);
#5213=PLANE('',#5822);
#5214=PLANE('',#5823);
#5215=PLANE('',#5824);
#5216=PLANE('',#5825);
#5217=PLANE('',#5826);
#5218=PLANE('',#5827);
#5219=PLANE('',#5828);
#5220=PLANE('',#5829);
#5221=PLANE('',#5830);
#5222=PLANE('',#5831);
#5223=PLANE('',#5832);
#5224=PLANE('',#5833);
#5225=PLANE('',#5834);
#5226=PLANE('',#5835);
#5227=PLANE('',#5836);
#5228=PLANE('',#5837);
#5229=PLANE('',#5838);
#5230=PLANE('',#5839);
#5231=PLANE('',#5840);
#5232=PLANE('',#5841);
#5233=PLANE('',#5842);
#5234=PLANE('',#5843);
#5235=PLANE('',#5844);
#5236=PLANE('',#5845);
#5237=PLANE('',#5846);
#5238=PLANE('',#5847);
#5239=PLANE('',#5848);
#5240=PLANE('',#5849);
#5241=PLANE('',#5850);
#5242=PLANE('',#5851);
#5243=PLANE('',#5852);
#5244=PLANE('',#5853);
#5245=PLANE('',#5854);
#5246=PLANE('',#5855);
#5247=PLANE('',#5856);
#5248=PLANE('',#5857);
#5249=PLANE('',#5858);
#5250=PLANE('',#5859);
#5251=PLANE('',#5860);
#5252=PLANE('',#5861);
#5253=PLANE('',#5862);
#5254=PLANE('',#5863);
#5255=PLANE('',#5864);
#5256=PLANE('',#5865);
#5257=PLANE('',#5866);
#5258=PLANE('',#5867);
#5259=PLANE('',#5868);
#5260=PLANE('',#5869);
#5261=PLANE('',#5870);
#5262=PLANE('',#5871);
#5263=PLANE('',#5872);
#5264=PLANE('',#5873);
#5265=PLANE('',#5874);
#5266=PLANE('',#5875);
#5267=PLANE('',#5876);
#5268=PLANE('',#5877);
#5269=PLANE('',#5878);
#5270=PLANE('',#5879);
#5271=PLANE('',#5880);
#5272=PLANE('',#5881);
#5273=PLANE('',#5882);
#5274=PLANE('',#5883);
#5275=PLANE('',#5884);
#5276=PLANE('',#5885);
#5277=PLANE('',#5886);
#5278=PLANE('',#5887);
#5279=PLANE('',#5888);
#5280=PLANE('',#5889);
#5281=PLANE('',#5890);
#5282=PLANE('',#5891);
#5283=PLANE('',#5892);
#5284=PLANE('',#5893);
#5285=PLANE('',#5894);
#5286=PLANE('',#5895);
#5287=PLANE('',#5896);
#5288=PLANE('',#5897);
#5289=PLANE('',#5898);
#5290=PLANE('',#5899);
#5291=PLANE('',#5900);
#5292=ADVANCED_FACE('',(#4791,#4792,#4793,#4794,#4795,#4796,#4797,#4798,
#4799,#4800,#4801,#4802,#4803,#4804,#4805,#4806,#4807,#4808,#4809,#4810,
#4811,#4812,#4813,#4814,#4815),#5129,.T.);
#5293=ADVANCED_FACE('',(#4816),#5130,.T.);
#5294=ADVANCED_FACE('',(#4817),#5131,.F.);
#5295=ADVANCED_FACE('',(#4818),#5132,.F.);
#5296=ADVANCED_FACE('',(#4819),#94,.F.);
#5297=ADVANCED_FACE('',(#4820),#5133,.F.);
#5298=ADVANCED_FACE('',(#4821),#95,.F.);
#5299=ADVANCED_FACE('',(#4822),#5134,.F.);
#5300=ADVANCED_FACE('',(#4823),#96,.F.);
#5301=ADVANCED_FACE('',(#4824),#5135,.T.);
#5302=ADVANCED_FACE('',(#4825),#97,.F.);
#5303=ADVANCED_FACE('',(#4826),#98,.F.);
#5304=ADVANCED_FACE('',(#4827),#5136,.F.);
#5305=ADVANCED_FACE('',(#4828),#99,.F.);
#5306=ADVANCED_FACE('',(#4829),#5137,.F.);
#5307=ADVANCED_FACE('',(#4830),#100,.F.);
#5308=ADVANCED_FACE('',(#4831),#5138,.T.);
#5309=ADVANCED_FACE('',(#4832),#101,.F.);
#5310=ADVANCED_FACE('',(#4833),#102,.F.);
#5311=ADVANCED_FACE('',(#4834),#5139,.F.);
#5312=ADVANCED_FACE('',(#4835),#103,.F.);
#5313=ADVANCED_FACE('',(#4836),#5140,.F.);
#5314=ADVANCED_FACE('',(#4837),#104,.F.);
#5315=ADVANCED_FACE('',(#4838),#5141,.T.);
#5316=ADVANCED_FACE('',(#4839),#105,.F.);
#5317=ADVANCED_FACE('',(#4840),#106,.F.);
#5318=ADVANCED_FACE('',(#4841),#5142,.F.);
#5319=ADVANCED_FACE('',(#4842),#107,.F.);
#5320=ADVANCED_FACE('',(#4843),#5143,.F.);
#5321=ADVANCED_FACE('',(#4844),#108,.F.);
#5322=ADVANCED_FACE('',(#4845),#5144,.T.);
#5323=ADVANCED_FACE('',(#4846),#109,.F.);
#5324=ADVANCED_FACE('',(#4847),#110,.F.);
#5325=ADVANCED_FACE('',(#4848),#5145,.F.);
#5326=ADVANCED_FACE('',(#4849),#111,.F.);
#5327=ADVANCED_FACE('',(#4850),#5146,.F.);
#5328=ADVANCED_FACE('',(#4851),#112,.F.);
#5329=ADVANCED_FACE('',(#4852),#5147,.T.);
#5330=ADVANCED_FACE('',(#4853),#113,.F.);
#5331=ADVANCED_FACE('',(#4854),#114,.F.);
#5332=ADVANCED_FACE('',(#4855),#5148,.F.);
#5333=ADVANCED_FACE('',(#4856),#115,.F.);
#5334=ADVANCED_FACE('',(#4857),#5149,.F.);
#5335=ADVANCED_FACE('',(#4858),#116,.F.);
#5336=ADVANCED_FACE('',(#4859),#5150,.T.);
#5337=ADVANCED_FACE('',(#4860),#117,.F.);
#5338=ADVANCED_FACE('',(#4861),#5151,.T.);
#5339=ADVANCED_FACE('',(#4862),#5152,.F.);
#5340=ADVANCED_FACE('',(#4863),#5153,.F.);
#5341=ADVANCED_FACE('',(#4864),#5154,.T.);
#5342=ADVANCED_FACE('',(#4865),#5155,.T.);
#5343=ADVANCED_FACE('',(#4866),#5156,.T.);
#5344=ADVANCED_FACE('',(#4867),#5157,.T.);
#5345=ADVANCED_FACE('',(#4868),#5158,.T.);
#5346=ADVANCED_FACE('',(#4869),#5159,.T.);
#5347=ADVANCED_FACE('',(#4870,#4871),#118,.F.);
#5348=ADVANCED_FACE('',(#4872,#4873),#119,.F.);
#5349=ADVANCED_FACE('',(#4874,#4875),#120,.F.);
#5350=ADVANCED_FACE('',(#4876,#4877),#121,.F.);
#5351=ADVANCED_FACE('',(#4878),#5160,.T.);
#5352=ADVANCED_FACE('',(#4879),#5161,.T.);
#5353=ADVANCED_FACE('',(#4880,#4881,#4882,#4883,#4884,#4885,#4886,#4887,
#4888,#4889,#4890,#4891),#5162,.F.);
#5354=ADVANCED_FACE('',(#4892),#122,.F.);
#5355=ADVANCED_FACE('',(#4893),#123,.F.);
#5356=ADVANCED_FACE('',(#4894),#124,.F.);
#5357=ADVANCED_FACE('',(#4895),#125,.F.);
#5358=ADVANCED_FACE('',(#4896),#126,.T.);
#5359=ADVANCED_FACE('',(#4897),#127,.T.);
#5360=ADVANCED_FACE('',(#4898),#128,.T.);
#5361=ADVANCED_FACE('',(#4899),#129,.T.);
#5362=ADVANCED_FACE('',(#4900),#5163,.T.);
#5363=ADVANCED_FACE('',(#4901),#5164,.T.);
#5364=ADVANCED_FACE('',(#4902),#5165,.T.);
#5365=ADVANCED_FACE('',(#4903),#5166,.T.);
#5366=ADVANCED_FACE('',(#4904),#5167,.T.);
#5367=ADVANCED_FACE('',(#4905),#5168,.T.);
#5368=ADVANCED_FACE('',(#4906),#5169,.T.);
#5369=ADVANCED_FACE('',(#4907),#5170,.T.);
#5370=ADVANCED_FACE('',(#4908),#5171,.T.);
#5371=ADVANCED_FACE('',(#4909),#5172,.T.);
#5372=ADVANCED_FACE('',(#4910),#5173,.T.);
#5373=ADVANCED_FACE('',(#4911),#130,.F.);
#5374=ADVANCED_FACE('',(#4912),#12,.T.);
#5375=ADVANCED_FACE('',(#4913),#13,.T.);
#5376=ADVANCED_FACE('',(#4914),#5174,.T.);
#5377=ADVANCED_FACE('',(#4915),#5175,.T.);
#5378=ADVANCED_FACE('',(#4916),#14,.T.);
#5379=ADVANCED_FACE('',(#4917),#15,.T.);
#5380=ADVANCED_FACE('',(#4918),#5176,.T.);
#5381=ADVANCED_FACE('',(#4919),#131,.F.);
#5382=ADVANCED_FACE('',(#4920),#16,.T.);
#5383=ADVANCED_FACE('',(#4921),#17,.T.);
#5384=ADVANCED_FACE('',(#4922),#18,.T.);
#5385=ADVANCED_FACE('',(#4923),#5177,.T.);
#5386=ADVANCED_FACE('',(#4924),#5178,.T.);
#5387=ADVANCED_FACE('',(#4925),#19,.T.);
#5388=ADVANCED_FACE('',(#4926),#20,.T.);
#5389=ADVANCED_FACE('',(#4927),#132,.T.);
#5390=ADVANCED_FACE('',(#4928),#133,.T.);
#5391=ADVANCED_FACE('',(#4929),#21,.T.);
#5392=ADVANCED_FACE('',(#4930),#5179,.T.);
#5393=ADVANCED_FACE('',(#4931),#22,.T.);
#5394=ADVANCED_FACE('',(#4932),#23,.T.);
#5395=ADVANCED_FACE('',(#4933,#4934),#5180,.T.);
#5396=ADVANCED_FACE('',(#4935),#5181,.T.);
#5397=ADVANCED_FACE('',(#4936),#5182,.T.);
#5398=ADVANCED_FACE('',(#4937),#5183,.T.);
#5399=ADVANCED_FACE('',(#4938),#5184,.T.);
#5400=ADVANCED_FACE('',(#4939),#5185,.T.);
#5401=ADVANCED_FACE('',(#4940),#5186,.T.);
#5402=ADVANCED_FACE('',(#4941),#5187,.T.);
#5403=ADVANCED_FACE('',(#4942),#5188,.T.);
#5404=ADVANCED_FACE('',(#4943),#24,.T.);
#5405=ADVANCED_FACE('',(#4944),#25,.T.);
#5406=ADVANCED_FACE('',(#4945),#134,.T.);
#5407=ADVANCED_FACE('',(#4946),#5189,.T.);
#5408=ADVANCED_FACE('',(#4947),#135,.F.);
#5409=ADVANCED_FACE('',(#4948),#26,.T.);
#5410=ADVANCED_FACE('',(#4949),#27,.T.);
#5411=ADVANCED_FACE('',(#4950),#5190,.T.);
#5412=ADVANCED_FACE('',(#4951),#5191,.T.);
#5413=ADVANCED_FACE('',(#4952),#5192,.T.);
#5414=ADVANCED_FACE('',(#4953),#5193,.T.);
#5415=ADVANCED_FACE('',(#4954),#5194,.T.);
#5416=ADVANCED_FACE('',(#4955),#28,.T.);
#5417=ADVANCED_FACE('',(#4956),#29,.T.);
#5418=ADVANCED_FACE('',(#4957),#136,.F.);
#5419=ADVANCED_FACE('',(#4958),#137,.F.);
#5420=ADVANCED_FACE('',(#4959),#30,.T.);
#5421=ADVANCED_FACE('',(#4960),#31,.T.);
#5422=ADVANCED_FACE('',(#4961),#32,.T.);
#5423=ADVANCED_FACE('',(#4962),#33,.T.);
#5424=ADVANCED_FACE('',(#4963),#5195,.T.);
#5425=ADVANCED_FACE('',(#4964),#34,.T.);
#5426=ADVANCED_FACE('',(#4965),#35,.T.);
#5427=ADVANCED_FACE('',(#4966),#36,.T.);
#5428=ADVANCED_FACE('',(#4967),#138,.T.);
#5429=ADVANCED_FACE('',(#4968),#37,.T.);
#5430=ADVANCED_FACE('',(#4969),#5196,.T.);
#5431=ADVANCED_FACE('',(#4970),#38,.T.);
#5432=ADVANCED_FACE('',(#4971),#39,.T.);
#5433=ADVANCED_FACE('',(#4972),#139,.T.);
#5434=ADVANCED_FACE('',(#4973),#140,.T.);
#5435=ADVANCED_FACE('',(#4974),#40,.T.);
#5436=ADVANCED_FACE('',(#4975,#4976),#5197,.T.);
#5437=ADVANCED_FACE('',(#4977),#5198,.T.);
#5438=ADVANCED_FACE('',(#4978),#5199,.T.);
#5439=ADVANCED_FACE('',(#4979),#5200,.T.);
#5440=ADVANCED_FACE('',(#4980),#5201,.T.);
#5441=ADVANCED_FACE('',(#4981),#5202,.T.);
#5442=ADVANCED_FACE('',(#4982),#5203,.T.);
#5443=ADVANCED_FACE('',(#4983),#5204,.T.);
#5444=ADVANCED_FACE('',(#4984),#5205,.T.);
#5445=ADVANCED_FACE('',(#4985),#5206,.T.);
#5446=ADVANCED_FACE('',(#4986),#5207,.T.);
#5447=ADVANCED_FACE('',(#4987),#5208,.T.);
#5448=ADVANCED_FACE('',(#4988),#5209,.T.);
#5449=ADVANCED_FACE('',(#4989),#41,.T.);
#5450=ADVANCED_FACE('',(#4990),#5210,.T.);
#5451=ADVANCED_FACE('',(#4991),#42,.T.);
#5452=ADVANCED_FACE('',(#4992),#43,.T.);
#5453=ADVANCED_FACE('',(#4993),#44,.T.);
#5454=ADVANCED_FACE('',(#4994),#45,.T.);
#5455=ADVANCED_FACE('',(#4995),#5211,.T.);
#5456=ADVANCED_FACE('',(#4996),#46,.T.);
#5457=ADVANCED_FACE('',(#4997),#47,.T.);
#5458=ADVANCED_FACE('',(#4998),#48,.T.);
#5459=ADVANCED_FACE('',(#4999),#5212,.T.);
#5460=ADVANCED_FACE('',(#5000),#49,.T.);
#5461=ADVANCED_FACE('',(#5001),#50,.T.);
#5462=ADVANCED_FACE('',(#5002),#51,.T.);
#5463=ADVANCED_FACE('',(#5003),#52,.T.);
#5464=ADVANCED_FACE('',(#5004),#53,.T.);
#5465=ADVANCED_FACE('',(#5005),#54,.T.);
#5466=ADVANCED_FACE('',(#5006),#5213,.T.);
#5467=ADVANCED_FACE('',(#5007),#55,.T.);
#5468=ADVANCED_FACE('',(#5008),#56,.T.);
#5469=ADVANCED_FACE('',(#5009),#57,.T.);
#5470=ADVANCED_FACE('',(#5010),#58,.T.);
#5471=ADVANCED_FACE('',(#5011),#59,.T.);
#5472=ADVANCED_FACE('',(#5012),#60,.T.);
#5473=ADVANCED_FACE('',(#5013,#5014),#5214,.T.);
#5474=ADVANCED_FACE('',(#5015),#5215,.T.);
#5475=ADVANCED_FACE('',(#5016),#5216,.T.);
#5476=ADVANCED_FACE('',(#5017),#5217,.T.);
#5477=ADVANCED_FACE('',(#5018),#5218,.T.);
#5478=ADVANCED_FACE('',(#5019),#5219,.T.);
#5479=ADVANCED_FACE('',(#5020),#5220,.T.);
#5480=ADVANCED_FACE('',(#5021),#5221,.T.);
#5481=ADVANCED_FACE('',(#5022),#5222,.T.);
#5482=ADVANCED_FACE('',(#5023),#5223,.T.);
#5483=ADVANCED_FACE('',(#5024),#5224,.T.);
#5484=ADVANCED_FACE('',(#5025),#5225,.T.);
#5485=ADVANCED_FACE('',(#5026),#5226,.T.);
#5486=ADVANCED_FACE('',(#5027),#5227,.T.);
#5487=ADVANCED_FACE('',(#5028),#5228,.T.);
#5488=ADVANCED_FACE('',(#5029),#5229,.T.);
#5489=ADVANCED_FACE('',(#5030),#5230,.T.);
#5490=ADVANCED_FACE('',(#5031),#5231,.T.);
#5491=ADVANCED_FACE('',(#5032),#5232,.T.);
#5492=ADVANCED_FACE('',(#5033),#5233,.T.);
#5493=ADVANCED_FACE('',(#5034),#5234,.T.);
#5494=ADVANCED_FACE('',(#5035),#5235,.T.);
#5495=ADVANCED_FACE('',(#5036),#5236,.T.);
#5496=ADVANCED_FACE('',(#5037),#5237,.T.);
#5497=ADVANCED_FACE('',(#5038),#5238,.T.);
#5498=ADVANCED_FACE('',(#5039),#5239,.T.);
#5499=ADVANCED_FACE('',(#5040),#5240,.T.);
#5500=ADVANCED_FACE('',(#5041),#61,.T.);
#5501=ADVANCED_FACE('',(#5042),#62,.T.);
#5502=ADVANCED_FACE('',(#5043),#63,.T.);
#5503=ADVANCED_FACE('',(#5044),#5241,.T.);
#5504=ADVANCED_FACE('',(#5045),#5242,.T.);
#5505=ADVANCED_FACE('',(#5046),#64,.T.);
#5506=ADVANCED_FACE('',(#5047),#65,.T.);
#5507=ADVANCED_FACE('',(#5048),#66,.T.);
#5508=ADVANCED_FACE('',(#5049),#67,.T.);
#5509=ADVANCED_FACE('',(#5050),#5243,.T.);
#5510=ADVANCED_FACE('',(#5051),#5244,.T.);
#5511=ADVANCED_FACE('',(#5052),#5245,.T.);
#5512=ADVANCED_FACE('',(#5053),#68,.T.);
#5513=ADVANCED_FACE('',(#5054,#5055),#5246,.T.);
#5514=ADVANCED_FACE('',(#5056),#5247,.T.);
#5515=ADVANCED_FACE('',(#5057),#5248,.T.);
#5516=ADVANCED_FACE('',(#5058),#5249,.T.);
#5517=ADVANCED_FACE('',(#5059),#5250,.T.);
#5518=ADVANCED_FACE('',(#5060),#5251,.T.);
#5519=ADVANCED_FACE('',(#5061),#5252,.T.);
#5520=ADVANCED_FACE('',(#5062),#5253,.T.);
#5521=ADVANCED_FACE('',(#5063),#5254,.T.);
#5522=ADVANCED_FACE('',(#5064),#5255,.T.);
#5523=ADVANCED_FACE('',(#5065),#5256,.T.);
#5524=ADVANCED_FACE('',(#5066),#5257,.T.);
#5525=ADVANCED_FACE('',(#5067),#5258,.T.);
#5526=ADVANCED_FACE('',(#5068,#5069),#5259,.T.);
#5527=ADVANCED_FACE('',(#5070),#5260,.T.);
#5528=ADVANCED_FACE('',(#5071),#5261,.T.);
#5529=ADVANCED_FACE('',(#5072),#5262,.T.);
#5530=ADVANCED_FACE('',(#5073),#69,.T.);
#5531=ADVANCED_FACE('',(#5074),#70,.T.);
#5532=ADVANCED_FACE('',(#5075),#5263,.T.);
#5533=ADVANCED_FACE('',(#5076),#71,.T.);
#5534=ADVANCED_FACE('',(#5077),#72,.T.);
#5535=ADVANCED_FACE('',(#5078),#5264,.T.);
#5536=ADVANCED_FACE('',(#5079),#5265,.T.);
#5537=ADVANCED_FACE('',(#5080),#73,.T.);
#5538=ADVANCED_FACE('',(#5081),#74,.T.);
#5539=ADVANCED_FACE('',(#5082),#75,.T.);
#5540=ADVANCED_FACE('',(#5083),#5266,.T.);
#5541=ADVANCED_FACE('',(#5084),#76,.T.);
#5542=ADVANCED_FACE('',(#5085),#77,.T.);
#5543=ADVANCED_FACE('',(#5086),#78,.T.);
#5544=ADVANCED_FACE('',(#5087),#5267,.T.);
#5545=ADVANCED_FACE('',(#5088),#5268,.T.);
#5546=ADVANCED_FACE('',(#5089,#5090),#5269,.T.);
#5547=ADVANCED_FACE('',(#5091),#5270,.T.);
#5548=ADVANCED_FACE('',(#5092),#79,.T.);
#5549=ADVANCED_FACE('',(#5093),#80,.T.);
#5550=ADVANCED_FACE('',(#5094),#81,.T.);
#5551=ADVANCED_FACE('',(#5095),#82,.T.);
#5552=ADVANCED_FACE('',(#5096),#5271,.T.);
#5553=ADVANCED_FACE('',(#5097),#83,.T.);
#5554=ADVANCED_FACE('',(#5098),#84,.T.);
#5555=ADVANCED_FACE('',(#5099),#5272,.T.);
#5556=ADVANCED_FACE('',(#5100),#85,.T.);
#5557=ADVANCED_FACE('',(#5101),#86,.T.);
#5558=ADVANCED_FACE('',(#5102),#87,.T.);
#5559=ADVANCED_FACE('',(#5103),#5273,.T.);
#5560=ADVANCED_FACE('',(#5104),#5274,.T.);
#5561=ADVANCED_FACE('',(#5105),#5275,.T.);
#5562=ADVANCED_FACE('',(#5106),#5276,.T.);
#5563=ADVANCED_FACE('',(#5107),#5277,.T.);
#5564=ADVANCED_FACE('',(#5108),#88,.T.);
#5565=ADVANCED_FACE('',(#5109),#89,.T.);
#5566=ADVANCED_FACE('',(#5110),#90,.T.);
#5567=ADVANCED_FACE('',(#5111,#5112),#5278,.T.);
#5568=ADVANCED_FACE('',(#5113),#5279,.T.);
#5569=ADVANCED_FACE('',(#5114),#5280,.T.);
#5570=ADVANCED_FACE('',(#5115),#5281,.T.);
#5571=ADVANCED_FACE('',(#5116),#5282,.T.);
#5572=ADVANCED_FACE('',(#5117),#5283,.T.);
#5573=ADVANCED_FACE('',(#5118),#5284,.T.);
#5574=ADVANCED_FACE('',(#5119),#91,.T.);
#5575=ADVANCED_FACE('',(#5120),#92,.T.);
#5576=ADVANCED_FACE('',(#5121),#5285,.T.);
#5577=ADVANCED_FACE('',(#5122),#5286,.T.);
#5578=ADVANCED_FACE('',(#5123),#5287,.T.);
#5579=ADVANCED_FACE('',(#5124),#5288,.T.);
#5580=ADVANCED_FACE('',(#5125),#93,.T.);
#5581=ADVANCED_FACE('',(#5126),#5289,.T.);
#5582=ADVANCED_FACE('',(#5127),#5290,.T.);
#5583=ADVANCED_FACE('',(#5128),#5291,.T.);
#5584=CLOSED_SHELL('',(#5292,#5293,#5294,#5295,#5296,#5297,#5298,#5299,
#5300,#5301,#5302,#5303,#5304,#5305,#5306,#5307,#5308,#5309,#5310,#5311,
#5312,#5313,#5314,#5315,#5316,#5317,#5318,#5319,#5320,#5321,#5322,#5323,
#5324,#5325,#5326,#5327,#5328,#5329,#5330,#5331,#5332,#5333,#5334,#5335,
#5336,#5337,#5338,#5339,#5340,#5341,#5342,#5343,#5344,#5345,#5346,#5347,
#5348,#5349,#5350,#5351,#5352,#5353,#5354,#5355,#5356,#5357,#5358,#5359,
#5360,#5361,#5362,#5363,#5364,#5365,#5366,#5367,#5368,#5369,#5370,#5371,
#5372,#5373,#5374,#5375,#5376,#5377,#5378,#5379,#5380,#5381,#5382,#5383,
#5384,#5385,#5386,#5387,#5388,#5389,#5390,#5391,#5392,#5393,#5394,#5395,
#5396,#5397,#5398,#5399,#5400,#5401,#5402,#5403,#5404,#5405,#5406,#5407,
#5408,#5409,#5410,#5411,#5412,#5413,#5414,#5415,#5416,#5417,#5418,#5419,
#5420,#5421,#5422,#5423,#5424,#5425,#5426,#5427,#5428,#5429,#5430,#5431,
#5432,#5433,#5434,#5435,#5436,#5437,#5438,#5439,#5440,#5441,#5442,#5443,
#5444,#5445,#5446,#5447,#5448,#5449,#5450,#5451,#5452,#5453,#5454,#5455,
#5456,#5457,#5458,#5459,#5460,#5461,#5462,#5463,#5464,#5465,#5466,#5467,
#5468,#5469,#5470,#5471,#5472,#5473,#5474,#5475,#5476,#5477,#5478,#5479,
#5480,#5481,#5482,#5483,#5484,#5485,#5486,#5487,#5488,#5489,#5490,#5491,
#5492,#5493,#5494,#5495,#5496,#5497,#5498,#5499,#5500,#5501,#5502,#5503,
#5504,#5505,#5506,#5507,#5508,#5509,#5510,#5511,#5512,#5513,#5514,#5515,
#5516,#5517,#5518,#5519,#5520,#5521,#5522,#5523,#5524,#5525,#5526,#5527,
#5528,#5529,#5530,#5531,#5532,#5533,#5534,#5535,#5536,#5537,#5538,#5539,
#5540,#5541,#5542,#5543,#5544,#5545,#5546,#5547,#5548,#5549,#5550,#5551,
#5552,#5553,#5554,#5555,#5556,#5557,#5558,#5559,#5560,#5561,#5562,#5563,
#5564,#5565,#5566,#5567,#5568,#5569,#5570,#5571,#5572,#5573,#5574,#5575,
#5576,#5577,#5578,#5579,#5580,#5581,#5582,#5583));
#5585=STYLED_ITEM('',(#5586),#5593);
#5586=PRESENTATION_STYLE_ASSIGNMENT((#5587));
#5587=SURFACE_STYLE_USAGE(.BOTH.,#5588);
#5588=SURFACE_SIDE_STYLE('',(#5589));
#5589=SURFACE_STYLE_FILL_AREA(#5590);
#5590=FILL_AREA_STYLE('',(#5591));
#5591=FILL_AREA_STYLE_COLOUR('',#5592);
#5592=COLOUR_RGB('',0.231372549019608,0.380392156862745,0.705882352941177);
#5593=MANIFOLD_SOLID_BREP('Part 3',#5584);
#5594=SHAPE_DEFINITION_REPRESENTATION(#9606,#5595);
#5595=SHAPE_REPRESENTATION('Part 3',(#5596),#9601);
#5596=AXIS2_PLACEMENT_3D('',#7059,#5901,#5902);
#5597=AXIS2_PLACEMENT_3D('',#7060,#5903,#5904);
#5598=AXIS2_PLACEMENT_3D('',#7322,#5971,#5972);
#5599=AXIS2_PLACEMENT_3D('',#7324,#5973,#5974);
#5600=AXIS2_PLACEMENT_3D('',#7340,#5976,#5977);
#5601=AXIS2_PLACEMENT_3D('',#7374,#5984,#5985);
#5602=AXIS2_PLACEMENT_3D('',#7378,#5987,#5988);
#5603=AXIS2_PLACEMENT_3D('',#7414,#5996,#5997);
#5604=AXIS2_PLACEMENT_3D('',#7416,#5998,#5999);
#5605=AXIS2_PLACEMENT_3D('',#7442,#6002,#6003);
#5606=AXIS2_PLACEMENT_3D('',#7472,#6016,#6017);
#5607=AXIS2_PLACEMENT_3D('',#7476,#6019,#6020);
#5608=AXIS2_PLACEMENT_3D('',#7480,#6022,#6023);
#5609=AXIS2_PLACEMENT_3D('',#7484,#6025,#6026);
#5610=AXIS2_PLACEMENT_3D('',#7485,#6027,#6028);
#5611=AXIS2_PLACEMENT_3D('',#7487,#6029,#6030);
#5612=AXIS2_PLACEMENT_3D('',#7489,#6031,#6032);
#5613=AXIS2_PLACEMENT_3D('',#7491,#6033,#6034);
#5614=AXIS2_PLACEMENT_3D('',#7493,#6035,#6036);
#5615=AXIS2_PLACEMENT_3D('',#7498,#6038,#6039);
#5616=AXIS2_PLACEMENT_3D('',#7502,#6041,#6042);
#5617=AXIS2_PLACEMENT_3D('',#7506,#6044,#6045);
#5618=AXIS2_PLACEMENT_3D('',#7509,#6047,#6048);
#5619=AXIS2_PLACEMENT_3D('',#7514,#6050,#6051);
#5620=AXIS2_PLACEMENT_3D('',#7518,#6053,#6054);
#5621=AXIS2_PLACEMENT_3D('',#7522,#6056,#6057);
#5622=AXIS2_PLACEMENT_3D('',#7525,#6059,#6060);
#5623=AXIS2_PLACEMENT_3D('',#7530,#6062,#6063);
#5624=AXIS2_PLACEMENT_3D('',#7534,#6065,#6066);
#5625=AXIS2_PLACEMENT_3D('',#7538,#6068,#6069);
#5626=AXIS2_PLACEMENT_3D('',#7541,#6071,#6072);
#5627=AXIS2_PLACEMENT_3D('',#7546,#6074,#6075);
#5628=AXIS2_PLACEMENT_3D('',#7550,#6077,#6078);
#5629=AXIS2_PLACEMENT_3D('',#7554,#6080,#6081);
#5630=AXIS2_PLACEMENT_3D('',#7557,#6083,#6084);
#5631=AXIS2_PLACEMENT_3D('',#7562,#6086,#6087);
#5632=AXIS2_PLACEMENT_3D('',#7566,#6089,#6090);
#5633=AXIS2_PLACEMENT_3D('',#7570,#6092,#6093);
#5634=AXIS2_PLACEMENT_3D('',#7573,#6095,#6096);
#5635=AXIS2_PLACEMENT_3D('',#7578,#6098,#6099);
#5636=AXIS2_PLACEMENT_3D('',#7582,#6101,#6102);
#5637=AXIS2_PLACEMENT_3D('',#7586,#6104,#6105);
#5638=AXIS2_PLACEMENT_3D('',#7592,#6108,#6109);
#5639=AXIS2_PLACEMENT_3D('',#7596,#6111,#6112);
#5640=AXIS2_PLACEMENT_3D('',#7600,#6114,#6115);
#5641=AXIS2_PLACEMENT_3D('',#7604,#6117,#6118);
#5642=AXIS2_PLACEMENT_3D('',#7605,#6119,#6120);
#5643=AXIS2_PLACEMENT_3D('',#7611,#6124,#6125);
#5644=AXIS2_PLACEMENT_3D('',#7617,#6129,#6130);
#5645=AXIS2_PLACEMENT_3D('',#7623,#6134,#6135);
#5646=AXIS2_PLACEMENT_3D('',#7624,#6136,#6137);
#5647=AXIS2_PLACEMENT_3D('',#7629,#6140,#6141);
#5648=AXIS2_PLACEMENT_3D('',#7633,#6144,#6145);
#5649=AXIS2_PLACEMENT_3D('',#7634,#6146,#6147);
#5650=AXIS2_PLACEMENT_3D('',#7637,#6149,#6150);
#5651=AXIS2_PLACEMENT_3D('',#7641,#6153,#6154);
#5652=AXIS2_PLACEMENT_3D('',#7642,#6155,#6156);
#5653=AXIS2_PLACEMENT_3D('',#7645,#6158,#6159);
#5654=AXIS2_PLACEMENT_3D('',#7649,#6162,#6163);
#5655=AXIS2_PLACEMENT_3D('',#7650,#6164,#6165);
#5656=AXIS2_PLACEMENT_3D('',#7653,#6167,#6168);
#5657=AXIS2_PLACEMENT_3D('',#7654,#6169,#6170);
#5658=AXIS2_PLACEMENT_3D('',#7659,#6173,#6174);
#5659=AXIS2_PLACEMENT_3D('',#7663,#6177,#6178);
#5660=AXIS2_PLACEMENT_3D('',#7664,#6179,#6180);
#5661=AXIS2_PLACEMENT_3D('',#7667,#6182,#6183);
#5662=AXIS2_PLACEMENT_3D('',#7671,#6186,#6187);
#5663=AXIS2_PLACEMENT_3D('',#7672,#6188,#6189);
#5664=AXIS2_PLACEMENT_3D('',#7675,#6191,#6192);
#5665=AXIS2_PLACEMENT_3D('',#7679,#6195,#6196);
#5666=AXIS2_PLACEMENT_3D('',#7680,#6197,#6198);
#5667=AXIS2_PLACEMENT_3D('',#7683,#6200,#6201);
#5668=AXIS2_PLACEMENT_3D('',#7684,#6202,#6203);
#5669=AXIS2_PLACEMENT_3D('',#7689,#6206,#6207);
#5670=AXIS2_PLACEMENT_3D('',#7693,#6210,#6211);
#5671=AXIS2_PLACEMENT_3D('',#7694,#6212,#6213);
#5672=AXIS2_PLACEMENT_3D('',#7697,#6215,#6216);
#5673=AXIS2_PLACEMENT_3D('',#7701,#6219,#6220);
#5674=AXIS2_PLACEMENT_3D('',#7702,#6221,#6222);
#5675=AXIS2_PLACEMENT_3D('',#7705,#6224,#6225);
#5676=AXIS2_PLACEMENT_3D('',#7709,#6228,#6229);
#5677=AXIS2_PLACEMENT_3D('',#7710,#6230,#6231);
#5678=AXIS2_PLACEMENT_3D('',#7713,#6233,#6234);
#5679=AXIS2_PLACEMENT_3D('',#7714,#6235,#6236);
#5680=AXIS2_PLACEMENT_3D('',#7719,#6239,#6240);
#5681=AXIS2_PLACEMENT_3D('',#7723,#6243,#6244);
#5682=AXIS2_PLACEMENT_3D('',#7724,#6245,#6246);
#5683=AXIS2_PLACEMENT_3D('',#7727,#6248,#6249);
#5684=AXIS2_PLACEMENT_3D('',#7731,#6252,#6253);
#5685=AXIS2_PLACEMENT_3D('',#7732,#6254,#6255);
#5686=AXIS2_PLACEMENT_3D('',#7735,#6257,#6258);
#5687=AXIS2_PLACEMENT_3D('',#7739,#6261,#6262);
#5688=AXIS2_PLACEMENT_3D('',#7740,#6263,#6264);
#5689=AXIS2_PLACEMENT_3D('',#7743,#6266,#6267);
#5690=AXIS2_PLACEMENT_3D('',#7744,#6268,#6269);
#5691=AXIS2_PLACEMENT_3D('',#7749,#6272,#6273);
#5692=AXIS2_PLACEMENT_3D('',#7753,#6276,#6277);
#5693=AXIS2_PLACEMENT_3D('',#7754,#6278,#6279);
#5694=AXIS2_PLACEMENT_3D('',#7757,#6281,#6282);
#5695=AXIS2_PLACEMENT_3D('',#7761,#6285,#6286);
#5696=AXIS2_PLACEMENT_3D('',#7762,#6287,#6288);
#5697=AXIS2_PLACEMENT_3D('',#7765,#6290,#6291);
#5698=AXIS2_PLACEMENT_3D('',#7769,#6294,#6295);
#5699=AXIS2_PLACEMENT_3D('',#7770,#6296,#6297);
#5700=AXIS2_PLACEMENT_3D('',#7773,#6299,#6300);
#5701=AXIS2_PLACEMENT_3D('',#7774,#6301,#6302);
#5702=AXIS2_PLACEMENT_3D('',#7779,#6305,#6306);
#5703=AXIS2_PLACEMENT_3D('',#7783,#6309,#6310);
#5704=AXIS2_PLACEMENT_3D('',#7784,#6311,#6312);
#5705=AXIS2_PLACEMENT_3D('',#7787,#6314,#6315);
#5706=AXIS2_PLACEMENT_3D('',#7791,#6318,#6319);
#5707=AXIS2_PLACEMENT_3D('',#7792,#6320,#6321);
#5708=AXIS2_PLACEMENT_3D('',#7795,#6323,#6324);
#5709=AXIS2_PLACEMENT_3D('',#7799,#6327,#6328);
#5710=AXIS2_PLACEMENT_3D('',#7800,#6329,#6330);
#5711=AXIS2_PLACEMENT_3D('',#7803,#6332,#6333);
#5712=AXIS2_PLACEMENT_3D('',#7809,#6337,#6338);
#5713=AXIS2_PLACEMENT_3D('',#7815,#6342,#6343);
#5714=AXIS2_PLACEMENT_3D('',#7821,#6347,#6348);
#5715=AXIS2_PLACEMENT_3D('',#7823,#6350,#6351);
#5716=AXIS2_PLACEMENT_3D('',#7825,#6353,#6354);
#5717=AXIS2_PLACEMENT_3D('',#7827,#6356,#6357);
#5718=AXIS2_PLACEMENT_3D('',#7829,#6359,#6360);
#5719=AXIS2_PLACEMENT_3D('',#7831,#6362,#6363);
#5720=AXIS2_PLACEMENT_3D('',#7833,#6365,#6366);
#5721=AXIS2_PLACEMENT_3D('',#7834,#6367,#6368);
#5722=AXIS2_PLACEMENT_3D('',#7836,#6369,#6370);
#5723=AXIS2_PLACEMENT_3D('',#7837,#6371,#6372);
#5724=AXIS2_PLACEMENT_3D('',#7839,#6373,#6374);
#5725=AXIS2_PLACEMENT_3D('',#7840,#6375,#6376);
#5726=AXIS2_PLACEMENT_3D('',#7842,#6377,#6378);
#5727=AXIS2_PLACEMENT_3D('',#7843,#6379,#6380);
#5728=AXIS2_PLACEMENT_3D('',#7845,#6381,#6382);
#5729=AXIS2_PLACEMENT_3D('',#7851,#6386,#6387);
#5730=AXIS2_PLACEMENT_3D('',#7857,#6391,#6392);
#5731=AXIS2_PLACEMENT_3D('',#7858,#6393,#6394);
#5732=AXIS2_PLACEMENT_3D('',#7859,#6395,#6396);
#5733=AXIS2_PLACEMENT_3D('',#7860,#6397,#6398);
#5734=AXIS2_PLACEMENT_3D('',#7861,#6399,#6400);
#5735=AXIS2_PLACEMENT_3D('',#7862,#6401,#6402);
#5736=AXIS2_PLACEMENT_3D('',#7863,#6403,#6404);
#5737=AXIS2_PLACEMENT_3D('',#7864,#6405,#6406);
#5738=AXIS2_PLACEMENT_3D('',#7865,#6407,#6408);
#5739=AXIS2_PLACEMENT_3D('',#7866,#6409,#6410);
#5740=AXIS2_PLACEMENT_3D('',#7867,#6411,#6412);
#5741=AXIS2_PLACEMENT_3D('',#7868,#6413,#6414);
#5742=AXIS2_PLACEMENT_3D('',#7869,#6415,#6416);
#5743=AXIS2_PLACEMENT_3D('',#7870,#6417,#6418);
#5744=AXIS2_PLACEMENT_3D('',#7871,#6419,#6420);
#5745=AXIS2_PLACEMENT_3D('',#7872,#6421,#6422);
#5746=AXIS2_PLACEMENT_3D('',#7873,#6423,#6424);
#5747=AXIS2_PLACEMENT_3D('',#7874,#6425,#6426);
#5748=AXIS2_PLACEMENT_3D('',#7880,#6430,#6431);
#5749=AXIS2_PLACEMENT_3D('',#7884,#6434,#6435);
#5750=AXIS2_PLACEMENT_3D('',#7888,#6438,#6439);
#5751=AXIS2_PLACEMENT_3D('',#7892,#6442,#6443);
#5752=AXIS2_PLACEMENT_3D('',#7896,#6446,#6447);
#5753=AXIS2_PLACEMENT_3D('',#7900,#6450,#6451);
#5754=AXIS2_PLACEMENT_3D('',#7904,#6454,#6455);
#5755=AXIS2_PLACEMENT_3D('',#7908,#6458,#6459);
#5756=AXIS2_PLACEMENT_3D('',#7912,#6462,#6463);
#5757=AXIS2_PLACEMENT_3D('',#7914,#6465,#6466);
#5758=AXIS2_PLACEMENT_3D('',#7915,#6467,#6468);
#5759=AXIS2_PLACEMENT_3D('',#7916,#6469,#6470);
#5760=AXIS2_PLACEMENT_3D('',#7921,#6472,#6473);
#5761=AXIS2_PLACEMENT_3D('',#7958,#6477,#6478);
#5762=AXIS2_PLACEMENT_3D('',#7964,#6482,#6483);
#5763=AXIS2_PLACEMENT_3D('',#7998,#6490,#6491);
#5764=AXIS2_PLACEMENT_3D('',#8002,#6494,#6495);
#5765=AXIS2_PLACEMENT_3D('',#8005,#6497,#6498);
#5766=AXIS2_PLACEMENT_3D('',#8045,#6502,#6503);
#5767=AXIS2_PLACEMENT_3D('',#8049,#6506,#6507);
#5768=AXIS2_PLACEMENT_3D('',#8079,#6512,#6513);
#5769=AXIS2_PLACEMENT_3D('',#8082,#6515,#6516);
#5770=AXIS2_PLACEMENT_3D('',#8083,#6517,#6518);
#5771=AXIS2_PLACEMENT_3D('',#8086,#6520,#6521);
#5772=AXIS2_PLACEMENT_3D('',#8100,#6523,#6524);
#5773=AXIS2_PLACEMENT_3D('',#8129,#6527,#6528);
#5774=AXIS2_PLACEMENT_3D('',#8130,#6529,#6530);
#5775=AXIS2_PLACEMENT_3D('',#8131,#6531,#6532);
#5776=AXIS2_PLACEMENT_3D('',#8137,#6536,#6537);
#5777=AXIS2_PLACEMENT_3D('',#8141,#6540,#6541);
#5778=AXIS2_PLACEMENT_3D('',#8145,#6544,#6545);
#5779=AXIS2_PLACEMENT_3D('',#8149,#6548,#6549);
#5780=AXIS2_PLACEMENT_3D('',#8153,#6552,#6553);
#5781=AXIS2_PLACEMENT_3D('',#8157,#6556,#6557);
#5782=AXIS2_PLACEMENT_3D('',#8187,#6562,#6563);
#5783=AXIS2_PLACEMENT_3D('',#8190,#6565,#6566);
#5784=AXIS2_PLACEMENT_3D('',#8191,#6567,#6568);
#5785=AXIS2_PLACEMENT_3D('',#8195,#6571,#6572);
#5786=AXIS2_PLACEMENT_3D('',#8198,#6574,#6575);
#5787=AXIS2_PLACEMENT_3D('',#8225,#6578,#6579);
#5788=AXIS2_PLACEMENT_3D('',#8229,#6582,#6583);
#5789=AXIS2_PLACEMENT_3D('',#8233,#6586,#6587);
#5790=AXIS2_PLACEMENT_3D('',#8237,#6590,#6591);
#5791=AXIS2_PLACEMENT_3D('',#8239,#6593,#6594);
#5792=AXIS2_PLACEMENT_3D('',#8277,#6598,#6599);
#5793=AXIS2_PLACEMENT_3D('',#8278,#6600,#6601);
#5794=AXIS2_PLACEMENT_3D('',#8282,#6603,#6604);
#5795=AXIS2_PLACEMENT_3D('',#8283,#6605,#6606);
#5796=AXIS2_PLACEMENT_3D('',#8284,#6607,#6608);
#5797=AXIS2_PLACEMENT_3D('',#8288,#6610,#6611);
#5798=AXIS2_PLACEMENT_3D('',#8355,#6617,#6618);
#5799=AXIS2_PLACEMENT_3D('',#8398,#6624,#6625);
#5800=AXIS2_PLACEMENT_3D('',#8401,#6627,#6628);
#5801=AXIS2_PLACEMENT_3D('',#8415,#6630,#6631);
#5802=AXIS2_PLACEMENT_3D('',#8445,#6636,#6637);
#5803=AXIS2_PLACEMENT_3D('',#8448,#6639,#6640);
#5804=AXIS2_PLACEMENT_3D('',#8449,#6641,#6642);
#5805=AXIS2_PLACEMENT_3D('',#8450,#6643,#6644);
#5806=AXIS2_PLACEMENT_3D('',#8465,#6645,#6646);
#5807=AXIS2_PLACEMENT_3D('',#8466,#6647,#6648);
#5808=AXIS2_PLACEMENT_3D('',#8467,#6649,#6650);
#5809=AXIS2_PLACEMENT_3D('',#8473,#6654,#6655);
#5810=AXIS2_PLACEMENT_3D('',#8477,#6658,#6659);
#5811=AXIS2_PLACEMENT_3D('',#8481,#6662,#6663);
#5812=AXIS2_PLACEMENT_3D('',#8485,#6666,#6667);
#5813=AXIS2_PLACEMENT_3D('',#8489,#6670,#6671);
#5814=AXIS2_PLACEMENT_3D('',#8493,#6674,#6675);
#5815=AXIS2_PLACEMENT_3D('',#8497,#6678,#6679);
#5816=AXIS2_PLACEMENT_3D('',#8501,#6682,#6683);
#5817=AXIS2_PLACEMENT_3D('',#8505,#6686,#6687);
#5818=AXIS2_PLACEMENT_3D('',#8507,#6689,#6690);
#5819=AXIS2_PLACEMENT_3D('',#8528,#6693,#6694);
#5820=AXIS2_PLACEMENT_3D('',#8602,#6702,#6703);
#5821=AXIS2_PLACEMENT_3D('',#8657,#6711,#6712);
#5822=AXIS2_PLACEMENT_3D('',#8739,#6721,#6722);
#5823=AXIS2_PLACEMENT_3D('',#8820,#6729,#6730);
#5824=AXIS2_PLACEMENT_3D('',#8821,#6731,#6732);
#5825=AXIS2_PLACEMENT_3D('',#8822,#6733,#6734);
#5826=AXIS2_PLACEMENT_3D('',#8828,#6738,#6739);
#5827=AXIS2_PLACEMENT_3D('',#8832,#6742,#6743);
#5828=AXIS2_PLACEMENT_3D('',#8836,#6746,#6747);
#5829=AXIS2_PLACEMENT_3D('',#8840,#6750,#6751);
#5830=AXIS2_PLACEMENT_3D('',#8844,#6754,#6755);
#5831=AXIS2_PLACEMENT_3D('',#8848,#6758,#6759);
#5832=AXIS2_PLACEMENT_3D('',#8852,#6762,#6763);
#5833=AXIS2_PLACEMENT_3D('',#8854,#6765,#6766);
#5834=AXIS2_PLACEMENT_3D('',#8855,#6767,#6768);
#5835=AXIS2_PLACEMENT_3D('',#8861,#6772,#6773);
#5836=AXIS2_PLACEMENT_3D('',#8865,#6776,#6777);
#5837=AXIS2_PLACEMENT_3D('',#8869,#6780,#6781);
#5838=AXIS2_PLACEMENT_3D('',#8873,#6784,#6785);
#5839=AXIS2_PLACEMENT_3D('',#8877,#6788,#6789);
#5840=AXIS2_PLACEMENT_3D('',#8881,#6792,#6793);
#5841=AXIS2_PLACEMENT_3D('',#8885,#6796,#6797);
#5842=AXIS2_PLACEMENT_3D('',#8889,#6800,#6801);
#5843=AXIS2_PLACEMENT_3D('',#8893,#6804,#6805);
#5844=AXIS2_PLACEMENT_3D('',#8897,#6808,#6809);
#5845=AXIS2_PLACEMENT_3D('',#8901,#6812,#6813);
#5846=AXIS2_PLACEMENT_3D('',#8903,#6815,#6816);
#5847=AXIS2_PLACEMENT_3D('',#8904,#6817,#6818);
#5848=AXIS2_PLACEMENT_3D('',#8913,#6823,#6824);
#5849=AXIS2_PLACEMENT_3D('',#8919,#6828,#6829);
#5850=AXIS2_PLACEMENT_3D('',#8976,#6836,#6837);
#5851=AXIS2_PLACEMENT_3D('',#8982,#6841,#6842);
#5852=AXIS2_PLACEMENT_3D('',#9038,#6849,#6850);
#5853=AXIS2_PLACEMENT_3D('',#9042,#6853,#6854);
#5854=AXIS2_PLACEMENT_3D('',#9046,#6857,#6858);
#5855=AXIS2_PLACEMENT_3D('',#9062,#6860,#6861);
#5856=AXIS2_PLACEMENT_3D('',#9063,#6862,#6863);
#5857=AXIS2_PLACEMENT_3D('',#9064,#6864,#6865);
#5858=AXIS2_PLACEMENT_3D('',#9073,#6870,#6871);
#5859=AXIS2_PLACEMENT_3D('',#9079,#6875,#6876);
#5860=AXIS2_PLACEMENT_3D('',#9085,#6880,#6881);
#5861=AXIS2_PLACEMENT_3D('',#9089,#6884,#6885);
#5862=AXIS2_PLACEMENT_3D('',#9093,#6888,#6889);
#5863=AXIS2_PLACEMENT_3D('',#9097,#6892,#6893);
#5864=AXIS2_PLACEMENT_3D('',#9101,#6896,#6897);
#5865=AXIS2_PLACEMENT_3D('',#9105,#6900,#6901);
#5866=AXIS2_PLACEMENT_3D('',#9109,#6904,#6905);
#5867=AXIS2_PLACEMENT_3D('',#9111,#6907,#6908);
#5868=AXIS2_PLACEMENT_3D('',#9114,#6911,#6912);
#5869=AXIS2_PLACEMENT_3D('',#9115,#6913,#6914);
#5870=AXIS2_PLACEMENT_3D('',#9116,#6915,#6916);
#5871=AXIS2_PLACEMENT_3D('',#9125,#6921,#6922);
#5872=AXIS2_PLACEMENT_3D('',#9165,#6928,#6929);
#5873=AXIS2_PLACEMENT_3D('',#9205,#6935,#6936);
#5874=AXIS2_PLACEMENT_3D('',#9211,#6940,#6941);
#5875=AXIS2_PLACEMENT_3D('',#9254,#6947,#6948);
#5876=AXIS2_PLACEMENT_3D('',#9297,#6954,#6955);
#5877=AXIS2_PLACEMENT_3D('',#9299,#6957,#6958);
#5878=AXIS2_PLACEMENT_3D('',#9302,#6961,#6962);
#5879=AXIS2_PLACEMENT_3D('',#9303,#6963,#6964);
#5880=AXIS2_PLACEMENT_3D('',#9375,#6970,#6971);
#5881=AXIS2_PLACEMENT_3D('',#9413,#6978,#6979);
#5882=AXIS2_PLACEMENT_3D('',#9456,#6985,#6986);
#5883=AXIS2_PLACEMENT_3D('',#9460,#6989,#6990);
#5884=AXIS2_PLACEMENT_3D('',#9464,#6993,#6994);
#5885=AXIS2_PLACEMENT_3D('',#9468,#6997,#6998);
#5886=AXIS2_PLACEMENT_3D('',#9472,#7001,#7002);
#5887=AXIS2_PLACEMENT_3D('',#9514,#7006,#7007);
#5888=AXIS2_PLACEMENT_3D('',#9515,#7008,#7009);
#5889=AXIS2_PLACEMENT_3D('',#9516,#7010,#7011);
#5890=AXIS2_PLACEMENT_3D('',#9522,#7015,#7016);
#5891=AXIS2_PLACEMENT_3D('',#9526,#7019,#7020);
#5892=AXIS2_PLACEMENT_3D('',#9530,#7023,#7024);
#5893=AXIS2_PLACEMENT_3D('',#9534,#7027,#7028);
#5894=AXIS2_PLACEMENT_3D('',#9564,#7033,#7034);
#5895=AXIS2_PLACEMENT_3D('',#9568,#7037,#7038);
#5896=AXIS2_PLACEMENT_3D('',#9572,#7041,#7042);
#5897=AXIS2_PLACEMENT_3D('',#9576,#7045,#7046);
#5898=AXIS2_PLACEMENT_3D('',#9593,#7050,#7051);
#5899=AXIS2_PLACEMENT_3D('',#9597,#7054,#7055);
#5900=AXIS2_PLACEMENT_3D('',#9599,#7057,#7058);
#5901=DIRECTION('',(0.,0.,1.));
#5902=DIRECTION('',(1.,0.,0.));
#5903=DIRECTION('',(0.,0.,1.));
#5904=DIRECTION('',(1.,0.,0.));
#5905=DIRECTION('',(0.2966007261035,0.955001575535285,0.));
#5906=DIRECTION('',(1.,0.,0.));
#5907=DIRECTION('',(-0.328830306037588,-0.944389024624506,0.));
#5908=DIRECTION('',(-0.995893206467704,0.0905357460425185,0.));
#5909=DIRECTION('',(-0.983130049483585,0.182907916182993,0.));
#5910=DIRECTION('',(0.,1.,0.));
#5911=DIRECTION('',(0.997054485501582,-0.0766964988847371,0.));
#5912=DIRECTION('',(0.348733712021418,0.937221851057562,0.));
#5913=DIRECTION('',(-0.339347122651172,0.940661219753621,0.));
#5914=DIRECTION('',(1.,0.,0.));
#5915=DIRECTION('',(0.316003110389895,-0.948758153706155,0.));
#5916=DIRECTION('',(-0.0714283390116657,-0.99744573405576,0.));
#5917=DIRECTION('',(-1.,0.,0.));
#5918=DIRECTION('',(0.,1.,0.));
#5919=DIRECTION('',(1.,0.,0.));
#5920=DIRECTION('',(0.,-1.,0.));
#5921=DIRECTION('',(0.,-1.,0.));
#5922=DIRECTION('',(0.,1.,0.));
#5923=DIRECTION('',(1.,0.,0.));
#5924=DIRECTION('',(0.,-1.,0.));
#5925=DIRECTION('',(-1.,0.,0.));
#5926=DIRECTION('',(-1.,0.,0.));
#5927=DIRECTION('',(-0.338943799937905,-0.940806622257546,0.));
#5928=DIRECTION('',(-1.,0.,0.));
#5929=DIRECTION('',(0.356652691909982,0.934237045590338,0.));
#5930=DIRECTION('',(1.,0.,0.));
#5931=DIRECTION('',(0.357369212923884,-0.933963192879764,0.));
#5932=DIRECTION('',(-1.,0.,0.));
#5933=DIRECTION('',(-0.343139296945433,0.939284527122529,0.));
#5934=DIRECTION('',(0.,-1.,0.));
#5935=DIRECTION('',(-1.,0.,0.));
#5936=DIRECTION('',(0.,1.,0.));
#5937=DIRECTION('',(1.,0.,0.));
#5938=DIRECTION('',(-1.,0.,0.));
#5939=DIRECTION('',(-1.,0.,0.));
#5940=DIRECTION('',(0.,-1.,0.));
#5941=DIRECTION('',(1.,0.,0.));
#5942=DIRECTION('',(0.,-1.,0.));
#5943=DIRECTION('',(-1.,0.,0.));
#5944=DIRECTION('',(0.,1.,0.));
#5945=DIRECTION('',(1.,0.,0.));
#5946=DIRECTION('',(0.,-1.,0.));
#5947=DIRECTION('',(-1.,0.,0.));
#5948=DIRECTION('',(0.,-1.,0.));
#5949=DIRECTION('',(1.,0.,0.));
#5950=DIRECTION('',(0.,-1.,0.));
#5951=DIRECTION('',(-1.,0.,0.));
#5952=DIRECTION('',(0.,-1.,0.));
#5953=DIRECTION('',(-1.,0.,0.));
#5954=DIRECTION('',(0.,1.,0.));
#5955=DIRECTION('',(-1.,0.,0.));
#5956=DIRECTION('',(0.,1.,0.));
#5957=DIRECTION('',(1.,0.,0.));
#5958=DIRECTION('',(0.,-1.,0.));
#5959=DIRECTION('',(0.,1.,0.));
#5960=DIRECTION('',(0.,-1.,0.));
#5961=DIRECTION('',(1.,0.,0.));
#5962=DIRECTION('',(0.,-1.,0.));
#5963=DIRECTION('',(-1.,0.,0.));
#5964=DIRECTION('',(0.,1.,0.));
#5965=DIRECTION('',(0.601546263509346,0.798837964081543,0.));
#5966=DIRECTION('',(-1.,0.,0.));
#5967=DIRECTION('',(0.,1.,0.));
#5968=DIRECTION('',(1.,0.,0.));
#5969=DIRECTION('',(0.,-1.,0.));
#5970=DIRECTION('',(-0.602042110160582,-0.798464337083,0.));
#5971=DIRECTION('',(0.,0.,-1.));
#5972=DIRECTION('',(-1.,0.,0.));
#5973=DIRECTION('',(0.,0.,-1.));
#5974=DIRECTION('',(-1.,0.,0.));
#5975=DIRECTION('',(0.,-1.,0.));
#5976=DIRECTION('',(0.,0.,-1.));
#5977=DIRECTION('',(-1.,0.,0.));
#5978=DIRECTION('',(0.,1.,0.));
#5979=DIRECTION('',(0.,-1.,0.));
#5980=DIRECTION('',(1.,0.,0.));
#5981=DIRECTION('',(0.,-1.,0.));
#5982=DIRECTION('',(-1.,0.,0.));
#5983=DIRECTION('',(0.,-1.,0.));
#5984=DIRECTION('',(0.,0.,-1.));
#5985=DIRECTION('',(-1.,0.,0.));
#5986=DIRECTION('',(0.,-1.,0.));
#5987=DIRECTION('',(0.,0.,-1.));
#5988=DIRECTION('',(-1.,0.,0.));
#5989=DIRECTION('',(0.,1.,0.));
#5990=DIRECTION('',(-1.,0.,0.));
#5991=DIRECTION('',(0.,1.,0.));
#5992=DIRECTION('',(1.,0.,0.));
#5993=DIRECTION('',(0.,1.,0.));
#5994=DIRECTION('',(1.,0.,0.));
#5995=DIRECTION('',(0.,1.,0.));
#5996=DIRECTION('',(0.,0.,-1.));
#5997=DIRECTION('',(-1.,0.,0.));
#5998=DIRECTION('',(0.,0.,-1.));
#5999=DIRECTION('',(-1.,0.,0.));
#6000=DIRECTION('',(0.,-1.,0.));
#6001=DIRECTION('',(-1.,0.,0.));
#6002=DIRECTION('',(0.,0.,-1.));
#6003=DIRECTION('',(-1.,0.,0.));
#6004=DIRECTION('',(0.788870641638786,-0.614559281729932,0.));
#6005=DIRECTION('',(1.,0.,0.));
#6006=DIRECTION('',(0.,-1.,0.));
#6007=DIRECTION('',(-1.,0.,0.));
#6008=DIRECTION('',(0.,1.,0.));
#6009=DIRECTION('',(0.568830393819466,0.822454851689253,0.));
#6010=DIRECTION('',(-1.,0.,0.));
#6011=DIRECTION('',(0.,1.,0.));
#6012=DIRECTION('',(1.,0.,0.));
#6013=DIRECTION('',(0.,-1.,0.));
#6014=DIRECTION('',(-0.568938093955907,-0.82238035314921,0.));
#6015=DIRECTION('',(0.,-1.,0.));
#6016=DIRECTION('',(0.,0.,1.));
#6017=DIRECTION('',(1.,0.,0.));
#6018=DIRECTION('',(1.,0.,0.));
#6019=DIRECTION('',(0.,0.,1.));
#6020=DIRECTION('',(1.,0.,0.));
#6021=DIRECTION('',(0.,-1.,0.));
#6022=DIRECTION('',(0.,0.,1.));
#6023=DIRECTION('',(1.,0.,0.));
#6024=DIRECTION('',(1.,0.,0.));
#6025=DIRECTION('',(0.,0.,1.));
#6026=DIRECTION('',(1.,0.,0.));
#6027=DIRECTION('',(0.,0.,1.));
#6028=DIRECTION('',(1.,0.,0.));
#6029=DIRECTION('',(0.,0.,1.));
#6030=DIRECTION('',(1.,0.,0.));
#6031=DIRECTION('',(0.,0.,1.));
#6032=DIRECTION('',(1.,0.,0.));
#6033=DIRECTION('',(0.,0.,1.));
#6034=DIRECTION('',(1.,0.,0.));
#6035=DIRECTION('',(0.,0.,1.));
#6036=DIRECTION('',(0.,1.,0.));
#6037=DIRECTION('',(1.,0.,0.));
#6038=DIRECTION('',(0.,0.,1.));
#6039=DIRECTION('',(1.,0.,0.));
#6040=DIRECTION('',(0.,-1.,0.));
#6041=DIRECTION('',(0.,0.,1.));
#6042=DIRECTION('',(3.46944695195361E-15,-1.,0.));
#6043=DIRECTION('',(1.,0.,0.));
#6044=DIRECTION('',(0.,0.,1.));
#6045=DIRECTION('',(-1.,-1.21430643318376E-14,0.));
#6046=DIRECTION('',(0.,-1.,0.));
#6047=DIRECTION('',(0.,0.,1.));
#6048=DIRECTION('',(0.,1.,0.));
#6049=DIRECTION('',(1.,0.,0.));
#6050=DIRECTION('',(0.,0.,1.));
#6051=DIRECTION('',(1.,3.46944695195361E-15,0.));
#6052=DIRECTION('',(0.,-1.,0.));
#6053=DIRECTION('',(0.,0.,1.));
#6054=DIRECTION('',(3.4694469519536E-15,-1.,0.));
#6055=DIRECTION('',(1.,0.,0.));
#6056=DIRECTION('',(0.,0.,1.));
#6057=DIRECTION('',(-1.,0.,0.));
#6058=DIRECTION('',(0.,-1.,0.));
#6059=DIRECTION('',(0.,0.,1.));
#6060=DIRECTION('',(0.,1.,0.));
#6061=DIRECTION('',(1.,0.,0.));
#6062=DIRECTION('',(0.,0.,1.));
#6063=DIRECTION('',(1.,1.21430643318376E-14,0.));
#6064=DIRECTION('',(0.,-1.,0.));
#6065=DIRECTION('',(0.,0.,1.));
#6066=DIRECTION('',(0.,-1.,0.));
#6067=DIRECTION('',(1.,0.,0.));
#6068=DIRECTION('',(0.,0.,1.));
#6069=DIRECTION('',(-1.,0.,0.));
#6070=DIRECTION('',(0.,-1.,0.));
#6071=DIRECTION('',(0.,0.,1.));
#6072=DIRECTION('',(0.,1.,0.));
#6073=DIRECTION('',(1.,0.,0.));
#6074=DIRECTION('',(0.,0.,1.));
#6075=DIRECTION('',(1.,0.,0.));
#6076=DIRECTION('',(0.,-1.,0.));
#6077=DIRECTION('',(0.,0.,1.));
#6078=DIRECTION('',(1.04083408558608E-14,-1.,0.));
#6079=DIRECTION('',(1.,0.,0.));
#6080=DIRECTION('',(0.,0.,1.));
#6081=DIRECTION('',(-1.,-1.38777878078142E-14,0.));
#6082=DIRECTION('',(0.,-1.,0.));
#6083=DIRECTION('',(0.,0.,1.));
#6084=DIRECTION('',(0.,1.,0.));
#6085=DIRECTION('',(1.,0.,0.));
#6086=DIRECTION('',(0.,0.,1.));
#6087=DIRECTION('',(1.,3.46944695195361E-15,0.));
#6088=DIRECTION('',(0.,-1.,0.));
#6089=DIRECTION('',(0.,0.,1.));
#6090=DIRECTION('',(1.21430643318376E-14,-1.,0.));
#6091=DIRECTION('',(1.,0.,0.));
#6092=DIRECTION('',(0.,0.,1.));
#6093=DIRECTION('',(-1.,0.,0.));
#6094=DIRECTION('',(0.,-1.,0.));
#6095=DIRECTION('',(0.,0.,1.));
#6096=DIRECTION('',(0.,1.,0.));
#6097=DIRECTION('',(1.,0.,0.));
#6098=DIRECTION('',(0.,0.,1.));
#6099=DIRECTION('',(1.,1.04083408558608E-14,0.));
#6100=DIRECTION('',(0.,-1.,0.));
#6101=DIRECTION('',(0.,0.,1.));
#6102=DIRECTION('',(1.38777878078142E-14,-1.,0.));
#6103=DIRECTION('',(1.,0.,0.));
#6104=DIRECTION('',(0.,0.,1.));
#6105=DIRECTION('',(-1.,0.,0.));
#6106=DIRECTION('',(0.,-1.,0.));
#6107=DIRECTION('',(-1.,0.,0.));
#6108=DIRECTION('',(0.,0.,1.));
#6109=DIRECTION('',(1.,0.,0.));
#6110=DIRECTION('',(0.,-1.,0.));
#6111=DIRECTION('',(0.,0.,1.));
#6112=DIRECTION('',(1.,0.,0.));
#6113=DIRECTION('',(-1.,0.,0.));
#6114=DIRECTION('',(0.,0.,1.));
#6115=DIRECTION('',(1.,0.,0.));
#6116=DIRECTION('',(0.,-1.,0.));
#6117=DIRECTION('',(0.,0.,1.));
#6118=DIRECTION('',(1.,0.,0.));
#6119=DIRECTION('',(0.,-1.,0.));
#6120=DIRECTION('',(0.,0.,-1.));
#6121=DIRECTION('',(-1.,0.,0.));
#6122=DIRECTION('',(0.,0.,-1.));
#6123=DIRECTION('',(0.,0.,-1.));
#6124=DIRECTION('',(1.,0.,0.));
#6125=DIRECTION('',(0.,0.,-1.));
#6126=DIRECTION('',(0.,-1.,0.));
#6127=DIRECTION('',(0.,0.,-1.));
#6128=DIRECTION('',(0.,0.,-1.));
#6129=DIRECTION('',(0.,-1.,0.));
#6130=DIRECTION('',(0.,0.,-1.));
#6131=DIRECTION('',(0.,0.,-1.));
#6132=DIRECTION('',(-1.,0.,0.));
#6133=DIRECTION('',(0.,0.,-1.));
#6134=DIRECTION('',(0.,0.,-1.));
#6135=DIRECTION('',(-1.,0.,0.));
#6136=DIRECTION('',(0.,0.,1.));
#6137=DIRECTION('',(0.,1.,0.));
#6138=DIRECTION('',(0.,0.,-1.));
#6139=DIRECTION('',(0.,0.,-1.));
#6140=DIRECTION('',(0.,1.,0.));
#6141=DIRECTION('',(0.,0.,1.));
#6142=DIRECTION('',(1.,0.,0.));
#6143=DIRECTION('',(0.,0.,-1.));
#6144=DIRECTION('',(0.,0.,-1.));
#6145=DIRECTION('',(-1.,0.,0.));
#6146=DIRECTION('',(0.,0.,1.));
#6147=DIRECTION('',(1.,1.04083408558608E-14,0.));
#6148=DIRECTION('',(0.,0.,-1.));
#6149=DIRECTION('',(1.,0.,0.));
#6150=DIRECTION('',(0.,0.,-1.));
#6151=DIRECTION('',(0.,-1.,0.));
#6152=DIRECTION('',(0.,0.,-1.));
#6153=DIRECTION('',(0.,0.,-1.));
#6154=DIRECTION('',(-1.,0.,0.));
#6155=DIRECTION('',(0.,0.,1.));
#6156=DIRECTION('',(1.38777878078142E-14,-1.,0.));
#6157=DIRECTION('',(0.,0.,-1.));
#6158=DIRECTION('',(0.,1.,0.));
#6159=DIRECTION('',(0.,0.,1.));
#6160=DIRECTION('',(1.,0.,0.));
#6161=DIRECTION('',(0.,0.,-1.));
#6162=DIRECTION('',(0.,0.,-1.));
#6163=DIRECTION('',(-1.,0.,0.));
#6164=DIRECTION('',(0.,0.,1.));
#6165=DIRECTION('',(-1.,0.,0.));
#6166=DIRECTION('',(0.,0.,-1.));
#6167=DIRECTION('',(0.,0.,-1.));
#6168=DIRECTION('',(-1.,0.,0.));
#6169=DIRECTION('',(0.,0.,1.));
#6170=DIRECTION('',(0.,1.,0.));
#6171=DIRECTION('',(0.,0.,-1.));
#6172=DIRECTION('',(0.,0.,-1.));
#6173=DIRECTION('',(0.,1.,0.));
#6174=DIRECTION('',(0.,0.,1.));
#6175=DIRECTION('',(1.,0.,0.));
#6176=DIRECTION('',(0.,0.,-1.));
#6177=DIRECTION('',(0.,0.,-1.));
#6178=DIRECTION('',(-1.,0.,0.));
#6179=DIRECTION('',(0.,0.,1.));
#6180=DIRECTION('',(1.,3.46944695195361E-15,0.));
#6181=DIRECTION('',(0.,0.,-1.));
#6182=DIRECTION('',(1.,0.,0.));
#6183=DIRECTION('',(0.,0.,-1.));
#6184=DIRECTION('',(0.,-1.,0.));
#6185=DIRECTION('',(0.,0.,-1.));
#6186=DIRECTION('',(0.,0.,-1.));
#6187=DIRECTION('',(-1.,0.,0.));
#6188=DIRECTION('',(0.,0.,1.));
#6189=DIRECTION('',(1.21430643318376E-14,-1.,0.));
#6190=DIRECTION('',(0.,0.,-1.));
#6191=DIRECTION('',(0.,1.,0.));
#6192=DIRECTION('',(0.,0.,1.));
#6193=DIRECTION('',(1.,0.,0.));
#6194=DIRECTION('',(0.,0.,-1.));
#6195=DIRECTION('',(0.,0.,-1.));
#6196=DIRECTION('',(-1.,0.,0.));
#6197=DIRECTION('',(0.,0.,1.));
#6198=DIRECTION('',(-1.,0.,0.));
#6199=DIRECTION('',(0.,0.,-1.));
#6200=DIRECTION('',(0.,0.,-1.));
#6201=DIRECTION('',(-1.,0.,0.));
#6202=DIRECTION('',(0.,0.,1.));
#6203=DIRECTION('',(0.,1.,0.));
#6204=DIRECTION('',(0.,0.,-1.));
#6205=DIRECTION('',(0.,0.,-1.));
#6206=DIRECTION('',(0.,1.,0.));
#6207=DIRECTION('',(0.,0.,1.));
#6208=DIRECTION('',(1.,0.,0.));
#6209=DIRECTION('',(0.,0.,-1.));
#6210=DIRECTION('',(0.,0.,-1.));
#6211=DIRECTION('',(-1.,0.,0.));
#6212=DIRECTION('',(0.,0.,1.));
#6213=DIRECTION('',(1.,0.,0.));
#6214=DIRECTION('',(0.,0.,-1.));
#6215=DIRECTION('',(1.,0.,0.));
#6216=DIRECTION('',(0.,0.,-1.));
#6217=DIRECTION('',(0.,-1.,0.));
#6218=DIRECTION('',(0.,0.,-1.));
#6219=DIRECTION('',(0.,0.,-1.));
#6220=DIRECTION('',(-1.,0.,0.));
#6221=DIRECTION('',(0.,0.,1.));
#6222=DIRECTION('',(1.04083408558608E-14,-1.,0.));
#6223=DIRECTION('',(0.,0.,-1.));
#6224=DIRECTION('',(0.,1.,0.));
#6225=DIRECTION('',(0.,0.,1.));
#6226=DIRECTION('',(1.,0.,0.));
#6227=DIRECTION('',(0.,0.,-1.));
#6228=DIRECTION('',(0.,0.,-1.));
#6229=DIRECTION('',(-1.,0.,0.));
#6230=DIRECTION('',(0.,0.,1.));
#6231=DIRECTION('',(-1.,-1.38777878078142E-14,0.));
#6232=DIRECTION('',(0.,0.,-1.));
#6233=DIRECTION('',(0.,0.,-1.));
#6234=DIRECTION('',(-1.,0.,0.));
#6235=DIRECTION('',(0.,0.,1.));
#6236=DIRECTION('',(0.,1.,0.));
#6237=DIRECTION('',(0.,0.,-1.));
#6238=DIRECTION('',(0.,0.,-1.));
#6239=DIRECTION('',(0.,1.,0.));
#6240=DIRECTION('',(0.,0.,1.));
#6241=DIRECTION('',(1.,0.,0.));
#6242=DIRECTION('',(0.,0.,-1.));
#6243=DIRECTION('',(0.,0.,-1.));
#6244=DIRECTION('',(-1.,0.,0.));
#6245=DIRECTION('',(0.,0.,1.));
#6246=DIRECTION('',(1.,1.21430643318376E-14,0.));
#6247=DIRECTION('',(0.,0.,-1.));
#6248=DIRECTION('',(1.,0.,0.));
#6249=DIRECTION('',(0.,0.,-1.));
#6250=DIRECTION('',(0.,-1.,0.));
#6251=DIRECTION('',(0.,0.,-1.));
#6252=DIRECTION('',(0.,0.,-1.));
#6253=DIRECTION('',(-1.,0.,0.));
#6254=DIRECTION('',(0.,0.,1.));
#6255=DIRECTION('',(0.,-1.,0.));
#6256=DIRECTION('',(0.,0.,-1.));
#6257=DIRECTION('',(0.,1.,0.));
#6258=DIRECTION('',(0.,0.,1.));
#6259=DIRECTION('',(1.,0.,0.));
#6260=DIRECTION('',(0.,0.,-1.));
#6261=DIRECTION('',(0.,0.,-1.));
#6262=DIRECTION('',(-1.,0.,0.));
#6263=DIRECTION('',(0.,0.,1.));
#6264=DIRECTION('',(-1.,0.,0.));
#6265=DIRECTION('',(0.,0.,-1.));
#6266=DIRECTION('',(0.,0.,-1.));
#6267=DIRECTION('',(-1.,0.,0.));
#6268=DIRECTION('',(0.,0.,1.));
#6269=DIRECTION('',(0.,1.,0.));
#6270=DIRECTION('',(0.,0.,-1.));
#6271=DIRECTION('',(0.,0.,-1.));
#6272=DIRECTION('',(0.,1.,0.));
#6273=DIRECTION('',(0.,0.,1.));
#6274=DIRECTION('',(1.,0.,0.));
#6275=DIRECTION('',(0.,0.,-1.));
#6276=DIRECTION('',(0.,0.,-1.));
#6277=DIRECTION('',(-1.,0.,0.));
#6278=DIRECTION('',(0.,0.,1.));
#6279=DIRECTION('',(1.,3.46944695195361E-15,0.));
#6280=DIRECTION('',(0.,0.,-1.));
#6281=DIRECTION('',(1.,0.,0.));
#6282=DIRECTION('',(0.,0.,-1.));
#6283=DIRECTION('',(0.,-1.,0.));
#6284=DIRECTION('',(0.,0.,-1.));
#6285=DIRECTION('',(0.,0.,-1.));
#6286=DIRECTION('',(-1.,0.,0.));
#6287=DIRECTION('',(0.,0.,1.));
#6288=DIRECTION('',(3.4694469519536E-15,-1.,0.));
#6289=DIRECTION('',(0.,0.,-1.));
#6290=DIRECTION('',(0.,1.,0.));
#6291=DIRECTION('',(0.,0.,1.));
#6292=DIRECTION('',(1.,0.,0.));
#6293=DIRECTION('',(0.,0.,-1.));
#6294=DIRECTION('',(0.,0.,-1.));
#6295=DIRECTION('',(-1.,0.,0.));
#6296=DIRECTION('',(0.,0.,1.));
#6297=DIRECTION('',(-1.,0.,0.));
#6298=DIRECTION('',(0.,0.,-1.));
#6299=DIRECTION('',(0.,0.,-1.));
#6300=DIRECTION('',(-1.,0.,0.));
#6301=DIRECTION('',(0.,0.,1.));
#6302=DIRECTION('',(0.,1.,0.));
#6303=DIRECTION('',(0.,0.,-1.));
#6304=DIRECTION('',(0.,0.,-1.));
#6305=DIRECTION('',(0.,1.,0.));
#6306=DIRECTION('',(0.,0.,1.));
#6307=DIRECTION('',(1.,0.,0.));
#6308=DIRECTION('',(0.,0.,-1.));
#6309=DIRECTION('',(0.,0.,-1.));
#6310=DIRECTION('',(-1.,0.,0.));
#6311=DIRECTION('',(0.,0.,1.));
#6312=DIRECTION('',(1.,0.,0.));
#6313=DIRECTION('',(0.,0.,-1.));
#6314=DIRECTION('',(1.,0.,0.));
#6315=DIRECTION('',(0.,0.,-1.));
#6316=DIRECTION('',(0.,-1.,0.));
#6317=DIRECTION('',(0.,0.,-1.));
#6318=DIRECTION('',(0.,0.,-1.));
#6319=DIRECTION('',(-1.,0.,0.));
#6320=DIRECTION('',(0.,0.,1.));
#6321=DIRECTION('',(3.46944695195361E-15,-1.,0.));
#6322=DIRECTION('',(0.,0.,-1.));
#6323=DIRECTION('',(0.,1.,0.));
#6324=DIRECTION('',(0.,0.,1.));
#6325=DIRECTION('',(1.,0.,0.));
#6326=DIRECTION('',(0.,0.,-1.));
#6327=DIRECTION('',(0.,0.,-1.));
#6328=DIRECTION('',(-1.,0.,0.));
#6329=DIRECTION('',(0.,0.,1.));
#6330=DIRECTION('',(-1.,-1.21430643318376E-14,0.));
#6331=DIRECTION('',(0.,0.,-1.));
#6332=DIRECTION('',(0.,1.,0.));
#6333=DIRECTION('',(0.,0.,1.));
#6334=DIRECTION('',(0.,0.,-1.));
#6335=DIRECTION('',(1.,0.,0.));
#6336=DIRECTION('',(0.,0.,-1.));
#6337=DIRECTION('',(1.,0.,0.));
#6338=DIRECTION('',(0.,0.,-1.));
#6339=DIRECTION('',(0.,-1.,0.));
#6340=DIRECTION('',(0.,0.,-1.));
#6341=DIRECTION('',(0.,0.,-1.));
#6342=DIRECTION('',(0.,1.,0.));
#6343=DIRECTION('',(0.,0.,1.));
#6344=DIRECTION('',(0.,0.,-1.));
#6345=DIRECTION('',(1.,0.,0.));
#6346=DIRECTION('',(0.,0.,-1.));
#6347=DIRECTION('',(1.,0.,0.));
#6348=DIRECTION('',(0.,0.,-1.));
#6349=DIRECTION('',(0.,-1.,0.));
#6350=DIRECTION('',(1.,0.,0.));
#6351=DIRECTION('',(0.,0.,-1.));
#6352=DIRECTION('',(0.,-1.,0.));
#6353=DIRECTION('',(1.,0.,0.));
#6354=DIRECTION('',(0.,0.,-1.));
#6355=DIRECTION('',(0.,-1.,0.));
#6356=DIRECTION('',(1.,0.,0.));
#6357=DIRECTION('',(0.,0.,-1.));
#6358=DIRECTION('',(0.,-1.,0.));
#6359=DIRECTION('',(1.,0.,0.));
#6360=DIRECTION('',(0.,0.,-1.));
#6361=DIRECTION('',(0.,-1.,0.));
#6362=DIRECTION('',(1.,0.,0.));
#6363=DIRECTION('',(0.,0.,-1.));
#6364=DIRECTION('',(0.,-1.,0.));
#6365=DIRECTION('',(0.,0.,-1.));
#6366=DIRECTION('',(-1.,0.,0.));
#6367=DIRECTION('',(0.,0.,1.));
#6368=DIRECTION('',(1.,0.,0.));
#6369=DIRECTION('',(0.,0.,-1.));
#6370=DIRECTION('',(-1.,0.,0.));
#6371=DIRECTION('',(0.,0.,1.));
#6372=DIRECTION('',(1.,0.,0.));
#6373=DIRECTION('',(0.,0.,-1.));
#6374=DIRECTION('',(-1.,0.,0.));
#6375=DIRECTION('',(0.,0.,1.));
#6376=DIRECTION('',(1.,0.,0.));
#6377=DIRECTION('',(0.,0.,-1.));
#6378=DIRECTION('',(-1.,0.,0.));
#6379=DIRECTION('',(0.,0.,1.));
#6380=DIRECTION('',(1.,0.,0.));
#6381=DIRECTION('',(1.,0.,0.));
#6382=DIRECTION('',(0.,0.,-1.));
#6383=DIRECTION('',(0.,-1.,0.));
#6384=DIRECTION('',(0.,0.,-1.));
#6385=DIRECTION('',(0.,0.,-1.));
#6386=DIRECTION('',(1.,0.,0.));
#6387=DIRECTION('',(0.,0.,-1.));
#6388=DIRECTION('',(0.,0.,-1.));
#6389=DIRECTION('',(0.,-1.,0.));
#6390=DIRECTION('',(0.,0.,-1.));
#6391=DIRECTION('',(0.,0.,1.));
#6392=DIRECTION('',(1.,0.,0.));
#6393=DIRECTION('',(0.,0.,1.));
#6394=DIRECTION('',(1.,0.,0.));
#6395=DIRECTION('',(0.,0.,1.));
#6396=DIRECTION('',(1.,0.,0.));
#6397=DIRECTION('',(0.,0.,1.));
#6398=DIRECTION('',(1.,0.,0.));
#6399=DIRECTION('',(0.,0.,1.));
#6400=DIRECTION('',(1.,0.,0.));
#6401=DIRECTION('',(0.,0.,1.));
#6402=DIRECTION('',(1.,0.,0.));
#6403=DIRECTION('',(0.,0.,1.));
#6404=DIRECTION('',(1.,0.,0.));
#6405=DIRECTION('',(0.,0.,1.));
#6406=DIRECTION('',(1.,0.,0.));
#6407=DIRECTION('',(0.,0.,1.));
#6408=DIRECTION('',(1.,0.,0.));
#6409=DIRECTION('',(0.,0.,1.));
#6410=DIRECTION('',(1.,0.,0.));
#6411=DIRECTION('',(0.,0.,-1.));
#6412=DIRECTION('',(-1.,0.,0.));
#6413=DIRECTION('',(0.,0.,-1.));
#6414=DIRECTION('',(-1.,0.,0.));
#6415=DIRECTION('',(0.,0.,1.));
#6416=DIRECTION('',(1.,0.,0.));
#6417=DIRECTION('',(0.,0.,-1.));
#6418=DIRECTION('',(-1.,0.,0.));
#6419=DIRECTION('',(0.,0.,-1.));
#6420=DIRECTION('',(-1.,0.,0.));
#6421=DIRECTION('',(0.,0.,1.));
#6422=DIRECTION('',(1.,0.,0.));
#6423=DIRECTION('',(0.,0.,1.));
#6424=DIRECTION('',(1.,0.,0.));
#6425=DIRECTION('',(0.,1.,0.));
#6426=DIRECTION('',(0.,0.,1.));
#6427=DIRECTION('',(0.,0.,-1.));
#6428=DIRECTION('',(1.,0.,0.));
#6429=DIRECTION('',(0.,0.,-1.));
#6430=DIRECTION('',(0.82238035314921,-0.568938093955907,0.));
#6431=DIRECTION('',(0.568938093955907,0.82238035314921,0.));
#6432=DIRECTION('',(0.,0.,-1.));
#6433=DIRECTION('',(-0.568938093955907,-0.82238035314921,0.));
#6434=DIRECTION('',(1.,0.,0.));
#6435=DIRECTION('',(0.,0.,-1.));
#6436=DIRECTION('',(0.,0.,-1.));
#6437=DIRECTION('',(0.,-1.,0.));
#6438=DIRECTION('',(0.,1.,0.));
#6439=DIRECTION('',(0.,0.,1.));
#6440=DIRECTION('',(0.,0.,-1.));
#6441=DIRECTION('',(1.,0.,0.));
#6442=DIRECTION('',(-1.,0.,0.));
#6443=DIRECTION('',(0.,0.,1.));
#6444=DIRECTION('',(0.,0.,-1.));
#6445=DIRECTION('',(0.,1.,0.));
#6446=DIRECTION('',(0.,-1.,0.));
#6447=DIRECTION('',(0.,0.,-1.));
#6448=DIRECTION('',(0.,0.,-1.));
#6449=DIRECTION('',(-1.,0.,0.));
#6450=DIRECTION('',(-0.822454851689253,0.568830393819466,0.));
#6451=DIRECTION('',(-0.568830393819466,-0.822454851689253,0.));
#6452=DIRECTION('',(0.,0.,-1.));
#6453=DIRECTION('',(0.568830393819466,0.822454851689253,0.));
#6454=DIRECTION('',(-1.,0.,0.));
#6455=DIRECTION('',(0.,0.,1.));
#6456=DIRECTION('',(0.,0.,-1.));
#6457=DIRECTION('',(0.,1.,0.));
#6458=DIRECTION('',(0.,-1.,0.));
#6459=DIRECTION('',(0.,0.,-1.));
#6460=DIRECTION('',(0.,0.,-1.));
#6461=DIRECTION('',(-1.,0.,0.));
#6462=DIRECTION('',(1.,0.,0.));
#6463=DIRECTION('',(0.,0.,-1.));
#6464=DIRECTION('',(0.,-1.,0.));
#6465=DIRECTION('',(0.,0.,1.));
#6466=DIRECTION('',(1.,0.,0.));
#6467=DIRECTION('',(0.,0.,-1.));
#6468=DIRECTION('',(-0.398483968680062,0.917175297696677,0.));
#6469=DIRECTION('',(0.,0.,-1.));
#6470=DIRECTION('',(-1.,0.,0.));
#6471=DIRECTION('',(0.,0.,-1.));
#6472=DIRECTION('',(0.,0.,-1.));
#6473=DIRECTION('',(-1.,0.,0.));
#6474=DIRECTION('',(0.,0.,-1.));
#6475=DIRECTION('',(0.,0.,-1.));
#6476=DIRECTION('',(0.,0.,-1.));
#6477=DIRECTION('',(-1.,0.,0.));
#6478=DIRECTION('',(0.,0.,1.));
#6479=DIRECTION('',(0.,1.,0.));
#6480=DIRECTION('',(0.,0.,-1.));
#6481=DIRECTION('',(0.,1.,0.));
#6482=DIRECTION('',(0.,1.,0.));
#6483=DIRECTION('',(0.,0.,1.));
#6484=DIRECTION('',(1.,0.,0.));
#6485=DIRECTION('',(0.,0.,-1.));
#6486=DIRECTION('',(1.,0.,0.));
#6487=DIRECTION('',(0.,0.,-1.));
#6488=DIRECTION('',(0.,0.,-1.));
#6489=DIRECTION('',(0.,0.,-1.));
#6490=DIRECTION('',(0.614559281729932,0.788870641638786,0.));
#6491=DIRECTION('',(-0.788870641638786,0.614559281729932,0.));
#6492=DIRECTION('',(0.,0.,-1.));
#6493=DIRECTION('',(0.788870641638786,-0.614559281729932,0.));
#6494=DIRECTION('',(0.,0.,-1.));
#6495=DIRECTION('',(0.663906182407402,-0.747815873702363,0.));
#6496=DIRECTION('',(0.,0.,-1.));
#6497=DIRECTION('',(0.,0.,-1.));
#6498=DIRECTION('',(-1.,0.,0.));
#6499=DIRECTION('',(0.,0.,-1.));
#6500=DIRECTION('',(0.,0.,-1.));
#6501=DIRECTION('',(0.,0.,-1.));
#6502=DIRECTION('',(0.,-1.,0.));
#6503=DIRECTION('',(0.,0.,-1.));
#6504=DIRECTION('',(0.,0.,-1.));
#6505=DIRECTION('',(-1.,0.,0.));
#6506=DIRECTION('',(1.,0.,0.));
#6507=DIRECTION('',(0.,0.,-1.));
#6508=DIRECTION('',(0.,0.,-1.));
#6509=DIRECTION('',(0.,-1.,0.));
#6510=DIRECTION('',(0.,0.,-1.));
#6511=DIRECTION('',(0.,0.,-1.));
#6512=DIRECTION('',(0.,0.,-1.));
#6513=DIRECTION('',(-0.285076589724327,0.958504740724399,0.));
#6514=DIRECTION('',(0.,0.,-1.));
#6515=DIRECTION('',(0.,0.,-1.));
#6516=DIRECTION('',(-1.,0.,0.));
#6517=DIRECTION('',(0.,0.,-1.));
#6518=DIRECTION('',(-0.752945607869588,0.658082754362927,0.));
#6519=DIRECTION('',(0.,0.,-1.));
#6520=DIRECTION('',(0.,0.,-1.));
#6521=DIRECTION('',(-1.,0.,0.));
#6522=DIRECTION('',(0.,0.,-1.));
#6523=DIRECTION('',(-1.,0.,0.));
#6524=DIRECTION('',(0.,0.,1.));
#6525=DIRECTION('',(0.,0.,-1.));
#6526=DIRECTION('',(0.,1.,0.));
#6527=DIRECTION('',(0.,0.,1.));
#6528=DIRECTION('',(1.,0.,0.));
#6529=DIRECTION('',(0.,0.,1.));
#6530=DIRECTION('',(1.,0.,0.));
#6531=DIRECTION('',(1.,0.,0.));
#6532=DIRECTION('',(0.,0.,-1.));
#6533=DIRECTION('',(0.,0.,-1.));
#6534=DIRECTION('',(0.,-1.,0.));
#6535=DIRECTION('',(0.,0.,-1.));
#6536=DIRECTION('',(0.,1.,0.));
#6537=DIRECTION('',(0.,0.,1.));
#6538=DIRECTION('',(0.,0.,-1.));
#6539=DIRECTION('',(1.,0.,0.));
#6540=DIRECTION('',(-1.,0.,0.));
#6541=DIRECTION('',(0.,0.,1.));
#6542=DIRECTION('',(0.,0.,-1.));
#6543=DIRECTION('',(0.,1.,0.));
#6544=DIRECTION('',(0.,1.,0.));
#6545=DIRECTION('',(0.,0.,1.));
#6546=DIRECTION('',(0.,0.,-1.));
#6547=DIRECTION('',(1.,0.,0.));
#6548=DIRECTION('',(-1.,0.,0.));
#6549=DIRECTION('',(0.,0.,1.));
#6550=DIRECTION('',(0.,0.,-1.));
#6551=DIRECTION('',(0.,1.,0.));
#6552=DIRECTION('',(0.,-1.,0.));
#6553=DIRECTION('',(0.,0.,-1.));
#6554=DIRECTION('',(0.,0.,-1.));
#6555=DIRECTION('',(-1.,0.,0.));
#6556=DIRECTION('',(-1.,0.,0.));
#6557=DIRECTION('',(0.,0.,1.));
#6558=DIRECTION('',(0.,0.,-1.));
#6559=DIRECTION('',(0.,1.,0.));
#6560=DIRECTION('',(0.,0.,-1.));
#6561=DIRECTION('',(0.,0.,-1.));
#6562=DIRECTION('',(0.,0.,-1.));
#6563=DIRECTION('',(0.138447220567395,-0.990369813310747,0.));
#6564=DIRECTION('',(0.,0.,-1.));
#6565=DIRECTION('',(0.,0.,-1.));
#6566=DIRECTION('',(-1.,0.,0.));
#6567=DIRECTION('',(1.,0.,0.));
#6568=DIRECTION('',(0.,0.,-1.));
#6569=DIRECTION('',(0.,0.,-1.));
#6570=DIRECTION('',(0.,-1.,0.));
#6571=DIRECTION('',(0.,0.,-1.));
#6572=DIRECTION('',(0.127836762425893,-0.991795221894351,0.));
#6573=DIRECTION('',(0.,0.,-1.));
#6574=DIRECTION('',(0.,0.,-1.));
#6575=DIRECTION('',(-1.,0.,0.));
#6576=DIRECTION('',(0.,0.,-1.));
#6577=DIRECTION('',(0.,0.,-1.));
#6578=DIRECTION('',(1.,0.,0.));
#6579=DIRECTION('',(0.,0.,-1.));
#6580=DIRECTION('',(0.,0.,-1.));
#6581=DIRECTION('',(0.,-1.,0.));
#6582=DIRECTION('',(0.,-1.,0.));
#6583=DIRECTION('',(0.,0.,-1.));
#6584=DIRECTION('',(0.,0.,-1.));
#6585=DIRECTION('',(-1.,0.,0.));
#6586=DIRECTION('',(1.,0.,0.));
#6587=DIRECTION('',(0.,0.,-1.));
#6588=DIRECTION('',(0.,0.,-1.));
#6589=DIRECTION('',(0.,-1.,0.));
#6590=DIRECTION('',(0.,1.,0.));
#6591=DIRECTION('',(0.,0.,1.));
#6592=DIRECTION('',(1.,0.,0.));
#6593=DIRECTION('',(0.,0.,1.));
#6594=DIRECTION('',(1.,0.,0.));
#6595=DIRECTION('',(0.,0.,-1.));
#6596=DIRECTION('',(0.,0.,-1.));
#6597=DIRECTION('',(0.,0.,-1.));
#6598=DIRECTION('',(0.,0.,-1.));
#6599=DIRECTION('',(-0.441884506324771,0.897071949773324,0.));
#6600=DIRECTION('',(0.,0.,-1.));
#6601=DIRECTION('',(-1.,0.,0.));
#6602=DIRECTION('',(0.,0.,-1.));
#6603=DIRECTION('',(0.,0.,-1.));
#6604=DIRECTION('',(-1.,0.,0.));
#6605=DIRECTION('',(0.,0.,-1.));
#6606=DIRECTION('',(0.442519343295189,0.896758959146545,0.));
#6607=DIRECTION('',(0.,0.,-1.));
#6608=DIRECTION('',(-1.,0.,0.));
#6609=DIRECTION('',(0.,0.,-1.));
#6610=DIRECTION('',(0.,0.,-1.));
#6611=DIRECTION('',(-1.,0.,0.));
#6612=DIRECTION('',(0.,0.,-1.));
#6613=DIRECTION('',(0.,0.,-1.));
#6614=DIRECTION('',(0.,0.,-1.));
#6615=DIRECTION('',(0.,0.,-1.));
#6616=DIRECTION('',(0.,0.,-1.));
#6617=DIRECTION('',(-1.,0.,0.));
#6618=DIRECTION('',(0.,0.,1.));
#6619=DIRECTION('',(0.,0.,-1.));
#6620=DIRECTION('',(0.,1.,0.));
#6621=DIRECTION('',(0.,0.,-1.));
#6622=DIRECTION('',(0.,0.,-1.));
#6623=DIRECTION('',(0.,0.,-1.));
#6624=DIRECTION('',(0.,0.,-1.));
#6625=DIRECTION('',(0.747005743456283,-0.664817583434227,0.));
#6626=DIRECTION('',(0.,0.,-1.));
#6627=DIRECTION('',(0.,0.,-1.));
#6628=DIRECTION('',(-1.,0.,0.));
#6629=DIRECTION('',(0.,0.,-1.));
#6630=DIRECTION('',(1.,0.,0.));
#6631=DIRECTION('',(0.,0.,-1.));
#6632=DIRECTION('',(0.,0.,-1.));
#6633=DIRECTION('',(0.,-1.,0.));
#6634=DIRECTION('',(0.,0.,-1.));
#6635=DIRECTION('',(0.,0.,-1.));
#6636=DIRECTION('',(0.,0.,-1.));
#6637=DIRECTION('',(-0.265641425751031,0.964071902362557,0.));
#6638=DIRECTION('',(0.,0.,-1.));
#6639=DIRECTION('',(0.,0.,-1.));
#6640=DIRECTION('',(-1.,0.,0.));
#6641=DIRECTION('',(0.,0.,-1.));
#6642=DIRECTION('',(-0.745104225996738,0.666948043255096,0.));
#6643=DIRECTION('',(0.,0.,-1.));
#6644=DIRECTION('',(-1.,0.,0.));
#6645=DIRECTION('',(0.,0.,1.));
#6646=DIRECTION('',(1.,0.,0.));
#6647=DIRECTION('',(0.,0.,1.));
#6648=DIRECTION('',(1.,0.,0.));
#6649=DIRECTION('',(0.,1.,0.));
#6650=DIRECTION('',(0.,0.,1.));
#6651=DIRECTION('',(0.,0.,-1.));
#6652=DIRECTION('',(1.,0.,0.));
#6653=DIRECTION('',(0.,0.,-1.));
#6654=DIRECTION('',(0.798464337083,-0.602042110160582,0.));
#6655=DIRECTION('',(0.602042110160582,0.798464337083,0.));
#6656=DIRECTION('',(0.,0.,-1.));
#6657=DIRECTION('',(-0.602042110160582,-0.798464337083,0.));
#6658=DIRECTION('',(1.,0.,0.));
#6659=DIRECTION('',(0.,0.,-1.));
#6660=DIRECTION('',(0.,0.,-1.));
#6661=DIRECTION('',(0.,-1.,0.));
#6662=DIRECTION('',(0.,1.,0.));
#6663=DIRECTION('',(0.,0.,1.));
#6664=DIRECTION('',(0.,0.,-1.));
#6665=DIRECTION('',(1.,0.,0.));
#6666=DIRECTION('',(-1.,0.,0.));
#6667=DIRECTION('',(0.,0.,1.));
#6668=DIRECTION('',(0.,0.,-1.));
#6669=DIRECTION('',(0.,1.,0.));
#6670=DIRECTION('',(0.,-1.,0.));
#6671=DIRECTION('',(0.,0.,-1.));
#6672=DIRECTION('',(0.,0.,-1.));
#6673=DIRECTION('',(-1.,0.,0.));
#6674=DIRECTION('',(-0.798837964081543,0.601546263509346,0.));
#6675=DIRECTION('',(-0.601546263509346,-0.798837964081543,0.));
#6676=DIRECTION('',(0.,0.,-1.));
#6677=DIRECTION('',(0.601546263509346,0.798837964081543,0.));
#6678=DIRECTION('',(-1.,0.,0.));
#6679=DIRECTION('',(0.,0.,1.));
#6680=DIRECTION('',(0.,0.,-1.));
#6681=DIRECTION('',(0.,1.,0.));
#6682=DIRECTION('',(0.,-1.,0.));
#6683=DIRECTION('',(0.,0.,-1.));
#6684=DIRECTION('',(0.,0.,-1.));
#6685=DIRECTION('',(-1.,0.,0.));
#6686=DIRECTION('',(1.,0.,0.));
#6687=DIRECTION('',(0.,0.,-1.));
#6688=DIRECTION('',(0.,-1.,0.));
#6689=DIRECTION('',(0.,0.,1.));
#6690=DIRECTION('',(1.,0.,0.));
#6691=DIRECTION('',(0.,0.,-1.));
#6692=DIRECTION('',(0.,0.,-1.));
#6693=DIRECTION('',(-1.,0.,0.));
#6694=DIRECTION('',(0.,0.,1.));
#6695=DIRECTION('',(0.,1.,0.));
#6696=DIRECTION('',(0.,0.,-1.));
#6697=DIRECTION('',(0.,1.,0.));
#6698=DIRECTION('',(0.,0.,-1.));
#6699=DIRECTION('',(0.,0.,-1.));
#6700=DIRECTION('',(0.,0.,-1.));
#6701=DIRECTION('',(0.,0.,-1.));
#6702=DIRECTION('',(1.,0.,0.));
#6703=DIRECTION('',(0.,0.,-1.));
#6704=DIRECTION('',(0.,-1.,0.));
#6705=DIRECTION('',(0.,0.,-1.));
#6706=DIRECTION('',(0.,-1.,0.));
#6707=DIRECTION('',(0.,0.,-1.));
#6708=DIRECTION('',(0.,0.,-1.));
#6709=DIRECTION('',(0.,0.,-1.));
#6710=DIRECTION('',(0.,0.,-1.));
#6711=DIRECTION('',(1.,0.,0.));
#6712=DIRECTION('',(0.,0.,-1.));
#6713=DIRECTION('',(0.,0.,-1.));
#6714=DIRECTION('',(0.,-1.,0.));
#6715=DIRECTION('',(0.,0.,-1.));
#6716=DIRECTION('',(0.,0.,-1.));
#6717=DIRECTION('',(0.,0.,-1.));
#6718=DIRECTION('',(0.,0.,-1.));
#6719=DIRECTION('',(0.,0.,-1.));
#6720=DIRECTION('',(0.,0.,-1.));
#6721=DIRECTION('',(-1.,0.,0.));
#6722=DIRECTION('',(0.,0.,1.));
#6723=DIRECTION('',(0.,0.,-1.));
#6724=DIRECTION('',(0.,1.,0.));
#6725=DIRECTION('',(0.,0.,-1.));
#6726=DIRECTION('',(0.,0.,-1.));
#6727=DIRECTION('',(0.,0.,-1.));
#6728=DIRECTION('',(0.,0.,-1.));
#6729=DIRECTION('',(0.,0.,1.));
#6730=DIRECTION('',(1.,0.,0.));
#6731=DIRECTION('',(0.,0.,1.));
#6732=DIRECTION('',(1.,0.,0.));
#6733=DIRECTION('',(0.,-1.,0.));
#6734=DIRECTION('',(0.,0.,-1.));
#6735=DIRECTION('',(0.,0.,-1.));
#6736=DIRECTION('',(-1.,0.,0.));
#6737=DIRECTION('',(0.,0.,-1.));
#6738=DIRECTION('',(1.,0.,0.));
#6739=DIRECTION('',(0.,0.,-1.));
#6740=DIRECTION('',(0.,0.,-1.));
#6741=DIRECTION('',(0.,-1.,0.));
#6742=DIRECTION('',(0.,1.,0.));
#6743=DIRECTION('',(0.,0.,1.));
#6744=DIRECTION('',(0.,0.,-1.));
#6745=DIRECTION('',(1.,0.,0.));
#6746=DIRECTION('',(-1.,0.,0.));
#6747=DIRECTION('',(0.,0.,1.));
#6748=DIRECTION('',(0.,0.,-1.));
#6749=DIRECTION('',(0.,1.,0.));
#6750=DIRECTION('',(0.,-1.,0.));
#6751=DIRECTION('',(0.,0.,-1.));
#6752=DIRECTION('',(0.,0.,-1.));
#6753=DIRECTION('',(-1.,0.,0.));
#6754=DIRECTION('',(-1.,0.,0.));
#6755=DIRECTION('',(0.,0.,1.));
#6756=DIRECTION('',(0.,0.,-1.));
#6757=DIRECTION('',(0.,1.,0.));
#6758=DIRECTION('',(0.,-1.,0.));
#6759=DIRECTION('',(0.,0.,-1.));
#6760=DIRECTION('',(0.,0.,-1.));
#6761=DIRECTION('',(-1.,0.,0.));
#6762=DIRECTION('',(1.,0.,0.));
#6763=DIRECTION('',(0.,0.,-1.));
#6764=DIRECTION('',(0.,-1.,0.));
#6765=DIRECTION('',(0.,0.,1.));
#6766=DIRECTION('',(1.,0.,0.));
#6767=DIRECTION('',(0.,-1.,0.));
#6768=DIRECTION('',(0.,0.,-1.));
#6769=DIRECTION('',(0.,0.,-1.));
#6770=DIRECTION('',(-1.,0.,0.));
#6771=DIRECTION('',(0.,0.,-1.));
#6772=DIRECTION('',(1.,0.,0.));
#6773=DIRECTION('',(0.,0.,-1.));
#6774=DIRECTION('',(0.,0.,-1.));
#6775=DIRECTION('',(0.,-1.,0.));
#6776=DIRECTION('',(0.,1.,0.));
#6777=DIRECTION('',(0.,0.,1.));
#6778=DIRECTION('',(0.,0.,-1.));
#6779=DIRECTION('',(1.,0.,0.));
#6780=DIRECTION('',(1.,0.,0.));
#6781=DIRECTION('',(0.,0.,-1.));
#6782=DIRECTION('',(0.,0.,-1.));
#6783=DIRECTION('',(0.,-1.,0.));
#6784=DIRECTION('',(0.,-1.,0.));
#6785=DIRECTION('',(0.,0.,-1.));
#6786=DIRECTION('',(0.,0.,-1.));
#6787=DIRECTION('',(-1.,0.,0.));
#6788=DIRECTION('',(1.,0.,0.));
#6789=DIRECTION('',(0.,0.,-1.));
#6790=DIRECTION('',(0.,0.,-1.));
#6791=DIRECTION('',(0.,-1.,0.));
#6792=DIRECTION('',(0.,1.,0.));
#6793=DIRECTION('',(0.,0.,1.));
#6794=DIRECTION('',(0.,0.,-1.));
#6795=DIRECTION('',(1.,0.,0.));
#6796=DIRECTION('',(-1.,0.,0.));
#6797=DIRECTION('',(0.,0.,1.));
#6798=DIRECTION('',(0.,0.,-1.));
#6799=DIRECTION('',(0.,1.,0.));
#6800=DIRECTION('',(0.,-1.,0.));
#6801=DIRECTION('',(0.,0.,-1.));
#6802=DIRECTION('',(0.,0.,-1.));
#6803=DIRECTION('',(-1.,0.,0.));
#6804=DIRECTION('',(1.,0.,0.));
#6805=DIRECTION('',(0.,0.,-1.));
#6806=DIRECTION('',(0.,0.,-1.));
#6807=DIRECTION('',(0.,-1.,0.));
#6808=DIRECTION('',(0.,1.,0.));
#6809=DIRECTION('',(0.,0.,1.));
#6810=DIRECTION('',(0.,0.,-1.));
#6811=DIRECTION('',(1.,0.,0.));
#6812=DIRECTION('',(1.,0.,0.));
#6813=DIRECTION('',(0.,0.,-1.));
#6814=DIRECTION('',(0.,-1.,0.));
#6815=DIRECTION('',(0.,0.,1.));
#6816=DIRECTION('',(1.,0.,0.));
#6817=DIRECTION('',(0.,1.,0.));
#6818=DIRECTION('',(0.,0.,1.));
#6819=DIRECTION('',(1.,0.,0.));
#6820=DIRECTION('',(0.,0.,-1.));
#6821=DIRECTION('',(1.,0.,0.));
#6822=DIRECTION('',(0.,0.,-1.));
#6823=DIRECTION('',(1.,0.,0.));
#6824=DIRECTION('',(0.,0.,-1.));
#6825=DIRECTION('',(0.,-1.,0.));
#6826=DIRECTION('',(0.,0.,-1.));
#6827=DIRECTION('',(0.,-1.,0.));
#6828=DIRECTION('',(0.,-1.,0.));
#6829=DIRECTION('',(0.,0.,-1.));
#6830=DIRECTION('',(-1.,0.,0.));
#6831=DIRECTION('',(0.,0.,-1.));
#6832=DIRECTION('',(-1.,0.,0.));
#6833=DIRECTION('',(0.,0.,-1.));
#6834=DIRECTION('',(0.,0.,-1.));
#6835=DIRECTION('',(0.,0.,-1.));
#6836=DIRECTION('',(1.,0.,0.));
#6837=DIRECTION('',(0.,0.,-1.));
#6838=DIRECTION('',(0.,0.,-1.));
#6839=DIRECTION('',(0.,-1.,0.));
#6840=DIRECTION('',(0.,0.,-1.));
#6841=DIRECTION('',(0.,-1.,0.));
#6842=DIRECTION('',(0.,0.,-1.));
#6843=DIRECTION('',(0.,0.,-1.));
#6844=DIRECTION('',(-1.,0.,0.));
#6845=DIRECTION('',(0.,0.,-1.));
#6846=DIRECTION('',(0.,0.,-1.));
#6847=DIRECTION('',(0.,0.,-1.));
#6848=DIRECTION('',(0.,0.,-1.));
#6849=DIRECTION('',(0.,1.,0.));
#6850=DIRECTION('',(0.,0.,1.));
#6851=DIRECTION('',(0.,0.,-1.));
#6852=DIRECTION('',(1.,0.,0.));
#6853=DIRECTION('',(-1.,0.,0.));
#6854=DIRECTION('',(0.,0.,1.));
#6855=DIRECTION('',(0.,0.,-1.));
#6856=DIRECTION('',(0.,1.,0.));
#6857=DIRECTION('',(0.,-1.,0.));
#6858=DIRECTION('',(0.,0.,-1.));
#6859=DIRECTION('',(-1.,0.,0.));
#6860=DIRECTION('',(0.,0.,1.));
#6861=DIRECTION('',(1.,0.,0.));
#6862=DIRECTION('',(0.,0.,1.));
#6863=DIRECTION('',(1.,0.,0.));
#6864=DIRECTION('',(0.,1.,0.));
#6865=DIRECTION('',(0.,0.,1.));
#6866=DIRECTION('',(1.,0.,0.));
#6867=DIRECTION('',(0.,0.,-1.));
#6868=DIRECTION('',(1.,0.,0.));
#6869=DIRECTION('',(0.,0.,-1.));
#6870=DIRECTION('',(0.940051113912135,-0.341033580798951,0.));
#6871=DIRECTION('',(0.341033580798951,0.940051113912135,0.));
#6872=DIRECTION('',(-0.341033580798951,-0.940051113912135,0.));
#6873=DIRECTION('',(0.,0.,-1.));
#6874=DIRECTION('',(-0.341033580798951,-0.940051113912135,0.));
#6875=DIRECTION('',(0.,-1.,0.));
#6876=DIRECTION('',(0.,0.,-1.));
#6877=DIRECTION('',(0.,0.,-1.));
#6878=DIRECTION('',(-1.,0.,0.));
#6879=DIRECTION('',(0.,0.,-1.));
#6880=DIRECTION('',(-0.939284527122529,-0.343139296945434,0.));
#6881=DIRECTION('',(0.343139296945434,-0.939284527122529,0.));
#6882=DIRECTION('',(0.,0.,-1.));
#6883=DIRECTION('',(-0.343139296945433,0.939284527122529,0.));
#6884=DIRECTION('',(0.,-1.,0.));
#6885=DIRECTION('',(0.,0.,-1.));
#6886=DIRECTION('',(0.,0.,-1.));
#6887=DIRECTION('',(-1.,0.,0.));
#6888=DIRECTION('',(0.933963192879764,0.357369212923885,0.));
#6889=DIRECTION('',(-0.357369212923885,0.933963192879764,0.));
#6890=DIRECTION('',(0.,0.,-1.));
#6891=DIRECTION('',(0.357369212923884,-0.933963192879764,0.));
#6892=DIRECTION('',(0.,1.,0.));
#6893=DIRECTION('',(0.,0.,1.));
#6894=DIRECTION('',(0.,0.,-1.));
#6895=DIRECTION('',(1.,0.,0.));
#6896=DIRECTION('',(-0.934237045590338,0.356652691909982,0.));
#6897=DIRECTION('',(-0.356652691909982,-0.934237045590338,0.));
#6898=DIRECTION('',(0.,0.,-1.));
#6899=DIRECTION('',(0.356652691909982,0.934237045590338,0.));
#6900=DIRECTION('',(0.,-1.,0.));
#6901=DIRECTION('',(0.,0.,-1.));
#6902=DIRECTION('',(0.,0.,-1.));
#6903=DIRECTION('',(-1.,0.,0.));
#6904=DIRECTION('',(0.940806622257546,-0.338943799937905,0.));
#6905=DIRECTION('',(0.338943799937905,0.940806622257546,0.));
#6906=DIRECTION('',(-0.338943799937905,-0.940806622257546,0.));
#6907=DIRECTION('',(-0.939625713548769,-0.342203913533973,0.));
#6908=DIRECTION('',(0.342203913533973,-0.939625713548769,0.));
#6909=DIRECTION('',(-0.342203913533973,0.939625713548769,0.));
#6910=DIRECTION('',(-0.342203913533973,0.939625713548769,0.));
#6911=DIRECTION('',(0.,0.,1.));
#6912=DIRECTION('',(1.,0.,0.));
#6913=DIRECTION('',(0.,0.,1.));
#6914=DIRECTION('',(1.,0.,0.));
#6915=DIRECTION('',(1.,0.,0.));
#6916=DIRECTION('',(0.,0.,-1.));
#6917=DIRECTION('',(0.,-1.,0.));
#6918=DIRECTION('',(0.,0.,-1.));
#6919=DIRECTION('',(0.,-1.,0.));
#6920=DIRECTION('',(0.,0.,-1.));
#6921=DIRECTION('',(0.,-1.,0.));
#6922=DIRECTION('',(0.,0.,-1.));
#6923=DIRECTION('',(-1.,0.,0.));
#6924=DIRECTION('',(0.,0.,-1.));
#6925=DIRECTION('',(-1.,0.,0.));
#6926=DIRECTION('',(0.,0.,-1.));
#6927=DIRECTION('',(0.,0.,-1.));
#6928=DIRECTION('',(-1.,0.,0.));
#6929=DIRECTION('',(0.,0.,1.));
#6930=DIRECTION('',(0.,1.,0.));
#6931=DIRECTION('',(0.,0.,-1.));
#6932=DIRECTION('',(0.,1.,0.));
#6933=DIRECTION('',(0.,0.,-1.));
#6934=DIRECTION('',(0.,0.,-1.));
#6935=DIRECTION('',(-1.,0.,0.));
#6936=DIRECTION('',(0.,0.,1.));
#6937=DIRECTION('',(0.,0.,-1.));
#6938=DIRECTION('',(0.,1.,0.));
#6939=DIRECTION('',(0.,0.,-1.));
#6940=DIRECTION('',(0.,-1.,0.));
#6941=DIRECTION('',(0.,0.,-1.));
#6942=DIRECTION('',(0.,0.,-1.));
#6943=DIRECTION('',(-1.,0.,0.));
#6944=DIRECTION('',(0.,0.,-1.));
#6945=DIRECTION('',(0.,0.,-1.));
#6946=DIRECTION('',(0.,0.,-1.));
#6947=DIRECTION('',(1.,0.,0.));
#6948=DIRECTION('',(0.,0.,-1.));
#6949=DIRECTION('',(0.,0.,-1.));
#6950=DIRECTION('',(0.,-1.,0.));
#6951=DIRECTION('',(0.,0.,-1.));
#6952=DIRECTION('',(0.,0.,-1.));
#6953=DIRECTION('',(0.,0.,-1.));
#6954=DIRECTION('',(0.,1.,0.));
#6955=DIRECTION('',(0.,0.,1.));
#6956=DIRECTION('',(1.,0.,0.));
#6957=DIRECTION('',(0.,1.,0.));
#6958=DIRECTION('',(0.,0.,1.));
#6959=DIRECTION('',(1.,0.,0.));
#6960=DIRECTION('',(1.,0.,0.));
#6961=DIRECTION('',(0.,0.,1.));
#6962=DIRECTION('',(1.,0.,0.));
#6963=DIRECTION('',(0.,0.,1.));
#6964=DIRECTION('',(1.,0.,0.));
#6965=DIRECTION('',(0.,0.,-1.));
#6966=DIRECTION('',(0.,0.,-1.));
#6967=DIRECTION('',(0.,0.,-1.));
#6968=DIRECTION('',(0.,0.,-1.));
#6969=DIRECTION('',(0.,0.,-1.));
#6970=DIRECTION('',(1.,0.,0.));
#6971=DIRECTION('',(0.,0.,-1.));
#6972=DIRECTION('',(0.,-1.,0.));
#6973=DIRECTION('',(0.,0.,-1.));
#6974=DIRECTION('',(0.,-1.,0.));
#6975=DIRECTION('',(0.,0.,-1.));
#6976=DIRECTION('',(0.,0.,-1.));
#6977=DIRECTION('',(0.,0.,-1.));
#6978=DIRECTION('',(1.,0.,0.));
#6979=DIRECTION('',(0.,0.,-1.));
#6980=DIRECTION('',(0.,0.,-1.));
#6981=DIRECTION('',(0.,-1.,0.));
#6982=DIRECTION('',(0.,0.,-1.));
#6983=DIRECTION('',(0.,0.,-1.));
#6984=DIRECTION('',(0.,0.,-1.));
#6985=DIRECTION('',(1.,0.,0.));
#6986=DIRECTION('',(0.,0.,-1.));
#6987=DIRECTION('',(0.,0.,-1.));
#6988=DIRECTION('',(0.,-1.,0.));
#6989=DIRECTION('',(0.,1.,0.));
#6990=DIRECTION('',(0.,0.,1.));
#6991=DIRECTION('',(0.,0.,-1.));
#6992=DIRECTION('',(1.,0.,0.));
#6993=DIRECTION('',(-1.,0.,0.));
#6994=DIRECTION('',(0.,0.,1.));
#6995=DIRECTION('',(0.,0.,-1.));
#6996=DIRECTION('',(0.,1.,0.));
#6997=DIRECTION('',(0.,-1.,0.));
#6998=DIRECTION('',(0.,0.,-1.));
#6999=DIRECTION('',(0.,0.,-1.));
#7000=DIRECTION('',(-1.,0.,0.));
#7001=DIRECTION('',(0.99744573405576,-0.0714283390116657,0.));
#7002=DIRECTION('',(0.0714283390116657,0.99744573405576,0.));
#7003=DIRECTION('',(0.,0.,-1.));
#7004=DIRECTION('',(-0.0714283390116657,-0.99744573405576,0.));
#7005=DIRECTION('',(0.,0.,-1.));
#7006=DIRECTION('',(0.,0.,1.));
#7007=DIRECTION('',(1.,0.,0.));
#7008=DIRECTION('',(0.,0.,1.));
#7009=DIRECTION('',(1.,0.,0.));
#7010=DIRECTION('',(-0.955001575535285,0.2966007261035,0.));
#7011=DIRECTION('',(-0.2966007261035,-0.955001575535285,0.));
#7012=DIRECTION('',(0.,0.,-1.));
#7013=DIRECTION('',(0.2966007261035,0.955001575535285,0.));
#7014=DIRECTION('',(0.,0.,-1.));
#7015=DIRECTION('',(0.948758153706155,0.316003110389895,0.));
#7016=DIRECTION('',(-0.316003110389895,0.948758153706155,0.));
#7017=DIRECTION('',(0.,0.,-1.));
#7018=DIRECTION('',(0.316003110389895,-0.948758153706155,0.));
#7019=DIRECTION('',(0.,1.,0.));
#7020=DIRECTION('',(0.,0.,1.));
#7021=DIRECTION('',(0.,0.,-1.));
#7022=DIRECTION('',(1.,0.,0.));
#7023=DIRECTION('',(-0.940661219753621,-0.339347122651172,0.));
#7024=DIRECTION('',(0.339347122651172,-0.940661219753621,0.));
#7025=DIRECTION('',(0.,0.,-1.));
#7026=DIRECTION('',(-0.339347122651172,0.940661219753621,0.));
#7027=DIRECTION('',(-0.937221851057562,0.348733712021418,0.));
#7028=DIRECTION('',(-0.348733712021418,-0.937221851057562,0.));
#7029=DIRECTION('',(0.,0.,-1.));
#7030=DIRECTION('',(0.348733712021418,0.937221851057562,0.));
#7031=DIRECTION('',(0.,0.,-1.));
#7032=DIRECTION('',(0.,0.,-1.));
#7033=DIRECTION('',(0.0766964988847371,0.997054485501582,0.));
#7034=DIRECTION('',(-0.997054485501582,0.0766964988847371,0.));
#7035=DIRECTION('',(0.,0.,-1.));
#7036=DIRECTION('',(0.997054485501582,-0.0766964988847371,0.));
#7037=DIRECTION('',(-1.,0.,0.));
#7038=DIRECTION('',(0.,0.,1.));
#7039=DIRECTION('',(0.,0.,-1.));
#7040=DIRECTION('',(0.,1.,0.));
#7041=DIRECTION('',(-0.182907916182993,-0.983130049483585,0.));
#7042=DIRECTION('',(0.983130049483585,-0.182907916182993,0.));
#7043=DIRECTION('',(0.,0.,-1.));
#7044=DIRECTION('',(-0.983130049483585,0.182907916182993,0.));
#7045=DIRECTION('',(-0.0905357460425185,-0.995893206467704,0.));
#7046=DIRECTION('',(0.995893206467704,-0.0905357460425185,0.));
#7047=DIRECTION('',(0.,0.,-1.));
#7048=DIRECTION('',(-0.995893206467704,0.0905357460425185,0.));
#7049=DIRECTION('',(0.,0.,-1.));
#7050=DIRECTION('',(0.944389024624506,-0.328830306037588,0.));
#7051=DIRECTION('',(0.328830306037588,0.944389024624506,0.));
#7052=DIRECTION('',(0.,0.,-1.));
#7053=DIRECTION('',(-0.328830306037588,-0.944389024624506,0.));
#7054=DIRECTION('',(0.,1.,0.));
#7055=DIRECTION('',(0.,0.,1.));
#7056=DIRECTION('',(1.,0.,0.));
#7057=DIRECTION('',(0.,0.,1.));
#7058=DIRECTION('',(1.,0.,0.));
#7059=CARTESIAN_POINT('',(0.,0.,0.));
#7060=CARTESIAN_POINT('',(0.,0.,0.016));
#7061=CARTESIAN_POINT('',(-0.0181991006920726,0.0174286322071566,0.016));
#7062=CARTESIAN_POINT('',(-0.0185381978335499,0.0163367997338355,0.016));
#7063=CARTESIAN_POINT('',(-0.0178600035505951,0.0185204646804778,0.016));
#7064=CARTESIAN_POINT('',(-0.0175932930924318,0.0185204646804778,0.016));
#7065=CARTESIAN_POINT('',(-0.0173265826342686,0.0185204646804778,0.016));
#7066=CARTESIAN_POINT('',(-0.0179121391975059,0.0168387669127696,0.016));
#7067=CARTESIAN_POINT('',(-0.0184976957607432,0.0151570691450616,0.016));
#7068=CARTESIAN_POINT('',(-0.0184976957607432,0.0151570691450616,0.016));
#7069=CARTESIAN_POINT('',(-0.018770007569401,0.0144297553270007,0.016));
#7070=CARTESIAN_POINT('',(-0.0193620272293629,0.0144297553270007,0.016));
#7071=CARTESIAN_POINT('',(-0.0193620272293629,0.0144297553270007,0.016));
#7072=CARTESIAN_POINT('',(-0.019409423272009,0.0144340640581504,0.016));
#7073=CARTESIAN_POINT('',(-0.0194568193146552,0.0144383727893,0.016));
#7074=CARTESIAN_POINT('',(-0.0195494570343726,0.0144556077138986,0.016));
#7075=CARTESIAN_POINT('',(-0.01964209475409,0.0144728426384972,0.016));
#7076=CARTESIAN_POINT('',(-0.01964209475409,0.0146749221294158,0.016));
#7077=CARTESIAN_POINT('',(-0.01964209475409,0.0148770016203343,0.016));
#7078=CARTESIAN_POINT('',(-0.0195748785481555,0.0148718311429548,0.016));
#7079=CARTESIAN_POINT('',(-0.019507662342221,0.0148666606655752,0.016));
#7080=CARTESIAN_POINT('',(-0.019507662342221,0.0148666606655752,0.016));
#7081=CARTESIAN_POINT('',(-0.0192543089506216,0.0148666606655752,0.016));
#7082=CARTESIAN_POINT('',(-0.0191129825689131,0.0149687775938219,0.016));
#7083=CARTESIAN_POINT('',(-0.0191129825689131,0.0149687775938219,0.016));
#7084=CARTESIAN_POINT('',(-0.0191129825689131,0.0149687775938219,0.016));
#7085=CARTESIAN_POINT('',(-0.0189716561872047,0.0150708945220685,0.016));
#7086=CARTESIAN_POINT('',(-0.0188803110868321,0.0153432063307264,0.016));
#7087=CARTESIAN_POINT('',(-0.0188803110868321,0.0153432063307264,0.016));
#7088=CARTESIAN_POINT('',(-0.0188251593281165,0.0154914266822743,0.016));
#7089=CARTESIAN_POINT('',(-0.018770007569401,0.0156396470338223,0.016));
#7090=CARTESIAN_POINT('',(-0.0192896405460487,0.01708005585715,0.016));
#7091=CARTESIAN_POINT('',(-0.0198092735226965,0.0185204646804778,0.016));
#7092=CARTESIAN_POINT('',(-0.0195373925871536,0.0185204646804778,0.016));
#7093=CARTESIAN_POINT('',(-0.0192655116516107,0.0185204646804778,0.016));
#7094=CARTESIAN_POINT('',(-0.0189018547425804,0.0174286322071566,0.016));
#7095=CARTESIAN_POINT('',(-0.0201195021654712,0.017031367195159,0.016));
#7096=CARTESIAN_POINT('',(-0.0201195021654712,0.0163635138669634,0.016));
#7097=CARTESIAN_POINT('',(-0.0204262838233262,0.0159580622657814,0.016));
#7098=CARTESIAN_POINT('',(-0.0201195021654712,0.017031367195159,0.016));
#7099=CARTESIAN_POINT('',(-0.0204262838233262,0.0159580622657814,0.016));
#7100=CARTESIAN_POINT('',(-0.0204262838233262,0.0159580622657814,0.016));
#7101=CARTESIAN_POINT('',(-0.0207330654811812,0.0155526106645994,0.016));
#7102=CARTESIAN_POINT('',(-0.0212501132191392,0.0155526106645994,0.016));
#7103=CARTESIAN_POINT('',(-0.0212501132191392,0.0155526106645994,0.016));
#7104=CARTESIAN_POINT('',(-0.0212501132191392,0.0155526106645994,0.016));
#7105=CARTESIAN_POINT('',(-0.0218024925525242,0.0155526106645994,0.016));
#7106=CARTESIAN_POINT('',(-0.0221041037329997,0.0159438434529875,0.016));
#7107=CARTESIAN_POINT('',(-0.0221041037329997,0.0159438434529875,0.016));
#7108=CARTESIAN_POINT('',(-0.0221161681802187,0.0157753720650362,0.016));
#7109=CARTESIAN_POINT('',(-0.0221282326274377,0.015606900677085,0.016));
#7110=CARTESIAN_POINT('',(-0.0223570262514841,0.0156069006770849,0.016));
#7111=CARTESIAN_POINT('',(-0.0225858198755305,0.0156069006770849,0.016));
#7112=CARTESIAN_POINT('',(-0.0225858198755305,0.0176750916289166,0.016));
#7113=CARTESIAN_POINT('',(-0.0225858198755305,0.0197432825807482,0.016));
#7114=CARTESIAN_POINT('',(-0.0223367752150807,0.0197432825807482,0.016));
#7115=CARTESIAN_POINT('',(-0.022087730554631,0.0197432825807482,0.016));
#7116=CARTESIAN_POINT('',(-0.022087730554631,0.018971588831846,0.016));
#7117=CARTESIAN_POINT('',(-0.022087730554631,0.0181998950829439,0.016));
#7118=CARTESIAN_POINT('',(-0.022087730554631,0.0181998950829439,0.016));
#7119=CARTESIAN_POINT('',(-0.0217861193741555,0.0185747546929633,0.016));
#7120=CARTESIAN_POINT('',(-0.0212557145696337,0.0185747546929633,0.016));
#7121=CARTESIAN_POINT('',(-0.0212557145696337,0.0185747546929633,0.016));
#7122=CARTESIAN_POINT('',(-0.0212557145696337,0.0185747546929633,0.016));
#7123=CARTESIAN_POINT('',(-0.0207253097651119,0.0185747546929633,0.016));
#7124=CARTESIAN_POINT('',(-0.0204224059652915,0.018173611822931,0.016));
#7125=CARTESIAN_POINT('',(-0.0204224059652915,0.018173611822931,0.016));
#7126=CARTESIAN_POINT('',(-0.0204224059652915,0.018173611822931,0.016));
#7127=CARTESIAN_POINT('',(-0.0201195021654712,0.0177724689528986,0.016));
#7128=CARTESIAN_POINT('',(-0.0201195021654712,0.0170744545066554,0.016));
#7129=CARTESIAN_POINT('',(-0.0201195021654712,0.0170744545066554,0.016));
#7130=CARTESIAN_POINT('',(-0.0201195021654712,0.0170529108509072,0.016));
#7131=CARTESIAN_POINT('',(0.0176094516900775,0.0342786906536882,0.016));
#7132=CARTESIAN_POINT('',(0.0176094516900775,0.0302908085286617,0.016));
#7133=CARTESIAN_POINT('',(0.0176094516900775,0.0382665727787147,0.016));
#7134=CARTESIAN_POINT('',(0.0187356997187938,0.0382665727787147,0.016));
#7135=CARTESIAN_POINT('',(0.0198619477475101,0.0382665727787147,0.016));
#7136=CARTESIAN_POINT('',(0.0198619477475101,0.0382665727787147,0.016));
#7137=CARTESIAN_POINT('',(0.0209014264728467,0.0382665727787147,0.016));
#7138=CARTESIAN_POINT('',(0.0217016322706817,0.0378064325335193,0.016));
#7139=CARTESIAN_POINT('',(0.0217016322706817,0.0378064325335193,0.016));
#7140=CARTESIAN_POINT('',(0.0217016322706817,0.0378064325335193,0.016));
#7141=CARTESIAN_POINT('',(0.0225018380685166,0.037346292288324,0.016));
#7142=CARTESIAN_POINT('',(0.0229374375006349,0.0364970048643348,0.016));
#7143=CARTESIAN_POINT('',(0.0229374375006349,0.0364970048643348,0.016));
#7144=CARTESIAN_POINT('',(0.0229374375006349,0.0364970048643348,0.016));
#7145=CARTESIAN_POINT('',(0.0233730369327532,0.0356477174403457,0.016));
#7146=CARTESIAN_POINT('',(0.0233782956784126,0.0345468866823163,0.016));
#7147=CARTESIAN_POINT('',(0.0233782956784126,0.0345468866823163,0.016));
#7148=CARTESIAN_POINT('',(0.0233782956784126,0.0342927139754466,0.016));
#7149=CARTESIAN_POINT('',(0.0233782956784126,0.0340385412685767,0.016));
#7150=CARTESIAN_POINT('',(0.0233782956784126,0.0340385412685767,0.016));
#7151=CARTESIAN_POINT('',(0.0233782956784126,0.0329096638670308,0.016));
#7152=CARTESIAN_POINT('',(0.0229426962462943,0.0320603764430416,0.016));
#7153=CARTESIAN_POINT('',(0.0229426962462943,0.0320603764430416,0.016));
#7154=CARTESIAN_POINT('',(0.0229426962462943,0.0320603764430416,0.016));
#7155=CARTESIAN_POINT('',(0.022507096814176,0.0312110890190525,0.016));
#7156=CARTESIAN_POINT('',(0.0216990028978519,0.0307562075195165,0.016));
#7157=CARTESIAN_POINT('',(0.0216990028978519,0.0307562075195165,0.016));
#7158=CARTESIAN_POINT('',(0.0216990028978519,0.0307562075195165,0.016));
#7159=CARTESIAN_POINT('',(0.0208909089815279,0.0303013260199805,0.016));
#7160=CARTESIAN_POINT('',(0.0198181248670153,0.0302908085286617,0.016));
#7161=CARTESIAN_POINT('',(0.0198181248670153,0.0302908085286617,0.016));
#7162=CARTESIAN_POINT('',(0.0187137882785464,0.0302908085286617,0.016));
#7163=CARTESIAN_POINT('',(0.0130247019327119,0.0323732718097745,0.016));
#7164=CARTESIAN_POINT('',(0.0146961065947835,0.0323732718097745,0.016));
#7165=CARTESIAN_POINT('',(0.0113532972706404,0.0323732718097745,0.016));
#7166=CARTESIAN_POINT('',(0.010978173413605,0.0313320401692181,0.016));
#7167=CARTESIAN_POINT('',(0.0106030495565695,0.0302908085286617,0.016));
#7168=CARTESIAN_POINT('',(0.0100613987536538,0.0302908085286617,0.016));
#7169=CARTESIAN_POINT('',(0.00951974795073814,0.0302908085286617,0.016));
#7170=CARTESIAN_POINT('',(0.0110421548191274,0.0342786906536882,0.016));
#7171=CARTESIAN_POINT('',(0.0125645616875166,0.0382665727787147,0.016));
#7172=CARTESIAN_POINT('',(0.0130247019327119,0.0382665727787147,0.016));
#7173=CARTESIAN_POINT('',(0.0134848421779073,0.0382665727787147,0.016));
#7174=CARTESIAN_POINT('',(0.0150107548767361,0.0342786906536882,0.016));
#7175=CARTESIAN_POINT('',(0.016536667575565,0.0302908085286617,0.016));
#7176=CARTESIAN_POINT('',(0.0159967696878691,0.0302908085286617,0.016));
#7177=CARTESIAN_POINT('',(0.0154568718001732,0.0302908085286617,0.016));
#7178=CARTESIAN_POINT('',(0.0150764891974783,0.0313320401692181,0.016));
#7179=CARTESIAN_POINT('',(0.00426450812180216,0.0318517795318864,0.016));
#7180=CARTESIAN_POINT('',(0.00426450812180216,0.0334127505351111,0.016));
#7181=CARTESIAN_POINT('',(0.00426450812180216,0.0302908085286617,0.016));
#7182=CARTESIAN_POINT('',(0.0037386335558646,0.0302908085286617,0.016));
#7183=CARTESIAN_POINT('',(0.00321275898992704,0.0302908085286617,0.016));
#7184=CARTESIAN_POINT('',(0.00321275898992704,0.0342786906536882,0.016));
#7185=CARTESIAN_POINT('',(0.00321275898992704,0.0382665727787147,0.016));
#7186=CARTESIAN_POINT('',(0.00468345485933241,0.0382665727787147,0.016));
#7187=CARTESIAN_POINT('',(0.00615415072873778,0.0382665727787147,0.016));
#7188=CARTESIAN_POINT('',(0.00615415072873778,0.0382665727787147,0.016));
#7189=CARTESIAN_POINT('',(0.00746357839792229,0.0382665727787147,0.016));
#7190=CARTESIAN_POINT('',(0.00820593799350414,0.037598712079974,0.016));
#7191=CARTESIAN_POINT('',(0.00820593799350414,0.037598712079974,0.016));
#7192=CARTESIAN_POINT('',(0.00820593799350414,0.037598712079974,0.016));
#7193=CARTESIAN_POINT('',(0.008948297589086,0.0369308513812333,0.016));
#7194=CARTESIAN_POINT('',(0.008948297589086,0.0358282677079842,0.016));
#7195=CARTESIAN_POINT('',(0.008948297589086,0.0358282677079842,0.016));
#7196=CARTESIAN_POINT('',(0.008948297589086,0.0358282677079842,0.016));
#7197=CARTESIAN_POINT('',(0.008948297589086,0.034667837832482,0.016));
#7198=CARTESIAN_POINT('',(0.00822259068809217,0.0340402941837965,0.016));
#7199=CARTESIAN_POINT('',(0.00822259068809217,0.0340402941837965,0.016));
#7200=CARTESIAN_POINT('',(0.00822259068809217,0.0340402941837965,0.016));
#7201=CARTESIAN_POINT('',(0.00749688378709834,0.0334127505351111,0.016));
#7202=CARTESIAN_POINT('',(0.00614363323741902,0.0334127505351111,0.016));
#7203=CARTESIAN_POINT('',(0.00614363323741902,0.0334127505351111,0.016));
#7204=CARTESIAN_POINT('',(0.00520407067961059,0.0334127505351111,0.016));
#7205=CARTESIAN_POINT('',(-0.000384223041085839,0.033977189235884,0.016));
#7206=CARTESIAN_POINT('',(0.00134415136562893,0.033977189235884,0.016));
#7207=CARTESIAN_POINT('',(-0.0021125974478006,0.033977189235884,0.016));
#7208=CARTESIAN_POINT('',(-0.0021125974478006,0.0325643395687317,0.016));
#7209=CARTESIAN_POINT('',(-0.0021125974478006,0.0311514899015795,0.016));
#7210=CARTESIAN_POINT('',(-0.000104633063529038,0.0311514899015795,0.016));
#7211=CARTESIAN_POINT('',(0.00190333132074253,0.0311514899015795,0.016));
#7212=CARTESIAN_POINT('',(0.00190333132074253,0.0307211492151207,0.016));
#7213=CARTESIAN_POINT('',(0.00190333132074253,0.0302908085286617,0.016));
#7214=CARTESIAN_POINT('',(-0.000630507629466594,0.0302908085286617,0.016));
#7215=CARTESIAN_POINT('',(-0.00316434657967572,0.0302908085286617,0.016));
#7216=CARTESIAN_POINT('',(-0.00316434657967572,0.0342786906536882,0.016));
#7217=CARTESIAN_POINT('',(-0.00316434657967572,0.0382665727787147,0.016));
#7218=CARTESIAN_POINT('',(-0.000657677815373368,0.0382665727787147,0.016));
#7219=CARTESIAN_POINT('',(0.00184899094892898,0.0382665727787147,0.016));
#7220=CARTESIAN_POINT('',(0.00184899094892898,0.0378336027194261,0.016));
#7221=CARTESIAN_POINT('',(0.00184899094892898,0.0374006326601375,0.016));
#7222=CARTESIAN_POINT('',(-0.000131803249435812,0.0374006326601375,0.016));
#7223=CARTESIAN_POINT('',(-0.0021125974478006,0.0374006326601375,0.016));
#7224=CARTESIAN_POINT('',(-0.0021125974478006,0.0361192516344696,0.016));
#7225=CARTESIAN_POINT('',(-0.0021125974478006,0.0348378706088018,0.016));
#7226=CARTESIAN_POINT('',(-0.000384223041085839,0.0348378706088018,0.016));
#7227=CARTESIAN_POINT('',(0.00134415136562893,0.0348378706088018,0.016));
#7228=CARTESIAN_POINT('',(0.00134415136562893,0.0344075299223429,0.016));
#7229=CARTESIAN_POINT('',(-0.00562982183631296,0.0374006326601375,0.016));
#7230=CARTESIAN_POINT('',(-0.00434756435303522,0.0374006326601375,0.016));
#7231=CARTESIAN_POINT('',(-0.0069120793195907,0.0374006326601375,0.016));
#7232=CARTESIAN_POINT('',(-0.0069120793195907,0.0338457205943996,0.016));
#7233=CARTESIAN_POINT('',(-0.0069120793195907,0.0302908085286617,0.016));
#7234=CARTESIAN_POINT('',(-0.00743444805508868,0.0302908085286617,0.016));
#7235=CARTESIAN_POINT('',(-0.00795681679058665,0.0302908085286617,0.016));
#7236=CARTESIAN_POINT('',(-0.00795681679058665,0.0338457205943996,0.016));
#7237=CARTESIAN_POINT('',(-0.00795681679058665,0.0374006326601375,0.016));
#7238=CARTESIAN_POINT('',(-0.0092364449010347,0.0374006326601375,0.016));
#7239=CARTESIAN_POINT('',(-0.0105160730114828,0.0374006326601375,0.016));
#7240=CARTESIAN_POINT('',(-0.0105160730114828,0.0378336027194261,0.016));
#7241=CARTESIAN_POINT('',(-0.0105160730114828,0.0382665727787147,0.016));
#7242=CARTESIAN_POINT('',(-0.00743181868225899,0.0382665727787147,0.016));
#7243=CARTESIAN_POINT('',(-0.00434756435303522,0.0382665727787147,0.016));
#7244=CARTESIAN_POINT('',(-0.00434756435303522,0.0378336027194261,0.016));
#7245=CARTESIAN_POINT('',(-0.0114363535018735,0.0340210121163788,0.016));
#7246=CARTESIAN_POINT('',(-0.0114363535018735,0.0328483118343381,0.016));
#7247=CARTESIAN_POINT('',(-0.0118307594263266,0.0319753600548817,0.016));
#7248=CARTESIAN_POINT('',(-0.0114363535018735,0.0340210121163788,0.016));
#7249=CARTESIAN_POINT('',(-0.0118307594263266,0.0319753600548817,0.016));
#7250=CARTESIAN_POINT('',(-0.0118307594263266,0.0319753600548817,0.016));
#7251=CARTESIAN_POINT('',(-0.0122251653507798,0.0311024082754254,0.016));
#7252=CARTESIAN_POINT('',(-0.012948242878944,0.0306413915726201,0.016));
#7253=CARTESIAN_POINT('',(-0.012948242878944,0.0306413915726201,0.016));
#7254=CARTESIAN_POINT('',(-0.012948242878944,0.0306413915726201,0.016));
#7255=CARTESIAN_POINT('',(-0.0136713204071081,0.0301803748698148,0.016));
#7256=CARTESIAN_POINT('',(-0.0146354237779936,0.0301803748698148,0.016));
#7257=CARTESIAN_POINT('',(-0.0146354237779936,0.0301803748698148,0.016));
#7258=CARTESIAN_POINT('',(-0.0146354237779936,0.0301803748698148,0.016));
#7259=CARTESIAN_POINT('',(-0.0155767392510219,0.0301803748698148,0.016));
#7260=CARTESIAN_POINT('',(-0.0163059519824553,0.0306440209454498,0.016));
#7261=CARTESIAN_POINT('',(-0.0163059519824553,0.0306440209454498,0.016));
#7262=CARTESIAN_POINT('',(-0.0163059519824553,0.0306440209454498,0.016));
#7263=CARTESIAN_POINT('',(-0.0170351647138887,0.0311076670210847,0.016));
#7264=CARTESIAN_POINT('',(-0.0174374587568309,0.0319648425635629,0.016));
#7265=CARTESIAN_POINT('',(-0.0174374587568309,0.0319648425635629,0.016));
#7266=CARTESIAN_POINT('',(-0.0174374587568309,0.0319648425635629,0.016));
#7267=CARTESIAN_POINT('',(-0.0178397527997731,0.0328220181060411,0.016));
#7268=CARTESIAN_POINT('',(-0.0178502702910919,0.0339508955075871,0.016));
#7269=CARTESIAN_POINT('',(-0.0178502702910919,0.0339508955075871,0.016));
#7270=CARTESIAN_POINT('',(-0.0178502702910919,0.034238373603633,0.016));
#7271=CARTESIAN_POINT('',(-0.0178502702910919,0.0345258516996788,0.016));
#7272=CARTESIAN_POINT('',(-0.0178502702910919,0.0345258516996788,0.016));
#7273=CARTESIAN_POINT('',(-0.0178502702910919,0.0356757640838623,0.016));
#7274=CARTESIAN_POINT('',(-0.0174506056209793,0.0365574804394176,0.016));
#7275=CARTESIAN_POINT('',(-0.0174506056209793,0.0365574804394176,0.016));
#7276=CARTESIAN_POINT('',(-0.0174506056209793,0.0365574804394176,0.016));
#7277=CARTESIAN_POINT('',(-0.0170509409508668,0.0374391967949729,0.016));
#7278=CARTESIAN_POINT('',(-0.0163199753042136,0.0379081016162673,0.016));
#7279=CARTESIAN_POINT('',(-0.0163199753042136,0.0379081016162673,0.016));
#7280=CARTESIAN_POINT('',(-0.0163199753042136,0.0379081016162673,0.016));
#7281=CARTESIAN_POINT('',(-0.0155890096575604,0.0383770064375615,0.016));
#7282=CARTESIAN_POINT('',(-0.0146459412693124,0.0383770064375615,0.016));
#7283=CARTESIAN_POINT('',(-0.0146459412693124,0.0383770064375615,0.016));
#7284=CARTESIAN_POINT('',(-0.0146459412693124,0.0383770064375615,0.016));
#7285=CARTESIAN_POINT('',(-0.0136870966440862,0.0383770064375615,0.016));
#7286=CARTESIAN_POINT('',(-0.012956130997433,0.0379133603619266,0.016));
#7287=CARTESIAN_POINT('',(-0.012956130997433,0.0379133603619266,0.016));
#7288=CARTESIAN_POINT('',(-0.012956130997433,0.0379133603619266,0.016));
#7289=CARTESIAN_POINT('',(-0.0122251653507798,0.0374497142862916,0.016));
#7290=CARTESIAN_POINT('',(-0.0118307594263266,0.036570627303566,0.016));
#7291=CARTESIAN_POINT('',(-0.0118307594263266,0.036570627303566,0.016));
#7292=CARTESIAN_POINT('',(-0.0118307594263266,0.036570627303566,0.016));
#7293=CARTESIAN_POINT('',(-0.0114363535018735,0.0356915403208404,0.016));
#7294=CARTESIAN_POINT('',(-0.0114363535018735,0.0345258516996788,0.016));
#7295=CARTESIAN_POINT('',(-0.0114363535018735,0.0345258516996788,0.016));
#7296=CARTESIAN_POINT('',(-0.0114363535018735,0.0342734319080288,0.016));
#7297=CARTESIAN_POINT('',(-0.0141967203271633,0.0160136448976118,0.016));
#7298=CARTESIAN_POINT('',(-0.015048987348564,0.0160136448976118,0.016));
#7299=CARTESIAN_POINT('',(-0.0133444533057627,0.0160136448976118,0.016));
#7300=CARTESIAN_POINT('',(-0.0133444533057627,0.0158102727873483,0.016));
#7301=CARTESIAN_POINT('',(-0.0133444533057627,0.0156069006770849,0.016));
#7302=CARTESIAN_POINT('',(-0.0145009167463286,0.0156069006770849,0.016));
#7303=CARTESIAN_POINT('',(-0.0156573801868944,0.0156069006770849,0.016));
#7304=CARTESIAN_POINT('',(-0.0156573801868944,0.015790021750945,0.016));
#7305=CARTESIAN_POINT('',(-0.0156573801868944,0.0159731428248051,0.016));
#7306=CARTESIAN_POINT('',(-0.0148533709543699,0.0170408464036882,0.016));
#7307=CARTESIAN_POINT('',(-0.0140493617218453,0.0181085499825713,0.016));
#7308=CARTESIAN_POINT('',(-0.0148413065071509,0.0181085499825713,0.016));
#7309=CARTESIAN_POINT('',(-0.0156332512924564,0.0181085499825713,0.016));
#7310=CARTESIAN_POINT('',(-0.0156332512924564,0.0183145073315245,0.016));
#7311=CARTESIAN_POINT('',(-0.0156332512924564,0.0185204646804778,0.016));
#7312=CARTESIAN_POINT('',(-0.0145289234988013,0.0185204646804778,0.016));
#7313=CARTESIAN_POINT('',(-0.0134245957051462,0.0185204646804778,0.016));
#7314=CARTESIAN_POINT('',(-0.0134245957051462,0.0183442375764571,0.016));
#7315=CARTESIAN_POINT('',(-0.0134245957051462,0.0181680104724364,0.016));
#7316=CARTESIAN_POINT('',(-0.0142367915268551,0.0170908276850241,0.016));
#7317=CARTESIAN_POINT('',(-0.0129161654294876,0.0170908276850241,0.016));
#7318=CARTESIAN_POINT('',(-0.0129161654294876,0.0175191155612992,0.016));
#7319=CARTESIAN_POINT('',(-0.0127476940415363,0.0178612288145814,0.016));
#7320=CARTESIAN_POINT('',(-0.0129161654294876,0.0170908276850241,0.016));
#7321=CARTESIAN_POINT('',(-0.0127476940415363,0.0178612288145814,0.016));
#7322=CARTESIAN_POINT('',(-0.0116111218432613,0.0173271908088443,0.016));
#7323=CARTESIAN_POINT('',(-0.0122790709666861,0.0183893220130078,0.016));
#7324=CARTESIAN_POINT('',(-0.0116183477728742,0.0172979589753587,0.016));
#7325=CARTESIAN_POINT('',(-0.0115933849665453,0.0185747546929633,0.016));
#7326=CARTESIAN_POINT('',(-0.0115933849665453,0.0185747546929633,0.016));
#7327=CARTESIAN_POINT('',(-0.0109987800678937,0.0185747546929633,0.016));
#7328=CARTESIAN_POINT('',(-0.0106308144277136,0.0181628399950568,0.016));
#7329=CARTESIAN_POINT('',(-0.0106308144277136,0.0181628399950568,0.016));
#7330=CARTESIAN_POINT('',(-0.0106308144277136,0.0181628399950568,0.016));
#7331=CARTESIAN_POINT('',(-0.0102628487875336,0.0177509252971504,0.016));
#7332=CARTESIAN_POINT('',(-0.0102628487875336,0.0170666987905861,0.016));
#7333=CARTESIAN_POINT('',(-0.0102628487875336,0.0170666987905861,0.016));
#7334=CARTESIAN_POINT('',(-0.0102628487875336,0.0170490329928726,0.016));
#7335=CARTESIAN_POINT('',(-0.0102628487875336,0.017031367195159,0.016));
#7336=CARTESIAN_POINT('',(-0.0102628487875336,0.017031367195159,0.016));
#7337=CARTESIAN_POINT('',(-0.0102628487875336,0.0166056645575736,0.016));
#7338=CARTESIAN_POINT('',(-0.0104261496981053,0.0162678600354411,0.016));
#7339=CARTESIAN_POINT('',(-0.0104261496981053,0.0162678600354411,0.016));
#7340=CARTESIAN_POINT('',(-0.0115507555744923,0.0167918040767027,0.016));
#7341=CARTESIAN_POINT('',(-0.0108923544084973,0.015741333088954,0.016));
#7342=CARTESIAN_POINT('',(-0.0108923544084973,0.015741333088954,0.016));
#7343=CARTESIAN_POINT('',(-0.0111952582083177,0.0155526106645994,0.016));
#7344=CARTESIAN_POINT('',(-0.0115882144891657,0.0155526106645994,0.016));
#7345=CARTESIAN_POINT('',(-0.0115882144891657,0.0155526106645994,0.016));
#7346=CARTESIAN_POINT('',(-0.0115882144891657,0.0155526106645994,0.016));
#7347=CARTESIAN_POINT('',(-0.0121802341491275,0.0155526106645994,0.016));
#7348=CARTESIAN_POINT('',(-0.0125481997893075,0.0159649562356208,0.016));
#7349=CARTESIAN_POINT('',(-0.0125481997893075,0.0159649562356208,0.016));
#7350=CARTESIAN_POINT('',(-0.0125481997893075,0.0159649562356208,0.016));
#7351=CARTESIAN_POINT('',(-0.0129161654294876,0.0163773018066422,0.016));
#7352=CARTESIAN_POINT('',(-0.0129161654294876,0.017055496089597,0.016));
#7353=CARTESIAN_POINT('',(-0.0129161654294876,0.017055496089597,0.016));
#7354=CARTESIAN_POINT('',(-0.0129161654294876,0.0170731618873106,0.016));
#7355=CARTESIAN_POINT('',(-0.00896247372656944,0.018873349761634,0.016));
#7356=CARTESIAN_POINT('',(-0.00896247372656944,0.0192262348427903,0.016));
#7357=CARTESIAN_POINT('',(-0.00896247372656944,0.0185204646804778,0.016));
#7358=CARTESIAN_POINT('',(-0.00869059279102658,0.0185204646804778,0.016));
#7359=CARTESIAN_POINT('',(-0.00841871185548371,0.0185204646804778,0.016));
#7360=CARTESIAN_POINT('',(-0.00841871185548371,0.0183278643980884,0.016));
#7361=CARTESIAN_POINT('',(-0.00841871185548371,0.0181352641156991,0.016));
#7362=CARTESIAN_POINT('',(-0.00869059279102658,0.0181352641156991,0.016));
#7363=CARTESIAN_POINT('',(-0.00896247372656944,0.0181352641156991,0.016));
#7364=CARTESIAN_POINT('',(-0.00896247372656944,0.0172321540667326,0.016));
#7365=CARTESIAN_POINT('',(-0.00896247372656944,0.0163290440177662,0.016));
#7366=CARTESIAN_POINT('',(-0.00896247372656944,0.0163290440177662,0.016));
#7367=CARTESIAN_POINT('',(-0.00896247372656944,0.0161532477868605,0.016));
#7368=CARTESIAN_POINT('',(-0.00888965617014037,0.0160657805445226,0.016));
#7369=CARTESIAN_POINT('',(-0.00888965617014037,0.0160657805445226,0.016));
#7370=CARTESIAN_POINT('',(-0.00888965617014037,0.0160657805445226,0.016));
#7371=CARTESIAN_POINT('',(-0.0088168386137113,0.0159783133021847,0.016));
#7372=CARTESIAN_POINT('',(-0.00864190412903554,0.0159783133021847,0.016));
#7373=CARTESIAN_POINT('',(-0.00864190412903554,0.0159783133021847,0.016));
#7374=CARTESIAN_POINT('',(-0.00869735849926647,0.0172106558142543,0.016));
#7375=CARTESIAN_POINT('',(-0.00840492391580483,0.016011059658922,0.016));
#7376=CARTESIAN_POINT('',(-0.00840492391580483,0.0158089801680034,0.016));
#7377=CARTESIAN_POINT('',(-0.00840492391580483,0.0156071190305859,0.016));
#7378=CARTESIAN_POINT('',(-0.00879741534153557,0.0169868399517873,0.016));
#7379=CARTESIAN_POINT('',(-0.00878753924189368,0.0155526106645994,0.016));
#7380=CARTESIAN_POINT('',(-0.00878753924189368,0.0155526106645994,0.016));
#7381=CARTESIAN_POINT('',(-0.00912103503287653,0.0155526106645994,0.016));
#7382=CARTESIAN_POINT('',(-0.00929079904017271,0.0157546901555179,0.016));
#7383=CARTESIAN_POINT('',(-0.00929079904017271,0.0157546901555179,0.016));
#7384=CARTESIAN_POINT('',(-0.00929079904017271,0.0157546901555179,0.016));
#7385=CARTESIAN_POINT('',(-0.0094605630474689,0.0159567696464364,0.016));
#7386=CARTESIAN_POINT('',(-0.0094605630474689,0.0163290440177662,0.016));
#7387=CARTESIAN_POINT('',(-0.0094605630474689,0.0163290440177662,0.016));
#7388=CARTESIAN_POINT('',(-0.0094605630474689,0.0172321540667326,0.016));
#7389=CARTESIAN_POINT('',(-0.0094605630474689,0.0181352641156991,0.016));
#7390=CARTESIAN_POINT('',(-0.00972598088628729,0.0181352641156991,0.016));
#7391=CARTESIAN_POINT('',(-0.00999139872510568,0.0181352641156991,0.016));
#7392=CARTESIAN_POINT('',(-0.00999139872510568,0.0183278643980884,0.016));
#7393=CARTESIAN_POINT('',(-0.00999139872510568,0.0185204646804778,0.016));
#7394=CARTESIAN_POINT('',(-0.00972598088628729,0.0185204646804778,0.016));
#7395=CARTESIAN_POINT('',(-0.0094605630474689,0.0185204646804778,0.016));
#7396=CARTESIAN_POINT('',(-0.0094605630474689,0.018873349761634,0.016));
#7397=CARTESIAN_POINT('',(-0.0094605630474689,0.0192262348427903,0.016));
#7398=CARTESIAN_POINT('',(-0.00921151838701917,0.0192262348427903,0.016));
#7399=CARTESIAN_POINT('',(-0.00662714144345955,0.0155526106645994,0.016));
#7400=CARTESIAN_POINT('',(-0.00722002284965129,0.0155526106645994,0.016));
#7401=CARTESIAN_POINT('',(-0.00759143547475105,0.0159421199605277,0.016));
#7402=CARTESIAN_POINT('',(-0.00662714144345955,0.0155526106645994,0.016));
#7403=CARTESIAN_POINT('',(-0.00759143547475105,0.0159421199605277,0.016));
#7404=CARTESIAN_POINT('',(-0.00759143547475105,0.0159421199605277,0.016));
#7405=CARTESIAN_POINT('',(-0.00796284809985082,0.016331629256456,0.016));
#7406=CARTESIAN_POINT('',(-0.00796284809985082,0.0169831094062829,0.016));
#7407=CARTESIAN_POINT('',(-0.00796284809985082,0.0169831094062829,0.016));
#7408=CARTESIAN_POINT('',(-0.00796284809985082,0.0170287819564692,0.016));
#7409=CARTESIAN_POINT('',(-0.00796284809985082,0.0170744545066554,0.016));
#7410=CARTESIAN_POINT('',(-0.00796284809985082,0.0170744545066554,0.016));
#7411=CARTESIAN_POINT('',(-0.00796284809985082,0.0175079128603101,0.016));
#7412=CARTESIAN_POINT('',(-0.00779739282370429,0.0178487334942475,0.016));
#7413=CARTESIAN_POINT('',(-0.00779739282370429,0.0178487334942475,0.016));
#7414=CARTESIAN_POINT('',(-0.00662773141469849,0.0173037149370121,0.016));
#7415=CARTESIAN_POINT('',(-0.00733422572516926,0.0183821892967005,0.016));
#7416=CARTESIAN_POINT('',(-0.00669239109813579,0.0174113655602921,0.016));
#7417=CARTESIAN_POINT('',(-0.0066891871720145,0.0185747546929633,0.016));
#7418=CARTESIAN_POINT('',(-0.0066891871720145,0.0185747546929633,0.016));
#7419=CARTESIAN_POINT('',(-0.00612129640649073,0.0185747546929633,0.016));
#7420=CARTESIAN_POINT('',(-0.00580632815945137,0.0182003259560588,0.016));
#7421=CARTESIAN_POINT('',(-0.00580632815945137,0.0182003259560588,0.016));
#7422=CARTESIAN_POINT('',(-0.00580632815945137,0.0182003259560588,0.016));
#7423=CARTESIAN_POINT('',(-0.00549135991241201,0.0178258972191543,0.016));
#7424=CARTESIAN_POINT('',(-0.00549135991241201,0.017128744519141,0.016));
#7425=CARTESIAN_POINT('',(-0.00549135991241201,0.017128744519141,0.016));
#7426=CARTESIAN_POINT('',(-0.00549135991241201,0.0170249040984345,0.016));
#7427=CARTESIAN_POINT('',(-0.00549135991241201,0.016921063677728,0.016));
#7428=CARTESIAN_POINT('',(-0.00647805934568169,0.016921063677728,0.016));
#7429=CARTESIAN_POINT('',(-0.00746475877895136,0.016921063677728,0.016));
#7430=CARTESIAN_POINT('',(-0.00746475877895136,0.016921063677728,0.016));
#7431=CARTESIAN_POINT('',(-0.00745441782419221,0.016490190562763,0.016));
#7432=CARTESIAN_POINT('',(-0.00721312887981185,0.0162247727239446,0.016));
#7433=CARTESIAN_POINT('',(-0.00721312887981185,0.0162247727239446,0.016));
#7434=CARTESIAN_POINT('',(-0.00721312887981185,0.0162247727239446,0.016));
#7435=CARTESIAN_POINT('',(-0.00697183993543149,0.0159593548851262,0.016));
#7436=CARTESIAN_POINT('',(-0.00660042731033173,0.0159593548851262,0.016));
#7437=CARTESIAN_POINT('',(-0.00660042731033173,0.0159593548851262,0.016));
#7438=CARTESIAN_POINT('',(-0.00660042731033173,0.0159593548851262,0.016));
#7439=CARTESIAN_POINT('',(-0.00633673296397319,0.0159593548851262,0.016));
#7440=CARTESIAN_POINT('',(-0.0061536118901131,0.0160670731638675,0.016));
#7441=CARTESIAN_POINT('',(-0.0061536118901131,0.0160670731638675,0.016));
#7442=CARTESIAN_POINT('',(-0.00672917042835904,0.0170342848369473,0.016));
#7443=CARTESIAN_POINT('',(-0.00583280300110451,0.0163533221613573,0.016));
#7444=CARTESIAN_POINT('',(-0.00568051320988161,0.0162346828055888,0.016));
#7445=CARTESIAN_POINT('',(-0.00552841500029899,0.0161161926989734,0.016));
#7446=CARTESIAN_POINT('',(-0.00552841500029899,0.0161161926989734,0.016));
#7447=CARTESIAN_POINT('',(-0.00589465714801918,0.0155526106645994,0.016));
#7448=CARTESIAN_POINT('',(-0.00662714144345955,0.0155526106645994,0.016));
#7449=CARTESIAN_POINT('',(-0.0212167439707022,0.0311514899015795,0.016));
#7450=CARTESIAN_POINT('',(-0.0234981631292612,0.0311514899015795,0.016));
#7451=CARTESIAN_POINT('',(-0.0189353248121431,0.0311514899015795,0.016));
#7452=CARTESIAN_POINT('',(-0.0189353248121431,0.0307211492151207,0.016));
#7453=CARTESIAN_POINT('',(-0.0189353248121431,0.0302908085286617,0.016));
#7454=CARTESIAN_POINT('',(-0.0218381524161184,0.0302908085286617,0.016));
#7455=CARTESIAN_POINT('',(-0.0247409800200936,0.0302908085286617,0.016));
#7456=CARTESIAN_POINT('',(-0.0247409800200936,0.0306852144531149,0.016));
#7457=CARTESIAN_POINT('',(-0.0247409800200936,0.031079620377568,0.016));
#7458=CARTESIAN_POINT('',(-0.0225550947410132,0.0342401265188528,0.016));
#7459=CARTESIAN_POINT('',(-0.0203692094619327,0.0374006326601375,0.016));
#7460=CARTESIAN_POINT('',(-0.0225200364366174,0.0374006326601375,0.016));
#7461=CARTESIAN_POINT('',(-0.024670863411302,0.0374006326601375,0.016));
#7462=CARTESIAN_POINT('',(-0.024670863411302,0.0378336027194261,0.016));
#7463=CARTESIAN_POINT('',(-0.024670863411302,0.0382665727787147,0.016));
#7464=CARTESIAN_POINT('',(-0.0218907398727121,0.0382665727787147,0.016));
#7465=CARTESIAN_POINT('',(-0.0191106163341222,0.0382665727787147,0.016));
#7466=CARTESIAN_POINT('',(-0.0191106163341222,0.0378800549727506,0.016));
#7467=CARTESIAN_POINT('',(-0.0191106163341222,0.0374935371667865,0.016));
#7468=CARTESIAN_POINT('',(-0.0213043897316918,0.034322513534183,0.016));
#7469=CARTESIAN_POINT('',(-0.041675,0.,0.016));
#7470=CARTESIAN_POINT('',(-0.041675,0.0421,0.016));
#7471=CARTESIAN_POINT('',(-0.041675,-0.0421,0.016));
#7472=CARTESIAN_POINT('',(-0.039675,-0.0421,0.016));
#7473=CARTESIAN_POINT('',(-0.039675,-0.0441,0.016));
#7474=CARTESIAN_POINT('',(0.,-0.0441,0.016));
#7475=CARTESIAN_POINT('',(0.039675,-0.0441,0.016));
#7476=CARTESIAN_POINT('',(0.039675,-0.0421,0.016));
#7477=CARTESIAN_POINT('',(0.041675,-0.0421,0.016));
#7478=CARTESIAN_POINT('',(0.041675,0.,0.016));
#7479=CARTESIAN_POINT('',(0.041675,0.0421,0.016));
#7480=CARTESIAN_POINT('',(0.039675,0.0421,0.016));
#7481=CARTESIAN_POINT('',(0.039675,0.0441,0.016));
#7482=CARTESIAN_POINT('',(0.,0.0441,0.016));
#7483=CARTESIAN_POINT('',(-0.039675,0.0441,0.016));
#7484=CARTESIAN_POINT('',(-0.039675,0.0421,0.016));
#7485=CARTESIAN_POINT('',(-0.037675,0.0401,0.016));
#7486=CARTESIAN_POINT('',(-0.035975,0.0401,0.016));
#7487=CARTESIAN_POINT('',(0.037675,0.0401,0.016));
#7488=CARTESIAN_POINT('',(0.039375,0.0401,0.016));
#7489=CARTESIAN_POINT('',(0.037675,-0.0401,0.016));
#7490=CARTESIAN_POINT('',(0.039375,-0.0401,0.016));
#7491=CARTESIAN_POINT('',(-0.037675,-0.0401,0.016));
#7492=CARTESIAN_POINT('',(-0.035975,-0.0401,0.016));
#7493=CARTESIAN_POINT('',(-0.02555,0.0065,0.016));
#7494=CARTESIAN_POINT('',(-0.02555,0.007,0.016));
#7495=CARTESIAN_POINT('',(-0.02605,0.0065,0.016));
#7496=CARTESIAN_POINT('',(-0.01905,0.007,0.016));
#7497=CARTESIAN_POINT('',(-0.01255,0.007,0.016));
#7498=CARTESIAN_POINT('',(-0.01255,0.0065,0.016));
#7499=CARTESIAN_POINT('',(-0.01205,0.0065,0.016));
#7500=CARTESIAN_POINT('',(-0.01205,-1.7347234759768E-18,0.016));
#7501=CARTESIAN_POINT('',(-0.01205,-0.0065,0.016));
#7502=CARTESIAN_POINT('',(-0.01255,-0.0065,0.016));
#7503=CARTESIAN_POINT('',(-0.01255,-0.007,0.016));
#7504=CARTESIAN_POINT('',(-0.01905,-0.007,0.016));
#7505=CARTESIAN_POINT('',(-0.02555,-0.007,0.016));
#7506=CARTESIAN_POINT('',(-0.02555,-0.0065,0.016));
#7507=CARTESIAN_POINT('',(-0.02605,-0.0065,0.016));
#7508=CARTESIAN_POINT('',(-0.02605,-1.7347234759768E-18,0.016));
#7509=CARTESIAN_POINT('',(-0.0065,0.0065,0.016));
#7510=CARTESIAN_POINT('',(-0.0065,0.007,0.016));
#7511=CARTESIAN_POINT('',(-0.007,0.0065,0.016));
#7512=CARTESIAN_POINT('',(1.7347234759768E-18,0.007,0.016));
#7513=CARTESIAN_POINT('',(0.0065,0.007,0.016));
#7514=CARTESIAN_POINT('',(0.0065,0.0065,0.016));
#7515=CARTESIAN_POINT('',(0.007,0.0065,0.016));
#7516=CARTESIAN_POINT('',(0.007,-1.7347234759768E-18,0.016));
#7517=CARTESIAN_POINT('',(0.007,-0.0065,0.016));
#7518=CARTESIAN_POINT('',(0.0065,-0.0065,0.016));
#7519=CARTESIAN_POINT('',(0.0065,-0.007,0.016));
#7520=CARTESIAN_POINT('',(1.7347234759768E-18,-0.007,0.016));
#7521=CARTESIAN_POINT('',(-0.0065,-0.007,0.016));
#7522=CARTESIAN_POINT('',(-0.0065,-0.0065,0.016));
#7523=CARTESIAN_POINT('',(-0.007,-0.0065,0.016));
#7524=CARTESIAN_POINT('',(-0.007,-1.7347234759768E-18,0.016));
#7525=CARTESIAN_POINT('',(0.01255,0.0065,0.016));
#7526=CARTESIAN_POINT('',(0.01255,0.007,0.016));
#7527=CARTESIAN_POINT('',(0.01205,0.0065,0.016));
#7528=CARTESIAN_POINT('',(0.01905,0.007,0.016));
#7529=CARTESIAN_POINT('',(0.02555,0.007,0.016));
#7530=CARTESIAN_POINT('',(0.02555,0.0065,0.016));
#7531=CARTESIAN_POINT('',(0.02605,0.0065,0.016));
#7532=CARTESIAN_POINT('',(0.02605,-1.7347234759768E-18,0.016));
#7533=CARTESIAN_POINT('',(0.02605,-0.0065,0.016));
#7534=CARTESIAN_POINT('',(0.02555,-0.0065,0.016));
#7535=CARTESIAN_POINT('',(0.02555,-0.007,0.016));
#7536=CARTESIAN_POINT('',(0.01905,-0.007,0.016));
#7537=CARTESIAN_POINT('',(0.01255,-0.007,0.016));
#7538=CARTESIAN_POINT('',(0.01255,-0.0065,0.016));
#7539=CARTESIAN_POINT('',(0.01205,-0.0065,0.016));
#7540=CARTESIAN_POINT('',(0.01205,-1.7347234759768E-18,0.016));
#7541=CARTESIAN_POINT('',(-0.02555,-0.01255,0.016));
#7542=CARTESIAN_POINT('',(-0.02555,-0.01205,0.016));
#7543=CARTESIAN_POINT('',(-0.02605,-0.01255,0.016));
#7544=CARTESIAN_POINT('',(-0.01905,-0.01205,0.016));
#7545=CARTESIAN_POINT('',(-0.01255,-0.01205,0.016));
#7546=CARTESIAN_POINT('',(-0.01255,-0.01255,0.016));
#7547=CARTESIAN_POINT('',(-0.01205,-0.01255,0.016));
#7548=CARTESIAN_POINT('',(-0.01205,-0.01905,0.016));
#7549=CARTESIAN_POINT('',(-0.01205,-0.02555,0.016));
#7550=CARTESIAN_POINT('',(-0.01255,-0.02555,0.016));
#7551=CARTESIAN_POINT('',(-0.01255,-0.02605,0.016));
#7552=CARTESIAN_POINT('',(-0.01905,-0.02605,0.016));
#7553=CARTESIAN_POINT('',(-0.02555,-0.02605,0.016));
#7554=CARTESIAN_POINT('',(-0.02555,-0.02555,0.016));
#7555=CARTESIAN_POINT('',(-0.02605,-0.02555,0.016));
#7556=CARTESIAN_POINT('',(-0.02605,-0.01905,0.016));
#7557=CARTESIAN_POINT('',(-0.0065,-0.01255,0.016));
#7558=CARTESIAN_POINT('',(-0.0065,-0.01205,0.016));
#7559=CARTESIAN_POINT('',(-0.007,-0.01255,0.016));
#7560=CARTESIAN_POINT('',(1.7347234759768E-18,-0.01205,0.016));
#7561=CARTESIAN_POINT('',(0.0065,-0.01205,0.016));
#7562=CARTESIAN_POINT('',(0.0065,-0.01255,0.016));
#7563=CARTESIAN_POINT('',(0.007,-0.01255,0.016));
#7564=CARTESIAN_POINT('',(0.007,-0.01905,0.016));
#7565=CARTESIAN_POINT('',(0.007,-0.02555,0.016));
#7566=CARTESIAN_POINT('',(0.0065,-0.02555,0.016));
#7567=CARTESIAN_POINT('',(0.0065,-0.02605,0.016));
#7568=CARTESIAN_POINT('',(1.7347234759768E-18,-0.02605,0.016));
#7569=CARTESIAN_POINT('',(-0.0065,-0.02605,0.016));
#7570=CARTESIAN_POINT('',(-0.0065,-0.02555,0.016));
#7571=CARTESIAN_POINT('',(-0.007,-0.02555,0.016));
#7572=CARTESIAN_POINT('',(-0.007,-0.01905,0.016));
#7573=CARTESIAN_POINT('',(0.01255,-0.01255,0.016));
#7574=CARTESIAN_POINT('',(0.01255,-0.01205,0.016));
#7575=CARTESIAN_POINT('',(0.01205,-0.01255,0.016));
#7576=CARTESIAN_POINT('',(0.01905,-0.01205,0.016));
#7577=CARTESIAN_POINT('',(0.02555,-0.01205,0.016));
#7578=CARTESIAN_POINT('',(0.02555,-0.01255,0.016));
#7579=CARTESIAN_POINT('',(0.02605,-0.01255,0.016));
#7580=CARTESIAN_POINT('',(0.02605,-0.01905,0.016));
#7581=CARTESIAN_POINT('',(0.02605,-0.02555,0.016));
#7582=CARTESIAN_POINT('',(0.02555,-0.02555,0.016));
#7583=CARTESIAN_POINT('',(0.02555,-0.02605,0.016));
#7584=CARTESIAN_POINT('',(0.01905,-0.02605,0.016));
#7585=CARTESIAN_POINT('',(0.01255,-0.02605,0.016));
#7586=CARTESIAN_POINT('',(0.01255,-0.02555,0.016));
#7587=CARTESIAN_POINT('',(0.01205,-0.02555,0.016));
#7588=CARTESIAN_POINT('',(0.01205,-0.01905,0.016));
#7589=CARTESIAN_POINT('',(0.0149740686174482,0.024750517681241,0.016));
#7590=CARTESIAN_POINT('',(0.0205537829101085,0.024750517681241,0.016));
#7591=CARTESIAN_POINT('',(0.00939435432478786,0.024750517681241,0.016));
#7592=CARTESIAN_POINT('',(0.0205537829101085,0.022750517681241,0.016));
#7593=CARTESIAN_POINT('',(0.0225537829101085,0.022750517681241,0.016));
#7594=CARTESIAN_POINT('',(0.0225537829101085,0.0182710839435458,0.016));
#7595=CARTESIAN_POINT('',(0.0225537829101085,0.0137916502058506,0.016));
#7596=CARTESIAN_POINT('',(0.0205537829101085,0.0137916502058506,0.016));
#7597=CARTESIAN_POINT('',(0.0205537829101085,0.0117916502058506,0.016));
#7598=CARTESIAN_POINT('',(0.0149740686174482,0.0117916502058506,0.016));
#7599=CARTESIAN_POINT('',(0.00939435432478786,0.0117916502058506,0.016));
#7600=CARTESIAN_POINT('',(0.00939435432478786,0.0137916502058506,0.016));
#7601=CARTESIAN_POINT('',(0.00739435432478786,0.0137916502058506,0.016));
#7602=CARTESIAN_POINT('',(0.00739435432478786,0.0182710839435458,0.016));
#7603=CARTESIAN_POINT('',(0.00739435432478786,0.022750517681241,0.016));
#7604=CARTESIAN_POINT('',(0.00939435432478786,0.022750517681241,0.016));
#7605=CARTESIAN_POINT('',(0.0149740686174482,0.024750517681241,0.016));
#7606=CARTESIAN_POINT('',(0.0149740686174482,0.024750517681241,0.0145));
#7607=CARTESIAN_POINT('',(0.0205537829101085,0.024750517681241,0.0145));
#7608=CARTESIAN_POINT('',(0.00939435432478786,0.024750517681241,0.0145));
#7609=CARTESIAN_POINT('',(0.0205537829101085,0.024750517681241,0.016));
#7610=CARTESIAN_POINT('',(0.00939435432478786,0.024750517681241,0.0145));
#7611=CARTESIAN_POINT('',(0.0225537829101085,0.0182710839435458,0.016));
#7612=CARTESIAN_POINT('',(0.0225537829101085,0.0182710839435458,0.0145));
#7613=CARTESIAN_POINT('',(0.0225537829101085,0.022750517681241,0.0145));
#7614=CARTESIAN_POINT('',(0.0225537829101085,0.0137916502058506,0.0145));
#7615=CARTESIAN_POINT('',(0.0225537829101085,0.0137916502058506,0.016));
#7616=CARTESIAN_POINT('',(0.0225537829101085,0.022750517681241,0.016));
#7617=CARTESIAN_POINT('',(0.0149740686174482,0.0117916502058506,0.016));
#7618=CARTESIAN_POINT('',(0.0205537829101085,0.0117916502058506,0.0145));
#7619=CARTESIAN_POINT('',(0.0205537829101085,0.0117916502058506,0.0145));
#7620=CARTESIAN_POINT('',(0.0149740686174482,0.0117916502058506,0.0145));
#7621=CARTESIAN_POINT('',(0.00939435432478786,0.0117916502058506,0.0145));
#7622=CARTESIAN_POINT('',(0.00939435432478786,0.0117916502058506,0.016));
#7623=CARTESIAN_POINT('',(0.01255,-0.01255,0.016));
#7624=CARTESIAN_POINT('',(0.01255,-0.01255,0.0145));
#7625=CARTESIAN_POINT('',(0.01255,-0.01205,0.0145));
#7626=CARTESIAN_POINT('',(0.01205,-0.01255,0.0145));
#7627=CARTESIAN_POINT('',(0.01255,-0.01205,0.016));
#7628=CARTESIAN_POINT('',(0.01205,-0.01255,0.016));
#7629=CARTESIAN_POINT('',(0.01905,-0.01205,0.016));
#7630=CARTESIAN_POINT('',(0.01905,-0.01205,0.0145));
#7631=CARTESIAN_POINT('',(0.02555,-0.01205,0.0145));
#7632=CARTESIAN_POINT('',(0.02555,-0.01205,0.016));
#7633=CARTESIAN_POINT('',(0.02555,-0.01255,0.016));
#7634=CARTESIAN_POINT('',(0.02555,-0.01255,0.0145));
#7635=CARTESIAN_POINT('',(0.02605,-0.01255,0.0145));
#7636=CARTESIAN_POINT('',(0.02605,-0.01255,0.016));
#7637=CARTESIAN_POINT('',(0.02605,-0.01905,0.016));
#7638=CARTESIAN_POINT('',(0.02605,-0.01905,0.0145));
#7639=CARTESIAN_POINT('',(0.02605,-0.02555,0.0145));
#7640=CARTESIAN_POINT('',(0.02605,-0.02555,0.016));
#7641=CARTESIAN_POINT('',(0.02555,-0.02555,0.016));
#7642=CARTESIAN_POINT('',(0.02555,-0.02555,0.0145));
#7643=CARTESIAN_POINT('',(0.02555,-0.02605,0.0145));
#7644=CARTESIAN_POINT('',(0.02555,-0.02605,0.016));
#7645=CARTESIAN_POINT('',(0.01905,-0.02605,0.016));
#7646=CARTESIAN_POINT('',(0.01905,-0.02605,0.0145));
#7647=CARTESIAN_POINT('',(0.01255,-0.02605,0.0145));
#7648=CARTESIAN_POINT('',(0.01255,-0.02605,0.016));
#7649=CARTESIAN_POINT('',(0.01255,-0.02555,0.016));
#7650=CARTESIAN_POINT('',(0.01255,-0.02555,0.0145));
#7651=CARTESIAN_POINT('',(0.01205,-0.02555,0.0145));
#7652=CARTESIAN_POINT('',(0.01205,-0.02555,0.016));
#7653=CARTESIAN_POINT('',(-0.0065,-0.01255,0.016));
#7654=CARTESIAN_POINT('',(-0.0065,-0.01255,0.0145));
#7655=CARTESIAN_POINT('',(-0.0065,-0.01205,0.0145));
#7656=CARTESIAN_POINT('',(-0.007,-0.01255,0.0145));
#7657=CARTESIAN_POINT('',(-0.0065,-0.01205,0.016));
#7658=CARTESIAN_POINT('',(-0.007,-0.01255,0.016));
#7659=CARTESIAN_POINT('',(1.7347234759768E-18,-0.01205,0.016));
#7660=CARTESIAN_POINT('',(1.7347234759768E-18,-0.01205,0.0145));
#7661=CARTESIAN_POINT('',(0.0065,-0.01205,0.0145));
#7662=CARTESIAN_POINT('',(0.0065,-0.01205,0.016));
#7663=CARTESIAN_POINT('',(0.0065,-0.01255,0.016));
#7664=CARTESIAN_POINT('',(0.0065,-0.01255,0.0145));
#7665=CARTESIAN_POINT('',(0.007,-0.01255,0.0145));
#7666=CARTESIAN_POINT('',(0.007,-0.01255,0.016));
#7667=CARTESIAN_POINT('',(0.007,-0.01905,0.016));
#7668=CARTESIAN_POINT('',(0.007,-0.01905,0.0145));
#7669=CARTESIAN_POINT('',(0.007,-0.02555,0.0145));
#7670=CARTESIAN_POINT('',(0.007,-0.02555,0.016));
#7671=CARTESIAN_POINT('',(0.0065,-0.02555,0.016));
#7672=CARTESIAN_POINT('',(0.0065,-0.02555,0.0145));
#7673=CARTESIAN_POINT('',(0.0065,-0.02605,0.0145));
#7674=CARTESIAN_POINT('',(0.0065,-0.02605,0.016));
#7675=CARTESIAN_POINT('',(1.7347234759768E-18,-0.02605,0.016));
#7676=CARTESIAN_POINT('',(1.7347234759768E-18,-0.02605,0.0145));
#7677=CARTESIAN_POINT('',(-0.0065,-0.02605,0.0145));
#7678=CARTESIAN_POINT('',(-0.0065,-0.02605,0.016));
#7679=CARTESIAN_POINT('',(-0.0065,-0.02555,0.016));
#7680=CARTESIAN_POINT('',(-0.0065,-0.02555,0.0145));
#7681=CARTESIAN_POINT('',(-0.007,-0.02555,0.0145));
#7682=CARTESIAN_POINT('',(-0.007,-0.02555,0.016));
#7683=CARTESIAN_POINT('',(-0.02555,-0.01255,0.016));
#7684=CARTESIAN_POINT('',(-0.02555,-0.01255,0.0145));
#7685=CARTESIAN_POINT('',(-0.02555,-0.01205,0.0145));
#7686=CARTESIAN_POINT('',(-0.02605,-0.01255,0.0145));
#7687=CARTESIAN_POINT('',(-0.02555,-0.01205,0.016));
#7688=CARTESIAN_POINT('',(-0.02605,-0.01255,0.016));
#7689=CARTESIAN_POINT('',(-0.01905,-0.01205,0.016));
#7690=CARTESIAN_POINT('',(-0.01905,-0.01205,0.0145));
#7691=CARTESIAN_POINT('',(-0.01255,-0.01205,0.0145));
#7692=CARTESIAN_POINT('',(-0.01255,-0.01205,0.016));
#7693=CARTESIAN_POINT('',(-0.01255,-0.01255,0.016));
#7694=CARTESIAN_POINT('',(-0.01255,-0.01255,0.0145));
#7695=CARTESIAN_POINT('',(-0.01205,-0.01255,0.0145));
#7696=CARTESIAN_POINT('',(-0.01205,-0.01255,0.016));
#7697=CARTESIAN_POINT('',(-0.01205,-0.01905,0.016));
#7698=CARTESIAN_POINT('',(-0.01205,-0.01905,0.0145));
#7699=CARTESIAN_POINT('',(-0.01205,-0.02555,0.0145));
#7700=CARTESIAN_POINT('',(-0.01205,-0.02555,0.016));
#7701=CARTESIAN_POINT('',(-0.01255,-0.02555,0.016));
#7702=CARTESIAN_POINT('',(-0.01255,-0.02555,0.0145));
#7703=CARTESIAN_POINT('',(-0.01255,-0.02605,0.0145));
#7704=CARTESIAN_POINT('',(-0.01255,-0.02605,0.016));
#7705=CARTESIAN_POINT('',(-0.01905,-0.02605,0.016));
#7706=CARTESIAN_POINT('',(-0.01905,-0.02605,0.0145));
#7707=CARTESIAN_POINT('',(-0.02555,-0.02605,0.0145));
#7708=CARTESIAN_POINT('',(-0.02555,-0.02605,0.016));
#7709=CARTESIAN_POINT('',(-0.02555,-0.02555,0.016));
#7710=CARTESIAN_POINT('',(-0.02555,-0.02555,0.0145));
#7711=CARTESIAN_POINT('',(-0.02605,-0.02555,0.0145));
#7712=CARTESIAN_POINT('',(-0.02605,-0.02555,0.016));
#7713=CARTESIAN_POINT('',(0.01255,0.0065,0.016));
#7714=CARTESIAN_POINT('',(0.01255,0.0065,0.0145));
#7715=CARTESIAN_POINT('',(0.01255,0.007,0.0145));
#7716=CARTESIAN_POINT('',(0.01205,0.0065,0.0145));
#7717=CARTESIAN_POINT('',(0.01255,0.007,0.016));
#7718=CARTESIAN_POINT('',(0.01205,0.0065,0.016));
#7719=CARTESIAN_POINT('',(0.01905,0.007,0.016));
#7720=CARTESIAN_POINT('',(0.01905,0.007,0.0145));
#7721=CARTESIAN_POINT('',(0.02555,0.007,0.0145));
#7722=CARTESIAN_POINT('',(0.02555,0.007,0.016));
#7723=CARTESIAN_POINT('',(0.02555,0.0065,0.016));
#7724=CARTESIAN_POINT('',(0.02555,0.0065,0.0145));
#7725=CARTESIAN_POINT('',(0.02605,0.0065,0.0145));
#7726=CARTESIAN_POINT('',(0.02605,0.0065,0.016));
#7727=CARTESIAN_POINT('',(0.02605,-1.7347234759768E-18,0.016));
#7728=CARTESIAN_POINT('',(0.02605,-1.7347234759768E-18,0.0145));
#7729=CARTESIAN_POINT('',(0.02605,-0.0065,0.0145));
#7730=CARTESIAN_POINT('',(0.02605,-0.0065,0.016));
#7731=CARTESIAN_POINT('',(0.02555,-0.0065,0.016));
#7732=CARTESIAN_POINT('',(0.02555,-0.0065,0.0145));
#7733=CARTESIAN_POINT('',(0.02555,-0.007,0.0145));
#7734=CARTESIAN_POINT('',(0.02555,-0.007,0.016));
#7735=CARTESIAN_POINT('',(0.01905,-0.007,0.016));
#7736=CARTESIAN_POINT('',(0.01905,-0.007,0.0145));
#7737=CARTESIAN_POINT('',(0.01255,-0.007,0.0145));
#7738=CARTESIAN_POINT('',(0.01255,-0.007,0.016));
#7739=CARTESIAN_POINT('',(0.01255,-0.0065,0.016));
#7740=CARTESIAN_POINT('',(0.01255,-0.0065,0.0145));
#7741=CARTESIAN_POINT('',(0.01205,-0.0065,0.0145));
#7742=CARTESIAN_POINT('',(0.01205,-0.0065,0.016));
#7743=CARTESIAN_POINT('',(-0.0065,0.0065,0.016));
#7744=CARTESIAN_POINT('',(-0.0065,0.0065,0.0145));
#7745=CARTESIAN_POINT('',(-0.0065,0.007,0.0145));
#7746=CARTESIAN_POINT('',(-0.007,0.0065,0.0145));
#7747=CARTESIAN_POINT('',(-0.0065,0.007,0.016));
#7748=CARTESIAN_POINT('',(-0.007,0.0065,0.016));
#7749=CARTESIAN_POINT('',(1.7347234759768E-18,0.007,0.016));
#7750=CARTESIAN_POINT('',(1.7347234759768E-18,0.007,0.0145));
#7751=CARTESIAN_POINT('',(0.0065,0.007,0.0145));
#7752=CARTESIAN_POINT('',(0.0065,0.007,0.016));
#7753=CARTESIAN_POINT('',(0.0065,0.0065,0.016));
#7754=CARTESIAN_POINT('',(0.0065,0.0065,0.0145));
#7755=CARTESIAN_POINT('',(0.007,0.0065,0.0145));
#7756=CARTESIAN_POINT('',(0.007,0.0065,0.016));
#7757=CARTESIAN_POINT('',(0.007,-1.7347234759768E-18,0.016));
#7758=CARTESIAN_POINT('',(0.007,-1.7347234759768E-18,0.0145));
#7759=CARTESIAN_POINT('',(0.007,-0.0065,0.0145));
#7760=CARTESIAN_POINT('',(0.007,-0.0065,0.016));
#7761=CARTESIAN_POINT('',(0.0065,-0.0065,0.016));
#7762=CARTESIAN_POINT('',(0.0065,-0.0065,0.0145));
#7763=CARTESIAN_POINT('',(0.0065,-0.007,0.0145));
#7764=CARTESIAN_POINT('',(0.0065,-0.007,0.016));
#7765=CARTESIAN_POINT('',(1.7347234759768E-18,-0.007,0.016));
#7766=CARTESIAN_POINT('',(1.7347234759768E-18,-0.007,0.0145));
#7767=CARTESIAN_POINT('',(-0.0065,-0.007,0.0145));
#7768=CARTESIAN_POINT('',(-0.0065,-0.007,0.016));
#7769=CARTESIAN_POINT('',(-0.0065,-0.0065,0.016));
#7770=CARTESIAN_POINT('',(-0.0065,-0.0065,0.0145));
#7771=CARTESIAN_POINT('',(-0.007,-0.0065,0.0145));
#7772=CARTESIAN_POINT('',(-0.007,-0.0065,0.016));
#7773=CARTESIAN_POINT('',(-0.02555,0.0065,0.016));
#7774=CARTESIAN_POINT('',(-0.02555,0.0065,0.0145));
#7775=CARTESIAN_POINT('',(-0.02555,0.007,0.0145));
#7776=CARTESIAN_POINT('',(-0.02605,0.0065,0.0145));
#7777=CARTESIAN_POINT('',(-0.02555,0.007,0.016));
#7778=CARTESIAN_POINT('',(-0.02605,0.0065,0.016));
#7779=CARTESIAN_POINT('',(-0.01905,0.007,0.016));
#7780=CARTESIAN_POINT('',(-0.01905,0.007,0.0145));
#7781=CARTESIAN_POINT('',(-0.01255,0.007,0.0145));
#7782=CARTESIAN_POINT('',(-0.01255,0.007,0.016));
#7783=CARTESIAN_POINT('',(-0.01255,0.0065,0.016));
#7784=CARTESIAN_POINT('',(-0.01255,0.0065,0.0145));
#7785=CARTESIAN_POINT('',(-0.01205,0.0065,0.0145));
#7786=CARTESIAN_POINT('',(-0.01205,0.0065,0.016));
#7787=CARTESIAN_POINT('',(-0.01205,-1.7347234759768E-18,0.016));
#7788=CARTESIAN_POINT('',(-0.01205,-1.7347234759768E-18,0.0145));
#7789=CARTESIAN_POINT('',(-0.01205,-0.0065,0.0145));
#7790=CARTESIAN_POINT('',(-0.01205,-0.0065,0.016));
#7791=CARTESIAN_POINT('',(-0.01255,-0.0065,0.016));
#7792=CARTESIAN_POINT('',(-0.01255,-0.0065,0.0145));
#7793=CARTESIAN_POINT('',(-0.01255,-0.007,0.0145));
#7794=CARTESIAN_POINT('',(-0.01255,-0.007,0.016));
#7795=CARTESIAN_POINT('',(-0.01905,-0.007,0.016));
#7796=CARTESIAN_POINT('',(-0.01905,-0.007,0.0145));
#7797=CARTESIAN_POINT('',(-0.02555,-0.007,0.0145));
#7798=CARTESIAN_POINT('',(-0.02555,-0.007,0.016));
#7799=CARTESIAN_POINT('',(-0.02555,-0.0065,0.016));
#7800=CARTESIAN_POINT('',(-0.02555,-0.0065,0.0145));
#7801=CARTESIAN_POINT('',(-0.02605,-0.0065,0.0145));
#7802=CARTESIAN_POINT('',(-0.02605,-0.0065,0.016));
#7803=CARTESIAN_POINT('',(0.,0.0441,0.016));
#7804=CARTESIAN_POINT('',(0.039675,0.0441,0.016));
#7805=CARTESIAN_POINT('',(0.039675,0.0441,0.0145));
#7806=CARTESIAN_POINT('',(0.,0.0441,0.0145));
#7807=CARTESIAN_POINT('',(-0.039675,0.0441,0.0145));
#7808=CARTESIAN_POINT('',(-0.039675,0.0441,0.016));
#7809=CARTESIAN_POINT('',(-0.041675,0.,0.016));
#7810=CARTESIAN_POINT('',(-0.041675,0.,0.0145));
#7811=CARTESIAN_POINT('',(-0.041675,0.0421,0.0145));
#7812=CARTESIAN_POINT('',(-0.041675,-0.0421,0.0145));
#7813=CARTESIAN_POINT('',(-0.041675,-0.0421,0.016));
#7814=CARTESIAN_POINT('',(-0.041675,0.0421,0.0145));
#7815=CARTESIAN_POINT('',(0.,-0.0441,0.016));
#7816=CARTESIAN_POINT('',(-0.039675,-0.0441,0.016));
#7817=CARTESIAN_POINT('',(-0.039675,-0.0441,0.0145));
#7818=CARTESIAN_POINT('',(0.,-0.0441,0.0145));
#7819=CARTESIAN_POINT('',(0.039675,-0.0441,0.0145));
#7820=CARTESIAN_POINT('',(0.039675,-0.0441,0.016));
#7821=CARTESIAN_POINT('',(0.01205,-0.01905,0.016));
#7822=CARTESIAN_POINT('',(0.01205,-0.01905,0.0145));
#7823=CARTESIAN_POINT('',(-0.007,-0.01905,0.016));
#7824=CARTESIAN_POINT('',(-0.007,-0.01905,0.0145));
#7825=CARTESIAN_POINT('',(-0.02605,-0.01905,0.016));
#7826=CARTESIAN_POINT('',(-0.02605,-0.01905,0.0145));
#7827=CARTESIAN_POINT('',(0.01205,-1.7347234759768E-18,0.016));
#7828=CARTESIAN_POINT('',(0.01205,-1.7347234759768E-18,0.0145));
#7829=CARTESIAN_POINT('',(-0.007,-1.7347234759768E-18,0.016));
#7830=CARTESIAN_POINT('',(-0.007,-1.7347234759768E-18,0.0145));
#7831=CARTESIAN_POINT('',(-0.02605,-1.7347234759768E-18,0.016));
#7832=CARTESIAN_POINT('',(-0.02605,-1.7347234759768E-18,0.0145));
#7833=CARTESIAN_POINT('',(-0.037675,-0.0401,0.016));
#7834=CARTESIAN_POINT('',(-0.037675,-0.0401,0.0145));
#7835=CARTESIAN_POINT('',(-0.035975,-0.0401,0.0145));
#7836=CARTESIAN_POINT('',(0.037675,-0.0401,0.016));
#7837=CARTESIAN_POINT('',(0.037675,-0.0401,0.0145));
#7838=CARTESIAN_POINT('',(0.039375,-0.0401,0.0145));
#7839=CARTESIAN_POINT('',(0.037675,0.0401,0.016));
#7840=CARTESIAN_POINT('',(0.037675,0.0401,0.0145));
#7841=CARTESIAN_POINT('',(0.039375,0.0401,0.0145));
#7842=CARTESIAN_POINT('',(-0.037675,0.0401,0.016));
#7843=CARTESIAN_POINT('',(-0.037675,0.0401,0.0145));
#7844=CARTESIAN_POINT('',(-0.035975,0.0401,0.0145));
#7845=CARTESIAN_POINT('',(0.041675,0.,0.016));
#7846=CARTESIAN_POINT('',(0.041675,0.,0.0145));
#7847=CARTESIAN_POINT('',(0.041675,0.0421,0.0145));
#7848=CARTESIAN_POINT('',(0.041675,-0.0421,0.0145));
#7849=CARTESIAN_POINT('',(0.041675,0.0421,0.016));
#7850=CARTESIAN_POINT('',(0.041675,-0.0421,0.0145));
#7851=CARTESIAN_POINT('',(0.00739435432478786,0.0182710839435458,0.016));
#7852=CARTESIAN_POINT('',(0.00739435432478786,0.0137916502058506,0.016));
#7853=CARTESIAN_POINT('',(0.00739435432478786,0.0137916502058506,0.0145));
#7854=CARTESIAN_POINT('',(0.00739435432478786,0.0182710839435458,0.0145));
#7855=CARTESIAN_POINT('',(0.00739435432478786,0.022750517681241,0.0145));
#7856=CARTESIAN_POINT('',(0.00739435432478786,0.022750517681241,0.016));
#7857=CARTESIAN_POINT('',(0.,0.,0.0145));
#7858=CARTESIAN_POINT('',(-0.039675,-0.0421,0.0145));
#7859=CARTESIAN_POINT('',(-0.039675,0.0421,0.0145));
#7860=CARTESIAN_POINT('',(0.039675,0.0421,0.0145));
#7861=CARTESIAN_POINT('',(0.039675,-0.0421,0.0145));
#7862=CARTESIAN_POINT('',(0.0205537829101085,0.022750517681241,0.0145));
#7863=CARTESIAN_POINT('',(0.00939435432478786,0.022750517681241,0.0145));
#7864=CARTESIAN_POINT('',(0.00939435432478786,0.0137916502058506,0.0145));
#7865=CARTESIAN_POINT('',(0.0205537829101085,0.0137916502058506,0.0145));
#7866=CARTESIAN_POINT('',(0.0205537829101085,0.0137916502058506,0.016));
#7867=CARTESIAN_POINT('',(0.00939435432478786,0.0137916502058506,0.016));
#7868=CARTESIAN_POINT('',(0.0205537829101085,0.022750517681241,0.016));
#7869=CARTESIAN_POINT('',(0.00939435432478786,0.022750517681241,0.016));
#7870=CARTESIAN_POINT('',(-0.039675,-0.0421,0.016));
#7871=CARTESIAN_POINT('',(0.039675,0.0421,0.016));
#7872=CARTESIAN_POINT('',(0.039675,-0.0421,0.016));
#7873=CARTESIAN_POINT('',(-0.039675,0.0421,0.016));
#7874=CARTESIAN_POINT('',(-0.0212167439707022,0.0311514899015795,0.017));
#7875=CARTESIAN_POINT('',(-0.0234981631292613,0.0311514899015795,0.017));
#7876=CARTESIAN_POINT('',(-0.0234981631292613,0.0311514899015795,0.017));
#7877=CARTESIAN_POINT('',(-0.0212167439707022,0.0311514899015795,0.017));
#7878=CARTESIAN_POINT('',(-0.0189353248121431,0.0311514899015795,0.017));
#7879=CARTESIAN_POINT('',(-0.0189353248121431,0.0311514899015795,0.017));
#7880=CARTESIAN_POINT('',(-0.0213043897316918,0.034322513534183,0.017));
#7881=CARTESIAN_POINT('',(-0.0191106163341222,0.0374935371667865,0.017));
#7882=CARTESIAN_POINT('',(-0.0191106163341222,0.0374935371667865,0.017));
#7883=CARTESIAN_POINT('',(-0.0213043897316918,0.034322513534183,0.017));
#7884=CARTESIAN_POINT('',(-0.0191106163341222,0.0378800549727506,0.017));
#7885=CARTESIAN_POINT('',(-0.0191106163341222,0.0382665727787147,0.017));
#7886=CARTESIAN_POINT('',(-0.0191106163341222,0.0382665727787147,0.017));
#7887=CARTESIAN_POINT('',(-0.0191106163341222,0.0378800549727506,0.017));
#7888=CARTESIAN_POINT('',(-0.0218907398727121,0.0382665727787147,0.017));
#7889=CARTESIAN_POINT('',(-0.024670863411302,0.0382665727787147,0.017));
#7890=CARTESIAN_POINT('',(-0.024670863411302,0.0382665727787147,0.017));
#7891=CARTESIAN_POINT('',(-0.0218907398727121,0.0382665727787147,0.017));
#7892=CARTESIAN_POINT('',(-0.024670863411302,0.0378336027194261,0.017));
#7893=CARTESIAN_POINT('',(-0.024670863411302,0.0374006326601375,0.017));
#7894=CARTESIAN_POINT('',(-0.024670863411302,0.0374006326601375,0.017));
#7895=CARTESIAN_POINT('',(-0.024670863411302,0.0378336027194261,0.017));
#7896=CARTESIAN_POINT('',(-0.0225200364366174,0.0374006326601375,0.017));
#7897=CARTESIAN_POINT('',(-0.0203692094619327,0.0374006326601375,0.017));
#7898=CARTESIAN_POINT('',(-0.0203692094619327,0.0374006326601375,0.017));
#7899=CARTESIAN_POINT('',(-0.0225200364366174,0.0374006326601375,0.017));
#7900=CARTESIAN_POINT('',(-0.0225550947410132,0.0342401265188528,0.017));
#7901=CARTESIAN_POINT('',(-0.0247409800200936,0.031079620377568,0.017));
#7902=CARTESIAN_POINT('',(-0.0247409800200936,0.031079620377568,0.017));
#7903=CARTESIAN_POINT('',(-0.0225550947410132,0.0342401265188528,0.017));
#7904=CARTESIAN_POINT('',(-0.0247409800200936,0.0306852144531149,0.017));
#7905=CARTESIAN_POINT('',(-0.0247409800200936,0.0302908085286617,0.017));
#7906=CARTESIAN_POINT('',(-0.0247409800200936,0.0302908085286617,0.017));
#7907=CARTESIAN_POINT('',(-0.0247409800200936,0.0306852144531149,0.017));
#7908=CARTESIAN_POINT('',(-0.0218381524161184,0.0302908085286617,0.017));
#7909=CARTESIAN_POINT('',(-0.0189353248121431,0.0302908085286617,0.017));
#7910=CARTESIAN_POINT('',(-0.0189353248121431,0.0302908085286617,0.017));
#7911=CARTESIAN_POINT('',(-0.0218381524161184,0.0302908085286617,0.017));
#7912=CARTESIAN_POINT('',(-0.0189353248121431,0.0307211492151207,0.017));
#7913=CARTESIAN_POINT('',(-0.0189353248121431,0.0307211492151207,0.017));
#7914=CARTESIAN_POINT('',(0.,0.,0.017));
#7915=CARTESIAN_POINT('',(-0.00670259525520547,0.0175029273580655,0.017));
#7916=CARTESIAN_POINT('',(-0.00670259525520547,0.0175029273580655,0.016));
#7917=CARTESIAN_POINT('',(-0.0066891871720145,0.0181654252337466,0.016));
#7918=CARTESIAN_POINT('',(-0.00719546308209829,0.0179456799451146,0.016));
#7919=CARTESIAN_POINT('',(-0.0066891871720145,0.0181654252337466,0.017));
#7920=CARTESIAN_POINT('',(-0.0066891871720145,0.0181654252337466,0.017));
#7921=CARTESIAN_POINT('',(-0.00670259525520547,0.0175029273580655,0.017));
#7922=CARTESIAN_POINT('',(-0.00719546308209829,0.0179456799451146,0.017));
#7923=CARTESIAN_POINT('',(-0.00719546308209829,0.0179456799451146,0.017));
#7924=CARTESIAN_POINT('',(-0.0061941139629198,0.0179564517729887,0.017));
#7925=CARTESIAN_POINT('',(-0.0061941139629198,0.0179564517729887,0.016));
#7926=CARTESIAN_POINT('',(-0.00631619467882653,0.018095767413494,0.017));
#7927=CARTESIAN_POINT('',(-0.00631619467882653,0.018095767413494,0.016));
#7928=CARTESIAN_POINT('',(-0.00648121908185809,0.0181654252337466,0.017));
#7929=CARTESIAN_POINT('',(-0.00648121908185809,0.0181654252337466,0.016));
#7930=CARTESIAN_POINT('',(-0.0066891871720145,0.0181654252337466,0.017));
#7931=CARTESIAN_POINT('',(-0.0066891871720145,0.0181654252337466,0.016));
#7932=CARTESIAN_POINT('',(-0.0061941139629198,0.0179564517729887,0.016));
#7933=CARTESIAN_POINT('',(-0.00637723503677989,0.0181654252337466,0.016));
#7934=CARTESIAN_POINT('',(-0.0066891871720145,0.0181654252337466,0.016));
#7935=CARTESIAN_POINT('',(-0.0061941139629198,0.0179564517729887,0.016));
#7936=CARTESIAN_POINT('',(-0.0061941139629198,0.0179564517729887,0.017));
#7937=CARTESIAN_POINT('',(-0.0061941139629198,0.0179564517729887,0.017));
#7938=CARTESIAN_POINT('',(-0.0061941139629198,0.0179564517729887,0.017));
#7939=CARTESIAN_POINT('',(-0.00637723503677989,0.0181654252337466,0.017));
#7940=CARTESIAN_POINT('',(-0.0066891871720145,0.0181654252337466,0.017));
#7941=CARTESIAN_POINT('',(-0.00598944923331146,0.0173683099710615,0.017));
#7942=CARTESIAN_POINT('',(-0.00598944923331146,0.0173683099710615,0.016));
#7943=CARTESIAN_POINT('',(-0.00600381167047696,0.0176210888651743,0.017));
#7944=CARTESIAN_POINT('',(-0.00600381167047696,0.0176210888651743,0.016));
#7945=CARTESIAN_POINT('',(-0.00607203324701307,0.0178171361324833,0.017));
#7946=CARTESIAN_POINT('',(-0.00607203324701307,0.0178171361324833,0.016));
#7947=CARTESIAN_POINT('',(-0.0061941139629198,0.0179564517729887,0.017));
#7948=CARTESIAN_POINT('',(-0.0061941139629198,0.0179564517729887,0.016));
#7949=CARTESIAN_POINT('',(-0.00598944923331146,0.0173683099710615,0.016));
#7950=CARTESIAN_POINT('',(-0.00601099288905971,0.0177474783122306,0.016));
#7951=CARTESIAN_POINT('',(-0.0061941139629198,0.0179564517729887,0.016));
#7952=CARTESIAN_POINT('',(-0.00598944923331146,0.0173683099710615,0.016));
#7953=CARTESIAN_POINT('',(-0.00598944923331146,0.0173683099710615,0.017));
#7954=CARTESIAN_POINT('',(-0.00598944923331146,0.0173683099710615,0.017));
#7955=CARTESIAN_POINT('',(-0.00598944923331146,0.0173683099710615,0.017));
#7956=CARTESIAN_POINT('',(-0.00601099288905971,0.0177474783122306,0.017));
#7957=CARTESIAN_POINT('',(-0.0061941139629198,0.0179564517729887,0.017));
#7958=CARTESIAN_POINT('',(-0.00598944923331146,0.0173493515540031,0.017));
#7959=CARTESIAN_POINT('',(-0.00598944923331146,0.0173493515540031,0.016));
#7960=CARTESIAN_POINT('',(-0.00598944923331146,0.0173303931369446,0.016));
#7961=CARTESIAN_POINT('',(-0.00598944923331146,0.0173303931369446,0.017));
#7962=CARTESIAN_POINT('',(-0.00598944923331146,0.0173303931369446,0.017));
#7963=CARTESIAN_POINT('',(-0.00598944923331146,0.0173493515540031,0.017));
#7964=CARTESIAN_POINT('',(-0.00671891741694708,0.0173303931369446,0.017));
#7965=CARTESIAN_POINT('',(-0.00671891741694708,0.0173303931369446,0.016));
#7966=CARTESIAN_POINT('',(-0.0074483856005827,0.0173303931369446,0.016));
#7967=CARTESIAN_POINT('',(-0.0074483856005827,0.0173303931369446,0.017));
#7968=CARTESIAN_POINT('',(-0.0074483856005827,0.0173303931369446,0.017));
#7969=CARTESIAN_POINT('',(-0.00671891741694708,0.0173303931369446,0.017));
#7970=CARTESIAN_POINT('',(-0.00662714144345955,0.0155526106645994,0.017));
#7971=CARTESIAN_POINT('',(-0.00662714144345955,0.0155526106645994,0.016));
#7972=CARTESIAN_POINT('',(-0.00702239571425404,0.0155526106645994,0.017));
#7973=CARTESIAN_POINT('',(-0.00702239571425404,0.0155526106645994,0.016));
#7974=CARTESIAN_POINT('',(-0.00734382705801788,0.0156824470965755,0.017));
#7975=CARTESIAN_POINT('',(-0.00734382705801788,0.0156824470965755,0.016));
#7976=CARTESIAN_POINT('',(-0.00759143547475105,0.0159421199605277,0.017));
#7977=CARTESIAN_POINT('',(-0.00759143547475105,0.0159421199605277,0.016));
#7978=CARTESIAN_POINT('',(-0.00662714144345955,0.0155526106645994,0.017));
#7979=CARTESIAN_POINT('',(-0.00662714144345955,0.0155526106645994,0.017));
#7980=CARTESIAN_POINT('',(-0.00662714144345955,0.0155526106645994,0.017));
#7981=CARTESIAN_POINT('',(-0.00722002284965129,0.0155526106645994,0.017));
#7982=CARTESIAN_POINT('',(-0.00759143547475105,0.0159421199605277,0.017));
#7983=CARTESIAN_POINT('',(-0.00759143547475105,0.0159421199605277,0.017));
#7984=CARTESIAN_POINT('',(-0.00759143547475105,0.0159421199605277,0.017));
#7985=CARTESIAN_POINT('',(-0.00552841500029899,0.0161161926989734,0.017));
#7986=CARTESIAN_POINT('',(-0.00552841500029899,0.0161161926989734,0.016));
#7987=CARTESIAN_POINT('',(-0.00577257643211245,0.015740471342724,0.017));
#7988=CARTESIAN_POINT('',(-0.00577257643211245,0.015740471342724,0.016));
#7989=CARTESIAN_POINT('',(-0.00613881857983264,0.0155526106645994,0.017));
#7990=CARTESIAN_POINT('',(-0.00613881857983264,0.0155526106645994,0.016));
#7991=CARTESIAN_POINT('',(-0.00662714144345955,0.0155526106645994,0.017));
#7992=CARTESIAN_POINT('',(-0.00662714144345955,0.0155526106645994,0.016));
#7993=CARTESIAN_POINT('',(-0.00552841500029899,0.0161161926989734,0.017));
#7994=CARTESIAN_POINT('',(-0.00552841500029899,0.0161161926989734,0.017));
#7995=CARTESIAN_POINT('',(-0.00552841500029899,0.0161161926989734,0.017));
#7996=CARTESIAN_POINT('',(-0.00589465714801918,0.0155526106645994,0.017));
#7997=CARTESIAN_POINT('',(-0.00662714144345955,0.0155526106645994,0.017));
#7998=CARTESIAN_POINT('',(-0.00568051320988161,0.0162346828055888,0.017));
#7999=CARTESIAN_POINT('',(-0.00583280300110451,0.0163533221613573,0.017));
#8000=CARTESIAN_POINT('',(-0.00583280300110451,0.0163533221613573,0.017));
#8001=CARTESIAN_POINT('',(-0.00568051320988161,0.0162346828055888,0.017));
#8002=CARTESIAN_POINT('',(-0.00672917042835904,0.0170342848369473,0.017));
#8003=CARTESIAN_POINT('',(-0.0061536118901131,0.0160670731638675,0.017));
#8004=CARTESIAN_POINT('',(-0.0061536118901131,0.0160670731638675,0.017));
#8005=CARTESIAN_POINT('',(-0.00672917042835904,0.0170342848369473,0.017));
#8006=CARTESIAN_POINT('',(-0.00660042731033173,0.0159593548851262,0.017));
#8007=CARTESIAN_POINT('',(-0.00660042731033173,0.0159593548851262,0.016));
#8008=CARTESIAN_POINT('',(-0.00642463107942604,0.0159593548851262,0.017));
#8009=CARTESIAN_POINT('',(-0.00642463107942604,0.0159593548851262,0.016));
#8010=CARTESIAN_POINT('',(-0.00627569260601983,0.01599526097804,0.017));
#8011=CARTESIAN_POINT('',(-0.00627569260601983,0.01599526097804,0.016));
#8012=CARTESIAN_POINT('',(-0.0061536118901131,0.0160670731638675,0.017));
#8013=CARTESIAN_POINT('',(-0.0061536118901131,0.0160670731638675,0.016));
#8014=CARTESIAN_POINT('',(-0.00660042731033173,0.0159593548851262,0.017));
#8015=CARTESIAN_POINT('',(-0.00660042731033173,0.0159593548851262,0.017));
#8016=CARTESIAN_POINT('',(-0.00660042731033173,0.0159593548851262,0.017));
#8017=CARTESIAN_POINT('',(-0.00633673296397319,0.0159593548851262,0.017));
#8018=CARTESIAN_POINT('',(-0.0061536118901131,0.0160670731638675,0.017));
#8019=CARTESIAN_POINT('',(-0.00721312887981185,0.0162247727239446,0.017));
#8020=CARTESIAN_POINT('',(-0.00721312887981185,0.0162247727239446,0.016));
#8021=CARTESIAN_POINT('',(-0.00705226958355828,0.0160478274980657,0.017));
#8022=CARTESIAN_POINT('',(-0.00705226958355828,0.0160478274980657,0.016));
#8023=CARTESIAN_POINT('',(-0.0068480357270649,0.0159593548851262,0.017));
#8024=CARTESIAN_POINT('',(-0.0068480357270649,0.0159593548851262,0.016));
#8025=CARTESIAN_POINT('',(-0.00660042731033173,0.0159593548851262,0.017));
#8026=CARTESIAN_POINT('',(-0.00660042731033173,0.0159593548851262,0.016));
#8027=CARTESIAN_POINT('',(-0.00721312887981185,0.0162247727239446,0.017));
#8028=CARTESIAN_POINT('',(-0.00721312887981185,0.0162247727239446,0.017));
#8029=CARTESIAN_POINT('',(-0.00721312887981185,0.0162247727239446,0.017));
#8030=CARTESIAN_POINT('',(-0.00697183993543149,0.0159593548851262,0.017));
#8031=CARTESIAN_POINT('',(-0.00660042731033173,0.0159593548851262,0.017));
#8032=CARTESIAN_POINT('',(-0.00746475877895136,0.016921063677728,0.017));
#8033=CARTESIAN_POINT('',(-0.00746475877895136,0.016921063677728,0.016));
#8034=CARTESIAN_POINT('',(-0.00745786480911193,0.016633814934418,0.017));
#8035=CARTESIAN_POINT('',(-0.00745786480911193,0.016633814934418,0.016));
#8036=CARTESIAN_POINT('',(-0.00737398817606542,0.0164017179498235,0.017));
#8037=CARTESIAN_POINT('',(-0.00737398817606542,0.0164017179498235,0.016));
#8038=CARTESIAN_POINT('',(-0.00721312887981185,0.0162247727239446,0.017));
#8039=CARTESIAN_POINT('',(-0.00721312887981185,0.0162247727239446,0.016));
#8040=CARTESIAN_POINT('',(-0.00746475877895136,0.016921063677728,0.017));
#8041=CARTESIAN_POINT('',(-0.00746475877895136,0.016921063677728,0.017));
#8042=CARTESIAN_POINT('',(-0.00746475877895136,0.016921063677728,0.017));
#8043=CARTESIAN_POINT('',(-0.00745441782419221,0.016490190562763,0.017));
#8044=CARTESIAN_POINT('',(-0.00721312887981185,0.0162247727239446,0.017));
#8045=CARTESIAN_POINT('',(-0.00647805934568169,0.016921063677728,0.017));
#8046=CARTESIAN_POINT('',(-0.00549135991241201,0.016921063677728,0.017));
#8047=CARTESIAN_POINT('',(-0.00549135991241201,0.016921063677728,0.017));
#8048=CARTESIAN_POINT('',(-0.00647805934568169,0.016921063677728,0.017));
#8049=CARTESIAN_POINT('',(-0.00549135991241201,0.0170249040984345,0.017));
#8050=CARTESIAN_POINT('',(-0.00549135991241201,0.017128744519141,0.017));
#8051=CARTESIAN_POINT('',(-0.00549135991241201,0.017128744519141,0.017));
#8052=CARTESIAN_POINT('',(-0.00549135991241201,0.0170249040984345,0.017));
#8053=CARTESIAN_POINT('',(-0.00580632815945137,0.0182003259560588,0.017));
#8054=CARTESIAN_POINT('',(-0.00580632815945137,0.0182003259560588,0.016));
#8055=CARTESIAN_POINT('',(-0.0055963493280918,0.0179507067981225,0.017));
#8056=CARTESIAN_POINT('',(-0.0055963493280918,0.0179507067981225,0.016));
#8057=CARTESIAN_POINT('',(-0.00549135991241201,0.0175935129858165,0.017));
#8058=CARTESIAN_POINT('',(-0.00549135991241201,0.0175935129858165,0.016));
#8059=CARTESIAN_POINT('',(-0.00549135991241201,0.017128744519141,0.017));
#8060=CARTESIAN_POINT('',(-0.00549135991241201,0.017128744519141,0.016));
#8061=CARTESIAN_POINT('',(-0.00580632815945137,0.0182003259560588,0.017));
#8062=CARTESIAN_POINT('',(-0.00580632815945137,0.0182003259560588,0.017));
#8063=CARTESIAN_POINT('',(-0.00580632815945137,0.0182003259560588,0.017));
#8064=CARTESIAN_POINT('',(-0.00549135991241201,0.0178258972191543,0.017));
#8065=CARTESIAN_POINT('',(-0.00549135991241201,0.017128744519141,0.017));
#8066=CARTESIAN_POINT('',(-0.0066891871720145,0.0185747546929633,0.017));
#8067=CARTESIAN_POINT('',(-0.0066891871720145,0.0185747546929633,0.016));
#8068=CARTESIAN_POINT('',(-0.00631059332833199,0.0185747546929633,0.017));
#8069=CARTESIAN_POINT('',(-0.00631059332833199,0.0185747546929633,0.016));
#8070=CARTESIAN_POINT('',(-0.00601630699081094,0.0184499451139952,0.017));
#8071=CARTESIAN_POINT('',(-0.00601630699081094,0.0184499451139952,0.016));
#8072=CARTESIAN_POINT('',(-0.00580632815945137,0.0182003259560588,0.017));
#8073=CARTESIAN_POINT('',(-0.00580632815945137,0.0182003259560588,0.016));
#8074=CARTESIAN_POINT('',(-0.0066891871720145,0.0185747546929633,0.017));
#8075=CARTESIAN_POINT('',(-0.0066891871720145,0.0185747546929633,0.017));
#8076=CARTESIAN_POINT('',(-0.0066891871720145,0.0185747546929633,0.017));
#8077=CARTESIAN_POINT('',(-0.00612129640649073,0.0185747546929633,0.017));
#8078=CARTESIAN_POINT('',(-0.00580632815945137,0.0182003259560588,0.017));
#8079=CARTESIAN_POINT('',(-0.00669239109813579,0.0174113655602921,0.017));
#8080=CARTESIAN_POINT('',(-0.00733420422511699,0.018382154410574,0.017));
#8081=CARTESIAN_POINT('',(-0.00733422572516926,0.0183821892967005,0.017));
#8082=CARTESIAN_POINT('',(-0.00669239109813579,0.0174113655602921,0.017));
#8083=CARTESIAN_POINT('',(-0.00662773141469849,0.0173037149370121,0.017));
#8084=CARTESIAN_POINT('',(-0.00779739282370429,0.0178487334942475,0.017));
#8085=CARTESIAN_POINT('',(-0.00779739282370429,0.0178487334942475,0.017));
#8086=CARTESIAN_POINT('',(-0.00662773141469849,0.0173037149370121,0.017));
#8087=CARTESIAN_POINT('',(-0.00796284809985082,0.0170744545066554,0.017));
#8088=CARTESIAN_POINT('',(-0.00796284809985082,0.0170744545066554,0.016));
#8089=CARTESIAN_POINT('',(-0.00796284809985082,0.0173634267424253,0.017));
#8090=CARTESIAN_POINT('',(-0.00796284809985082,0.0173634267424253,0.016));
#8091=CARTESIAN_POINT('',(-0.00790769634113531,0.0176215197382892,0.017));
#8092=CARTESIAN_POINT('',(-0.00790769634113531,0.0176215197382892,0.016));
#8093=CARTESIAN_POINT('',(-0.00779739282370429,0.0178487334942475,0.017));
#8094=CARTESIAN_POINT('',(-0.00779739282370429,0.0178487334942475,0.016));
#8095=CARTESIAN_POINT('',(-0.00796284809985082,0.0170744545066554,0.017));
#8096=CARTESIAN_POINT('',(-0.00796284809985082,0.0170744545066554,0.017));
#8097=CARTESIAN_POINT('',(-0.00796284809985082,0.0170744545066554,0.017));
#8098=CARTESIAN_POINT('',(-0.00796284809985082,0.0175079128603101,0.017));
#8099=CARTESIAN_POINT('',(-0.00779739282370429,0.0178487334942475,0.017));
#8100=CARTESIAN_POINT('',(-0.00796284809985082,0.0170287819564692,0.017));
#8101=CARTESIAN_POINT('',(-0.00796284809985082,0.0169831094062829,0.017));
#8102=CARTESIAN_POINT('',(-0.00796284809985082,0.0169831094062829,0.017));
#8103=CARTESIAN_POINT('',(-0.00796284809985082,0.0170287819564692,0.017));
#8104=CARTESIAN_POINT('',(-0.00759143547475105,0.0159421199605277,0.017));
#8105=CARTESIAN_POINT('',(-0.00759143547475105,0.0159421199605277,0.016));
#8106=CARTESIAN_POINT('',(-0.00783904389148423,0.0162017928244799,0.017));
#8107=CARTESIAN_POINT('',(-0.00783904389148423,0.0162017928244799,0.016));
#8108=CARTESIAN_POINT('',(-0.00796284809985082,0.0165487893063983,0.017));
#8109=CARTESIAN_POINT('',(-0.00796284809985082,0.0165487893063983,0.016));
#8110=CARTESIAN_POINT('',(-0.00796284809985082,0.0169831094062829,0.017));
#8111=CARTESIAN_POINT('',(-0.00796284809985082,0.0169831094062829,0.016));
#8112=CARTESIAN_POINT('',(-0.00759143547475105,0.0159421199605277,0.017));
#8113=CARTESIAN_POINT('',(-0.00796284809985082,0.016331629256456,0.017));
#8114=CARTESIAN_POINT('',(-0.00796284809985082,0.0169831094062829,0.017));
#8115=CARTESIAN_POINT('',(-0.00719546308209829,0.0179456799451146,0.017));
#8116=CARTESIAN_POINT('',(-0.00719546308209829,0.0179456799451146,0.016));
#8117=CARTESIAN_POINT('',(-0.00733190623517052,0.0177991830860265,0.017));
#8118=CARTESIAN_POINT('',(-0.00733190623517052,0.0177991830860265,0.016));
#8119=CARTESIAN_POINT('',(-0.00741621374133199,0.0175940874833031,0.017));
#8120=CARTESIAN_POINT('',(-0.00741621374133199,0.0175940874833031,0.016));
#8121=CARTESIAN_POINT('',(-0.0074483856005827,0.0173303931369446,0.017));
#8122=CARTESIAN_POINT('',(-0.0074483856005827,0.0173303931369446,0.016));
#8123=CARTESIAN_POINT('',(-0.00719546308209829,0.0179456799451146,0.016));
#8124=CARTESIAN_POINT('',(-0.00740012781170663,0.0177259346564824,0.016));
#8125=CARTESIAN_POINT('',(-0.0074483856005827,0.0173303931369446,0.016));
#8126=CARTESIAN_POINT('',(-0.00719546308209829,0.0179456799451146,0.017));
#8127=CARTESIAN_POINT('',(-0.00740012781170663,0.0177259346564824,0.017));
#8128=CARTESIAN_POINT('',(-0.0074483856005827,0.0173303931369446,0.017));
#8129=CARTESIAN_POINT('',(0.,0.,0.017));
#8130=CARTESIAN_POINT('',(0.,0.,0.016));
#8131=CARTESIAN_POINT('',(-0.00896247372656944,0.018873349761634,0.017));
#8132=CARTESIAN_POINT('',(-0.00896247372656944,0.0192262348427903,0.017));
#8133=CARTESIAN_POINT('',(-0.00896247372656944,0.0192262348427903,0.017));
#8134=CARTESIAN_POINT('',(-0.00896247372656944,0.018873349761634,0.017));
#8135=CARTESIAN_POINT('',(-0.00896247372656944,0.0185204646804778,0.017));
#8136=CARTESIAN_POINT('',(-0.00896247372656944,0.0185204646804778,0.017));
#8137=CARTESIAN_POINT('',(-0.00921151838701917,0.0192262348427903,0.017));
#8138=CARTESIAN_POINT('',(-0.0094605630474689,0.0192262348427903,0.017));
#8139=CARTESIAN_POINT('',(-0.0094605630474689,0.0192262348427903,0.017));
#8140=CARTESIAN_POINT('',(-0.00921151838701917,0.0192262348427903,0.017));
#8141=CARTESIAN_POINT('',(-0.0094605630474689,0.018873349761634,0.017));
#8142=CARTESIAN_POINT('',(-0.0094605630474689,0.0185204646804778,0.017));
#8143=CARTESIAN_POINT('',(-0.0094605630474689,0.0185204646804778,0.017));
#8144=CARTESIAN_POINT('',(-0.0094605630474689,0.018873349761634,0.017));
#8145=CARTESIAN_POINT('',(-0.00972598088628729,0.0185204646804778,0.017));
#8146=CARTESIAN_POINT('',(-0.00999139872510568,0.0185204646804778,0.017));
#8147=CARTESIAN_POINT('',(-0.00999139872510568,0.0185204646804778,0.017));
#8148=CARTESIAN_POINT('',(-0.00972598088628729,0.0185204646804778,0.017));
#8149=CARTESIAN_POINT('',(-0.00999139872510568,0.0183278643980884,0.017));
#8150=CARTESIAN_POINT('',(-0.00999139872510568,0.0181352641156991,0.017));
#8151=CARTESIAN_POINT('',(-0.00999139872510568,0.0181352641156991,0.017));
#8152=CARTESIAN_POINT('',(-0.00999139872510568,0.0183278643980884,0.017));
#8153=CARTESIAN_POINT('',(-0.00972598088628729,0.0181352641156991,0.017));
#8154=CARTESIAN_POINT('',(-0.0094605630474689,0.0181352641156991,0.017));
#8155=CARTESIAN_POINT('',(-0.0094605630474689,0.0181352641156991,0.017));
#8156=CARTESIAN_POINT('',(-0.00972598088628729,0.0181352641156991,0.017));
#8157=CARTESIAN_POINT('',(-0.0094605630474689,0.0172321540667326,0.017));
#8158=CARTESIAN_POINT('',(-0.0094605630474689,0.0163290440177662,0.017));
#8159=CARTESIAN_POINT('',(-0.0094605630474689,0.0163290440177662,0.017));
#8160=CARTESIAN_POINT('',(-0.0094605630474689,0.0172321540667326,0.017));
#8161=CARTESIAN_POINT('',(-0.00929079904017271,0.0157546901555179,0.017));
#8162=CARTESIAN_POINT('',(-0.00929079904017271,0.0157546901555179,0.016));
#8163=CARTESIAN_POINT('',(-0.00940397504503684,0.0158894098161303,0.017));
#8164=CARTESIAN_POINT('',(-0.00940397504503684,0.0158894098161303,0.016));
#8165=CARTESIAN_POINT('',(-0.0094605630474689,0.0160808611035464,0.017));
#8166=CARTESIAN_POINT('',(-0.0094605630474689,0.0160808611035464,0.016));
#8167=CARTESIAN_POINT('',(-0.0094605630474689,0.0163290440177662,0.017));
#8168=CARTESIAN_POINT('',(-0.0094605630474689,0.0163290440177662,0.016));
#8169=CARTESIAN_POINT('',(-0.00929079904017271,0.0157546901555179,0.017));
#8170=CARTESIAN_POINT('',(-0.00929079904017271,0.0157546901555179,0.017));
#8171=CARTESIAN_POINT('',(-0.00929079904017271,0.0157546901555179,0.017));
#8172=CARTESIAN_POINT('',(-0.0094605630474689,0.0159567696464364,0.017));
#8173=CARTESIAN_POINT('',(-0.0094605630474689,0.0163290440177662,0.017));
#8174=CARTESIAN_POINT('',(-0.00878753924189368,0.0155526106645994,0.017));
#8175=CARTESIAN_POINT('',(-0.00878753924189368,0.0155526106645994,0.016));
#8176=CARTESIAN_POINT('',(-0.00900986976921558,0.0155526106645994,0.017));
#8177=CARTESIAN_POINT('',(-0.00900986976921558,0.0155526106645994,0.016));
#8178=CARTESIAN_POINT('',(-0.00917762303530859,0.0156199704949055,0.017));
#8179=CARTESIAN_POINT('',(-0.00917762303530859,0.0156199704949055,0.016));
#8180=CARTESIAN_POINT('',(-0.00929079904017271,0.0157546901555179,0.017));
#8181=CARTESIAN_POINT('',(-0.00929079904017271,0.0157546901555179,0.016));
#8182=CARTESIAN_POINT('',(-0.00878753924189368,0.0155526106645994,0.017));
#8183=CARTESIAN_POINT('',(-0.00878753924189368,0.0155526106645994,0.017));
#8184=CARTESIAN_POINT('',(-0.00878753924189368,0.0155526106645994,0.017));
#8185=CARTESIAN_POINT('',(-0.00912103503287653,0.0155526106645994,0.017));
#8186=CARTESIAN_POINT('',(-0.00929079904017271,0.0157546901555179,0.017));
#8187=CARTESIAN_POINT('',(-0.00879741534153557,0.0169868399517873,0.017));
#8188=CARTESIAN_POINT('',(-0.00840492391580483,0.0156071190305859,0.017));
#8189=CARTESIAN_POINT('',(-0.00840492391580483,0.0156071190305859,0.017));
#8190=CARTESIAN_POINT('',(-0.00879741534153557,0.0169868399517873,0.017));
#8191=CARTESIAN_POINT('',(-0.00840492391580483,0.0158089801680034,0.017));
#8192=CARTESIAN_POINT('',(-0.00840492391580483,0.0160115804444336,0.017));
#8193=CARTESIAN_POINT('',(-0.00840492391580483,0.016011059658922,0.017));
#8194=CARTESIAN_POINT('',(-0.00840492391580483,0.0158089801680034,0.017));
#8195=CARTESIAN_POINT('',(-0.00869735849926647,0.0172106558142543,0.017));
#8196=CARTESIAN_POINT('',(-0.00864190412903554,0.0159783133021847,0.017));
#8197=CARTESIAN_POINT('',(-0.00864190412903554,0.0159783133021847,0.017));
#8198=CARTESIAN_POINT('',(-0.00869735849926647,0.0172106558142543,0.017));
#8199=CARTESIAN_POINT('',(-0.00888965617014037,0.0160657805445226,0.017));
#8200=CARTESIAN_POINT('',(-0.00888965617014037,0.0160657805445226,0.016));
#8201=CARTESIAN_POINT('',(-0.00884111113252099,0.0160074690496307,0.017));
#8202=CARTESIAN_POINT('',(-0.00884111113252099,0.0160074690496307,0.016));
#8203=CARTESIAN_POINT('',(-0.00875852711881938,0.0159783133021847,0.017));
#8204=CARTESIAN_POINT('',(-0.00875852711881938,0.0159783133021847,0.016));
#8205=CARTESIAN_POINT('',(-0.00864190412903554,0.0159783133021847,0.017));
#8206=CARTESIAN_POINT('',(-0.00864190412903554,0.0159783133021847,0.016));
#8207=CARTESIAN_POINT('',(-0.00888965617014037,0.0160657805445226,0.017));
#8208=CARTESIAN_POINT('',(-0.00888965617014037,0.0160657805445226,0.017));
#8209=CARTESIAN_POINT('',(-0.00888965617014037,0.0160657805445226,0.017));
#8210=CARTESIAN_POINT('',(-0.0088168386137113,0.0159783133021847,0.017));
#8211=CARTESIAN_POINT('',(-0.00864190412903554,0.0159783133021847,0.017));
#8212=CARTESIAN_POINT('',(-0.00896247372656944,0.0163290440177662,0.017));
#8213=CARTESIAN_POINT('',(-0.00896247372656944,0.0163290440177662,0.016));
#8214=CARTESIAN_POINT('',(-0.00896247372656944,0.0162118465304957,0.017));
#8215=CARTESIAN_POINT('',(-0.00896247372656944,0.0162118465304957,0.016));
#8216=CARTESIAN_POINT('',(-0.00893820120775975,0.0161240920394145,0.017));
#8217=CARTESIAN_POINT('',(-0.00893820120775975,0.0161240920394145,0.016));
#8218=CARTESIAN_POINT('',(-0.00888965617014037,0.0160657805445226,0.017));
#8219=CARTESIAN_POINT('',(-0.00888965617014037,0.0160657805445226,0.016));
#8220=CARTESIAN_POINT('',(-0.00896247372656944,0.0163290440177662,0.017));
#8221=CARTESIAN_POINT('',(-0.00896247372656944,0.0163290440177662,0.017));
#8222=CARTESIAN_POINT('',(-0.00896247372656944,0.0163290440177662,0.017));
#8223=CARTESIAN_POINT('',(-0.00896247372656944,0.0161532477868605,0.017));
#8224=CARTESIAN_POINT('',(-0.00888965617014037,0.0160657805445226,0.017));
#8225=CARTESIAN_POINT('',(-0.00896247372656944,0.0172321540667326,0.017));
#8226=CARTESIAN_POINT('',(-0.00896247372656944,0.0181352641156991,0.017));
#8227=CARTESIAN_POINT('',(-0.00896247372656944,0.0181352641156991,0.017));
#8228=CARTESIAN_POINT('',(-0.00896247372656944,0.0172321540667326,0.017));
#8229=CARTESIAN_POINT('',(-0.00869059279102658,0.0181352641156991,0.017));
#8230=CARTESIAN_POINT('',(-0.00841871185548371,0.0181352641156991,0.017));
#8231=CARTESIAN_POINT('',(-0.00841871185548371,0.0181352641156991,0.017));
#8232=CARTESIAN_POINT('',(-0.00869059279102658,0.0181352641156991,0.017));
#8233=CARTESIAN_POINT('',(-0.00841871185548371,0.0183278643980884,0.017));
#8234=CARTESIAN_POINT('',(-0.00841871185548371,0.0185204646804778,0.017));
#8235=CARTESIAN_POINT('',(-0.00841871185548371,0.0185204646804778,0.017));
#8236=CARTESIAN_POINT('',(-0.00841871185548371,0.0183278643980884,0.017));
#8237=CARTESIAN_POINT('',(-0.00869059279102658,0.0185204646804778,0.017));
#8238=CARTESIAN_POINT('',(-0.00869059279102658,0.0185204646804778,0.017));
#8239=CARTESIAN_POINT('',(0.,0.,0.017));
#8240=CARTESIAN_POINT('',(-0.0124146291236684,0.017031367195159,0.017));
#8241=CARTESIAN_POINT('',(-0.0124146291236684,0.017031367195159,0.016));
#8242=CARTESIAN_POINT('',(-0.0124146291236684,0.0167084996076786,0.017));
#8243=CARTESIAN_POINT('',(-0.0124146291236684,0.0167084996076786,0.016));
#8244=CARTESIAN_POINT('',(-0.0123396572016645,0.0164491139924697,0.017));
#8245=CARTESIAN_POINT('',(-0.0123396572016645,0.0164491139924697,0.016));
#8246=CARTESIAN_POINT('',(-0.0121897133576567,0.0162532103495323,0.017));
#8247=CARTESIAN_POINT('',(-0.0121897133576567,0.0162532103495323,0.016));
#8248=CARTESIAN_POINT('',(-0.0124146291236684,0.017031367195159,0.016));
#8249=CARTESIAN_POINT('',(-0.0124146291236684,0.0165470658139384,0.016));
#8250=CARTESIAN_POINT('',(-0.0121897133576567,0.0162532103495323,0.016));
#8251=CARTESIAN_POINT('',(-0.0124146291236684,0.017031367195159,0.016));
#8252=CARTESIAN_POINT('',(-0.0121897133576567,0.0162532103495323,0.016));
#8253=CARTESIAN_POINT('',(-0.0124146291236684,0.017031367195159,0.017));
#8254=CARTESIAN_POINT('',(-0.0124146291236684,0.017031367195159,0.017));
#8255=CARTESIAN_POINT('',(-0.0124146291236684,0.017031367195159,0.017));
#8256=CARTESIAN_POINT('',(-0.0124146291236684,0.0165470658139384,0.017));
#8257=CARTESIAN_POINT('',(-0.0121897133576567,0.0162532103495323,0.017));
#8258=CARTESIAN_POINT('',(-0.0121897133576567,0.0162532103495323,0.017));
#8259=CARTESIAN_POINT('',(-0.0121897133576567,0.0162532103495323,0.017));
#8260=CARTESIAN_POINT('',(-0.0121884207383118,0.0178720006424555,0.017));
#8261=CARTESIAN_POINT('',(-0.0121884207383118,0.0178720006424555,0.016));
#8262=CARTESIAN_POINT('',(-0.0123392263285496,0.0176763842482614,0.017));
#8263=CARTESIAN_POINT('',(-0.0123392263285496,0.0176763842482614,0.016));
#8264=CARTESIAN_POINT('',(-0.0124146291236684,0.0173961730991626,0.017));
#8265=CARTESIAN_POINT('',(-0.0124146291236684,0.0173961730991626,0.016));
#8266=CARTESIAN_POINT('',(-0.0124146291236684,0.017031367195159,0.017));
#8267=CARTESIAN_POINT('',(-0.0124146291236684,0.017031367195159,0.016));
#8268=CARTESIAN_POINT('',(-0.0121884207383118,0.0178720006424555,0.016));
#8269=CARTESIAN_POINT('',(-0.0124146291236684,0.0175785760511644,0.016));
#8270=CARTESIAN_POINT('',(-0.0124146291236684,0.017031367195159,0.016));
#8271=CARTESIAN_POINT('',(-0.0121884207383118,0.0178720006424555,0.016));
#8272=CARTESIAN_POINT('',(-0.0121884207383118,0.0178720006424555,0.017));
#8273=CARTESIAN_POINT('',(-0.0121884207383118,0.0178720006424555,0.017));
#8274=CARTESIAN_POINT('',(-0.0121884207383118,0.0178720006424555,0.017));
#8275=CARTESIAN_POINT('',(-0.0124146291236684,0.0175785760511644,0.017));
#8276=CARTESIAN_POINT('',(-0.0124146291236684,0.017031367195159,0.017));
#8277=CARTESIAN_POINT('',(-0.0116114617730961,0.0174523914638866,0.017));
#8278=CARTESIAN_POINT('',(-0.0116114617730961,0.0174523914638866,0.016));
#8279=CARTESIAN_POINT('',(-0.0115933898830357,0.0181649967920559,0.016));
#8280=CARTESIAN_POINT('',(-0.0115933849665453,0.0181654252337466,0.017));
#8281=CARTESIAN_POINT('',(-0.0115933898830357,0.0181649967920559,0.017));
#8282=CARTESIAN_POINT('',(-0.0116114617730961,0.0174523914638866,0.017));
#8283=CARTESIAN_POINT('',(-0.0115728480747595,0.0174449976501547,0.017));
#8284=CARTESIAN_POINT('',(-0.0115728480747595,0.0174449976501547,0.016));
#8285=CARTESIAN_POINT('',(-0.0109893008593644,0.0178676919113059,0.016));
#8286=CARTESIAN_POINT('',(-0.0109893008593644,0.0178676919113059,0.017));
#8287=CARTESIAN_POINT('',(-0.0109893008593644,0.0178676919113059,0.017));
#8288=CARTESIAN_POINT('',(-0.0115728480747595,0.0174449976501547,0.017));
#8289=CARTESIAN_POINT('',(-0.010761799854663,0.0170908276850241,0.017));
#8290=CARTESIAN_POINT('',(-0.010761799854663,0.0170908276850241,0.016));
#8291=CARTESIAN_POINT('',(-0.010761799854663,0.0174102482875848,0.017));
#8292=CARTESIAN_POINT('',(-0.010761799854663,0.0174102482875848,0.016));
#8293=CARTESIAN_POINT('',(-0.0108376335228968,0.0176692030296787,0.017));
#8294=CARTESIAN_POINT('',(-0.0108376335228968,0.0176692030296787,0.016));
#8295=CARTESIAN_POINT('',(-0.0109893008593644,0.0178676919113059,0.017));
#8296=CARTESIAN_POINT('',(-0.0109893008593644,0.0178676919113059,0.016));
#8297=CARTESIAN_POINT('',(-0.010761799854663,0.0170908276850241,0.016));
#8298=CARTESIAN_POINT('',(-0.010761799854663,0.0175699585888651,0.016));
#8299=CARTESIAN_POINT('',(-0.0109893008593644,0.0178676919113059,0.016));
#8300=CARTESIAN_POINT('',(-0.010761799854663,0.0170908276850241,0.016));
#8301=CARTESIAN_POINT('',(-0.010761799854663,0.0170908276850241,0.017));
#8302=CARTESIAN_POINT('',(-0.010761799854663,0.0170908276850241,0.017));
#8303=CARTESIAN_POINT('',(-0.010761799854663,0.0170908276850241,0.017));
#8304=CARTESIAN_POINT('',(-0.010761799854663,0.0175699585888651,0.017));
#8305=CARTESIAN_POINT('',(-0.0109893008593644,0.0178676919113059,0.017));
#8306=CARTESIAN_POINT('',(-0.0109849921282148,0.016257088207567,0.017));
#8307=CARTESIAN_POINT('',(-0.0109849921282148,0.016257088207567,0.016));
#8308=CARTESIAN_POINT('',(-0.0108361972791802,0.0164555770891942,0.017));
#8309=CARTESIAN_POINT('',(-0.0108361972791802,0.0164555770891942,0.016));
#8310=CARTESIAN_POINT('',(-0.010761799854663,0.0167334902483465,0.017));
#8311=CARTESIAN_POINT('',(-0.010761799854663,0.0167334902483465,0.016));
#8312=CARTESIAN_POINT('',(-0.010761799854663,0.0170908276850241,0.017));
#8313=CARTESIAN_POINT('',(-0.010761799854663,0.0170908276850241,0.016));
#8314=CARTESIAN_POINT('',(-0.0109849921282148,0.016257088207567,0.016));
#8315=CARTESIAN_POINT('',(-0.010761799854663,0.0165548215300078,0.016));
#8316=CARTESIAN_POINT('',(-0.010761799854663,0.0170908276850241,0.016));
#8317=CARTESIAN_POINT('',(-0.0109849921282148,0.016257088207567,0.016));
#8318=CARTESIAN_POINT('',(-0.0109849921282148,0.016257088207567,0.017));
#8319=CARTESIAN_POINT('',(-0.0109849921282148,0.016257088207567,0.017));
#8320=CARTESIAN_POINT('',(-0.0109849921282148,0.016257088207567,0.017));
#8321=CARTESIAN_POINT('',(-0.010761799854663,0.0165548215300078,0.017));
#8322=CARTESIAN_POINT('',(-0.010761799854663,0.0170908276850241,0.017));
#8323=CARTESIAN_POINT('',(-0.0115882144891657,0.0159593548851262,0.017));
#8324=CARTESIAN_POINT('',(-0.0115882144891657,0.0159593548851262,0.016));
#8325=CARTESIAN_POINT('',(-0.0113348610975663,0.0159593548851262,0.017));
#8326=CARTESIAN_POINT('',(-0.0113348610975663,0.0159593548851262,0.016));
#8327=CARTESIAN_POINT('',(-0.0111337869772493,0.0160585993259398,0.017));
#8328=CARTESIAN_POINT('',(-0.0111337869772493,0.0160585993259398,0.016));
#8329=CARTESIAN_POINT('',(-0.0109849921282148,0.016257088207567,0.017));
#8330=CARTESIAN_POINT('',(-0.0109849921282148,0.016257088207567,0.016));
#8331=CARTESIAN_POINT('',(-0.0115882144891657,0.0159593548851262,0.016));
#8332=CARTESIAN_POINT('',(-0.0112081844017666,0.0159593548851262,0.016));
#8333=CARTESIAN_POINT('',(-0.0109849921282148,0.016257088207567,0.016));
#8334=CARTESIAN_POINT('',(-0.0115882144891657,0.0159593548851262,0.016));
#8335=CARTESIAN_POINT('',(-0.0115882144891657,0.0159593548851262,0.017));
#8336=CARTESIAN_POINT('',(-0.0115882144891657,0.0159593548851262,0.017));
#8337=CARTESIAN_POINT('',(-0.0115882144891657,0.0159593548851262,0.017));
#8338=CARTESIAN_POINT('',(-0.0112081844017666,0.0159593548851262,0.017));
#8339=CARTESIAN_POINT('',(-0.0109849921282148,0.016257088207567,0.017));
#8340=CARTESIAN_POINT('',(-0.0129161654294876,0.0170908276850241,0.017));
#8341=CARTESIAN_POINT('',(-0.0129161654294876,0.0170908276850241,0.016));
#8342=CARTESIAN_POINT('',(-0.0129161654294876,0.0173763529358742,0.017));
#8343=CARTESIAN_POINT('',(-0.0129161654294876,0.0173763529358742,0.016));
#8344=CARTESIAN_POINT('',(-0.0128600083001705,0.0176331533123933,0.017));
#8345=CARTESIAN_POINT('',(-0.0128600083001705,0.0176331533123933,0.016));
#8346=CARTESIAN_POINT('',(-0.0127476940415363,0.0178612288145814,0.017));
#8347=CARTESIAN_POINT('',(-0.0127476940415363,0.0178612288145814,0.016));
#8348=CARTESIAN_POINT('',(-0.0129161654294876,0.0170908276850241,0.017));
#8349=CARTESIAN_POINT('',(-0.0129161654294876,0.0170908276850241,0.017));
#8350=CARTESIAN_POINT('',(-0.0129161654294876,0.0170908276850241,0.017));
#8351=CARTESIAN_POINT('',(-0.0129161654294876,0.0175191155612992,0.017));
#8352=CARTESIAN_POINT('',(-0.0127476940415363,0.0178612288145814,0.017));
#8353=CARTESIAN_POINT('',(-0.0127476940415363,0.0178612288145814,0.017));
#8354=CARTESIAN_POINT('',(-0.0127476940415363,0.0178612288145814,0.017));
#8355=CARTESIAN_POINT('',(-0.0129161654294876,0.0170731618873106,0.017));
#8356=CARTESIAN_POINT('',(-0.0129161654294876,0.017055496089597,0.017));
#8357=CARTESIAN_POINT('',(-0.0129161654294876,0.017055496089597,0.017));
#8358=CARTESIAN_POINT('',(-0.0129161654294876,0.0170731618873106,0.017));
#8359=CARTESIAN_POINT('',(-0.0125481997893075,0.0159649562356208,0.017));
#8360=CARTESIAN_POINT('',(-0.0125481997893075,0.0159649562356208,0.016));
#8361=CARTESIAN_POINT('',(-0.0127935102160942,0.0162398532829684,0.017));
#8362=CARTESIAN_POINT('',(-0.0127935102160942,0.0162398532829684,0.016));
#8363=CARTESIAN_POINT('',(-0.0129161654294876,0.0166033665676271,0.017));
#8364=CARTESIAN_POINT('',(-0.0129161654294876,0.0166033665676271,0.016));
#8365=CARTESIAN_POINT('',(-0.0129161654294876,0.017055496089597,0.017));
#8366=CARTESIAN_POINT('',(-0.0129161654294876,0.017055496089597,0.016));
#8367=CARTESIAN_POINT('',(-0.0125481997893075,0.0159649562356208,0.017));
#8368=CARTESIAN_POINT('',(-0.0125481997893075,0.0159649562356208,0.017));
#8369=CARTESIAN_POINT('',(-0.0125481997893075,0.0159649562356208,0.017));
#8370=CARTESIAN_POINT('',(-0.0129161654294876,0.0163773018066422,0.017));
#8371=CARTESIAN_POINT('',(-0.0129161654294876,0.017055496089597,0.017));
#8372=CARTESIAN_POINT('',(-0.0115882144891657,0.0155526106645994,0.017));
#8373=CARTESIAN_POINT('',(-0.0115882144891657,0.0155526106645994,0.016));
#8374=CARTESIAN_POINT('',(-0.0119828942624736,0.0155526106645994,0.017));
#8375=CARTESIAN_POINT('',(-0.0119828942624736,0.0155526106645994,0.016));
#8376=CARTESIAN_POINT('',(-0.0123028893625208,0.0156900591882732,0.017));
#8377=CARTESIAN_POINT('',(-0.0123028893625208,0.0156900591882732,0.016));
#8378=CARTESIAN_POINT('',(-0.0125481997893075,0.0159649562356208,0.017));
#8379=CARTESIAN_POINT('',(-0.0125481997893075,0.0159649562356208,0.016));
#8380=CARTESIAN_POINT('',(-0.0115882144891657,0.0155526106645994,0.017));
#8381=CARTESIAN_POINT('',(-0.0115882144891657,0.0155526106645994,0.017));
#8382=CARTESIAN_POINT('',(-0.0115882144891657,0.0155526106645994,0.017));
#8383=CARTESIAN_POINT('',(-0.0121802341491275,0.0155526106645994,0.017));
#8384=CARTESIAN_POINT('',(-0.0125481997893075,0.0159649562356208,0.017));
#8385=CARTESIAN_POINT('',(-0.0108923544084973,0.015741333088954,0.017));
#8386=CARTESIAN_POINT('',(-0.0108923544084973,0.015741333088954,0.016));
#8387=CARTESIAN_POINT('',(-0.0110942902750442,0.0156155181393842,0.017));
#8388=CARTESIAN_POINT('',(-0.0110942902750442,0.0156155181393842,0.016));
#8389=CARTESIAN_POINT('',(-0.011326243635267,0.0155526106645994,0.017));
#8390=CARTESIAN_POINT('',(-0.011326243635267,0.0155526106645994,0.016));
#8391=CARTESIAN_POINT('',(-0.0115882144891657,0.0155526106645994,0.017));
#8392=CARTESIAN_POINT('',(-0.0115882144891657,0.0155526106645994,0.016));
#8393=CARTESIAN_POINT('',(-0.0108923544084973,0.015741333088954,0.017));
#8394=CARTESIAN_POINT('',(-0.0108923544084973,0.015741333088954,0.017));
#8395=CARTESIAN_POINT('',(-0.0108923544084973,0.015741333088954,0.017));
#8396=CARTESIAN_POINT('',(-0.0111952582083177,0.0155526106645994,0.017));
#8397=CARTESIAN_POINT('',(-0.0115882144891657,0.0155526106645994,0.017));
#8398=CARTESIAN_POINT('',(-0.0115507555744923,0.0167918040767027,0.017));
#8399=CARTESIAN_POINT('',(-0.0104261496981053,0.0162678600354411,0.017));
#8400=CARTESIAN_POINT('',(-0.0104261496981053,0.0162678600354411,0.017));
#8401=CARTESIAN_POINT('',(-0.0115507555744923,0.0167918040767027,0.017));
#8402=CARTESIAN_POINT('',(-0.0102628487875336,0.017031367195159,0.017));
#8403=CARTESIAN_POINT('',(-0.0102628487875336,0.017031367195159,0.016));
#8404=CARTESIAN_POINT('',(-0.0102628487875336,0.0167475654367687,0.017));
#8405=CARTESIAN_POINT('',(-0.0102628487875336,0.0167475654367687,0.016));
#8406=CARTESIAN_POINT('',(-0.0103172824243908,0.0164930630501961,0.017));
#8407=CARTESIAN_POINT('',(-0.0103172824243908,0.0164930630501961,0.016));
#8408=CARTESIAN_POINT('',(-0.0104261496981053,0.0162678600354411,0.017));
#8409=CARTESIAN_POINT('',(-0.0104261496981053,0.0162678600354411,0.016));
#8410=CARTESIAN_POINT('',(-0.0102628487875336,0.017031367195159,0.017));
#8411=CARTESIAN_POINT('',(-0.0102628487875336,0.017031367195159,0.017));
#8412=CARTESIAN_POINT('',(-0.0102628487875336,0.017031367195159,0.017));
#8413=CARTESIAN_POINT('',(-0.0102628487875336,0.0166056645575736,0.017));
#8414=CARTESIAN_POINT('',(-0.0104261496981053,0.0162678600354411,0.017));
#8415=CARTESIAN_POINT('',(-0.0102628487875336,0.0170490329928726,0.017));
#8416=CARTESIAN_POINT('',(-0.0102628487875336,0.0170666987905861,0.017));
#8417=CARTESIAN_POINT('',(-0.0102628487875336,0.0170666987905861,0.017));
#8418=CARTESIAN_POINT('',(-0.0102628487875336,0.0170490329928726,0.017));
#8419=CARTESIAN_POINT('',(-0.0106308144277136,0.0181628399950568,0.017));
#8420=CARTESIAN_POINT('',(-0.0106308144277136,0.0181628399950568,0.016));
#8421=CARTESIAN_POINT('',(-0.0103855040009269,0.0178882301964526,0.017));
#8422=CARTESIAN_POINT('',(-0.0103855040009269,0.0178882301964526,0.016));
#8423=CARTESIAN_POINT('',(-0.0102628487875336,0.0175228497949623,0.017));
#8424=CARTESIAN_POINT('',(-0.0102628487875336,0.0175228497949623,0.016));
#8425=CARTESIAN_POINT('',(-0.0102628487875336,0.0170666987905861,0.017));
#8426=CARTESIAN_POINT('',(-0.0102628487875336,0.0170666987905861,0.016));
#8427=CARTESIAN_POINT('',(-0.0106308144277136,0.0181628399950568,0.017));
#8428=CARTESIAN_POINT('',(-0.0106308144277136,0.0181628399950568,0.017));
#8429=CARTESIAN_POINT('',(-0.0106308144277136,0.0181628399950568,0.017));
#8430=CARTESIAN_POINT('',(-0.0102628487875336,0.0177509252971504,0.017));
#8431=CARTESIAN_POINT('',(-0.0102628487875336,0.0170666987905861,0.017));
#8432=CARTESIAN_POINT('',(-0.0115933849665453,0.0185747546929633,0.017));
#8433=CARTESIAN_POINT('',(-0.0115933849665453,0.0185747546929633,0.016));
#8434=CARTESIAN_POINT('',(-0.0111969817007775,0.0185747546929633,0.017));
#8435=CARTESIAN_POINT('',(-0.0111969817007775,0.0185747546929633,0.016));
#8436=CARTESIAN_POINT('',(-0.0108761248545003,0.0184374497936612,0.017));
#8437=CARTESIAN_POINT('',(-0.0108761248545003,0.0184374497936612,0.016));
#8438=CARTESIAN_POINT('',(-0.0106308144277136,0.0181628399950568,0.017));
#8439=CARTESIAN_POINT('',(-0.0106308144277136,0.0181628399950568,0.016));
#8440=CARTESIAN_POINT('',(-0.0115933849665453,0.0185747546929633,0.017));
#8441=CARTESIAN_POINT('',(-0.0115933849665453,0.0185747546929633,0.017));
#8442=CARTESIAN_POINT('',(-0.0115933849665453,0.0185747546929633,0.017));
#8443=CARTESIAN_POINT('',(-0.0109987800678937,0.0185747546929633,0.017));
#8444=CARTESIAN_POINT('',(-0.0106308144277136,0.0181628399950568,0.017));
#8445=CARTESIAN_POINT('',(-0.0116183477728742,0.0172979589753587,0.017));
#8446=CARTESIAN_POINT('',(-0.0122789040924545,0.0183890483804134,0.017));
#8447=CARTESIAN_POINT('',(-0.0122790709666861,0.0183893220130078,0.017));
#8448=CARTESIAN_POINT('',(-0.0116183477728742,0.0172979589753587,0.017));
#8449=CARTESIAN_POINT('',(-0.0116111218432613,0.0173271908088443,0.017));
#8450=CARTESIAN_POINT('',(-0.0116111218432613,0.0173271908088443,0.017));
#8451=CARTESIAN_POINT('',(-0.0121897133576567,0.0162532103495323,0.017));
#8452=CARTESIAN_POINT('',(-0.0121897133576567,0.0162532103495323,0.016));
#8453=CARTESIAN_POINT('',(-0.0120397695136489,0.0160573067065949,0.017));
#8454=CARTESIAN_POINT('',(-0.0120397695136489,0.0160573067065949,0.016));
#8455=CARTESIAN_POINT('',(-0.0118392698908186,0.0159593548851262,0.017));
#8456=CARTESIAN_POINT('',(-0.0118392698908186,0.0159593548851262,0.016));
#8457=CARTESIAN_POINT('',(-0.0115882144891657,0.0159593548851262,0.017));
#8458=CARTESIAN_POINT('',(-0.0115882144891657,0.0159593548851262,0.016));
#8459=CARTESIAN_POINT('',(-0.0121897133576567,0.0162532103495323,0.016));
#8460=CARTESIAN_POINT('',(-0.011964797591645,0.0159593548851262,0.016));
#8461=CARTESIAN_POINT('',(-0.0115882144891657,0.0159593548851262,0.016));
#8462=CARTESIAN_POINT('',(-0.0121897133576567,0.0162532103495323,0.017));
#8463=CARTESIAN_POINT('',(-0.011964797591645,0.0159593548851262,0.017));
#8464=CARTESIAN_POINT('',(-0.0115882144891657,0.0159593548851262,0.017));
#8465=CARTESIAN_POINT('',(0.,0.,0.017));
#8466=CARTESIAN_POINT('',(0.,0.,0.016));
#8467=CARTESIAN_POINT('',(-0.0141967203271633,0.0160136448976118,0.017));
#8468=CARTESIAN_POINT('',(-0.015048987348564,0.0160136448976118,0.017));
#8469=CARTESIAN_POINT('',(-0.015048987348564,0.0160136448976118,0.017));
#8470=CARTESIAN_POINT('',(-0.0141967203271633,0.0160136448976118,0.017));
#8471=CARTESIAN_POINT('',(-0.0133444533057627,0.0160136448976118,0.017));
#8472=CARTESIAN_POINT('',(-0.0133444533057627,0.0160136448976118,0.017));
#8473=CARTESIAN_POINT('',(-0.0142367915268551,0.0170908276850241,0.017));
#8474=CARTESIAN_POINT('',(-0.0134245957051462,0.0181680104724364,0.017));
#8475=CARTESIAN_POINT('',(-0.0134245957051462,0.0181680104724364,0.017));
#8476=CARTESIAN_POINT('',(-0.0142367915268551,0.0170908276850241,0.017));
#8477=CARTESIAN_POINT('',(-0.0134245957051462,0.0183442375764571,0.017));
#8478=CARTESIAN_POINT('',(-0.0134245957051462,0.0185204646804778,0.017));
#8479=CARTESIAN_POINT('',(-0.0134245957051462,0.0185204646804778,0.017));
#8480=CARTESIAN_POINT('',(-0.0134245957051462,0.0183442375764571,0.017));
#8481=CARTESIAN_POINT('',(-0.0145289234988013,0.0185204646804778,0.017));
#8482=CARTESIAN_POINT('',(-0.0156332512924564,0.0185204646804778,0.017));
#8483=CARTESIAN_POINT('',(-0.0156332512924564,0.0185204646804778,0.017));
#8484=CARTESIAN_POINT('',(-0.0145289234988013,0.0185204646804778,0.017));
#8485=CARTESIAN_POINT('',(-0.0156332512924564,0.0183145073315245,0.017));
#8486=CARTESIAN_POINT('',(-0.0156332512924564,0.0181085499825713,0.017));
#8487=CARTESIAN_POINT('',(-0.0156332512924564,0.0181085499825713,0.017));
#8488=CARTESIAN_POINT('',(-0.0156332512924564,0.0183145073315245,0.017));
#8489=CARTESIAN_POINT('',(-0.0148413065071509,0.0181085499825713,0.017));
#8490=CARTESIAN_POINT('',(-0.0140493617218453,0.0181085499825713,0.017));
#8491=CARTESIAN_POINT('',(-0.0140493617218453,0.0181085499825713,0.017));
#8492=CARTESIAN_POINT('',(-0.0148413065071509,0.0181085499825713,0.017));
#8493=CARTESIAN_POINT('',(-0.0148533709543699,0.0170408464036882,0.017));
#8494=CARTESIAN_POINT('',(-0.0156573801868944,0.0159731428248051,0.017));
#8495=CARTESIAN_POINT('',(-0.0156573801868944,0.0159731428248051,0.017));
#8496=CARTESIAN_POINT('',(-0.0148533709543699,0.0170408464036882,0.017));
#8497=CARTESIAN_POINT('',(-0.0156573801868944,0.015790021750945,0.017));
#8498=CARTESIAN_POINT('',(-0.0156573801868944,0.0156069006770849,0.017));
#8499=CARTESIAN_POINT('',(-0.0156573801868944,0.0156069006770849,0.017));
#8500=CARTESIAN_POINT('',(-0.0156573801868944,0.015790021750945,0.017));
#8501=CARTESIAN_POINT('',(-0.0145009167463286,0.0156069006770849,0.017));
#8502=CARTESIAN_POINT('',(-0.0133444533057627,0.0156069006770849,0.017));
#8503=CARTESIAN_POINT('',(-0.0133444533057627,0.0156069006770849,0.017));
#8504=CARTESIAN_POINT('',(-0.0145009167463286,0.0156069006770849,0.017));
#8505=CARTESIAN_POINT('',(-0.0133444533057627,0.0158102727873483,0.017));
#8506=CARTESIAN_POINT('',(-0.0133444533057627,0.0158102727873483,0.017));
#8507=CARTESIAN_POINT('',(0.,0.,0.017));
#8508=CARTESIAN_POINT('',(-0.0124828438880892,0.0345363691909976,0.017));
#8509=CARTESIAN_POINT('',(-0.0124828438880892,0.0345363691909976,0.016));
#8510=CARTESIAN_POINT('',(-0.0124828438880892,0.0354817747995387,0.017));
#8511=CARTESIAN_POINT('',(-0.0124828438880892,0.0354817747995387,0.016));
#8512=CARTESIAN_POINT('',(-0.0126727430369,0.0362074817005325,0.017));
#8513=CARTESIAN_POINT('',(-0.0126727430369,0.0362074817005325,0.016));
#8514=CARTESIAN_POINT('',(-0.0130525413345216,0.0367134898939791,0.017));
#8515=CARTESIAN_POINT('',(-0.0130525413345216,0.0367134898939791,0.016));
#8516=CARTESIAN_POINT('',(-0.0124828438880892,0.0345363691909976,0.016));
#8517=CARTESIAN_POINT('',(-0.0124828438880892,0.0359544776038092,0.016));
#8518=CARTESIAN_POINT('',(-0.0130525413345216,0.0367134898939791,0.016));
#8519=CARTESIAN_POINT('',(-0.0124828438880892,0.0345363691909976,0.016));
#8520=CARTESIAN_POINT('',(-0.0130525413345216,0.0367134898939791,0.016));
#8521=CARTESIAN_POINT('',(-0.0124828438880892,0.0345363691909976,0.017));
#8522=CARTESIAN_POINT('',(-0.0124828438880892,0.0345363691909976,0.017));
#8523=CARTESIAN_POINT('',(-0.0124828438880892,0.0345363691909976,0.017));
#8524=CARTESIAN_POINT('',(-0.0124828438880892,0.0359544776038092,0.017));
#8525=CARTESIAN_POINT('',(-0.0130525413345216,0.0367134898939791,0.017));
#8526=CARTESIAN_POINT('',(-0.0130525413345216,0.0367134898939791,0.017));
#8527=CARTESIAN_POINT('',(-0.0130525413345216,0.0367134898939791,0.017));
#8528=CARTESIAN_POINT('',(-0.0124828438880892,0.0342401265188528,0.017));
#8529=CARTESIAN_POINT('',(-0.0124828438880892,0.0342401265188528,0.016));
#8530=CARTESIAN_POINT('',(-0.0124828438880892,0.0339438838467079,0.016));
#8531=CARTESIAN_POINT('',(-0.0124828438880892,0.0339438838467079,0.017));
#8532=CARTESIAN_POINT('',(-0.0124828438880892,0.0339438838467079,0.017));
#8533=CARTESIAN_POINT('',(-0.0124828438880892,0.0342401265188528,0.017));
#8534=CARTESIAN_POINT('',(-0.0130578000801809,0.0318167212274906,0.017));
#8535=CARTESIAN_POINT('',(-0.0130578000801809,0.0318167212274906,0.016));
#8536=CARTESIAN_POINT('',(-0.0126850134434385,0.0323116276245451,0.017));
#8537=CARTESIAN_POINT('',(-0.0126850134434385,0.0323116276245451,0.016));
#8538=CARTESIAN_POINT('',(-0.012493361379408,0.0330206818309509,0.017));
#8539=CARTESIAN_POINT('',(-0.012493361379408,0.0330206818309509,0.016));
#8540=CARTESIAN_POINT('',(-0.0124828438880892,0.0339438838467079,0.017));
#8541=CARTESIAN_POINT('',(-0.0124828438880892,0.0339438838467079,0.016));
#8542=CARTESIAN_POINT('',(-0.0130578000801809,0.0318167212274906,0.016));
#8543=CARTESIAN_POINT('',(-0.0124986201250673,0.0325590808230724,0.016));
#8544=CARTESIAN_POINT('',(-0.0124828438880892,0.0339438838467079,0.016));
#8545=CARTESIAN_POINT('',(-0.0130578000801809,0.0318167212274906,0.016));
#8546=CARTESIAN_POINT('',(-0.0130578000801809,0.0318167212274906,0.017));
#8547=CARTESIAN_POINT('',(-0.0130578000801809,0.0318167212274906,0.017));
#8548=CARTESIAN_POINT('',(-0.0130578000801809,0.0318167212274906,0.017));
#8549=CARTESIAN_POINT('',(-0.0124986201250673,0.0325590808230724,0.017));
#8550=CARTESIAN_POINT('',(-0.0124828438880892,0.0339438838467079,0.017));
#8551=CARTESIAN_POINT('',(-0.0146354237779936,0.0310743616319087,0.017));
#8552=CARTESIAN_POINT('',(-0.0146354237779936,0.0310743616319087,0.016));
#8553=CARTESIAN_POINT('',(-0.0139564612828609,0.0310743616319087,0.017));
#8554=CARTESIAN_POINT('',(-0.0139564612828609,0.0310743616319087,0.016));
#8555=CARTESIAN_POINT('',(-0.0134305867169233,0.031321814830436,0.017));
#8556=CARTESIAN_POINT('',(-0.0134305867169233,0.031321814830436,0.016));
#8557=CARTESIAN_POINT('',(-0.0130578000801809,0.0318167212274906,0.017));
#8558=CARTESIAN_POINT('',(-0.0130578000801809,0.0318167212274906,0.016));
#8559=CARTESIAN_POINT('',(-0.0146354237779936,0.0310743616319087,0.016));
#8560=CARTESIAN_POINT('',(-0.0136169800352945,0.0310743616319087,0.016));
#8561=CARTESIAN_POINT('',(-0.0130578000801809,0.0318167212274906,0.016));
#8562=CARTESIAN_POINT('',(-0.0146354237779936,0.0310743616319087,0.016));
#8563=CARTESIAN_POINT('',(-0.0146354237779936,0.0310743616319087,0.017));
#8564=CARTESIAN_POINT('',(-0.0146354237779936,0.0310743616319087,0.017));
#8565=CARTESIAN_POINT('',(-0.0146354237779936,0.0310743616319087,0.017));
#8566=CARTESIAN_POINT('',(-0.0136169800352945,0.0310743616319087,0.017));
#8567=CARTESIAN_POINT('',(-0.0130578000801809,0.0318167212274906,0.017));
#8568=CARTESIAN_POINT('',(-0.0162261943399547,0.0318605441079853,0.017));
#8569=CARTESIAN_POINT('',(-0.0162261943399547,0.0318605441079853,0.016));
#8570=CARTESIAN_POINT('',(-0.0158411372966738,0.0313364224572676,0.017));
#8571=CARTESIAN_POINT('',(-0.0158411372966738,0.0313364224572676,0.016));
#8572=CARTESIAN_POINT('',(-0.0153108804426867,0.0310743616319087,0.017));
#8573=CARTESIAN_POINT('',(-0.0153108804426867,0.0310743616319087,0.016));
#8574=CARTESIAN_POINT('',(-0.0146354237779936,0.0310743616319087,0.017));
#8575=CARTESIAN_POINT('',(-0.0146354237779936,0.0310743616319087,0.016));
#8576=CARTESIAN_POINT('',(-0.0162261943399547,0.0318605441079853,0.016));
#8577=CARTESIAN_POINT('',(-0.0156486087750333,0.0310743616319087,0.016));
#8578=CARTESIAN_POINT('',(-0.0146354237779936,0.0310743616319087,0.016));
#8579=CARTESIAN_POINT('',(-0.0162261943399547,0.0318605441079853,0.016));
#8580=CARTESIAN_POINT('',(-0.0162261943399547,0.0318605441079853,0.017));
#8581=CARTESIAN_POINT('',(-0.0162261943399547,0.0318605441079853,0.017));
#8582=CARTESIAN_POINT('',(-0.0162261943399547,0.0318605441079853,0.017));
#8583=CARTESIAN_POINT('',(-0.0156486087750333,0.0310743616319087,0.017));
#8584=CARTESIAN_POINT('',(-0.0146354237779936,0.0310743616319087,0.017));
#8585=CARTESIAN_POINT('',(-0.0168037799048762,0.0340210121163788,0.017));
#8586=CARTESIAN_POINT('',(-0.0168037799048762,0.0340210121163788,0.016));
#8587=CARTESIAN_POINT('',(-0.0168037799048762,0.0331048217615009,0.017));
#8588=CARTESIAN_POINT('',(-0.0168037799048762,0.0331048217615009,0.016));
#8589=CARTESIAN_POINT('',(-0.0166112513832357,0.0323846657587031,0.017));
#8590=CARTESIAN_POINT('',(-0.0166112513832357,0.0323846657587031,0.016));
#8591=CARTESIAN_POINT('',(-0.0162261943399547,0.0318605441079853,0.017));
#8592=CARTESIAN_POINT('',(-0.0162261943399547,0.0318605441079853,0.016));
#8593=CARTESIAN_POINT('',(-0.0168037799048762,0.0340210121163788,0.016));
#8594=CARTESIAN_POINT('',(-0.0168037799048762,0.032646726584062,0.016));
#8595=CARTESIAN_POINT('',(-0.0162261943399547,0.0318605441079853,0.016));
#8596=CARTESIAN_POINT('',(-0.0168037799048762,0.0340210121163788,0.016));
#8597=CARTESIAN_POINT('',(-0.0168037799048762,0.0340210121163788,0.017));
#8598=CARTESIAN_POINT('',(-0.0168037799048762,0.0340210121163788,0.017));
#8599=CARTESIAN_POINT('',(-0.0168037799048762,0.0340210121163788,0.017));
#8600=CARTESIAN_POINT('',(-0.0168037799048762,0.032646726584062,0.017));
#8601=CARTESIAN_POINT('',(-0.0162261943399547,0.0318605441079853,0.017));
#8602=CARTESIAN_POINT('',(-0.0168037799048762,0.034314625415694,0.017));
#8603=CARTESIAN_POINT('',(-0.0168037799048762,0.034314625415694,0.016));
#8604=CARTESIAN_POINT('',(-0.0168037799048762,0.0346082387150091,0.016));
#8605=CARTESIAN_POINT('',(-0.0168037799048762,0.0346082387150091,0.017));
#8606=CARTESIAN_POINT('',(-0.0168037799048762,0.0346082387150091,0.017));
#8607=CARTESIAN_POINT('',(-0.0168037799048762,0.034314625415694,0.017));
#8608=CARTESIAN_POINT('',(-0.0162156768486359,0.0367134898939791,0.017));
#8609=CARTESIAN_POINT('',(-0.0162156768486359,0.0367134898939791,0.016));
#8610=CARTESIAN_POINT('',(-0.0165972280614773,0.0362074817005325,0.017));
#8611=CARTESIAN_POINT('',(-0.0165972280614773,0.0362074817005325,0.016));
#8612=CARTESIAN_POINT('',(-0.0167932624135574,0.0355057313075425,0.017));
#8613=CARTESIAN_POINT('',(-0.0167932624135574,0.0355057313075425,0.016));
#8614=CARTESIAN_POINT('',(-0.0168037799048762,0.0346082387150091,0.017));
#8615=CARTESIAN_POINT('',(-0.0168037799048762,0.0346082387150091,0.016));
#8616=CARTESIAN_POINT('',(-0.0162156768486359,0.0367134898939791,0.016));
#8617=CARTESIAN_POINT('',(-0.016788003667898,0.0359544776038092,0.016));
#8618=CARTESIAN_POINT('',(-0.0168037799048762,0.0346082387150091,0.016));
#8619=CARTESIAN_POINT('',(-0.0162156768486359,0.0367134898939791,0.016));
#8620=CARTESIAN_POINT('',(-0.0162156768486359,0.0367134898939791,0.017));
#8621=CARTESIAN_POINT('',(-0.0162156768486359,0.0367134898939791,0.017));
#8622=CARTESIAN_POINT('',(-0.0162156768486359,0.0367134898939791,0.017));
#8623=CARTESIAN_POINT('',(-0.016788003667898,0.0359544776038092,0.017));
#8624=CARTESIAN_POINT('',(-0.0168037799048762,0.0346082387150091,0.017));
#8625=CARTESIAN_POINT('',(-0.0146459412693124,0.037472502184149,0.017));
#8626=CARTESIAN_POINT('',(-0.0146459412693124,0.037472502184149,0.016));
#8627=CARTESIAN_POINT('',(-0.0153108804426868,0.037472502184149,0.017));
#8628=CARTESIAN_POINT('',(-0.0153108804426868,0.037472502184149,0.016));
#8629=CARTESIAN_POINT('',(-0.0158341256357946,0.0372194980874257,0.017));
#8630=CARTESIAN_POINT('',(-0.0158341256357946,0.0372194980874257,0.016));
#8631=CARTESIAN_POINT('',(-0.0162156768486359,0.0367134898939791,0.017));
#8632=CARTESIAN_POINT('',(-0.0162156768486359,0.0367134898939791,0.016));
#8633=CARTESIAN_POINT('',(-0.0146459412693124,0.037472502184149,0.016));
#8634=CARTESIAN_POINT('',(-0.0156433500293739,0.037472502184149,0.016));
#8635=CARTESIAN_POINT('',(-0.0162156768486359,0.0367134898939791,0.016));
#8636=CARTESIAN_POINT('',(-0.0146459412693124,0.037472502184149,0.016));
#8637=CARTESIAN_POINT('',(-0.0146459412693124,0.037472502184149,0.017));
#8638=CARTESIAN_POINT('',(-0.0146459412693124,0.037472502184149,0.017));
#8639=CARTESIAN_POINT('',(-0.0146459412693124,0.037472502184149,0.017));
#8640=CARTESIAN_POINT('',(-0.0156433500293739,0.037472502184149,0.017));
#8641=CARTESIAN_POINT('',(-0.0162156768486359,0.0367134898939791,0.017));
#8642=CARTESIAN_POINT('',(-0.0114363535018735,0.0340210121163788,0.017));
#8643=CARTESIAN_POINT('',(-0.0114363535018735,0.0340210121163788,0.016));
#8644=CARTESIAN_POINT('',(-0.0114363535018735,0.0332392119283516,0.017));
#8645=CARTESIAN_POINT('',(-0.0114363535018735,0.0332392119283516,0.016));
#8646=CARTESIAN_POINT('',(-0.0115678221433579,0.0325573279078526,0.017));
#8647=CARTESIAN_POINT('',(-0.0115678221433579,0.0325573279078526,0.016));
#8648=CARTESIAN_POINT('',(-0.0118307594263266,0.0319753600548817,0.017));
#8649=CARTESIAN_POINT('',(-0.0118307594263266,0.0319753600548817,0.016));
#8650=CARTESIAN_POINT('',(-0.0114363535018735,0.0340210121163788,0.017));
#8651=CARTESIAN_POINT('',(-0.0114363535018735,0.0340210121163788,0.017));
#8652=CARTESIAN_POINT('',(-0.0114363535018735,0.0340210121163788,0.017));
#8653=CARTESIAN_POINT('',(-0.0114363535018735,0.0328483118343381,0.017));
#8654=CARTESIAN_POINT('',(-0.0118307594263266,0.0319753600548817,0.017));
#8655=CARTESIAN_POINT('',(-0.0118307594263266,0.0319753600548817,0.017));
#8656=CARTESIAN_POINT('',(-0.0118307594263266,0.0319753600548817,0.017));
#8657=CARTESIAN_POINT('',(-0.0114363535018735,0.0342734319080288,0.017));
#8658=CARTESIAN_POINT('',(-0.0114363535018735,0.0345258516996788,0.017));
#8659=CARTESIAN_POINT('',(-0.0114363535018735,0.0345258516996788,0.017));
#8660=CARTESIAN_POINT('',(-0.0114363535018735,0.0342734319080288,0.017));
#8661=CARTESIAN_POINT('',(-0.0118307594263266,0.036570627303566,0.017));
#8662=CARTESIAN_POINT('',(-0.0118307594263266,0.036570627303566,0.016));
#8663=CARTESIAN_POINT('',(-0.0115678221433579,0.0359845693150823,0.017));
#8664=CARTESIAN_POINT('',(-0.0115678221433579,0.0359845693150823,0.016));
#8665=CARTESIAN_POINT('',(-0.0114363535018735,0.0353029774471199,0.017));
#8666=CARTESIAN_POINT('',(-0.0114363535018735,0.0353029774471199,0.016));
#8667=CARTESIAN_POINT('',(-0.0114363535018735,0.0345258516996788,0.017));
#8668=CARTESIAN_POINT('',(-0.0114363535018735,0.0345258516996788,0.016));
#8669=CARTESIAN_POINT('',(-0.0118307594263266,0.036570627303566,0.017));
#8670=CARTESIAN_POINT('',(-0.0118307594263266,0.036570627303566,0.017));
#8671=CARTESIAN_POINT('',(-0.0118307594263266,0.036570627303566,0.017));
#8672=CARTESIAN_POINT('',(-0.0114363535018735,0.0356915403208404,0.017));
#8673=CARTESIAN_POINT('',(-0.0114363535018735,0.0345258516996788,0.017));
#8674=CARTESIAN_POINT('',(-0.012956130997433,0.0379133603619266,0.017));
#8675=CARTESIAN_POINT('',(-0.012956130997433,0.0379133603619266,0.016));
#8676=CARTESIAN_POINT('',(-0.0124688205663309,0.03760426297817,0.017));
#8677=CARTESIAN_POINT('',(-0.0124688205663309,0.03760426297817,0.016));
#8678=CARTESIAN_POINT('',(-0.0120936967092954,0.0371566852920498,0.017));
#8679=CARTESIAN_POINT('',(-0.0120936967092954,0.0371566852920498,0.016));
#8680=CARTESIAN_POINT('',(-0.0118307594263266,0.036570627303566,0.017));
#8681=CARTESIAN_POINT('',(-0.0118307594263266,0.036570627303566,0.016));
#8682=CARTESIAN_POINT('',(-0.012956130997433,0.0379133603619266,0.017));
#8683=CARTESIAN_POINT('',(-0.012956130997433,0.0379133603619266,0.017));
#8684=CARTESIAN_POINT('',(-0.012956130997433,0.0379133603619266,0.017));
#8685=CARTESIAN_POINT('',(-0.0122251653507798,0.0374497142862916,0.017));
#8686=CARTESIAN_POINT('',(-0.0118307594263266,0.036570627303566,0.017));
#8687=CARTESIAN_POINT('',(-0.0146459412693124,0.0383770064375615,0.017));
#8688=CARTESIAN_POINT('',(-0.0146459412693124,0.0383770064375615,0.016));
#8689=CARTESIAN_POINT('',(-0.0140067115191616,0.0383770064375615,0.017));
#8690=CARTESIAN_POINT('',(-0.0140067115191616,0.0383770064375615,0.016));
#8691=CARTESIAN_POINT('',(-0.0134434414285352,0.0382224577456832,0.017));
#8692=CARTESIAN_POINT('',(-0.0134434414285352,0.0382224577456832,0.016));
#8693=CARTESIAN_POINT('',(-0.012956130997433,0.0379133603619266,0.017));
#8694=CARTESIAN_POINT('',(-0.012956130997433,0.0379133603619266,0.016));
#8695=CARTESIAN_POINT('',(-0.0146459412693124,0.0383770064375615,0.017));
#8696=CARTESIAN_POINT('',(-0.0146459412693124,0.0383770064375615,0.017));
#8697=CARTESIAN_POINT('',(-0.0146459412693124,0.0383770064375615,0.017));
#8698=CARTESIAN_POINT('',(-0.0136870966440862,0.0383770064375615,0.017));
#8699=CARTESIAN_POINT('',(-0.012956130997433,0.0379133603619266,0.017));
#8700=CARTESIAN_POINT('',(-0.0163199753042136,0.0379081016162673,0.017));
#8701=CARTESIAN_POINT('',(-0.0163199753042136,0.0379081016162673,0.016));
#8702=CARTESIAN_POINT('',(-0.0158326648731115,0.0382207048304634,0.017));
#8703=CARTESIAN_POINT('',(-0.0158326648731115,0.0382207048304634,0.016));
#8704=CARTESIAN_POINT('',(-0.0152746535281444,0.0383770064375615,0.017));
#8705=CARTESIAN_POINT('',(-0.0152746535281444,0.0383770064375615,0.016));
#8706=CARTESIAN_POINT('',(-0.0146459412693124,0.0383770064375615,0.017));
#8707=CARTESIAN_POINT('',(-0.0146459412693124,0.0383770064375615,0.016));
#8708=CARTESIAN_POINT('',(-0.0163199753042136,0.0379081016162673,0.017));
#8709=CARTESIAN_POINT('',(-0.0163199753042136,0.0379081016162673,0.017));
#8710=CARTESIAN_POINT('',(-0.0163199753042136,0.0379081016162673,0.017));
#8711=CARTESIAN_POINT('',(-0.0155890096575604,0.0383770064375615,0.017));
#8712=CARTESIAN_POINT('',(-0.0146459412693124,0.0383770064375615,0.017));
#8713=CARTESIAN_POINT('',(-0.0174506056209793,0.0365574804394176,0.017));
#8714=CARTESIAN_POINT('',(-0.0174506056209793,0.0365574804394176,0.016));
#8715=CARTESIAN_POINT('',(-0.017184162507571,0.0371452913431211,0.017));
#8716=CARTESIAN_POINT('',(-0.017184162507571,0.0371452913431211,0.016));
#8717=CARTESIAN_POINT('',(-0.0168072857353157,0.037595498402071,0.017));
#8718=CARTESIAN_POINT('',(-0.0168072857353157,0.037595498402071,0.016));
#8719=CARTESIAN_POINT('',(-0.0163199753042136,0.0379081016162673,0.017));
#8720=CARTESIAN_POINT('',(-0.0163199753042136,0.0379081016162673,0.016));
#8721=CARTESIAN_POINT('',(-0.0174506056209793,0.0365574804394176,0.017));
#8722=CARTESIAN_POINT('',(-0.0174506056209793,0.0365574804394176,0.017));
#8723=CARTESIAN_POINT('',(-0.0174506056209793,0.0365574804394176,0.017));
#8724=CARTESIAN_POINT('',(-0.0170509409508668,0.0374391967949729,0.017));
#8725=CARTESIAN_POINT('',(-0.0163199753042136,0.0379081016162673,0.017));
#8726=CARTESIAN_POINT('',(-0.0178502702910919,0.0345258516996788,0.017));
#8727=CARTESIAN_POINT('',(-0.0178502702910919,0.0345258516996788,0.016));
#8728=CARTESIAN_POINT('',(-0.0178502702910919,0.0352924599558012,0.017));
#8729=CARTESIAN_POINT('',(-0.0178502702910919,0.0352924599558012,0.016));
#8730=CARTESIAN_POINT('',(-0.0177170487343877,0.0359696695357141,0.017));
#8731=CARTESIAN_POINT('',(-0.0177170487343877,0.0359696695357141,0.016));
#8732=CARTESIAN_POINT('',(-0.0174506056209793,0.0365574804394176,0.017));
#8733=CARTESIAN_POINT('',(-0.0174506056209793,0.0365574804394176,0.016));
#8734=CARTESIAN_POINT('',(-0.0178502702910919,0.0345258516996788,0.017));
#8735=CARTESIAN_POINT('',(-0.0178502702910919,0.0345258516996788,0.017));
#8736=CARTESIAN_POINT('',(-0.0178502702910919,0.0345258516996788,0.017));
#8737=CARTESIAN_POINT('',(-0.0178502702910919,0.0356757640838623,0.017));
#8738=CARTESIAN_POINT('',(-0.0174506056209793,0.0365574804394176,0.017));
#8739=CARTESIAN_POINT('',(-0.0178502702910919,0.034238373603633,0.017));
#8740=CARTESIAN_POINT('',(-0.0178502702910919,0.0339508955075871,0.017));
#8741=CARTESIAN_POINT('',(-0.0178502702910919,0.0339508955075871,0.017));
#8742=CARTESIAN_POINT('',(-0.0178502702910919,0.034238373603633,0.017));
#8743=CARTESIAN_POINT('',(-0.0174374587568309,0.0319648425635629,0.017));
#8744=CARTESIAN_POINT('',(-0.0174374587568309,0.0319648425635629,0.016));
#8745=CARTESIAN_POINT('',(-0.017705654785459,0.0325362929252151,0.017));
#8746=CARTESIAN_POINT('',(-0.017705654785459,0.0325362929252151,0.016));
#8747=CARTESIAN_POINT('',(-0.0178432586302127,0.0331983105732231,0.017));
#8748=CARTESIAN_POINT('',(-0.0178432586302127,0.0331983105732231,0.016));
#8749=CARTESIAN_POINT('',(-0.0178502702910919,0.0339508955075871,0.017));
#8750=CARTESIAN_POINT('',(-0.0178502702910919,0.0339508955075871,0.016));
#8751=CARTESIAN_POINT('',(-0.0174374587568309,0.0319648425635629,0.017));
#8752=CARTESIAN_POINT('',(-0.0174374587568309,0.0319648425635629,0.017));
#8753=CARTESIAN_POINT('',(-0.0174374587568309,0.0319648425635629,0.017));
#8754=CARTESIAN_POINT('',(-0.0178397527997731,0.0328220181060411,0.017));
#8755=CARTESIAN_POINT('',(-0.0178502702910919,0.0339508955075871,0.017));
#8756=CARTESIAN_POINT('',(-0.0163059519824553,0.0306440209454498,0.017));
#8757=CARTESIAN_POINT('',(-0.0163059519824553,0.0306440209454498,0.016));
#8758=CARTESIAN_POINT('',(-0.0167920938034108,0.0309531183292064,0.017));
#8759=CARTESIAN_POINT('',(-0.0167920938034108,0.0309531183292064,0.016));
#8760=CARTESIAN_POINT('',(-0.0171692627282027,0.0313933922019108,0.017));
#8761=CARTESIAN_POINT('',(-0.0171692627282027,0.0313933922019108,0.016));
#8762=CARTESIAN_POINT('',(-0.0174374587568309,0.0319648425635629,0.017));
#8763=CARTESIAN_POINT('',(-0.0174374587568309,0.0319648425635629,0.016));
#8764=CARTESIAN_POINT('',(-0.0163059519824553,0.0306440209454498,0.017));
#8765=CARTESIAN_POINT('',(-0.0163059519824553,0.0306440209454498,0.017));
#8766=CARTESIAN_POINT('',(-0.0163059519824553,0.0306440209454498,0.017));
#8767=CARTESIAN_POINT('',(-0.0170351647138887,0.0311076670210847,0.017));
#8768=CARTESIAN_POINT('',(-0.0174374587568309,0.0319648425635629,0.017));
#8769=CARTESIAN_POINT('',(-0.0146354237779936,0.0301803748698148,0.017));
#8770=CARTESIAN_POINT('',(-0.0146354237779936,0.0301803748698148,0.016));
#8771=CARTESIAN_POINT('',(-0.0152629674266791,0.0301803748698149,0.017));
#8772=CARTESIAN_POINT('',(-0.0152629674266791,0.0301803748698149,0.016));
#8773=CARTESIAN_POINT('',(-0.0158198101614997,0.0303349235616932,0.017));
#8774=CARTESIAN_POINT('',(-0.0158198101614997,0.0303349235616932,0.016));
#8775=CARTESIAN_POINT('',(-0.0163059519824553,0.0306440209454498,0.017));
#8776=CARTESIAN_POINT('',(-0.0163059519824553,0.0306440209454498,0.016));
#8777=CARTESIAN_POINT('',(-0.0146354237779936,0.0301803748698148,0.017));
#8778=CARTESIAN_POINT('',(-0.0146354237779936,0.0301803748698148,0.017));
#8779=CARTESIAN_POINT('',(-0.0146354237779936,0.0301803748698148,0.017));
#8780=CARTESIAN_POINT('',(-0.0155767392510219,0.0301803748698148,0.017));
#8781=CARTESIAN_POINT('',(-0.0163059519824553,0.0306440209454498,0.017));
#8782=CARTESIAN_POINT('',(-0.012948242878944,0.0306413915726201,0.017));
#8783=CARTESIAN_POINT('',(-0.012948242878944,0.0306413915726201,0.016));
#8784=CARTESIAN_POINT('',(-0.0134302945643867,0.0303340471040833,0.017));
#8785=CARTESIAN_POINT('',(-0.0134302945643867,0.0303340471040833,0.016));
#8786=CARTESIAN_POINT('',(-0.0139926881974033,0.0301803748698149,0.017));
#8787=CARTESIAN_POINT('',(-0.0139926881974033,0.0301803748698149,0.016));
#8788=CARTESIAN_POINT('',(-0.0146354237779936,0.0301803748698148,0.017));
#8789=CARTESIAN_POINT('',(-0.0146354237779936,0.0301803748698148,0.016));
#8790=CARTESIAN_POINT('',(-0.012948242878944,0.0306413915726201,0.017));
#8791=CARTESIAN_POINT('',(-0.012948242878944,0.0306413915726201,0.017));
#8792=CARTESIAN_POINT('',(-0.012948242878944,0.0306413915726201,0.017));
#8793=CARTESIAN_POINT('',(-0.0136713204071081,0.0301803748698148,0.017));
#8794=CARTESIAN_POINT('',(-0.0146354237779936,0.0301803748698148,0.017));
#8795=CARTESIAN_POINT('',(-0.0118307594263266,0.0319753600548817,0.017));
#8796=CARTESIAN_POINT('',(-0.0118307594263266,0.0319753600548817,0.016));
#8797=CARTESIAN_POINT('',(-0.0120936967092954,0.0313933922019108,0.017));
#8798=CARTESIAN_POINT('',(-0.0120936967092954,0.0313933922019108,0.016));
#8799=CARTESIAN_POINT('',(-0.0124661911935012,0.0309487360411569,0.017));
#8800=CARTESIAN_POINT('',(-0.0124661911935012,0.0309487360411569,0.016));
#8801=CARTESIAN_POINT('',(-0.012948242878944,0.0306413915726201,0.017));
#8802=CARTESIAN_POINT('',(-0.012948242878944,0.0306413915726201,0.016));
#8803=CARTESIAN_POINT('',(-0.0118307594263266,0.0319753600548817,0.017));
#8804=CARTESIAN_POINT('',(-0.0122251653507798,0.0311024082754254,0.017));
#8805=CARTESIAN_POINT('',(-0.012948242878944,0.0306413915726201,0.017));
#8806=CARTESIAN_POINT('',(-0.0130525413345216,0.0367134898939791,0.017));
#8807=CARTESIAN_POINT('',(-0.0130525413345216,0.0367134898939791,0.016));
#8808=CARTESIAN_POINT('',(-0.0134323396321431,0.0372194980874257,0.017));
#8809=CARTESIAN_POINT('',(-0.0134323396321431,0.0372194980874257,0.016));
#8810=CARTESIAN_POINT('',(-0.0139634729437401,0.037472502184149,0.017));
#8811=CARTESIAN_POINT('',(-0.0139634729437401,0.037472502184149,0.016));
#8812=CARTESIAN_POINT('',(-0.0146459412693124,0.037472502184149,0.017));
#8813=CARTESIAN_POINT('',(-0.0146459412693124,0.037472502184149,0.016));
#8814=CARTESIAN_POINT('',(-0.0130525413345216,0.0367134898939791,0.016));
#8815=CARTESIAN_POINT('',(-0.0136222387809539,0.037472502184149,0.016));
#8816=CARTESIAN_POINT('',(-0.0146459412693124,0.037472502184149,0.016));
#8817=CARTESIAN_POINT('',(-0.0130525413345216,0.0367134898939791,0.017));
#8818=CARTESIAN_POINT('',(-0.0136222387809539,0.037472502184149,0.017));
#8819=CARTESIAN_POINT('',(-0.0146459412693124,0.037472502184149,0.017));
#8820=CARTESIAN_POINT('',(0.,0.,0.017));
#8821=CARTESIAN_POINT('',(0.,0.,0.016));
#8822=CARTESIAN_POINT('',(-0.00562982183631296,0.0374006326601375,0.017));
#8823=CARTESIAN_POINT('',(-0.00434756435303522,0.0374006326601375,0.017));
#8824=CARTESIAN_POINT('',(-0.00434756435303522,0.0374006326601375,0.017));
#8825=CARTESIAN_POINT('',(-0.00562982183631296,0.0374006326601375,0.017));
#8826=CARTESIAN_POINT('',(-0.0069120793195907,0.0374006326601375,0.017));
#8827=CARTESIAN_POINT('',(-0.0069120793195907,0.0374006326601375,0.017));
#8828=CARTESIAN_POINT('',(-0.00434756435303522,0.0378336027194261,0.017));
#8829=CARTESIAN_POINT('',(-0.00434756435303522,0.0382665727787147,0.017));
#8830=CARTESIAN_POINT('',(-0.00434756435303522,0.0382665727787147,0.017));
#8831=CARTESIAN_POINT('',(-0.00434756435303522,0.0378336027194261,0.017));
#8832=CARTESIAN_POINT('',(-0.00743181868225899,0.0382665727787147,0.017));
#8833=CARTESIAN_POINT('',(-0.0105160730114828,0.0382665727787147,0.017));
#8834=CARTESIAN_POINT('',(-0.0105160730114828,0.0382665727787147,0.017));
#8835=CARTESIAN_POINT('',(-0.00743181868225899,0.0382665727787147,0.017));
#8836=CARTESIAN_POINT('',(-0.0105160730114828,0.0378336027194261,0.017));
#8837=CARTESIAN_POINT('',(-0.0105160730114828,0.0374006326601375,0.017));
#8838=CARTESIAN_POINT('',(-0.0105160730114828,0.0374006326601375,0.017));
#8839=CARTESIAN_POINT('',(-0.0105160730114828,0.0378336027194261,0.017));
#8840=CARTESIAN_POINT('',(-0.0092364449010347,0.0374006326601375,0.017));
#8841=CARTESIAN_POINT('',(-0.00795681679058665,0.0374006326601375,0.017));
#8842=CARTESIAN_POINT('',(-0.00795681679058665,0.0374006326601375,0.017));
#8843=CARTESIAN_POINT('',(-0.0092364449010347,0.0374006326601375,0.017));
#8844=CARTESIAN_POINT('',(-0.00795681679058665,0.0338457205943996,0.017));
#8845=CARTESIAN_POINT('',(-0.00795681679058665,0.0302908085286617,0.017));
#8846=CARTESIAN_POINT('',(-0.00795681679058665,0.0302908085286617,0.017));
#8847=CARTESIAN_POINT('',(-0.00795681679058665,0.0338457205943996,0.017));
#8848=CARTESIAN_POINT('',(-0.00743444805508868,0.0302908085286617,0.017));
#8849=CARTESIAN_POINT('',(-0.0069120793195907,0.0302908085286617,0.017));
#8850=CARTESIAN_POINT('',(-0.0069120793195907,0.0302908085286617,0.017));
#8851=CARTESIAN_POINT('',(-0.00743444805508868,0.0302908085286617,0.017));
#8852=CARTESIAN_POINT('',(-0.0069120793195907,0.0338457205943996,0.017));
#8853=CARTESIAN_POINT('',(-0.0069120793195907,0.0338457205943996,0.017));
#8854=CARTESIAN_POINT('',(0.,0.,0.017));
#8855=CARTESIAN_POINT('',(-0.000384223041085839,0.033977189235884,0.017));
#8856=CARTESIAN_POINT('',(0.00134415136562893,0.033977189235884,0.017));
#8857=CARTESIAN_POINT('',(0.00134415136562893,0.033977189235884,0.017));
#8858=CARTESIAN_POINT('',(-0.000384223041085839,0.033977189235884,0.017));
#8859=CARTESIAN_POINT('',(-0.0021125974478006,0.033977189235884,0.017));
#8860=CARTESIAN_POINT('',(-0.0021125974478006,0.033977189235884,0.017));
#8861=CARTESIAN_POINT('',(0.00134415136562893,0.0344075299223429,0.017));
#8862=CARTESIAN_POINT('',(0.00134415136562893,0.0348378706088018,0.017));
#8863=CARTESIAN_POINT('',(0.00134415136562893,0.0348378706088018,0.017));
#8864=CARTESIAN_POINT('',(0.00134415136562893,0.0344075299223429,0.017));
#8865=CARTESIAN_POINT('',(-0.000384223041085839,0.0348378706088018,0.017));
#8866=CARTESIAN_POINT('',(-0.0021125974478006,0.0348378706088018,0.017));
#8867=CARTESIAN_POINT('',(-0.0021125974478006,0.0348378706088018,0.017));
#8868=CARTESIAN_POINT('',(-0.000384223041085839,0.0348378706088018,0.017));
#8869=CARTESIAN_POINT('',(-0.0021125974478006,0.0361192516344696,0.017));
#8870=CARTESIAN_POINT('',(-0.0021125974478006,0.0374006326601375,0.017));
#8871=CARTESIAN_POINT('',(-0.0021125974478006,0.0374006326601375,0.017));
#8872=CARTESIAN_POINT('',(-0.0021125974478006,0.0361192516344696,0.017));
#8873=CARTESIAN_POINT('',(-0.000131803249435812,0.0374006326601375,0.017));
#8874=CARTESIAN_POINT('',(0.00184899094892898,0.0374006326601375,0.017));
#8875=CARTESIAN_POINT('',(0.00184899094892898,0.0374006326601375,0.017));
#8876=CARTESIAN_POINT('',(-0.000131803249435812,0.0374006326601375,0.017));
#8877=CARTESIAN_POINT('',(0.00184899094892898,0.0378336027194261,0.017));
#8878=CARTESIAN_POINT('',(0.00184899094892898,0.0382665727787147,0.017));
#8879=CARTESIAN_POINT('',(0.00184899094892898,0.0382665727787147,0.017));
#8880=CARTESIAN_POINT('',(0.00184899094892898,0.0378336027194261,0.017));
#8881=CARTESIAN_POINT('',(-0.000657677815373368,0.0382665727787147,0.017));
#8882=CARTESIAN_POINT('',(-0.00316434657967572,0.0382665727787147,0.017));
#8883=CARTESIAN_POINT('',(-0.00316434657967572,0.0382665727787147,0.017));
#8884=CARTESIAN_POINT('',(-0.000657677815373368,0.0382665727787147,0.017));
#8885=CARTESIAN_POINT('',(-0.00316434657967572,0.0342786906536882,0.017));
#8886=CARTESIAN_POINT('',(-0.00316434657967572,0.0302908085286617,0.017));
#8887=CARTESIAN_POINT('',(-0.00316434657967572,0.0302908085286617,0.017));
#8888=CARTESIAN_POINT('',(-0.00316434657967572,0.0342786906536882,0.017));
#8889=CARTESIAN_POINT('',(-0.000630507629466594,0.0302908085286617,0.017));
#8890=CARTESIAN_POINT('',(0.00190333132074253,0.0302908085286617,0.017));
#8891=CARTESIAN_POINT('',(0.00190333132074253,0.0302908085286617,0.017));
#8892=CARTESIAN_POINT('',(-0.000630507629466594,0.0302908085286617,0.017));
#8893=CARTESIAN_POINT('',(0.00190333132074253,0.0307211492151207,0.017));
#8894=CARTESIAN_POINT('',(0.00190333132074253,0.0311514899015795,0.017));
#8895=CARTESIAN_POINT('',(0.00190333132074253,0.0311514899015795,0.017));
#8896=CARTESIAN_POINT('',(0.00190333132074253,0.0307211492151207,0.017));
#8897=CARTESIAN_POINT('',(-0.000104633063529038,0.0311514899015795,0.017));
#8898=CARTESIAN_POINT('',(-0.0021125974478006,0.0311514899015795,0.017));
#8899=CARTESIAN_POINT('',(-0.0021125974478006,0.0311514899015795,0.017));
#8900=CARTESIAN_POINT('',(-0.000104633063529038,0.0311514899015795,0.017));
#8901=CARTESIAN_POINT('',(-0.0021125974478006,0.0325643395687317,0.017));
#8902=CARTESIAN_POINT('',(-0.0021125974478006,0.0325643395687317,0.017));
#8903=CARTESIAN_POINT('',(0.,0.,0.017));
#8904=CARTESIAN_POINT('',(0.00520932942526997,0.0342734319080288,0.017));
#8905=CARTESIAN_POINT('',(0.00520932942526997,0.0342734319080288,0.016));
#8906=CARTESIAN_POINT('',(0.00426450812180216,0.0342734319080288,0.016));
#8907=CARTESIAN_POINT('',(0.00615415072873778,0.0342734319080288,0.016));
#8908=CARTESIAN_POINT('',(0.00426450812180216,0.0342734319080288,0.017));
#8909=CARTESIAN_POINT('',(0.00426450812180216,0.0342734319080288,0.017));
#8910=CARTESIAN_POINT('',(0.00520932942526997,0.0342734319080288,0.017));
#8911=CARTESIAN_POINT('',(0.00615415072873778,0.0342734319080288,0.017));
#8912=CARTESIAN_POINT('',(0.00615415072873778,0.0342734319080288,0.017));
#8913=CARTESIAN_POINT('',(0.00426450812180216,0.0358370322840832,0.017));
#8914=CARTESIAN_POINT('',(0.00426450812180216,0.0358370322840832,0.016));
#8915=CARTESIAN_POINT('',(0.00426450812180216,0.0374006326601375,0.016));
#8916=CARTESIAN_POINT('',(0.00426450812180216,0.0374006326601375,0.017));
#8917=CARTESIAN_POINT('',(0.00426450812180216,0.0374006326601375,0.017));
#8918=CARTESIAN_POINT('',(0.00426450812180216,0.0358370322840832,0.017));
#8919=CARTESIAN_POINT('',(0.00524000544161633,0.0374006326601375,0.017));
#8920=CARTESIAN_POINT('',(0.00524000544161633,0.0374006326601375,0.016));
#8921=CARTESIAN_POINT('',(0.00621550276143049,0.0374006326601375,0.016));
#8922=CARTESIAN_POINT('',(0.00621550276143049,0.0374006326601375,0.017));
#8923=CARTESIAN_POINT('',(0.00621550276143049,0.0374006326601375,0.017));
#8924=CARTESIAN_POINT('',(0.00524000544161633,0.0374006326601375,0.017));
#8925=CARTESIAN_POINT('',(0.00744780216094416,0.0369571451095301,0.017));
#8926=CARTESIAN_POINT('',(0.00744780216094416,0.0369571451095301,0.016));
#8927=CARTESIAN_POINT('',(0.00714863796343302,0.0372422859852829,0.017));
#8928=CARTESIAN_POINT('',(0.00714863796343302,0.0372422859852829,0.016));
#8929=CARTESIAN_POINT('',(0.00673787149692846,0.0373901151688187,0.017));
#8930=CARTESIAN_POINT('',(0.00673787149692846,0.0373901151688187,0.016));
#8931=CARTESIAN_POINT('',(0.00621550276143049,0.0374006326601375,0.017));
#8932=CARTESIAN_POINT('',(0.00621550276143049,0.0374006326601375,0.016));
#8933=CARTESIAN_POINT('',(0.00744780216094416,0.0369571451095301,0.016));
#8934=CARTESIAN_POINT('',(0.00699905586467745,0.0373848564231593,0.016));
#8935=CARTESIAN_POINT('',(0.00621550276143049,0.0374006326601375,0.016));
#8936=CARTESIAN_POINT('',(0.00744780216094416,0.0369571451095301,0.016));
#8937=CARTESIAN_POINT('',(0.00744780216094416,0.0369571451095301,0.017));
#8938=CARTESIAN_POINT('',(0.00744780216094416,0.0369571451095301,0.017));
#8939=CARTESIAN_POINT('',(0.00744780216094416,0.0369571451095301,0.017));
#8940=CARTESIAN_POINT('',(0.00699905586467745,0.0373848564231593,0.017));
#8941=CARTESIAN_POINT('',(0.00621550276143049,0.0374006326601375,0.017));
#8942=CARTESIAN_POINT('',(0.00789654845721088,0.0358177502166654,0.017));
#8943=CARTESIAN_POINT('',(0.00789654845721088,0.0358177502166654,0.016));
#8944=CARTESIAN_POINT('',(0.00789654845721088,0.0362922059361558,0.017));
#8945=CARTESIAN_POINT('',(0.00789654845721088,0.0362922059361558,0.016));
#8946=CARTESIAN_POINT('',(0.00774696635845531,0.0366720042337773,0.017));
#8947=CARTESIAN_POINT('',(0.00774696635845531,0.0366720042337773,0.016));
#8948=CARTESIAN_POINT('',(0.00744780216094416,0.0369571451095301,0.017));
#8949=CARTESIAN_POINT('',(0.00744780216094416,0.0369571451095301,0.016));
#8950=CARTESIAN_POINT('',(0.00789654845721088,0.0358177502166654,0.016));
#8951=CARTESIAN_POINT('',(0.00789654845721088,0.0365294337959009,0.016));
#8952=CARTESIAN_POINT('',(0.00744780216094416,0.0369571451095301,0.016));
#8953=CARTESIAN_POINT('',(0.00789654845721088,0.0358177502166654,0.016));
#8954=CARTESIAN_POINT('',(0.00789654845721088,0.0358177502166654,0.017));
#8955=CARTESIAN_POINT('',(0.00789654845721088,0.0358177502166654,0.017));
#8956=CARTESIAN_POINT('',(0.00789654845721088,0.0358177502166654,0.017));
#8957=CARTESIAN_POINT('',(0.00789654845721088,0.0365294337959009,0.017));
#8958=CARTESIAN_POINT('',(0.00744780216094416,0.0369571451095301,0.017));
#8959=CARTESIAN_POINT('',(0.00744780216094416,0.0346704672053117,0.017));
#8960=CARTESIAN_POINT('',(0.00744780216094416,0.0346704672053117,0.016));
#8961=CARTESIAN_POINT('',(0.00774696635845531,0.0349351574035003,0.017));
#8962=CARTESIAN_POINT('',(0.00774696635845531,0.0349351574035003,0.016));
#8963=CARTESIAN_POINT('',(0.00789654845721088,0.0353175850739515,0.017));
#8964=CARTESIAN_POINT('',(0.00789654845721088,0.0353175850739515,0.016));
#8965=CARTESIAN_POINT('',(0.00789654845721088,0.0358177502166654,0.017));
#8966=CARTESIAN_POINT('',(0.00789654845721088,0.0358177502166654,0.016));
#8967=CARTESIAN_POINT('',(0.00744780216094416,0.0346704672053117,0.016));
#8968=CARTESIAN_POINT('',(0.00789654845721088,0.0350675025025945,0.016));
#8969=CARTESIAN_POINT('',(0.00789654845721088,0.0358177502166654,0.016));
#8970=CARTESIAN_POINT('',(0.00744780216094416,0.0346704672053117,0.016));
#8971=CARTESIAN_POINT('',(0.00744780216094416,0.0346704672053117,0.017));
#8972=CARTESIAN_POINT('',(0.00744780216094416,0.0346704672053117,0.017));
#8973=CARTESIAN_POINT('',(0.00744780216094416,0.0346704672053117,0.017));
#8974=CARTESIAN_POINT('',(0.00789654845721088,0.0350675025025945,0.017));
#8975=CARTESIAN_POINT('',(0.00789654845721088,0.0358177502166654,0.017));
#8976=CARTESIAN_POINT('',(0.00426450812180216,0.0318517795318864,0.017));
#8977=CARTESIAN_POINT('',(0.00426450812180216,0.0334127505351111,0.017));
#8978=CARTESIAN_POINT('',(0.00426450812180216,0.0334127505351111,0.017));
#8979=CARTESIAN_POINT('',(0.00426450812180216,0.0318517795318864,0.017));
#8980=CARTESIAN_POINT('',(0.00426450812180216,0.0302908085286617,0.017));
#8981=CARTESIAN_POINT('',(0.00426450812180216,0.0302908085286617,0.017));
#8982=CARTESIAN_POINT('',(0.00520407067961059,0.0334127505351111,0.017));
#8983=CARTESIAN_POINT('',(0.00614363323741902,0.0334127505351111,0.017));
#8984=CARTESIAN_POINT('',(0.00614363323741902,0.0334127505351111,0.017));
#8985=CARTESIAN_POINT('',(0.00520407067961059,0.0334127505351111,0.017));
#8986=CARTESIAN_POINT('',(0.00822259068809217,0.0340402941837965,0.017));
#8987=CARTESIAN_POINT('',(0.00822259068809217,0.0340402941837965,0.016));
#8988=CARTESIAN_POINT('',(0.00773878608742962,0.0336219317513395,0.017));
#8989=CARTESIAN_POINT('',(0.00773878608742962,0.0336219317513395,0.016));
#8990=CARTESIAN_POINT('',(0.00704580027053857,0.0334127505351111,0.017));
#8991=CARTESIAN_POINT('',(0.00704580027053857,0.0334127505351111,0.016));
#8992=CARTESIAN_POINT('',(0.00614363323741902,0.0334127505351111,0.017));
#8993=CARTESIAN_POINT('',(0.00614363323741902,0.0334127505351111,0.016));
#8994=CARTESIAN_POINT('',(0.00822259068809217,0.0340402941837965,0.017));
#8995=CARTESIAN_POINT('',(0.00822259068809217,0.0340402941837965,0.017));
#8996=CARTESIAN_POINT('',(0.00822259068809217,0.0340402941837965,0.017));
#8997=CARTESIAN_POINT('',(0.00749688378709834,0.0334127505351111,0.017));
#8998=CARTESIAN_POINT('',(0.00614363323741902,0.0334127505351111,0.017));
#8999=CARTESIAN_POINT('',(0.008948297589086,0.0358282677079842,0.017));
#9000=CARTESIAN_POINT('',(0.008948297589086,0.0358282677079842,0.016));
#9001=CARTESIAN_POINT('',(0.008948297589086,0.0350546477909827,0.017));
#9002=CARTESIAN_POINT('',(0.008948297589086,0.0350546477909827,0.016));
#9003=CARTESIAN_POINT('',(0.00870639528875472,0.0344586566162535,0.017));
#9004=CARTESIAN_POINT('',(0.00870639528875472,0.0344586566162535,0.016));
#9005=CARTESIAN_POINT('',(0.00822259068809217,0.0340402941837965,0.017));
#9006=CARTESIAN_POINT('',(0.00822259068809217,0.0340402941837965,0.016));
#9007=CARTESIAN_POINT('',(0.008948297589086,0.0358282677079842,0.017));
#9008=CARTESIAN_POINT('',(0.008948297589086,0.0358282677079842,0.017));
#9009=CARTESIAN_POINT('',(0.008948297589086,0.0358282677079842,0.017));
#9010=CARTESIAN_POINT('',(0.008948297589086,0.034667837832482,0.017));
#9011=CARTESIAN_POINT('',(0.00822259068809217,0.0340402941837965,0.017));
#9012=CARTESIAN_POINT('',(0.00820593799350414,0.037598712079974,0.017));
#9013=CARTESIAN_POINT('',(0.00820593799350414,0.037598712079974,0.016));
#9014=CARTESIAN_POINT('',(0.00870084439055871,0.0371534716141468,0.017));
#9015=CARTESIAN_POINT('',(0.00870084439055871,0.0371534716141468,0.016));
#9016=CARTESIAN_POINT('',(0.008948297589086,0.0365633234901503,0.017));
#9017=CARTESIAN_POINT('',(0.008948297589086,0.0365633234901503,0.016));
#9018=CARTESIAN_POINT('',(0.008948297589086,0.0358282677079842,0.017));
#9019=CARTESIAN_POINT('',(0.008948297589086,0.0358282677079842,0.016));
#9020=CARTESIAN_POINT('',(0.00820593799350414,0.037598712079974,0.017));
#9021=CARTESIAN_POINT('',(0.00820593799350414,0.037598712079974,0.017));
#9022=CARTESIAN_POINT('',(0.00820593799350414,0.037598712079974,0.017));
#9023=CARTESIAN_POINT('',(0.008948297589086,0.0369308513812333,0.017));
#9024=CARTESIAN_POINT('',(0.008948297589086,0.0358282677079842,0.017));
#9025=CARTESIAN_POINT('',(0.00615415072873778,0.0382665727787147,0.017));
#9026=CARTESIAN_POINT('',(0.00615415072873778,0.0382665727787147,0.016));
#9027=CARTESIAN_POINT('',(0.00702710250819412,0.0382665727787147,0.017));
#9028=CARTESIAN_POINT('',(0.00702710250819412,0.0382665727787147,0.016));
#9029=CARTESIAN_POINT('',(0.00771103159644957,0.0380439525458011,0.017));
#9030=CARTESIAN_POINT('',(0.00771103159644957,0.0380439525458011,0.016));
#9031=CARTESIAN_POINT('',(0.00820593799350414,0.037598712079974,0.017));
#9032=CARTESIAN_POINT('',(0.00820593799350414,0.037598712079974,0.016));
#9033=CARTESIAN_POINT('',(0.00615415072873778,0.0382665727787147,0.017));
#9034=CARTESIAN_POINT('',(0.00615415072873778,0.0382665727787147,0.017));
#9035=CARTESIAN_POINT('',(0.00615415072873778,0.0382665727787147,0.017));
#9036=CARTESIAN_POINT('',(0.00746357839792229,0.0382665727787147,0.017));
#9037=CARTESIAN_POINT('',(0.00820593799350414,0.037598712079974,0.017));
#9038=CARTESIAN_POINT('',(0.00468345485933241,0.0382665727787147,0.017));
#9039=CARTESIAN_POINT('',(0.00321275898992704,0.0382665727787147,0.017));
#9040=CARTESIAN_POINT('',(0.00321275898992704,0.0382665727787147,0.017));
#9041=CARTESIAN_POINT('',(0.00468345485933241,0.0382665727787147,0.017));
#9042=CARTESIAN_POINT('',(0.00321275898992704,0.0342786906536882,0.017));
#9043=CARTESIAN_POINT('',(0.00321275898992704,0.0302908085286617,0.017));
#9044=CARTESIAN_POINT('',(0.00321275898992704,0.0302908085286617,0.017));
#9045=CARTESIAN_POINT('',(0.00321275898992704,0.0342786906536882,0.017));
#9046=CARTESIAN_POINT('',(0.0037386335558646,0.0302908085286617,0.017));
#9047=CARTESIAN_POINT('',(0.0037386335558646,0.0302908085286617,0.017));
#9048=CARTESIAN_POINT('',(0.00615415072873778,0.0342734319080288,0.017));
#9049=CARTESIAN_POINT('',(0.00615415072873778,0.0342734319080288,0.016));
#9050=CARTESIAN_POINT('',(0.00671742081936423,0.0342734319080288,0.017));
#9051=CARTESIAN_POINT('',(0.00671742081936423,0.0342734319080288,0.016));
#9052=CARTESIAN_POINT('',(0.00714863796343302,0.0344057770071231,0.017));
#9053=CARTESIAN_POINT('',(0.00714863796343302,0.0344057770071231,0.016));
#9054=CARTESIAN_POINT('',(0.00744780216094416,0.0346704672053117,0.017));
#9055=CARTESIAN_POINT('',(0.00744780216094416,0.0346704672053117,0.016));
#9056=CARTESIAN_POINT('',(0.00615415072873778,0.0342734319080288,0.016));
#9057=CARTESIAN_POINT('',(0.00699905586467745,0.0342734319080288,0.016));
#9058=CARTESIAN_POINT('',(0.00744780216094416,0.0346704672053117,0.016));
#9059=CARTESIAN_POINT('',(0.00615415072873778,0.0342734319080288,0.017));
#9060=CARTESIAN_POINT('',(0.00699905586467745,0.0342734319080288,0.017));
#9061=CARTESIAN_POINT('',(0.00744780216094416,0.0346704672053117,0.017));
#9062=CARTESIAN_POINT('',(0.,0.,0.017));
#9063=CARTESIAN_POINT('',(0.,0.,0.016));
#9064=CARTESIAN_POINT('',(0.0130282077631515,0.0332374590131318,0.017));
#9065=CARTESIAN_POINT('',(0.0130282077631515,0.0332374590131318,0.016));
#9066=CARTESIAN_POINT('',(0.0116723278406425,0.0332374590131318,0.016));
#9067=CARTESIAN_POINT('',(0.0143840876856605,0.0332374590131318,0.016));
#9068=CARTESIAN_POINT('',(0.0116723278406425,0.0332374590131318,0.017));
#9069=CARTESIAN_POINT('',(0.0116723278406425,0.0332374590131318,0.017));
#9070=CARTESIAN_POINT('',(0.0130282077631515,0.0332374590131318,0.017));
#9071=CARTESIAN_POINT('',(0.0143840876856605,0.0332374590131318,0.017));
#9072=CARTESIAN_POINT('',(0.0143840876856605,0.0332374590131318,0.017));
#9073=CARTESIAN_POINT('',(0.0123489531154822,0.0351025608069904,0.017));
#9074=CARTESIAN_POINT('',(0.0123489531154822,0.0351025608069904,0.016));
#9075=CARTESIAN_POINT('',(0.0130255783903218,0.0369676626008489,0.016));
#9076=CARTESIAN_POINT('',(0.0130255783903218,0.0369676626008489,0.017));
#9077=CARTESIAN_POINT('',(0.0130255783903218,0.0369676626008489,0.017));
#9078=CARTESIAN_POINT('',(0.0123489531154822,0.0351025608069904,0.017));
#9079=CARTESIAN_POINT('',(0.0130247019327119,0.0323732718097745,0.017));
#9080=CARTESIAN_POINT('',(0.0146961065947835,0.0323732718097745,0.017));
#9081=CARTESIAN_POINT('',(0.0146961065947835,0.0323732718097745,0.017));
#9082=CARTESIAN_POINT('',(0.0130247019327119,0.0323732718097745,0.017));
#9083=CARTESIAN_POINT('',(0.0113532972706404,0.0323732718097745,0.017));
#9084=CARTESIAN_POINT('',(0.0113532972706404,0.0323732718097745,0.017));
#9085=CARTESIAN_POINT('',(0.0150764891974783,0.0313320401692181,0.017));
#9086=CARTESIAN_POINT('',(0.0154568718001732,0.0302908085286617,0.017));
#9087=CARTESIAN_POINT('',(0.0154568718001732,0.0302908085286617,0.017));
#9088=CARTESIAN_POINT('',(0.0150764891974783,0.0313320401692181,0.017));
#9089=CARTESIAN_POINT('',(0.0159967696878691,0.0302908085286617,0.017));
#9090=CARTESIAN_POINT('',(0.016536667575565,0.0302908085286617,0.017));
#9091=CARTESIAN_POINT('',(0.016536667575565,0.0302908085286617,0.017));
#9092=CARTESIAN_POINT('',(0.0159967696878691,0.0302908085286617,0.017));
#9093=CARTESIAN_POINT('',(0.0150107548767361,0.0342786906536882,0.017));
#9094=CARTESIAN_POINT('',(0.0134848421779073,0.0382665727787147,0.017));
#9095=CARTESIAN_POINT('',(0.0134848421779073,0.0382665727787147,0.017));
#9096=CARTESIAN_POINT('',(0.0150107548767361,0.0342786906536882,0.017));
#9097=CARTESIAN_POINT('',(0.0130247019327119,0.0382665727787147,0.017));
#9098=CARTESIAN_POINT('',(0.0125645616875166,0.0382665727787147,0.017));
#9099=CARTESIAN_POINT('',(0.0125645616875166,0.0382665727787147,0.017));
#9100=CARTESIAN_POINT('',(0.0130247019327119,0.0382665727787147,0.017));
#9101=CARTESIAN_POINT('',(0.0110421548191274,0.0342786906536882,0.017));
#9102=CARTESIAN_POINT('',(0.00951974795073814,0.0302908085286617,0.017));
#9103=CARTESIAN_POINT('',(0.00951974795073814,0.0302908085286617,0.017));
#9104=CARTESIAN_POINT('',(0.0110421548191274,0.0342786906536882,0.017));
#9105=CARTESIAN_POINT('',(0.0100613987536538,0.0302908085286617,0.017));
#9106=CARTESIAN_POINT('',(0.0106030495565695,0.0302908085286617,0.017));
#9107=CARTESIAN_POINT('',(0.0106030495565695,0.0302908085286617,0.017));
#9108=CARTESIAN_POINT('',(0.0100613987536538,0.0302908085286617,0.017));
#9109=CARTESIAN_POINT('',(0.010978173413605,0.0313320401692181,0.017));
#9110=CARTESIAN_POINT('',(0.010978173413605,0.0313320401692181,0.017));
#9111=CARTESIAN_POINT('',(0.0137048330379912,0.0351025608069904,0.017));
#9112=CARTESIAN_POINT('',(0.0137048330379912,0.0351025608069904,0.016));
#9113=CARTESIAN_POINT('',(0.0137048330379912,0.0351025608069904,0.017));
#9114=CARTESIAN_POINT('',(0.,0.,0.017));
#9115=CARTESIAN_POINT('',(0.,0.,0.016));
#9116=CARTESIAN_POINT('',(0.0186612008219527,0.0342760612808585,0.017));
#9117=CARTESIAN_POINT('',(0.0186612008219527,0.0342760612808585,0.016));
#9118=CARTESIAN_POINT('',(0.0186612008219527,0.0374006326601375,0.016));
#9119=CARTESIAN_POINT('',(0.0186612008219527,0.0311514899015795,0.016));
#9120=CARTESIAN_POINT('',(0.0186612008219527,0.0374006326601375,0.017));
#9121=CARTESIAN_POINT('',(0.0186612008219527,0.0374006326601375,0.017));
#9122=CARTESIAN_POINT('',(0.0186612008219527,0.0342760612808585,0.017));
#9123=CARTESIAN_POINT('',(0.0186612008219527,0.0311514899015795,0.017));
#9124=CARTESIAN_POINT('',(0.0186612008219527,0.0311514899015795,0.017));
#9125=CARTESIAN_POINT('',(0.0192747211488798,0.0374006326601375,0.017));
#9126=CARTESIAN_POINT('',(0.0192747211488798,0.0374006326601375,0.016));
#9127=CARTESIAN_POINT('',(0.019888241475807,0.0374006326601375,0.016));
#9128=CARTESIAN_POINT('',(0.019888241475807,0.0374006326601375,0.017));
#9129=CARTESIAN_POINT('',(0.019888241475807,0.0374006326601375,0.017));
#9130=CARTESIAN_POINT('',(0.0192747211488798,0.0374006326601375,0.017));
#9131=CARTESIAN_POINT('',(0.0216990028978519,0.0366372380819182,0.017));
#9132=CARTESIAN_POINT('',(0.0216990028978519,0.0366372380819182,0.016));
#9133=CARTESIAN_POINT('',(0.0212736288045158,0.0371391561398519,0.017));
#9134=CARTESIAN_POINT('',(0.0212736288045158,0.0371391561398519,0.016));
#9135=CARTESIAN_POINT('',(0.0206700416638341,0.0373936209992583,0.017));
#9136=CARTESIAN_POINT('',(0.0206700416638341,0.0373936209992583,0.016));
#9137=CARTESIAN_POINT('',(0.019888241475807,0.0374006326601375,0.017));
#9138=CARTESIAN_POINT('',(0.019888241475807,0.0374006326601375,0.016));
#9139=CARTESIAN_POINT('',(0.0216990028978519,0.0366372380819182,0.016));
#9140=CARTESIAN_POINT('',(0.0210609417578477,0.0373901151688188,0.016));
#9141=CARTESIAN_POINT('',(0.019888241475807,0.0374006326601375,0.016));
#9142=CARTESIAN_POINT('',(0.0216990028978519,0.0366372380819182,0.016));
#9143=CARTESIAN_POINT('',(0.0216990028978519,0.0366372380819182,0.017));
#9144=CARTESIAN_POINT('',(0.0216990028978519,0.0366372380819182,0.017));
#9145=CARTESIAN_POINT('',(0.0216990028978519,0.0366372380819182,0.017));
#9146=CARTESIAN_POINT('',(0.0210609417578477,0.0373901151688188,0.017));
#9147=CARTESIAN_POINT('',(0.019888241475807,0.0374006326601375,0.017));
#9148=CARTESIAN_POINT('',(0.0223370640378561,0.0345258516996788,0.017));
#9149=CARTESIAN_POINT('',(0.0223370640378561,0.0345258516996788,0.016));
#9150=CARTESIAN_POINT('',(0.0223370640378561,0.035431524563238,0.017));
#9151=CARTESIAN_POINT('',(0.0223370640378561,0.035431524563238,0.016));
#9152=CARTESIAN_POINT('',(0.0221243769911881,0.0361353200239844,0.017));
#9153=CARTESIAN_POINT('',(0.0221243769911881,0.0361353200239844,0.016));
#9154=CARTESIAN_POINT('',(0.0216990028978519,0.0366372380819182,0.017));
#9155=CARTESIAN_POINT('',(0.0216990028978519,0.0366372380819182,0.016));
#9156=CARTESIAN_POINT('',(0.0223370640378561,0.0345258516996788,0.016));
#9157=CARTESIAN_POINT('',(0.0223370640378561,0.0358843609950176,0.016));
#9158=CARTESIAN_POINT('',(0.0216990028978519,0.0366372380819182,0.016));
#9159=CARTESIAN_POINT('',(0.0223370640378561,0.0345258516996788,0.016));
#9160=CARTESIAN_POINT('',(0.0223370640378561,0.0345258516996788,0.017));
#9161=CARTESIAN_POINT('',(0.0223370640378561,0.0345258516996788,0.017));
#9162=CARTESIAN_POINT('',(0.0223370640378561,0.0345258516996788,0.017));
#9163=CARTESIAN_POINT('',(0.0223370640378561,0.0358843609950176,0.017));
#9164=CARTESIAN_POINT('',(0.0216990028978519,0.0366372380819182,0.017));
#9165=CARTESIAN_POINT('',(0.0223370640378561,0.0342927139754466,0.017));
#9166=CARTESIAN_POINT('',(0.0223370640378561,0.0342927139754466,0.016));
#9167=CARTESIAN_POINT('',(0.0223370640378561,0.0340595762512142,0.016));
#9168=CARTESIAN_POINT('',(0.0223370640378561,0.0340595762512142,0.017));
#9169=CARTESIAN_POINT('',(0.0223370640378561,0.0340595762512142,0.017));
#9170=CARTESIAN_POINT('',(0.0223370640378561,0.0342927139754466,0.017));
#9171=CARTESIAN_POINT('',(0.0216604387630165,0.0319069963613098,0.017));
#9172=CARTESIAN_POINT('',(0.0216604387630165,0.0319069963613098,0.016));
#9173=CARTESIAN_POINT('',(0.0221115222795763,0.0324106673344633,0.017));
#9174=CARTESIAN_POINT('',(0.0221115222795763,0.0324106673344633,0.016));
#9175=CARTESIAN_POINT('',(0.0223370640378561,0.0331281939644315,0.017));
#9176=CARTESIAN_POINT('',(0.0223370640378561,0.0331281939644315,0.016));
#9177=CARTESIAN_POINT('',(0.0223370640378561,0.0340595762512142,0.017));
#9178=CARTESIAN_POINT('',(0.0223370640378561,0.0340595762512142,0.016));
#9179=CARTESIAN_POINT('',(0.0216604387630165,0.0319069963613098,0.016));
#9180=CARTESIAN_POINT('',(0.0223370640378561,0.0326625028210401,0.016));
#9181=CARTESIAN_POINT('',(0.0223370640378561,0.0340595762512142,0.016));
#9182=CARTESIAN_POINT('',(0.0216604387630165,0.0319069963613098,0.016));
#9183=CARTESIAN_POINT('',(0.0216604387630165,0.0319069963613098,0.017));
#9184=CARTESIAN_POINT('',(0.0216604387630165,0.0319069963613098,0.017));
#9185=CARTESIAN_POINT('',(0.0216604387630165,0.0319069963613098,0.017));
#9186=CARTESIAN_POINT('',(0.0223370640378561,0.0326625028210401,0.017));
#9187=CARTESIAN_POINT('',(0.0223370640378561,0.0340595762512142,0.017));
#9188=CARTESIAN_POINT('',(0.0197672903256413,0.0311514899015795,0.017));
#9189=CARTESIAN_POINT('',(0.0197672903256413,0.0311514899015795,0.016));
#9190=CARTESIAN_POINT('',(0.0205783057673317,0.0311514899015795,0.017));
#9191=CARTESIAN_POINT('',(0.0205783057673317,0.0311514899015795,0.016));
#9192=CARTESIAN_POINT('',(0.0212093552464567,0.0314033253881563,0.017));
#9193=CARTESIAN_POINT('',(0.0212093552464567,0.0314033253881563,0.016));
#9194=CARTESIAN_POINT('',(0.0216604387630165,0.0319069963613098,0.017));
#9195=CARTESIAN_POINT('',(0.0216604387630165,0.0319069963613098,0.016));
#9196=CARTESIAN_POINT('',(0.0197672903256413,0.0311514899015795,0.016));
#9197=CARTESIAN_POINT('',(0.0209838134881769,0.0311514899015795,0.016));
#9198=CARTESIAN_POINT('',(0.0216604387630165,0.0319069963613098,0.016));
#9199=CARTESIAN_POINT('',(0.0197672903256413,0.0311514899015795,0.016));
#9200=CARTESIAN_POINT('',(0.0197672903256413,0.0311514899015795,0.017));
#9201=CARTESIAN_POINT('',(0.0197672903256413,0.0311514899015795,0.017));
#9202=CARTESIAN_POINT('',(0.0197672903256413,0.0311514899015795,0.017));
#9203=CARTESIAN_POINT('',(0.0209838134881769,0.0311514899015795,0.017));
#9204=CARTESIAN_POINT('',(0.0216604387630165,0.0319069963613098,0.017));
#9205=CARTESIAN_POINT('',(0.0176094516900775,0.0342786906536882,0.017));
#9206=CARTESIAN_POINT('',(0.0176094516900775,0.0302908085286617,0.017));
#9207=CARTESIAN_POINT('',(0.0176094516900775,0.0302908085286617,0.017));
#9208=CARTESIAN_POINT('',(0.0176094516900775,0.0342786906536882,0.017));
#9209=CARTESIAN_POINT('',(0.0176094516900775,0.0382665727787147,0.017));
#9210=CARTESIAN_POINT('',(0.0176094516900775,0.0382665727787147,0.017));
#9211=CARTESIAN_POINT('',(0.0187137882785464,0.0302908085286617,0.017));
#9212=CARTESIAN_POINT('',(0.0198181248670153,0.0302908085286617,0.017));
#9213=CARTESIAN_POINT('',(0.0198181248670153,0.0302908085286617,0.017));
#9214=CARTESIAN_POINT('',(0.0187137882785464,0.0302908085286617,0.017));
#9215=CARTESIAN_POINT('',(0.0216990028978519,0.0307562075195165,0.017));
#9216=CARTESIAN_POINT('',(0.0216990028978519,0.0307562075195165,0.016));
#9217=CARTESIAN_POINT('',(0.0211602736203026,0.0304529531864925,0.017));
#9218=CARTESIAN_POINT('',(0.0211602736203026,0.0304529531864925,0.016));
#9219=CARTESIAN_POINT('',(0.0205333142766904,0.0302978201895409,0.017));
#9220=CARTESIAN_POINT('',(0.0205333142766904,0.0302978201895409,0.016));
#9221=CARTESIAN_POINT('',(0.0198181248670153,0.0302908085286617,0.017));
#9222=CARTESIAN_POINT('',(0.0198181248670153,0.0302908085286617,0.016));
#9223=CARTESIAN_POINT('',(0.0216990028978519,0.0307562075195165,0.017));
#9224=CARTESIAN_POINT('',(0.0216990028978519,0.0307562075195165,0.017));
#9225=CARTESIAN_POINT('',(0.0216990028978519,0.0307562075195165,0.017));
#9226=CARTESIAN_POINT('',(0.0208909089815279,0.0303013260199805,0.017));
#9227=CARTESIAN_POINT('',(0.0198181248670153,0.0302908085286617,0.017));
#9228=CARTESIAN_POINT('',(0.0229426962462943,0.0320603764430416,0.017));
#9229=CARTESIAN_POINT('',(0.0229426962462943,0.0320603764430416,0.016));
#9230=CARTESIAN_POINT('',(0.0226522966248821,0.0314941848270488,0.017));
#9231=CARTESIAN_POINT('',(0.0226522966248821,0.0314941848270488,0.016));
#9232=CARTESIAN_POINT('',(0.0222377321754013,0.0310594618525405,0.017));
#9233=CARTESIAN_POINT('',(0.0222377321754013,0.0310594618525405,0.016));
#9234=CARTESIAN_POINT('',(0.0216990028978519,0.0307562075195165,0.017));
#9235=CARTESIAN_POINT('',(0.0216990028978519,0.0307562075195165,0.016));
#9236=CARTESIAN_POINT('',(0.0229426962462943,0.0320603764430416,0.017));
#9237=CARTESIAN_POINT('',(0.0229426962462943,0.0320603764430416,0.017));
#9238=CARTESIAN_POINT('',(0.0229426962462943,0.0320603764430416,0.017));
#9239=CARTESIAN_POINT('',(0.022507096814176,0.0312110890190525,0.017));
#9240=CARTESIAN_POINT('',(0.0216990028978519,0.0307562075195165,0.017));
#9241=CARTESIAN_POINT('',(0.0233782956784126,0.0340385412685767,0.017));
#9242=CARTESIAN_POINT('',(0.0233782956784126,0.0340385412685767,0.016));
#9243=CARTESIAN_POINT('',(0.0233782956784126,0.0332859563342127,0.017));
#9244=CARTESIAN_POINT('',(0.0233782956784126,0.0332859563342127,0.016));
#9245=CARTESIAN_POINT('',(0.0232330958677065,0.0326265680590344,0.017));
#9246=CARTESIAN_POINT('',(0.0232330958677065,0.0326265680590344,0.016));
#9247=CARTESIAN_POINT('',(0.0229426962462943,0.0320603764430416,0.017));
#9248=CARTESIAN_POINT('',(0.0229426962462943,0.0320603764430416,0.016));
#9249=CARTESIAN_POINT('',(0.0233782956784126,0.0340385412685767,0.017));
#9250=CARTESIAN_POINT('',(0.0233782956784126,0.0340385412685767,0.017));
#9251=CARTESIAN_POINT('',(0.0233782956784126,0.0340385412685767,0.017));
#9252=CARTESIAN_POINT('',(0.0233782956784126,0.0329096638670308,0.017));
#9253=CARTESIAN_POINT('',(0.0229426962462943,0.0320603764430416,0.017));
#9254=CARTESIAN_POINT('',(0.0233782956784126,0.0342927139754466,0.017));
#9255=CARTESIAN_POINT('',(0.0233782956784126,0.0345468866823163,0.017));
#9256=CARTESIAN_POINT('',(0.0233782956784126,0.0345468866823163,0.017));
#9257=CARTESIAN_POINT('',(0.0233782956784126,0.0342927139754466,0.017));
#9258=CARTESIAN_POINT('',(0.0229374375006349,0.0364970048643348,0.017));
#9259=CARTESIAN_POINT('',(0.0229374375006349,0.0364970048643348,0.016));
#9260=CARTESIAN_POINT('',(0.0232278371220471,0.035930813248342,0.017));
#9261=CARTESIAN_POINT('',(0.0232278371220471,0.035930813248342,0.016));
#9262=CARTESIAN_POINT('',(0.0233747898479729,0.0352807738543359,0.017));
#9263=CARTESIAN_POINT('',(0.0233747898479729,0.0352807738543359,0.016));
#9264=CARTESIAN_POINT('',(0.0233782956784126,0.0345468866823163,0.017));
#9265=CARTESIAN_POINT('',(0.0233782956784126,0.0345468866823163,0.016));
#9266=CARTESIAN_POINT('',(0.0229374375006349,0.0364970048643348,0.017));
#9267=CARTESIAN_POINT('',(0.0229374375006349,0.0364970048643348,0.017));
#9268=CARTESIAN_POINT('',(0.0229374375006349,0.0364970048643348,0.017));
#9269=CARTESIAN_POINT('',(0.0233730369327532,0.0356477174403457,0.017));
#9270=CARTESIAN_POINT('',(0.0233782956784126,0.0345468866823163,0.017));
#9271=CARTESIAN_POINT('',(0.0217016322706817,0.0378064325335193,0.017));
#9272=CARTESIAN_POINT('',(0.0217016322706817,0.0378064325335193,0.016));
#9273=CARTESIAN_POINT('',(0.0222351028025716,0.0374996723700557,0.017));
#9274=CARTESIAN_POINT('',(0.0222351028025716,0.0374996723700557,0.016));
#9275=CARTESIAN_POINT('',(0.0226470378792227,0.0370631964803276,0.017));
#9276=CARTESIAN_POINT('',(0.0226470378792227,0.0370631964803276,0.016));
#9277=CARTESIAN_POINT('',(0.0229374375006349,0.0364970048643348,0.017));
#9278=CARTESIAN_POINT('',(0.0229374375006349,0.0364970048643348,0.016));
#9279=CARTESIAN_POINT('',(0.0217016322706817,0.0378064325335193,0.017));
#9280=CARTESIAN_POINT('',(0.0217016322706817,0.0378064325335193,0.017));
#9281=CARTESIAN_POINT('',(0.0217016322706817,0.0378064325335193,0.017));
#9282=CARTESIAN_POINT('',(0.0225018380685166,0.037346292288324,0.017));
#9283=CARTESIAN_POINT('',(0.0229374375006349,0.0364970048643348,0.017));
#9284=CARTESIAN_POINT('',(0.0198619477475101,0.0382665727787147,0.017));
#9285=CARTESIAN_POINT('',(0.0198619477475101,0.0382665727787147,0.016));
#9286=CARTESIAN_POINT('',(0.0205549335644011,0.0382665727787147,0.017));
#9287=CARTESIAN_POINT('',(0.0205549335644011,0.0382665727787147,0.016));
#9288=CARTESIAN_POINT('',(0.0211681617387916,0.0381131926969829,0.017));
#9289=CARTESIAN_POINT('',(0.0211681617387916,0.0381131926969829,0.016));
#9290=CARTESIAN_POINT('',(0.0217016322706817,0.0378064325335193,0.017));
#9291=CARTESIAN_POINT('',(0.0217016322706817,0.0378064325335193,0.016));
#9292=CARTESIAN_POINT('',(0.0198619477475101,0.0382665727787147,0.017));
#9293=CARTESIAN_POINT('',(0.0198619477475101,0.0382665727787147,0.017));
#9294=CARTESIAN_POINT('',(0.0198619477475101,0.0382665727787147,0.017));
#9295=CARTESIAN_POINT('',(0.0209014264728467,0.0382665727787147,0.017));
#9296=CARTESIAN_POINT('',(0.0217016322706817,0.0378064325335193,0.017));
#9297=CARTESIAN_POINT('',(0.0187356997187938,0.0382665727787147,0.017));
#9298=CARTESIAN_POINT('',(0.0187356997187938,0.0382665727787147,0.017));
#9299=CARTESIAN_POINT('',(0.019214245573797,0.0311514899015795,0.017));
#9300=CARTESIAN_POINT('',(0.019214245573797,0.0311514899015795,0.016));
#9301=CARTESIAN_POINT('',(0.019214245573797,0.0311514899015795,0.017));
#9302=CARTESIAN_POINT('',(0.,0.,0.017));
#9303=CARTESIAN_POINT('',(0.,0.,0.016));
#9304=CARTESIAN_POINT('',(-0.0206175914863706,0.0170882424463344,0.017));
#9305=CARTESIAN_POINT('',(-0.0206175914863706,0.0170882424463344,0.016));
#9306=CARTESIAN_POINT('',(-0.0206175914863706,0.0174271959634401,0.017));
#9307=CARTESIAN_POINT('',(-0.0206175914863706,0.0174271959634401,0.016));
#9308=CARTESIAN_POINT('',(-0.0206830841998453,0.0176891668173388,0.017));
#9309=CARTESIAN_POINT('',(-0.0206830841998453,0.0176891668173388,0.016));
#9310=CARTESIAN_POINT('',(-0.0208140696267947,0.0178741550080303,0.017));
#9311=CARTESIAN_POINT('',(-0.0208140696267947,0.0178741550080303,0.016));
#9312=CARTESIAN_POINT('',(-0.0206175914863706,0.0170882424463344,0.016));
#9313=CARTESIAN_POINT('',(-0.0206175914863706,0.017596672721993,0.016));
#9314=CARTESIAN_POINT('',(-0.0208140696267947,0.0178741550080303,0.016));
#9315=CARTESIAN_POINT('',(-0.0206175914863706,0.0170882424463344,0.016));
#9316=CARTESIAN_POINT('',(-0.0208140696267947,0.0178741550080303,0.016));
#9317=CARTESIAN_POINT('',(-0.0206175914863706,0.0170882424463344,0.017));
#9318=CARTESIAN_POINT('',(-0.0206175914863706,0.0170882424463344,0.017));
#9319=CARTESIAN_POINT('',(-0.0206175914863706,0.0170882424463344,0.017));
#9320=CARTESIAN_POINT('',(-0.0206175914863706,0.017596672721993,0.017));
#9321=CARTESIAN_POINT('',(-0.0208140696267947,0.0178741550080303,0.017));
#9322=CARTESIAN_POINT('',(-0.0208140696267947,0.0178741550080303,0.017));
#9323=CARTESIAN_POINT('',(-0.0208140696267947,0.0178741550080303,0.017));
#9324=CARTESIAN_POINT('',(-0.0208170857385994,0.0162532103495323,0.017));
#9325=CARTESIAN_POINT('',(-0.0208170857385994,0.0162532103495323,0.016));
#9326=CARTESIAN_POINT('',(-0.0206840895704469,0.0164381985402239,0.017));
#9327=CARTESIAN_POINT('',(-0.0206840895704469,0.0164381985402239,0.016));
#9328=CARTESIAN_POINT('',(-0.0206175914863706,0.0167165425724913,0.017));
#9329=CARTESIAN_POINT('',(-0.0206175914863706,0.0167165425724913,0.016));
#9330=CARTESIAN_POINT('',(-0.0206175914863706,0.0170882424463344,0.017));
#9331=CARTESIAN_POINT('',(-0.0206175914863706,0.0170882424463344,0.016));
#9332=CARTESIAN_POINT('',(-0.0208170857385994,0.0162532103495323,0.016));
#9333=CARTESIAN_POINT('',(-0.0206175914863706,0.0165306926355697,0.016));
#9334=CARTESIAN_POINT('',(-0.0206175914863706,0.0170882424463344,0.016));
#9335=CARTESIAN_POINT('',(-0.0208170857385994,0.0162532103495323,0.016));
#9336=CARTESIAN_POINT('',(-0.0208170857385994,0.0162532103495323,0.017));
#9337=CARTESIAN_POINT('',(-0.0208170857385994,0.0162532103495323,0.017));
#9338=CARTESIAN_POINT('',(-0.0208170857385994,0.0162532103495323,0.017));
#9339=CARTESIAN_POINT('',(-0.0206175914863706,0.0165306926355697,0.017));
#9340=CARTESIAN_POINT('',(-0.0206175914863706,0.0170882424463344,0.017));
#9341=CARTESIAN_POINT('',(-0.0213742046762491,0.0159757280634949,0.017));
#9342=CARTESIAN_POINT('',(-0.0213742046762491,0.0159757280634949,0.016));
#9343=CARTESIAN_POINT('',(-0.0211357882193018,0.0159757280634949,0.017));
#9344=CARTESIAN_POINT('',(-0.0211357882193018,0.0159757280634949,0.016));
#9345=CARTESIAN_POINT('',(-0.0209500819067519,0.0160682221588407,0.017));
#9346=CARTESIAN_POINT('',(-0.0209500819067519,0.0160682221588407,0.016));
#9347=CARTESIAN_POINT('',(-0.0208170857385994,0.0162532103495323,0.017));
#9348=CARTESIAN_POINT('',(-0.0208170857385994,0.0162532103495323,0.016));
#9349=CARTESIAN_POINT('',(-0.0213742046762491,0.0159757280634949,0.016));
#9350=CARTESIAN_POINT('',(-0.0210165799908282,0.0159757280634949,0.016));
#9351=CARTESIAN_POINT('',(-0.0208170857385994,0.0162532103495323,0.016));
#9352=CARTESIAN_POINT('',(-0.0213742046762491,0.0159757280634949,0.016));
#9353=CARTESIAN_POINT('',(-0.0213742046762491,0.0159757280634949,0.017));
#9354=CARTESIAN_POINT('',(-0.0213742046762491,0.0159757280634949,0.017));
#9355=CARTESIAN_POINT('',(-0.0213742046762491,0.0159757280634949,0.017));
#9356=CARTESIAN_POINT('',(-0.0210165799908282,0.0159757280634949,0.017));
#9357=CARTESIAN_POINT('',(-0.0208170857385994,0.0162532103495323,0.017));
#9358=CARTESIAN_POINT('',(-0.022087730554631,0.0164333153115876,0.017));
#9359=CARTESIAN_POINT('',(-0.022087730554631,0.0164333153115876,0.016));
#9360=CARTESIAN_POINT('',(-0.0219354887206767,0.0161282571461925,0.017));
#9361=CARTESIAN_POINT('',(-0.0219354887206767,0.0161282571461925,0.016));
#9362=CARTESIAN_POINT('',(-0.021697646761216,0.0159757280634949,0.017));
#9363=CARTESIAN_POINT('',(-0.021697646761216,0.0159757280634949,0.016));
#9364=CARTESIAN_POINT('',(-0.0213742046762491,0.0159757280634949,0.017));
#9365=CARTESIAN_POINT('',(-0.0213742046762491,0.0159757280634949,0.016));
#9366=CARTESIAN_POINT('',(-0.022087730554631,0.0164333153115876,0.016));
#9367=CARTESIAN_POINT('',(-0.0218593678036996,0.0159757280634949,0.016));
#9368=CARTESIAN_POINT('',(-0.0213742046762491,0.0159757280634949,0.016));
#9369=CARTESIAN_POINT('',(-0.022087730554631,0.0164333153115876,0.016));
#9370=CARTESIAN_POINT('',(-0.022087730554631,0.0164333153115876,0.017));
#9371=CARTESIAN_POINT('',(-0.022087730554631,0.0164333153115876,0.017));
#9372=CARTESIAN_POINT('',(-0.022087730554631,0.0164333153115876,0.017));
#9373=CARTESIAN_POINT('',(-0.0218593678036996,0.0159757280634949,0.017));
#9374=CARTESIAN_POINT('',(-0.0213742046762491,0.0159757280634949,0.017));
#9375=CARTESIAN_POINT('',(-0.022087730554631,0.0170636826787814,0.017));
#9376=CARTESIAN_POINT('',(-0.022087730554631,0.0170636826787814,0.016));
#9377=CARTESIAN_POINT('',(-0.022087730554631,0.017694050045975,0.016));
#9378=CARTESIAN_POINT('',(-0.022087730554631,0.017694050045975,0.017));
#9379=CARTESIAN_POINT('',(-0.022087730554631,0.017694050045975,0.017));
#9380=CARTESIAN_POINT('',(-0.022087730554631,0.0170636826787814,0.017));
#9381=CARTESIAN_POINT('',(-0.0213793751536287,0.0181516372940678,0.017));
#9382=CARTESIAN_POINT('',(-0.0213793751536287,0.0181516372940678,0.016));
#9383=CARTESIAN_POINT('',(-0.0217079877159752,0.0181516372940678,0.017));
#9384=CARTESIAN_POINT('',(-0.0217079877159752,0.0181516372940678,0.016));
#9385=CARTESIAN_POINT('',(-0.021944106182976,0.0179991082113702,0.017));
#9386=CARTESIAN_POINT('',(-0.021944106182976,0.0179991082113702,0.016));
#9387=CARTESIAN_POINT('',(-0.022087730554631,0.017694050045975,0.017));
#9388=CARTESIAN_POINT('',(-0.022087730554631,0.017694050045975,0.016));
#9389=CARTESIAN_POINT('',(-0.0213793751536287,0.0181516372940678,0.016));
#9390=CARTESIAN_POINT('',(-0.0218722939971485,0.0181516372940678,0.016));
#9391=CARTESIAN_POINT('',(-0.022087730554631,0.017694050045975,0.016));
#9392=CARTESIAN_POINT('',(-0.0213793751536287,0.0181516372940678,0.016));
#9393=CARTESIAN_POINT('',(-0.0213793751536287,0.0181516372940678,0.017));
#9394=CARTESIAN_POINT('',(-0.0213793751536287,0.0181516372940678,0.017));
#9395=CARTESIAN_POINT('',(-0.0213793751536287,0.0181516372940678,0.017));
#9396=CARTESIAN_POINT('',(-0.0218722939971485,0.0181516372940678,0.017));
#9397=CARTESIAN_POINT('',(-0.022087730554631,0.017694050045975,0.017));
#9398=CARTESIAN_POINT('',(-0.0201195021654712,0.017031367195159,0.017));
#9399=CARTESIAN_POINT('',(-0.0201195021654712,0.017031367195159,0.016));
#9400=CARTESIAN_POINT('',(-0.0201195021654712,0.0165861316430286,0.017));
#9401=CARTESIAN_POINT('',(-0.0201195021654712,0.0165861316430286,0.016));
#9402=CARTESIAN_POINT('',(-0.0202217627180896,0.016228363333236,0.017));
#9403=CARTESIAN_POINT('',(-0.0202217627180896,0.016228363333236,0.016));
#9404=CARTESIAN_POINT('',(-0.0204262838233262,0.0159580622657814,0.017));
#9405=CARTESIAN_POINT('',(-0.0204262838233262,0.0159580622657814,0.016));
#9406=CARTESIAN_POINT('',(-0.0201195021654712,0.017031367195159,0.017));
#9407=CARTESIAN_POINT('',(-0.0201195021654712,0.017031367195159,0.017));
#9408=CARTESIAN_POINT('',(-0.0201195021654712,0.017031367195159,0.017));
#9409=CARTESIAN_POINT('',(-0.0201195021654712,0.0163635138669634,0.017));
#9410=CARTESIAN_POINT('',(-0.0204262838233262,0.0159580622657814,0.017));
#9411=CARTESIAN_POINT('',(-0.0204262838233262,0.0159580622657814,0.017));
#9412=CARTESIAN_POINT('',(-0.0204262838233262,0.0159580622657814,0.017));
#9413=CARTESIAN_POINT('',(-0.0201195021654712,0.0170529108509072,0.017));
#9414=CARTESIAN_POINT('',(-0.0201195021654712,0.0170744545066554,0.017));
#9415=CARTESIAN_POINT('',(-0.0201195021654712,0.0170744545066554,0.017));
#9416=CARTESIAN_POINT('',(-0.0201195021654712,0.0170529108509072,0.017));
#9417=CARTESIAN_POINT('',(-0.0204224059652915,0.018173611822931,0.017));
#9418=CARTESIAN_POINT('',(-0.0204224059652915,0.018173611822931,0.016));
#9419=CARTESIAN_POINT('',(-0.0202204700987447,0.0179061832429094,0.017));
#9420=CARTESIAN_POINT('',(-0.0202204700987447,0.0179061832429094,0.016));
#9421=CARTESIAN_POINT('',(-0.0201195021654712,0.0175397974708176,0.017));
#9422=CARTESIAN_POINT('',(-0.0201195021654712,0.0175397974708176,0.016));
#9423=CARTESIAN_POINT('',(-0.0201195021654712,0.0170744545066554,0.017));
#9424=CARTESIAN_POINT('',(-0.0201195021654712,0.0170744545066554,0.016));
#9425=CARTESIAN_POINT('',(-0.0204224059652915,0.018173611822931,0.017));
#9426=CARTESIAN_POINT('',(-0.0204224059652915,0.018173611822931,0.017));
#9427=CARTESIAN_POINT('',(-0.0204224059652915,0.018173611822931,0.017));
#9428=CARTESIAN_POINT('',(-0.0201195021654712,0.0177724689528986,0.017));
#9429=CARTESIAN_POINT('',(-0.0201195021654712,0.0170744545066554,0.017));
#9430=CARTESIAN_POINT('',(-0.0212557145696337,0.0185747546929633,0.017));
#9431=CARTESIAN_POINT('',(-0.0212557145696337,0.0185747546929633,0.016));
#9432=CARTESIAN_POINT('',(-0.0209021113666192,0.0185747546929633,0.017));
#9433=CARTESIAN_POINT('',(-0.0209021113666192,0.0185747546929633,0.016));
#9434=CARTESIAN_POINT('',(-0.0206243418318385,0.0184410404029526,0.017));
#9435=CARTESIAN_POINT('',(-0.0206243418318385,0.0184410404029526,0.016));
#9436=CARTESIAN_POINT('',(-0.0204224059652915,0.018173611822931,0.017));
#9437=CARTESIAN_POINT('',(-0.0204224059652915,0.018173611822931,0.016));
#9438=CARTESIAN_POINT('',(-0.0212557145696337,0.0185747546929633,0.017));
#9439=CARTESIAN_POINT('',(-0.0212557145696337,0.0185747546929633,0.017));
#9440=CARTESIAN_POINT('',(-0.0212557145696337,0.0185747546929633,0.017));
#9441=CARTESIAN_POINT('',(-0.0207253097651119,0.0185747546929633,0.017));
#9442=CARTESIAN_POINT('',(-0.0204224059652915,0.018173611822931,0.017));
#9443=CARTESIAN_POINT('',(-0.022087730554631,0.0181998950829439,0.017));
#9444=CARTESIAN_POINT('',(-0.022087730554631,0.0181998950829439,0.016));
#9445=CARTESIAN_POINT('',(-0.021886656434314,0.0184498014896235,0.017));
#9446=CARTESIAN_POINT('',(-0.021886656434314,0.0184498014896235,0.016));
#9447=CARTESIAN_POINT('',(-0.0216093177726483,0.0185747546929633,0.017));
#9448=CARTESIAN_POINT('',(-0.0216093177726483,0.0185747546929633,0.016));
#9449=CARTESIAN_POINT('',(-0.0212557145696337,0.0185747546929633,0.017));
#9450=CARTESIAN_POINT('',(-0.0212557145696337,0.0185747546929633,0.016));
#9451=CARTESIAN_POINT('',(-0.022087730554631,0.0181998950829439,0.017));
#9452=CARTESIAN_POINT('',(-0.022087730554631,0.0181998950829439,0.017));
#9453=CARTESIAN_POINT('',(-0.022087730554631,0.0181998950829439,0.017));
#9454=CARTESIAN_POINT('',(-0.0217861193741555,0.0185747546929633,0.017));
#9455=CARTESIAN_POINT('',(-0.0212557145696337,0.0185747546929633,0.017));
#9456=CARTESIAN_POINT('',(-0.022087730554631,0.018971588831846,0.017));
#9457=CARTESIAN_POINT('',(-0.022087730554631,0.0197432825807482,0.017));
#9458=CARTESIAN_POINT('',(-0.022087730554631,0.0197432825807482,0.017));
#9459=CARTESIAN_POINT('',(-0.022087730554631,0.018971588831846,0.017));
#9460=CARTESIAN_POINT('',(-0.0223367752150807,0.0197432825807482,0.017));
#9461=CARTESIAN_POINT('',(-0.0225858198755305,0.0197432825807482,0.017));
#9462=CARTESIAN_POINT('',(-0.0225858198755305,0.0197432825807482,0.017));
#9463=CARTESIAN_POINT('',(-0.0223367752150807,0.0197432825807482,0.017));
#9464=CARTESIAN_POINT('',(-0.0225858198755305,0.0176750916289166,0.017));
#9465=CARTESIAN_POINT('',(-0.0225858198755305,0.0156069006770849,0.017));
#9466=CARTESIAN_POINT('',(-0.0225858198755305,0.0156069006770849,0.017));
#9467=CARTESIAN_POINT('',(-0.0225858198755305,0.0176750916289166,0.017));
#9468=CARTESIAN_POINT('',(-0.0223570262514841,0.0156069006770849,0.017));
#9469=CARTESIAN_POINT('',(-0.0221282326274377,0.0156069006770849,0.017));
#9470=CARTESIAN_POINT('',(-0.0221282326274377,0.0156069006770849,0.017));
#9471=CARTESIAN_POINT('',(-0.0223570262514841,0.0156069006770849,0.017));
#9472=CARTESIAN_POINT('',(-0.0221161681802187,0.0157753720650362,0.017));
#9473=CARTESIAN_POINT('',(-0.0221041037329997,0.0159438434529875,0.017));
#9474=CARTESIAN_POINT('',(-0.0221041037329997,0.0159438434529875,0.017));
#9475=CARTESIAN_POINT('',(-0.0221161681802187,0.0157753720650362,0.017));
#9476=CARTESIAN_POINT('',(-0.0212501132191392,0.0155526106645994,0.017));
#9477=CARTESIAN_POINT('',(-0.0212501132191392,0.0155526106645994,0.016));
#9478=CARTESIAN_POINT('',(-0.0216183661080625,0.0155526106645994,0.017));
#9479=CARTESIAN_POINT('',(-0.0216183661080625,0.0155526106645994,0.016));
#9480=CARTESIAN_POINT('',(-0.0219030296126827,0.0156830215940621,0.017));
#9481=CARTESIAN_POINT('',(-0.0219030296126827,0.0156830215940621,0.016));
#9482=CARTESIAN_POINT('',(-0.0221041037329997,0.0159438434529875,0.017));
#9483=CARTESIAN_POINT('',(-0.0221041037329997,0.0159438434529875,0.016));
#9484=CARTESIAN_POINT('',(-0.0212501132191392,0.0155526106645994,0.017));
#9485=CARTESIAN_POINT('',(-0.0212501132191392,0.0155526106645994,0.017));
#9486=CARTESIAN_POINT('',(-0.0212501132191392,0.0155526106645994,0.017));
#9487=CARTESIAN_POINT('',(-0.0218024925525242,0.0155526106645994,0.017));
#9488=CARTESIAN_POINT('',(-0.0221041037329997,0.0159438434529875,0.017));
#9489=CARTESIAN_POINT('',(-0.0204262838233262,0.0159580622657814,0.017));
#9490=CARTESIAN_POINT('',(-0.0204262838233262,0.0159580622657814,0.016));
#9491=CARTESIAN_POINT('',(-0.0206308049285629,0.0156877611983267,0.017));
#9492=CARTESIAN_POINT('',(-0.0206308049285629,0.0156877611983267,0.016));
#9493=CARTESIAN_POINT('',(-0.0209054147271672,0.0155526106645994,0.017));
#9494=CARTESIAN_POINT('',(-0.0209054147271672,0.0155526106645994,0.016));
#9495=CARTESIAN_POINT('',(-0.0212501132191392,0.0155526106645994,0.017));
#9496=CARTESIAN_POINT('',(-0.0212501132191392,0.0155526106645994,0.016));
#9497=CARTESIAN_POINT('',(-0.0204262838233262,0.0159580622657814,0.017));
#9498=CARTESIAN_POINT('',(-0.0207330654811812,0.0155526106645994,0.017));
#9499=CARTESIAN_POINT('',(-0.0212501132191392,0.0155526106645994,0.017));
#9500=CARTESIAN_POINT('',(-0.0208140696267947,0.0178741550080303,0.017));
#9501=CARTESIAN_POINT('',(-0.0208140696267947,0.0178741550080303,0.016));
#9502=CARTESIAN_POINT('',(-0.020945055053744,0.018059143198722,0.017));
#9503=CARTESIAN_POINT('',(-0.020945055053744,0.018059143198722,0.016));
#9504=CARTESIAN_POINT('',(-0.0211334902293553,0.0181516372940678,0.017));
#9505=CARTESIAN_POINT('',(-0.0211334902293553,0.0181516372940678,0.016));
#9506=CARTESIAN_POINT('',(-0.0213793751536287,0.0181516372940678,0.017));
#9507=CARTESIAN_POINT('',(-0.0213793751536287,0.0181516372940678,0.016));
#9508=CARTESIAN_POINT('',(-0.0208140696267947,0.0178741550080303,0.016));
#9509=CARTESIAN_POINT('',(-0.0210105477672187,0.0181516372940678,0.016));
#9510=CARTESIAN_POINT('',(-0.0213793751536287,0.0181516372940678,0.016));
#9511=CARTESIAN_POINT('',(-0.0208140696267947,0.0178741550080303,0.017));
#9512=CARTESIAN_POINT('',(-0.0210105477672187,0.0181516372940678,0.017));
#9513=CARTESIAN_POINT('',(-0.0213793751536287,0.0181516372940678,0.017));
#9514=CARTESIAN_POINT('',(0.,0.,0.017));
#9515=CARTESIAN_POINT('',(0.,0.,0.016));
#9516=CARTESIAN_POINT('',(-0.0181991006920726,0.0174286322071566,0.017));
#9517=CARTESIAN_POINT('',(-0.0185381978335499,0.0163367997338355,0.017));
#9518=CARTESIAN_POINT('',(-0.0185381978335499,0.0163367997338355,0.017));
#9519=CARTESIAN_POINT('',(-0.0181991006920726,0.0174286322071566,0.017));
#9520=CARTESIAN_POINT('',(-0.0178600035505951,0.0185204646804778,0.017));
#9521=CARTESIAN_POINT('',(-0.0178600035505951,0.0185204646804778,0.017));
#9522=CARTESIAN_POINT('',(-0.0189018547425804,0.0174286322071566,0.017));
#9523=CARTESIAN_POINT('',(-0.0192655116516107,0.0185204646804778,0.017));
#9524=CARTESIAN_POINT('',(-0.0192655116516107,0.0185204646804778,0.017));
#9525=CARTESIAN_POINT('',(-0.0189018547425804,0.0174286322071566,0.017));
#9526=CARTESIAN_POINT('',(-0.0195373925871536,0.0185204646804778,0.017));
#9527=CARTESIAN_POINT('',(-0.0198092735226965,0.0185204646804778,0.017));
#9528=CARTESIAN_POINT('',(-0.0198092735226965,0.0185204646804778,0.017));
#9529=CARTESIAN_POINT('',(-0.0195373925871536,0.0185204646804778,0.017));
#9530=CARTESIAN_POINT('',(-0.0192896405460487,0.01708005585715,0.017));
#9531=CARTESIAN_POINT('',(-0.018770007569401,0.0156396470338223,0.017));
#9532=CARTESIAN_POINT('',(-0.018770007569401,0.0156396470338223,0.017));
#9533=CARTESIAN_POINT('',(-0.0192896405460487,0.01708005585715,0.017));
#9534=CARTESIAN_POINT('',(-0.0188251593281165,0.0154914266822743,0.017));
#9535=CARTESIAN_POINT('',(-0.0188803110868321,0.0153432063307264,0.017));
#9536=CARTESIAN_POINT('',(-0.0188803110868321,0.0153432063307264,0.017));
#9537=CARTESIAN_POINT('',(-0.0188251593281165,0.0154914266822743,0.017));
#9538=CARTESIAN_POINT('',(-0.0191129825689131,0.0149687775938219,0.017));
#9539=CARTESIAN_POINT('',(-0.0191129825689131,0.0149687775938219,0.016));
#9540=CARTESIAN_POINT('',(-0.0190187649811075,0.0150368555459863,0.017));
#9541=CARTESIAN_POINT('',(-0.0190187649811075,0.0150368555459863,0.016));
#9542=CARTESIAN_POINT('',(-0.0189412078204138,0.0151616651249545,0.017));
#9543=CARTESIAN_POINT('',(-0.0189412078204138,0.0151616651249545,0.016));
#9544=CARTESIAN_POINT('',(-0.0188803110868321,0.0153432063307264,0.017));
#9545=CARTESIAN_POINT('',(-0.0188803110868321,0.0153432063307264,0.016));
#9546=CARTESIAN_POINT('',(-0.0191129825689131,0.0149687775938219,0.017));
#9547=CARTESIAN_POINT('',(-0.0191129825689131,0.0149687775938219,0.017));
#9548=CARTESIAN_POINT('',(-0.0191129825689131,0.0149687775938219,0.017));
#9549=CARTESIAN_POINT('',(-0.0189716561872047,0.0150708945220685,0.017));
#9550=CARTESIAN_POINT('',(-0.0188803110868321,0.0153432063307264,0.017));
#9551=CARTESIAN_POINT('',(-0.019507662342221,0.0148666606655752,0.017));
#9552=CARTESIAN_POINT('',(-0.019507662342221,0.0148666606655752,0.016));
#9553=CARTESIAN_POINT('',(-0.0193387600811548,0.0148666606655752,0.017));
#9554=CARTESIAN_POINT('',(-0.0193387600811548,0.0148666606655752,0.016));
#9555=CARTESIAN_POINT('',(-0.0192072001567188,0.0149006996416574,0.017));
#9556=CARTESIAN_POINT('',(-0.0192072001567188,0.0149006996416574,0.016));
#9557=CARTESIAN_POINT('',(-0.0191129825689131,0.0149687775938219,0.017));
#9558=CARTESIAN_POINT('',(-0.0191129825689131,0.0149687775938219,0.016));
#9559=CARTESIAN_POINT('',(-0.019507662342221,0.0148666606655752,0.017));
#9560=CARTESIAN_POINT('',(-0.019507662342221,0.0148666606655752,0.017));
#9561=CARTESIAN_POINT('',(-0.019507662342221,0.0148666606655752,0.017));
#9562=CARTESIAN_POINT('',(-0.0192543089506216,0.0148666606655752,0.017));
#9563=CARTESIAN_POINT('',(-0.0191129825689131,0.0149687775938219,0.017));
#9564=CARTESIAN_POINT('',(-0.0195748785481555,0.0148718311429548,0.017));
#9565=CARTESIAN_POINT('',(-0.01964209475409,0.0148770016203343,0.017));
#9566=CARTESIAN_POINT('',(-0.01964209475409,0.0148770016203343,0.017));
#9567=CARTESIAN_POINT('',(-0.0195748785481555,0.0148718311429548,0.017));
#9568=CARTESIAN_POINT('',(-0.01964209475409,0.0146749221294158,0.017));
#9569=CARTESIAN_POINT('',(-0.01964209475409,0.0144728426384972,0.017));
#9570=CARTESIAN_POINT('',(-0.01964209475409,0.0144728426384972,0.017));
#9571=CARTESIAN_POINT('',(-0.01964209475409,0.0146749221294158,0.017));
#9572=CARTESIAN_POINT('',(-0.0195494570343726,0.0144556077138986,0.017));
#9573=CARTESIAN_POINT('',(-0.0194568193146552,0.0144383727893,0.017));
#9574=CARTESIAN_POINT('',(-0.0194568193146552,0.0144383727893,0.017));
#9575=CARTESIAN_POINT('',(-0.0195494570343726,0.0144556077138986,0.017));
#9576=CARTESIAN_POINT('',(-0.019409423272009,0.0144340640581504,0.017));
#9577=CARTESIAN_POINT('',(-0.0193620272293629,0.0144297553270007,0.017));
#9578=CARTESIAN_POINT('',(-0.0193620272293629,0.0144297553270007,0.017));
#9579=CARTESIAN_POINT('',(-0.019409423272009,0.0144340640581504,0.017));
#9580=CARTESIAN_POINT('',(-0.0184976957607432,0.0151570691450616,0.017));
#9581=CARTESIAN_POINT('',(-0.0184976957607432,0.0151570691450616,0.016));
#9582=CARTESIAN_POINT('',(-0.0186792369665151,0.0146721932663543,0.017));
#9583=CARTESIAN_POINT('',(-0.0186792369665151,0.0146721932663543,0.016));
#9584=CARTESIAN_POINT('',(-0.018967347456055,0.0144297553270007,0.017));
#9585=CARTESIAN_POINT('',(-0.018967347456055,0.0144297553270007,0.016));
#9586=CARTESIAN_POINT('',(-0.0193620272293629,0.0144297553270007,0.017));
#9587=CARTESIAN_POINT('',(-0.0193620272293629,0.0144297553270007,0.016));
#9588=CARTESIAN_POINT('',(-0.0184976957607432,0.0151570691450616,0.017));
#9589=CARTESIAN_POINT('',(-0.0184976957607432,0.0151570691450616,0.017));
#9590=CARTESIAN_POINT('',(-0.0184976957607432,0.0151570691450616,0.017));
#9591=CARTESIAN_POINT('',(-0.018770007569401,0.0144297553270007,0.017));
#9592=CARTESIAN_POINT('',(-0.0193620272293629,0.0144297553270007,0.017));
#9593=CARTESIAN_POINT('',(-0.0179121391975059,0.0168387669127696,0.017));
#9594=CARTESIAN_POINT('',(-0.0173265826342686,0.0185204646804778,0.017));
#9595=CARTESIAN_POINT('',(-0.0173265826342686,0.0185204646804778,0.017));
#9596=CARTESIAN_POINT('',(-0.0179121391975059,0.0168387669127696,0.017));
#9597=CARTESIAN_POINT('',(-0.0175932930924318,0.0185204646804778,0.017));
#9598=CARTESIAN_POINT('',(-0.0175932930924318,0.0185204646804778,0.017));
#9599=CARTESIAN_POINT('',(0.,0.,0.017));
#9600=MECHANICAL_DESIGN_GEOMETRIC_PRESENTATION_REPRESENTATION('',(#5585),
#9601);
#9601=(
GEOMETRIC_REPRESENTATION_CONTEXT(3)
GLOBAL_UNCERTAINTY_ASSIGNED_CONTEXT((#9602))
GLOBAL_UNIT_ASSIGNED_CONTEXT((#9605,#9604,#9603))
REPRESENTATION_CONTEXT('Part 3','TOP_LEVEL_ASSEMBLY_PART')
);
#9602=UNCERTAINTY_MEASURE_WITH_UNIT(LENGTH_MEASURE(2.E-5),#9605,
'DISTANCE_ACCURACY_VALUE','Maximum Tolerance applied to model');
#9603=(
NAMED_UNIT(*)
SI_UNIT($,.STERADIAN.)
SOLID_ANGLE_UNIT()
);
#9604=(
NAMED_UNIT(*)
PLANE_ANGLE_UNIT()
SI_UNIT($,.RADIAN.)
);
#9605=(
LENGTH_UNIT()
NAMED_UNIT(*)
SI_UNIT($,.METRE.)
);
#9606=PRODUCT_DEFINITION_SHAPE('','',#9607);
#9607=PRODUCT_DEFINITION('','',#9609,#9608);
#9608=PRODUCT_DEFINITION_CONTEXT('',#9615,'design');
#9609=PRODUCT_DEFINITION_FORMATION_WITH_SPECIFIED_SOURCE('','',#9611,
 .NOT_KNOWN.);
#9610=PRODUCT_RELATED_PRODUCT_CATEGORY('','',(#9611));
#9611=PRODUCT('Part 3','Part 3','Part 3',(#9613));
#9612=PRODUCT_CATEGORY('','');
#9613=PRODUCT_CONTEXT('',#9615,'mechanical');
#9614=APPLICATION_PROTOCOL_DEFINITION('international standard',
'ap242_managed_model_based_3d_engineering',2020,#9615);
#9615=APPLICATION_CONTEXT('managed model based 3d engineering');
ENDSEC;
END-ISO-10303-21;
