ISO-10303-21;
HEADER;
/* Generated by software containing ST-Developer
 * from STEP Tools, Inc. (www.steptools.com) 
 */
/* OPTION: using custom renumber hook */

FILE_DESCRIPTION(
/* description */ ('STEP AP242 Edition 2',
'CAx-IF Rec.Pracs.---Representation and Presentation of Product Manufa
cturing Information (PMI)---4.0---2014-10-13',
'CAx-IF Rec.Pracs.---3D Tessellated Geometry---0.4---2014-09-14','2;1',
'CAx-IF Rec.Pracs.---User Defined Attributes---1.5---2016-08-15'),
/* implementation_level */ '2;1');

FILE_NAME(
/* name */ 'Part Studio 1',
/* time_stamp */ '2026-10-04T23:35:31Z',
/* author */ (''),
/* organization */ (''),
/* preprocessor_version */ 'ST-DEVELOPER v20',
/* originating_system */ 'ONSHAPE BY PTC INC, 1.221',
/* authorisation */ '  ');

FILE_SCHEMA (('AP242_MANAGED_MODEL_BASED_3D_ENGINEERING_MIM_LF { 1 0 10303 442 3 1 4 }'));
ENDSEC;

DATA;
#10=SPHERICAL_SURFACE('',#8163,0.002);
#11=SPHERICAL_SURFACE('',#8169,0.002);
#12=SPHERICAL_SURFACE('',#8175,0.002);
#13=SPHERICAL_SURFACE('',#8179,0.002);
#14=SHAPE_REPRESENTATION_RELATIONSHIP('','',#7794,#17);
#15=SHAPE_REPRESENTATION_RELATIONSHIP('','',#7795,#18);
#16=SHAPE_REPRESENTATION_RELATIONSHIP('','',#7796,#19);
#17=ADVANCED_BREP_SHAPE_REPRESENTATION('',(#7788),#13352);
#18=ADVANCED_BREP_SHAPE_REPRESENTATION('',(#7789),#13353);
#19=ADVANCED_BREP_SHAPE_REPRESENTATION('',(#7790),#13354);
#20=B_SPLINE_SURFACE_WITH_KNOTS('',3,1,((#11044,#11045),(#11046,#11047),
(#11048,#11049),(#11050,#11051)),.SURF_OF_LINEAR_EXTRUSION.,.F.,.F.,.F.,
(4,4),(2,2),(0.,1.),(0.,1.),.PIECEWISE_BEZIER_KNOTS.);
#21=B_SPLINE_SURFACE_WITH_KNOTS('',3,1,((#11061,#11062),(#11063,#11064),
(#11065,#11066),(#11067,#11068)),.SURF_OF_LINEAR_EXTRUSION.,.F.,.F.,.F.,
(4,4),(2,2),(0.,1.),(0.,1.),.PIECEWISE_BEZIER_KNOTS.);
#22=B_SPLINE_SURFACE_WITH_KNOTS('',3,1,((#11090,#11091),(#11092,#11093),
(#11094,#11095),(#11096,#11097)),.SURF_OF_LINEAR_EXTRUSION.,.F.,.F.,.F.,
(4,4),(2,2),(0.,1.),(0.,1.),.PIECEWISE_BEZIER_KNOTS.);
#23=B_SPLINE_SURFACE_WITH_KNOTS('',3,1,((#11105,#11106),(#11107,#11108),
(#11109,#11110),(#11111,#11112)),.SURF_OF_LINEAR_EXTRUSION.,.F.,.F.,.F.,
(4,4),(2,2),(0.,1.),(0.,1.),.PIECEWISE_BEZIER_KNOTS.);
#24=B_SPLINE_SURFACE_WITH_KNOTS('',3,1,((#11126,#11127),(#11128,#11129),
(#11130,#11131),(#11132,#11133)),.SURF_OF_LINEAR_EXTRUSION.,.F.,.F.,.F.,
(4,4),(2,2),(0.,1.),(0.,1.),.PIECEWISE_BEZIER_KNOTS.);
#25=B_SPLINE_SURFACE_WITH_KNOTS('',3,1,((#11139,#11140),(#11141,#11142),
(#11143,#11144),(#11145,#11146)),.SURF_OF_LINEAR_EXTRUSION.,.F.,.F.,.F.,
(4,4),(2,2),(0.,1.),(0.,1.),.PIECEWISE_BEZIER_KNOTS.);
#26=B_SPLINE_SURFACE_WITH_KNOTS('',3,1,((#11152,#11153),(#11154,#11155),
(#11156,#11157),(#11158,#11159)),.SURF_OF_LINEAR_EXTRUSION.,.F.,.F.,.F.,
(4,4),(2,2),(0.,1.),(0.,1.),.PIECEWISE_BEZIER_KNOTS.);
#27=B_SPLINE_SURFACE_WITH_KNOTS('',3,1,((#11173,#11174),(#11175,#11176),
(#11177,#11178),(#11179,#11180)),.SURF_OF_LINEAR_EXTRUSION.,.F.,.F.,.F.,
(4,4),(2,2),(0.,1.),(0.,1.),.PIECEWISE_BEZIER_KNOTS.);
#28=B_SPLINE_SURFACE_WITH_KNOTS('',3,1,((#11186,#11187),(#11188,#11189),
(#11190,#11191),(#11192,#11193)),.SURF_OF_LINEAR_EXTRUSION.,.F.,.F.,.F.,
(4,4),(2,2),(0.,1.),(0.,1.),.PIECEWISE_BEZIER_KNOTS.);
#29=B_SPLINE_SURFACE_WITH_KNOTS('',3,1,((#11207,#11208),(#11209,#11210),
(#11211,#11212),(#11213,#11214)),.SURF_OF_LINEAR_EXTRUSION.,.F.,.F.,.F.,
(4,4),(2,2),(0.,1.),(0.,1.),.PIECEWISE_BEZIER_KNOTS.);
#30=B_SPLINE_SURFACE_WITH_KNOTS('',3,1,((#11224,#11225),(#11226,#11227),
(#11228,#11229),(#11230,#11231)),.SURF_OF_LINEAR_EXTRUSION.,.F.,.F.,.F.,
(4,4),(2,2),(0.,1.),(0.,1.),.PIECEWISE_BEZIER_KNOTS.);
#31=B_SPLINE_SURFACE_WITH_KNOTS('',3,1,((#11235,#11236),(#11237,#11238),
(#11239,#11240),(#11241,#11242)),.SURF_OF_LINEAR_EXTRUSION.,.F.,.F.,.F.,
(4,4),(2,2),(0.,1.),(0.,1.),.PIECEWISE_BEZIER_KNOTS.);
#32=B_SPLINE_SURFACE_WITH_KNOTS('',3,1,((#11281,#11282),(#11283,#11284),
(#11285,#11286),(#11287,#11288)),.SURF_OF_LINEAR_EXTRUSION.,.F.,.F.,.F.,
(4,4),(2,2),(0.,1.),(0.,1.),.PIECEWISE_BEZIER_KNOTS.);
#33=B_SPLINE_SURFACE_WITH_KNOTS('',3,1,((#11294,#11295),(#11296,#11297),
(#11298,#11299),(#11300,#11301)),.SURF_OF_LINEAR_EXTRUSION.,.F.,.F.,.F.,
(4,4),(2,2),(0.,1.),(0.,1.),.PIECEWISE_BEZIER_KNOTS.);
#34=B_SPLINE_SURFACE_WITH_KNOTS('',3,1,((#11319,#11320),(#11321,#11322),
(#11323,#11324),(#11325,#11326)),.SURF_OF_LINEAR_EXTRUSION.,.F.,.F.,.F.,
(4,4),(2,2),(0.,1.),(0.,1.),.PIECEWISE_BEZIER_KNOTS.);
#35=B_SPLINE_SURFACE_WITH_KNOTS('',3,1,((#11332,#11333),(#11334,#11335),
(#11336,#11337),(#11338,#11339)),.SURF_OF_LINEAR_EXTRUSION.,.F.,.F.,.F.,
(4,4),(2,2),(0.,1.),(0.,1.),.PIECEWISE_BEZIER_KNOTS.);
#36=B_SPLINE_SURFACE_WITH_KNOTS('',3,1,((#11360,#11361),(#11362,#11363),
(#11364,#11365),(#11366,#11367)),.SURF_OF_LINEAR_EXTRUSION.,.F.,.F.,.F.,
(4,4),(2,2),(0.,1.),(0.,1.),.PIECEWISE_BEZIER_KNOTS.);
#37=B_SPLINE_SURFACE_WITH_KNOTS('',3,1,((#11380,#11381),(#11382,#11383),
(#11384,#11385),(#11386,#11387)),.SURF_OF_LINEAR_EXTRUSION.,.F.,.F.,.F.,
(4,4),(2,2),(0.,1.),(0.,1.),.PIECEWISE_BEZIER_KNOTS.);
#38=B_SPLINE_SURFACE_WITH_KNOTS('',3,1,((#11409,#11410),(#11411,#11412),
(#11413,#11414),(#11415,#11416)),.SURF_OF_LINEAR_EXTRUSION.,.F.,.F.,.F.,
(4,4),(2,2),(0.,1.),(0.,1.),.PIECEWISE_BEZIER_KNOTS.);
#39=B_SPLINE_SURFACE_WITH_KNOTS('',3,1,((#11426,#11427),(#11428,#11429),
(#11430,#11431),(#11432,#11433)),.SURF_OF_LINEAR_EXTRUSION.,.F.,.F.,.F.,
(4,4),(2,2),(0.,1.),(0.,1.),.PIECEWISE_BEZIER_KNOTS.);
#40=B_SPLINE_SURFACE_WITH_KNOTS('',3,1,((#11443,#11444),(#11445,#11446),
(#11447,#11448),(#11449,#11450)),.SURF_OF_LINEAR_EXTRUSION.,.F.,.F.,.F.,
(4,4),(2,2),(0.,1.),(0.,1.),.PIECEWISE_BEZIER_KNOTS.);
#41=B_SPLINE_SURFACE_WITH_KNOTS('',3,1,((#11460,#11461),(#11462,#11463),
(#11464,#11465),(#11466,#11467)),.SURF_OF_LINEAR_EXTRUSION.,.F.,.F.,.F.,
(4,4),(2,2),(0.,1.),(0.,1.),.PIECEWISE_BEZIER_KNOTS.);
#42=B_SPLINE_SURFACE_WITH_KNOTS('',3,1,((#11479,#11480),(#11481,#11482),
(#11483,#11484),(#11485,#11486)),.SURF_OF_LINEAR_EXTRUSION.,.F.,.F.,.F.,
(4,4),(2,2),(0.,1.),(0.,1.),.PIECEWISE_BEZIER_KNOTS.);
#43=B_SPLINE_SURFACE_WITH_KNOTS('',3,1,((#11492,#11493),(#11494,#11495),
(#11496,#11497),(#11498,#11499)),.SURF_OF_LINEAR_EXTRUSION.,.F.,.F.,.F.,
(4,4),(2,2),(0.,1.),(0.,1.),.PIECEWISE_BEZIER_KNOTS.);
#44=B_SPLINE_SURFACE_WITH_KNOTS('',3,1,((#11505,#11506),(#11507,#11508),
(#11509,#11510),(#11511,#11512)),.SURF_OF_LINEAR_EXTRUSION.,.F.,.F.,.F.,
(4,4),(2,2),(0.,1.),(0.,1.),.PIECEWISE_BEZIER_KNOTS.);
#45=B_SPLINE_SURFACE_WITH_KNOTS('',3,1,((#11522,#11523),(#11524,#11525),
(#11526,#11527),(#11528,#11529)),.SURF_OF_LINEAR_EXTRUSION.,.F.,.F.,.F.,
(4,4),(2,2),(0.,1.),(0.,1.),.PIECEWISE_BEZIER_KNOTS.);
#46=B_SPLINE_SURFACE_WITH_KNOTS('',3,1,((#11539,#11540),(#11541,#11542),
(#11543,#11544),(#11545,#11546)),.SURF_OF_LINEAR_EXTRUSION.,.F.,.F.,.F.,
(4,4),(2,2),(0.,1.),(0.,1.),.PIECEWISE_BEZIER_KNOTS.);
#47=B_SPLINE_SURFACE_WITH_KNOTS('',3,1,((#11552,#11553),(#11554,#11555),
(#11556,#11557),(#11558,#11559)),.SURF_OF_LINEAR_EXTRUSION.,.F.,.F.,.F.,
(4,4),(2,2),(0.,1.),(0.,1.),.PIECEWISE_BEZIER_KNOTS.);
#48=B_SPLINE_SURFACE_WITH_KNOTS('',3,1,((#11571,#11572),(#11573,#11574),
(#11575,#11576),(#11577,#11578)),.SURF_OF_LINEAR_EXTRUSION.,.F.,.F.,.F.,
(4,4),(2,2),(0.,1.),(0.,1.),.PIECEWISE_BEZIER_KNOTS.);
#49=B_SPLINE_SURFACE_WITH_KNOTS('',3,1,((#11628,#11629),(#11630,#11631),
(#11632,#11633),(#11634,#11635)),.SURF_OF_LINEAR_EXTRUSION.,.F.,.F.,.F.,
(4,4),(2,2),(0.,1.),(0.,1.),.PIECEWISE_BEZIER_KNOTS.);
#50=B_SPLINE_SURFACE_WITH_KNOTS('',3,1,((#11654,#11655),(#11656,#11657),
(#11658,#11659),(#11660,#11661)),.SURF_OF_LINEAR_EXTRUSION.,.F.,.F.,.F.,
(4,4),(2,2),(0.,1.),(0.,1.),.PIECEWISE_BEZIER_KNOTS.);
#51=B_SPLINE_SURFACE_WITH_KNOTS('',3,1,((#11671,#11672),(#11673,#11674),
(#11675,#11676),(#11677,#11678)),.SURF_OF_LINEAR_EXTRUSION.,.F.,.F.,.F.,
(4,4),(2,2),(0.,1.),(0.,1.),.PIECEWISE_BEZIER_KNOTS.);
#52=B_SPLINE_SURFACE_WITH_KNOTS('',3,1,((#11688,#11689),(#11690,#11691),
(#11692,#11693),(#11694,#11695)),.SURF_OF_LINEAR_EXTRUSION.,.F.,.F.,.F.,
(4,4),(2,2),(0.,1.),(0.,1.),.PIECEWISE_BEZIER_KNOTS.);
#53=B_SPLINE_SURFACE_WITH_KNOTS('',3,1,((#11705,#11706),(#11707,#11708),
(#11709,#11710),(#11711,#11712)),.SURF_OF_LINEAR_EXTRUSION.,.F.,.F.,.F.,
(4,4),(2,2),(0.,1.),(0.,1.),.PIECEWISE_BEZIER_KNOTS.);
#54=B_SPLINE_SURFACE_WITH_KNOTS('',3,1,((#11728,#11729),(#11730,#11731),
(#11732,#11733),(#11734,#11735)),.SURF_OF_LINEAR_EXTRUSION.,.F.,.F.,.F.,
(4,4),(2,2),(0.,1.),(0.,1.),.PIECEWISE_BEZIER_KNOTS.);
#55=B_SPLINE_SURFACE_WITH_KNOTS('',3,1,((#11745,#11746),(#11747,#11748),
(#11749,#11750),(#11751,#11752)),.SURF_OF_LINEAR_EXTRUSION.,.F.,.F.,.F.,
(4,4),(2,2),(0.,1.),(0.,1.),.PIECEWISE_BEZIER_KNOTS.);
#56=B_SPLINE_SURFACE_WITH_KNOTS('',3,1,((#11762,#11763),(#11764,#11765),
(#11766,#11767),(#11768,#11769)),.SURF_OF_LINEAR_EXTRUSION.,.F.,.F.,.F.,
(4,4),(2,2),(0.,1.),(0.,1.),.PIECEWISE_BEZIER_KNOTS.);
#57=B_SPLINE_SURFACE_WITH_KNOTS('',3,1,((#11781,#11782),(#11783,#11784),
(#11785,#11786),(#11787,#11788)),.SURF_OF_LINEAR_EXTRUSION.,.F.,.F.,.F.,
(4,4),(2,2),(0.,1.),(0.,1.),.PIECEWISE_BEZIER_KNOTS.);
#58=B_SPLINE_SURFACE_WITH_KNOTS('',3,1,((#11794,#11795),(#11796,#11797),
(#11798,#11799),(#11800,#11801)),.SURF_OF_LINEAR_EXTRUSION.,.F.,.F.,.F.,
(4,4),(2,2),(0.,1.),(0.,1.),.PIECEWISE_BEZIER_KNOTS.);
#59=B_SPLINE_SURFACE_WITH_KNOTS('',3,1,((#11807,#11808),(#11809,#11810),
(#11811,#11812),(#11813,#11814)),.SURF_OF_LINEAR_EXTRUSION.,.F.,.F.,.F.,
(4,4),(2,2),(0.,1.),(0.,1.),.PIECEWISE_BEZIER_KNOTS.);
#60=B_SPLINE_SURFACE_WITH_KNOTS('',3,1,((#11820,#11821),(#11822,#11823),
(#11824,#11825),(#11826,#11827)),.SURF_OF_LINEAR_EXTRUSION.,.F.,.F.,.F.,
(4,4),(2,2),(0.,1.),(0.,1.),.PIECEWISE_BEZIER_KNOTS.);
#61=B_SPLINE_SURFACE_WITH_KNOTS('',3,1,((#11833,#11834),(#11835,#11836),
(#11837,#11838),(#11839,#11840)),.SURF_OF_LINEAR_EXTRUSION.,.F.,.F.,.F.,
(4,4),(2,2),(0.,1.),(0.,1.),.PIECEWISE_BEZIER_KNOTS.);
#62=B_SPLINE_SURFACE_WITH_KNOTS('',3,1,((#11846,#11847),(#11848,#11849),
(#11850,#11851),(#11852,#11853)),.SURF_OF_LINEAR_EXTRUSION.,.F.,.F.,.F.,
(4,4),(2,2),(0.,1.),(0.,1.),.PIECEWISE_BEZIER_KNOTS.);
#63=B_SPLINE_SURFACE_WITH_KNOTS('',3,1,((#11863,#11864),(#11865,#11866),
(#11867,#11868),(#11869,#11870)),.SURF_OF_LINEAR_EXTRUSION.,.F.,.F.,.F.,
(4,4),(2,2),(0.,1.),(0.,1.),.PIECEWISE_BEZIER_KNOTS.);
#64=B_SPLINE_SURFACE_WITH_KNOTS('',3,1,((#11876,#11877),(#11878,#11879),
(#11880,#11881),(#11882,#11883)),.SURF_OF_LINEAR_EXTRUSION.,.F.,.F.,.F.,
(4,4),(2,2),(0.,1.),(0.,1.),.PIECEWISE_BEZIER_KNOTS.);
#65=B_SPLINE_SURFACE_WITH_KNOTS('',3,1,((#11889,#11890),(#11891,#11892),
(#11893,#11894),(#11895,#11896)),.SURF_OF_LINEAR_EXTRUSION.,.F.,.F.,.F.,
(4,4),(2,2),(0.,1.),(0.,1.),.PIECEWISE_BEZIER_KNOTS.);
#66=B_SPLINE_SURFACE_WITH_KNOTS('',3,1,((#11902,#11903),(#11904,#11905),
(#11906,#11907),(#11908,#11909)),.SURF_OF_LINEAR_EXTRUSION.,.F.,.F.,.F.,
(4,4),(2,2),(0.,1.),(0.,1.),.PIECEWISE_BEZIER_KNOTS.);
#67=B_SPLINE_SURFACE_WITH_KNOTS('',3,1,((#11915,#11916),(#11917,#11918),
(#11919,#11920),(#11921,#11922)),.SURF_OF_LINEAR_EXTRUSION.,.F.,.F.,.F.,
(4,4),(2,2),(0.,1.),(0.,1.),.PIECEWISE_BEZIER_KNOTS.);
#68=B_SPLINE_SURFACE_WITH_KNOTS('',3,1,((#11926,#11927),(#11928,#11929),
(#11930,#11931),(#11932,#11933)),.SURF_OF_LINEAR_EXTRUSION.,.F.,.F.,.F.,
(4,4),(2,2),(0.,1.),(0.,1.),.PIECEWISE_BEZIER_KNOTS.);
#69=B_SPLINE_SURFACE_WITH_KNOTS('',3,1,((#12045,#12046),(#12047,#12048),
(#12049,#12050),(#12051,#12052)),.SURF_OF_LINEAR_EXTRUSION.,.F.,.F.,.F.,
(4,4),(2,2),(0.,1.),(0.,1.),.PIECEWISE_BEZIER_KNOTS.);
#70=B_SPLINE_SURFACE_WITH_KNOTS('',3,1,((#12062,#12063),(#12064,#12065),
(#12066,#12067),(#12068,#12069)),.SURF_OF_LINEAR_EXTRUSION.,.F.,.F.,.F.,
(4,4),(2,2),(0.,1.),(0.,1.),.PIECEWISE_BEZIER_KNOTS.);
#71=B_SPLINE_SURFACE_WITH_KNOTS('',3,1,((#12079,#12080),(#12081,#12082),
(#12083,#12084),(#12085,#12086)),.SURF_OF_LINEAR_EXTRUSION.,.F.,.F.,.F.,
(4,4),(2,2),(0.,1.),(0.,1.),.PIECEWISE_BEZIER_KNOTS.);
#72=B_SPLINE_SURFACE_WITH_KNOTS('',3,1,((#12106,#12107),(#12108,#12109),
(#12110,#12111),(#12112,#12113)),.SURF_OF_LINEAR_EXTRUSION.,.F.,.F.,.F.,
(4,4),(2,2),(0.,1.),(0.,1.),.PIECEWISE_BEZIER_KNOTS.);
#73=B_SPLINE_SURFACE_WITH_KNOTS('',3,1,((#12119,#12120),(#12121,#12122),
(#12123,#12124),(#12125,#12126)),.SURF_OF_LINEAR_EXTRUSION.,.F.,.F.,.F.,
(4,4),(2,2),(0.,1.),(0.,1.),.PIECEWISE_BEZIER_KNOTS.);
#74=B_SPLINE_SURFACE_WITH_KNOTS('',3,1,((#12132,#12133),(#12134,#12135),
(#12136,#12137),(#12138,#12139)),.SURF_OF_LINEAR_EXTRUSION.,.F.,.F.,.F.,
(4,4),(2,2),(0.,1.),(0.,1.),.PIECEWISE_BEZIER_KNOTS.);
#75=B_SPLINE_SURFACE_WITH_KNOTS('',3,1,((#12145,#12146),(#12147,#12148),
(#12149,#12150),(#12151,#12152)),.SURF_OF_LINEAR_EXTRUSION.,.F.,.F.,.F.,
(4,4),(2,2),(0.,1.),(0.,1.),.PIECEWISE_BEZIER_KNOTS.);
#76=B_SPLINE_SURFACE_WITH_KNOTS('',3,1,((#12168,#12169),(#12170,#12171),
(#12172,#12173),(#12174,#12175)),.SURF_OF_LINEAR_EXTRUSION.,.F.,.F.,.F.,
(4,4),(2,2),(0.,1.),(0.,1.),.PIECEWISE_BEZIER_KNOTS.);
#77=B_SPLINE_SURFACE_WITH_KNOTS('',3,1,((#12251,#12252),(#12253,#12254),
(#12255,#12256),(#12257,#12258)),.SURF_OF_LINEAR_EXTRUSION.,.F.,.F.,.F.,
(4,4),(2,2),(0.,1.),(0.,1.),.PIECEWISE_BEZIER_KNOTS.);
#78=B_SPLINE_SURFACE_WITH_KNOTS('',3,1,((#12268,#12269),(#12270,#12271),
(#12272,#12273),(#12274,#12275)),.SURF_OF_LINEAR_EXTRUSION.,.F.,.F.,.F.,
(4,4),(2,2),(0.,1.),(0.,1.),.PIECEWISE_BEZIER_KNOTS.);
#79=B_SPLINE_SURFACE_WITH_KNOTS('',3,1,((#12291,#12292),(#12293,#12294),
(#12295,#12296),(#12297,#12298)),.SURF_OF_LINEAR_EXTRUSION.,.F.,.F.,.F.,
(4,4),(2,2),(0.,1.),(0.,1.),.PIECEWISE_BEZIER_KNOTS.);
#80=B_SPLINE_SURFACE_WITH_KNOTS('',3,1,((#12308,#12309),(#12310,#12311),
(#12312,#12313),(#12314,#12315)),.SURF_OF_LINEAR_EXTRUSION.,.F.,.F.,.F.,
(4,4),(2,2),(0.,1.),(0.,1.),.PIECEWISE_BEZIER_KNOTS.);
#81=B_SPLINE_SURFACE_WITH_KNOTS('',3,1,((#12335,#12336),(#12337,#12338),
(#12339,#12340),(#12341,#12342)),.SURF_OF_LINEAR_EXTRUSION.,.F.,.F.,.F.,
(4,4),(2,2),(0.,1.),(0.,1.),.PIECEWISE_BEZIER_KNOTS.);
#82=B_SPLINE_SURFACE_WITH_KNOTS('',3,1,((#12348,#12349),(#12350,#12351),
(#12352,#12353),(#12354,#12355)),.SURF_OF_LINEAR_EXTRUSION.,.F.,.F.,.F.,
(4,4),(2,2),(0.,1.),(0.,1.),.PIECEWISE_BEZIER_KNOTS.);
#83=B_SPLINE_SURFACE_WITH_KNOTS('',3,1,((#12361,#12362),(#12363,#12364),
(#12365,#12366),(#12367,#12368)),.SURF_OF_LINEAR_EXTRUSION.,.F.,.F.,.F.,
(4,4),(2,2),(0.,1.),(0.,1.),.PIECEWISE_BEZIER_KNOTS.);
#84=B_SPLINE_SURFACE_WITH_KNOTS('',3,1,((#12378,#12379),(#12380,#12381),
(#12382,#12383),(#12384,#12385)),.SURF_OF_LINEAR_EXTRUSION.,.F.,.F.,.F.,
(4,4),(2,2),(0.,1.),(0.,1.),.PIECEWISE_BEZIER_KNOTS.);
#85=B_SPLINE_SURFACE_WITH_KNOTS('',3,1,((#12391,#12392),(#12393,#12394),
(#12395,#12396),(#12397,#12398)),.SURF_OF_LINEAR_EXTRUSION.,.F.,.F.,.F.,
(4,4),(2,2),(0.,1.),(0.,1.),.PIECEWISE_BEZIER_KNOTS.);
#86=B_SPLINE_SURFACE_WITH_KNOTS('',3,1,((#12404,#12405),(#12406,#12407),
(#12408,#12409),(#12410,#12411)),.SURF_OF_LINEAR_EXTRUSION.,.F.,.F.,.F.,
(4,4),(2,2),(0.,1.),(0.,1.),.PIECEWISE_BEZIER_KNOTS.);
#87=B_SPLINE_SURFACE_WITH_KNOTS('',3,1,((#12424,#12425),(#12426,#12427),
(#12428,#12429),(#12430,#12431)),.SURF_OF_LINEAR_EXTRUSION.,.F.,.F.,.F.,
(4,4),(2,2),(0.,1.),(0.,1.),.PIECEWISE_BEZIER_KNOTS.);
#88=B_SPLINE_SURFACE_WITH_KNOTS('',3,1,((#12444,#12445),(#12446,#12447),
(#12448,#12449),(#12450,#12451)),.SURF_OF_LINEAR_EXTRUSION.,.F.,.F.,.F.,
(4,4),(2,2),(0.,1.),(0.,1.),.PIECEWISE_BEZIER_KNOTS.);
#89=B_SPLINE_SURFACE_WITH_KNOTS('',3,1,((#12461,#12462),(#12463,#12464),
(#12465,#12466),(#12467,#12468)),.SURF_OF_LINEAR_EXTRUSION.,.F.,.F.,.F.,
(4,4),(2,2),(0.,1.),(0.,1.),.PIECEWISE_BEZIER_KNOTS.);
#90=B_SPLINE_SURFACE_WITH_KNOTS('',3,1,((#12478,#12479),(#12480,#12481),
(#12482,#12483),(#12484,#12485)),.SURF_OF_LINEAR_EXTRUSION.,.F.,.F.,.F.,
(4,4),(2,2),(0.,1.),(0.,1.),.PIECEWISE_BEZIER_KNOTS.);
#91=B_SPLINE_SURFACE_WITH_KNOTS('',3,1,((#12501,#12502),(#12503,#12504),
(#12505,#12506),(#12507,#12508)),.SURF_OF_LINEAR_EXTRUSION.,.F.,.F.,.F.,
(4,4),(2,2),(0.,1.),(0.,1.),.PIECEWISE_BEZIER_KNOTS.);
#92=B_SPLINE_SURFACE_WITH_KNOTS('',3,1,((#12518,#12519),(#12520,#12521),
(#12522,#12523),(#12524,#12525)),.SURF_OF_LINEAR_EXTRUSION.,.F.,.F.,.F.,
(4,4),(2,2),(0.,1.),(0.,1.),.PIECEWISE_BEZIER_KNOTS.);
#93=B_SPLINE_SURFACE_WITH_KNOTS('',3,1,((#12537,#12538),(#12539,#12540),
(#12541,#12542),(#12543,#12544)),.SURF_OF_LINEAR_EXTRUSION.,.F.,.F.,.F.,
(4,4),(2,2),(0.,1.),(0.,1.),.PIECEWISE_BEZIER_KNOTS.);
#94=B_SPLINE_SURFACE_WITH_KNOTS('',3,1,((#12550,#12551),(#12552,#12553),
(#12554,#12555),(#12556,#12557)),.SURF_OF_LINEAR_EXTRUSION.,.F.,.F.,.F.,
(4,4),(2,2),(0.,1.),(0.,1.),.PIECEWISE_BEZIER_KNOTS.);
#95=B_SPLINE_SURFACE_WITH_KNOTS('',3,1,((#12563,#12564),(#12565,#12566),
(#12567,#12568),(#12569,#12570)),.SURF_OF_LINEAR_EXTRUSION.,.F.,.F.,.F.,
(4,4),(2,2),(0.,1.),(0.,1.),.PIECEWISE_BEZIER_KNOTS.);
#96=B_SPLINE_SURFACE_WITH_KNOTS('',3,1,((#12596,#12597),(#12598,#12599),
(#12600,#12601),(#12602,#12603)),.SURF_OF_LINEAR_EXTRUSION.,.F.,.F.,.F.,
(4,4),(2,2),(0.,1.),(0.,1.),.PIECEWISE_BEZIER_KNOTS.);
#97=B_SPLINE_SURFACE_WITH_KNOTS('',3,1,((#12609,#12610),(#12611,#12612),
(#12613,#12614),(#12615,#12616)),.SURF_OF_LINEAR_EXTRUSION.,.F.,.F.,.F.,
(4,4),(2,2),(0.,1.),(0.,1.),.PIECEWISE_BEZIER_KNOTS.);
#98=B_SPLINE_SURFACE_WITH_KNOTS('',3,1,((#12620,#12621),(#12622,#12623),
(#12624,#12625),(#12626,#12627)),.SURF_OF_LINEAR_EXTRUSION.,.F.,.F.,.F.,
(4,4),(2,2),(0.,1.),(0.,1.),.PIECEWISE_BEZIER_KNOTS.);
#99=B_SPLINE_SURFACE_WITH_KNOTS('',3,1,((#12658,#12659),(#12660,#12661),
(#12662,#12663),(#12664,#12665)),.SURF_OF_LINEAR_EXTRUSION.,.F.,.F.,.F.,
(4,4),(2,2),(0.,1.),(0.,1.),.PIECEWISE_BEZIER_KNOTS.);
#100=B_SPLINE_SURFACE_WITH_KNOTS('',3,1,((#12671,#12672),(#12673,#12674),
(#12675,#12676),(#12677,#12678)),.SURF_OF_LINEAR_EXTRUSION.,.F.,.F.,.F.,
(4,4),(2,2),(0.,1.),(0.,1.),.PIECEWISE_BEZIER_KNOTS.);
#101=B_SPLINE_SURFACE_WITH_KNOTS('',3,1,((#12700,#12701),(#12702,#12703),
(#12704,#12705),(#12706,#12707)),.SURF_OF_LINEAR_EXTRUSION.,.F.,.F.,.F.,
(4,4),(2,2),(0.,1.),(0.,1.),.PIECEWISE_BEZIER_KNOTS.);
#102=CYLINDRICAL_SURFACE('',#7846,0.0005);
#103=CYLINDRICAL_SURFACE('',#7849,0.0005);
#104=CYLINDRICAL_SURFACE('',#7852,0.000500000000000007);
#105=CYLINDRICAL_SURFACE('',#7855,0.0005);
#106=CYLINDRICAL_SURFACE('',#7857,0.0005);
#107=CYLINDRICAL_SURFACE('',#7860,0.0005);
#108=CYLINDRICAL_SURFACE('',#7863,0.0005);
#109=CYLINDRICAL_SURFACE('',#7866,0.0005);
#110=CYLINDRICAL_SURFACE('',#7868,0.0005);
#111=CYLINDRICAL_SURFACE('',#7871,0.0005);
#112=CYLINDRICAL_SURFACE('',#7874,0.0005);
#113=CYLINDRICAL_SURFACE('',#7877,0.000500000000000007);
#114=CYLINDRICAL_SURFACE('',#7879,0.0005);
#115=CYLINDRICAL_SURFACE('',#7882,0.0005);
#116=CYLINDRICAL_SURFACE('',#7885,0.0005);
#117=CYLINDRICAL_SURFACE('',#7888,0.0005);
#118=CYLINDRICAL_SURFACE('',#7890,0.0005);
#119=CYLINDRICAL_SURFACE('',#7893,0.0005);
#120=CYLINDRICAL_SURFACE('',#7896,0.0005);
#121=CYLINDRICAL_SURFACE('',#7899,0.0005);
#122=CYLINDRICAL_SURFACE('',#7901,0.0005);
#123=CYLINDRICAL_SURFACE('',#7904,0.0005);
#124=CYLINDRICAL_SURFACE('',#7907,0.0005);
#125=CYLINDRICAL_SURFACE('',#7910,0.0005);
#126=CYLINDRICAL_SURFACE('',#7921,0.0017);
#127=CYLINDRICAL_SURFACE('',#7923,0.0017);
#128=CYLINDRICAL_SURFACE('',#7925,0.0017);
#129=CYLINDRICAL_SURFACE('',#7927,0.0017);
#130=CYLINDRICAL_SURFACE('',#7940,0.002);
#131=CYLINDRICAL_SURFACE('',#7941,0.002);
#132=CYLINDRICAL_SURFACE('',#7942,0.002);
#133=CYLINDRICAL_SURFACE('',#7943,0.002);
#134=CYLINDRICAL_SURFACE('',#7944,0.002);
#135=CYLINDRICAL_SURFACE('',#7945,0.002);
#136=CYLINDRICAL_SURFACE('',#7946,0.002);
#137=CYLINDRICAL_SURFACE('',#7947,0.002);
#138=CYLINDRICAL_SURFACE('',#7959,0.00066214424601916);
#139=CYLINDRICAL_SURFACE('',#7965,0.00112569299997359);
#140=CYLINDRICAL_SURFACE('',#7969,0.00116340937576243);
#141=CYLINDRICAL_SURFACE('',#7971,0.00128967852445214);
#142=CYLINDRICAL_SURFACE('',#7983,0.00143446134129608);
#143=CYLINDRICAL_SURFACE('',#7986,0.00123422029156668);
#144=CYLINDRICAL_SURFACE('',#7993,0.000712586945149156);
#145=CYLINDRICAL_SURFACE('',#7996,0.000719864473298144);
#146=CYLINDRICAL_SURFACE('',#8000,0.0012400447191992);
#147=CYLINDRICAL_SURFACE('',#8003,0.00127610524826143);
#148=CYLINDRICAL_SURFACE('',#8005,0.00125492858096853);
#149=CYLINDRICAL_SURFACE('',#8133,0.0017);
#150=CYLINDRICAL_SURFACE('',#8135,0.0017);
#151=CYLINDRICAL_SURFACE('',#8137,0.0017);
#152=CYLINDRICAL_SURFACE('',#8140,0.0017);
#153=CYLINDRICAL_SURFACE('',#8153,0.0023);
#154=CYLINDRICAL_SURFACE('',#8154,0.0023);
#155=CYLINDRICAL_SURFACE('',#8155,0.0023);
#156=CYLINDRICAL_SURFACE('',#8156,0.0023);
#157=CYLINDRICAL_SURFACE('',#8158,0.002);
#158=CYLINDRICAL_SURFACE('',#8161,0.002);
#159=CYLINDRICAL_SURFACE('',#8165,0.002);
#160=CYLINDRICAL_SURFACE('',#8167,0.002);
#161=CYLINDRICAL_SURFACE('',#8171,0.002);
#162=CYLINDRICAL_SURFACE('',#8173,0.002);
#163=CYLINDRICAL_SURFACE('',#8177,0.002);
#164=CYLINDRICAL_SURFACE('',#8181,0.002);
#165=CYLINDRICAL_SURFACE('',#8183,0.004999999678834);
#166=CYLINDRICAL_SURFACE('',#8302,0.004999999678834);
#167=CYLINDRICAL_SURFACE('',#8303,0.004999999678834);
#168=CYLINDRICAL_SURFACE('',#8306,0.004999999678834);
#169=CYLINDRICAL_SURFACE('',#8307,0.00085);
#170=CYLINDRICAL_SURFACE('',#8308,0.002);
#171=CYLINDRICAL_SURFACE('',#8309,0.00075);
#172=CYLINDRICAL_SURFACE('',#8310,0.00085);
#173=CYLINDRICAL_SURFACE('',#8311,0.00075);
#174=CYLINDRICAL_SURFACE('',#8312,0.00085);
#175=CYLINDRICAL_SURFACE('',#8313,0.00075);
#176=CYLINDRICAL_SURFACE('',#8314,0.00085);
#177=CYLINDRICAL_SURFACE('',#8315,0.002);
#178=CYLINDRICAL_SURFACE('',#8316,0.00075);
#179=CYLINDRICAL_SURFACE('',#8317,0.00085);
#180=CYLINDRICAL_SURFACE('',#8318,0.00085);
#181=CYLINDRICAL_SURFACE('',#8319,0.00075);
#182=CYLINDRICAL_SURFACE('',#8320,0.002);
#183=CYLINDRICAL_SURFACE('',#8321,0.00085);
#184=CYLINDRICAL_SURFACE('',#8322,0.00075);
#185=CYLINDRICAL_SURFACE('',#8323,0.00085);
#186=CYLINDRICAL_SURFACE('',#8324,0.00075);
#187=CYLINDRICAL_SURFACE('',#8325,0.002);
#188=CYLINDRICAL_SURFACE('',#8326,0.00085);
#189=CYLINDRICAL_SURFACE('',#8327,0.00075);
#190=CYLINDRICAL_SURFACE('',#8328,0.002);
#191=CYLINDRICAL_SURFACE('',#8329,0.00085);
#192=CYLINDRICAL_SURFACE('',#8330,0.00085);
#193=CYLINDRICAL_SURFACE('',#8331,0.00075);
#194=CYLINDRICAL_SURFACE('',#8332,0.002);
#195=CYLINDRICAL_SURFACE('',#8333,0.00085);
#196=CYLINDRICAL_SURFACE('',#8334,0.00075);
#197=CYLINDRICAL_SURFACE('',#8335,0.0005);
#198=CYLINDRICAL_SURFACE('',#8336,0.0005);
#199=CYLINDRICAL_SURFACE('',#8337,0.0005);
#200=CYLINDRICAL_SURFACE('',#8338,0.0005);
#201=CYLINDRICAL_SURFACE('',#8339,0.0005);
#202=CYLINDRICAL_SURFACE('',#8340,0.0005);
#203=CYLINDRICAL_SURFACE('',#8341,0.0005);
#204=CYLINDRICAL_SURFACE('',#8342,0.0005);
#205=CYLINDRICAL_SURFACE('',#8343,0.0005);
#206=CYLINDRICAL_SURFACE('',#8344,0.0005);
#207=CYLINDRICAL_SURFACE('',#8345,0.0005);
#208=CYLINDRICAL_SURFACE('',#8346,0.0005);
#209=CYLINDRICAL_SURFACE('',#8347,0.0005);
#210=CYLINDRICAL_SURFACE('',#8348,0.0005);
#211=CYLINDRICAL_SURFACE('',#8349,0.00075);
#212=CYLINDRICAL_SURFACE('',#8350,0.00075);
#213=CYLINDRICAL_SURFACE('',#8351,0.00075);
#214=CYLINDRICAL_SURFACE('',#8353,0.00075);
#215=CYLINDRICAL_SURFACE('',#8355,0.0005);
#216=CYLINDRICAL_SURFACE('',#8356,0.0005);
#217=CYLINDRICAL_SURFACE('',#8357,0.0005);
#218=CYLINDRICAL_SURFACE('',#8358,0.0005);
#219=CYLINDRICAL_SURFACE('',#8359,0.0005);
#220=CYLINDRICAL_SURFACE('',#8360,0.00075);
#221=CYLINDRICAL_SURFACE('',#8362,0.00075);
#222=CIRCLE('',#7799,0.00125492858096853);
#223=CIRCLE('',#7800,0.00127610524826143);
#224=CIRCLE('',#7801,0.0012400447191992);
#225=CIRCLE('',#7802,0.00123422029156668);
#226=CIRCLE('',#7803,0.00143446134129608);
#227=CIRCLE('',#7804,0.00128967852445214);
#228=CIRCLE('',#7805,0.00116340937576243);
#229=CIRCLE('',#7806,0.00112569299997359);
#230=CIRCLE('',#7807,0.002);
#231=CIRCLE('',#7808,0.002);
#232=CIRCLE('',#7809,0.002);
#233=CIRCLE('',#7810,0.002);
#234=CIRCLE('',#7811,0.0017);
#235=CIRCLE('',#7812,0.0017);
#236=CIRCLE('',#7813,0.0017);
#237=CIRCLE('',#7814,0.0017);
#238=CIRCLE('',#7815,0.0005);
#239=CIRCLE('',#7816,0.0005);
#240=CIRCLE('',#7817,0.0005);
#241=CIRCLE('',#7818,0.0005);
#242=CIRCLE('',#7819,0.0005);
#243=CIRCLE('',#7820,0.0005);
#244=CIRCLE('',#7821,0.0005);
#245=CIRCLE('',#7822,0.0005);
#246=CIRCLE('',#7823,0.0005);
#247=CIRCLE('',#7824,0.0005);
#248=CIRCLE('',#7825,0.0005);
#249=CIRCLE('',#7826,0.0005);
#250=CIRCLE('',#7827,0.0005);
#251=CIRCLE('',#7828,0.0005);
#252=CIRCLE('',#7829,0.0005);
#253=CIRCLE('',#7830,0.000500000000000007);
#254=CIRCLE('',#7831,0.0005);
#255=CIRCLE('',#7832,0.0005);
#256=CIRCLE('',#7833,0.0005);
#257=CIRCLE('',#7834,0.0005);
#258=CIRCLE('',#7835,0.0005);
#259=CIRCLE('',#7836,0.0005);
#260=CIRCLE('',#7837,0.000500000000000007);
#261=CIRCLE('',#7838,0.0005);
#262=CIRCLE('',#7839,0.002);
#263=CIRCLE('',#7840,0.002);
#264=CIRCLE('',#7841,0.002);
#265=CIRCLE('',#7842,0.002);
#266=CIRCLE('',#7847,0.0005);
#267=CIRCLE('',#7850,0.0005);
#268=CIRCLE('',#7853,0.000500000000000007);
#269=CIRCLE('',#7856,0.0005);
#270=CIRCLE('',#7858,0.0005);
#271=CIRCLE('',#7861,0.0005);
#272=CIRCLE('',#7864,0.0005);
#273=CIRCLE('',#7867,0.0005);
#274=CIRCLE('',#7869,0.0005);
#275=CIRCLE('',#7872,0.0005);
#276=CIRCLE('',#7875,0.0005);
#277=CIRCLE('',#7878,0.000500000000000007);
#278=CIRCLE('',#7880,0.0005);
#279=CIRCLE('',#7883,0.0005);
#280=CIRCLE('',#7886,0.0005);
#281=CIRCLE('',#7889,0.0005);
#282=CIRCLE('',#7891,0.0005);
#283=CIRCLE('',#7894,0.0005);
#284=CIRCLE('',#7897,0.0005);
#285=CIRCLE('',#7900,0.0005);
#286=CIRCLE('',#7902,0.0005);
#287=CIRCLE('',#7905,0.0005);
#288=CIRCLE('',#7908,0.0005);
#289=CIRCLE('',#7911,0.0005);
#290=CIRCLE('',#7922,0.0017);
#291=CIRCLE('',#7924,0.0017);
#292=CIRCLE('',#7926,0.0017);
#293=CIRCLE('',#7928,0.0017);
#294=CIRCLE('',#7932,0.002);
#295=CIRCLE('',#7933,0.002);
#296=CIRCLE('',#7934,0.002);
#297=CIRCLE('',#7935,0.002);
#298=CIRCLE('',#7936,0.002);
#299=CIRCLE('',#7937,0.002);
#300=CIRCLE('',#7938,0.002);
#301=CIRCLE('',#7939,0.002);
#302=CIRCLE('',#7960,0.00066214424601916);
#303=CIRCLE('',#7961,0.00066214424601916);
#304=CIRCLE('',#7966,0.00112569299997359);
#305=CIRCLE('',#7970,0.00116340937576243);
#306=CIRCLE('',#7972,0.00128967852445214);
#307=CIRCLE('',#7984,0.00143446134129608);
#308=CIRCLE('',#7987,0.00123422029156668);
#309=CIRCLE('',#7994,0.000712586945149156);
#310=CIRCLE('',#7995,0.000712586945149156);
#311=CIRCLE('',#7997,0.000719864473298144);
#312=CIRCLE('',#7998,0.000719864473298144);
#313=CIRCLE('',#8001,0.0012400447191992);
#314=CIRCLE('',#8004,0.00127610524826143);
#315=CIRCLE('',#8006,0.00125492858096853);
#316=CIRCLE('',#8104,0.0023);
#317=CIRCLE('',#8106,0.0023);
#318=CIRCLE('',#8107,0.0023);
#319=CIRCLE('',#8108,0.0023);
#320=CIRCLE('',#8109,0.0023);
#321=CIRCLE('',#8111,0.0023);
#322=CIRCLE('',#8113,0.0023);
#323=CIRCLE('',#8115,0.0017);
#324=CIRCLE('',#8116,0.0023);
#325=CIRCLE('',#8118,0.0017);
#326=CIRCLE('',#8119,0.0023);
#327=CIRCLE('',#8121,0.0017);
#328=CIRCLE('',#8122,0.0023);
#329=CIRCLE('',#8124,0.0017);
#330=CIRCLE('',#8125,0.0023);
#331=CIRCLE('',#8134,0.0017);
#332=CIRCLE('',#8136,0.0017);
#333=CIRCLE('',#8138,0.0017);
#334=CIRCLE('',#8141,0.0017);
#335=CIRCLE('',#8143,0.002);
#336=CIRCLE('',#8144,0.002);
#337=CIRCLE('',#8145,0.002);
#338=CIRCLE('',#8146,0.002);
#339=CIRCLE('',#8152,0.0023);
#340=CIRCLE('',#8159,0.002);
#341=CIRCLE('',#8160,0.002);
#342=CIRCLE('',#8162,0.002);
#343=CIRCLE('',#8164,0.002);
#344=CIRCLE('',#8166,0.002);
#345=CIRCLE('',#8168,0.002);
#346=CIRCLE('',#8170,0.002);
#347=CIRCLE('',#8172,0.002);
#348=CIRCLE('',#8174,0.002);
#349=CIRCLE('',#8176,0.002);
#350=CIRCLE('',#8178,0.002);
#351=CIRCLE('',#8180,0.002);
#352=CIRCLE('',#8184,0.004999999678834);
#353=CIRCLE('',#8185,0.004999999678834);
#354=CIRCLE('',#8189,0.004999999678834);
#355=CIRCLE('',#8190,0.004999999678834);
#356=CIRCLE('',#8191,0.004999999678834);
#357=CIRCLE('',#8192,0.00085);
#358=CIRCLE('',#8193,0.002);
#359=CIRCLE('',#8194,0.00075);
#360=CIRCLE('',#8195,0.00085);
#361=CIRCLE('',#8196,0.00075);
#362=CIRCLE('',#8197,0.00085);
#363=CIRCLE('',#8198,0.00075);
#364=CIRCLE('',#8199,0.00085);
#365=CIRCLE('',#8200,0.002);
#366=CIRCLE('',#8201,0.00075);
#367=CIRCLE('',#8202,0.00085);
#368=CIRCLE('',#8203,0.00085);
#369=CIRCLE('',#8204,0.00075);
#370=CIRCLE('',#8205,0.002);
#371=CIRCLE('',#8206,0.00085);
#372=CIRCLE('',#8207,0.00075);
#373=CIRCLE('',#8208,0.00085);
#374=CIRCLE('',#8209,0.00075);
#375=CIRCLE('',#8210,0.002);
#376=CIRCLE('',#8211,0.00085);
#377=CIRCLE('',#8212,0.00075);
#378=CIRCLE('',#8213,0.002);
#379=CIRCLE('',#8214,0.00085);
#380=CIRCLE('',#8215,0.00085);
#381=CIRCLE('',#8216,0.00075);
#382=CIRCLE('',#8217,0.002);
#383=CIRCLE('',#8218,0.00085);
#384=CIRCLE('',#8219,0.00075);
#385=CIRCLE('',#8220,0.0005);
#386=CIRCLE('',#8221,0.0005);
#387=CIRCLE('',#8222,0.0005);
#388=CIRCLE('',#8223,0.0005);
#389=CIRCLE('',#8224,0.0005);
#390=CIRCLE('',#8225,0.0005);
#391=CIRCLE('',#8226,0.0005);
#392=CIRCLE('',#8227,0.0005);
#393=CIRCLE('',#8228,0.0005);
#394=CIRCLE('',#8229,0.0005);
#395=CIRCLE('',#8230,0.0005);
#396=CIRCLE('',#8231,0.0005);
#397=CIRCLE('',#8232,0.0005);
#398=CIRCLE('',#8233,0.0005);
#399=CIRCLE('',#8234,0.00075);
#400=CIRCLE('',#8235,0.00075);
#401=CIRCLE('',#8236,0.00075);
#402=CIRCLE('',#8237,0.00075);
#403=CIRCLE('',#8238,0.0005);
#404=CIRCLE('',#8239,0.0005);
#405=CIRCLE('',#8240,0.0005);
#406=CIRCLE('',#8241,0.0005);
#407=CIRCLE('',#8242,0.0005);
#408=CIRCLE('',#8243,0.00075);
#409=CIRCLE('',#8244,0.00075);
#410=CIRCLE('',#8246,0.004999999678834);
#411=CIRCLE('',#8247,0.004999999678834);
#412=CIRCLE('',#8248,0.004999999678834);
#413=CIRCLE('',#8249,0.00085);
#414=CIRCLE('',#8250,0.002);
#415=CIRCLE('',#8251,0.00075);
#416=CIRCLE('',#8252,0.00085);
#417=CIRCLE('',#8253,0.00075);
#418=CIRCLE('',#8254,0.00085);
#419=CIRCLE('',#8255,0.00075);
#420=CIRCLE('',#8256,0.00085);
#421=CIRCLE('',#8257,0.002);
#422=CIRCLE('',#8258,0.00075);
#423=CIRCLE('',#8259,0.00085);
#424=CIRCLE('',#8260,0.00085);
#425=CIRCLE('',#8261,0.00075);
#426=CIRCLE('',#8262,0.002);
#427=CIRCLE('',#8263,0.00085);
#428=CIRCLE('',#8264,0.00075);
#429=CIRCLE('',#8265,0.00085);
#430=CIRCLE('',#8266,0.00075);
#431=CIRCLE('',#8267,0.002);
#432=CIRCLE('',#8268,0.00085);
#433=CIRCLE('',#8269,0.00075);
#434=CIRCLE('',#8270,0.002);
#435=CIRCLE('',#8271,0.00085);
#436=CIRCLE('',#8272,0.00085);
#437=CIRCLE('',#8273,0.00075);
#438=CIRCLE('',#8274,0.002);
#439=CIRCLE('',#8275,0.00085);
#440=CIRCLE('',#8276,0.00075);
#441=CIRCLE('',#8277,0.0005);
#442=CIRCLE('',#8278,0.0005);
#443=CIRCLE('',#8279,0.0005);
#444=CIRCLE('',#8280,0.0005);
#445=CIRCLE('',#8281,0.0005);
#446=CIRCLE('',#8282,0.0005);
#447=CIRCLE('',#8283,0.0005);
#448=CIRCLE('',#8284,0.0005);
#449=CIRCLE('',#8285,0.0005);
#450=CIRCLE('',#8286,0.0005);
#451=CIRCLE('',#8287,0.0005);
#452=CIRCLE('',#8288,0.0005);
#453=CIRCLE('',#8289,0.0005);
#454=CIRCLE('',#8290,0.0005);
#455=CIRCLE('',#8291,0.00075);
#456=CIRCLE('',#8292,0.00075);
#457=CIRCLE('',#8293,0.00075);
#458=CIRCLE('',#8294,0.00075);
#459=CIRCLE('',#8295,0.0005);
#460=CIRCLE('',#8296,0.0005);
#461=CIRCLE('',#8297,0.0005);
#462=CIRCLE('',#8298,0.0005);
#463=CIRCLE('',#8299,0.0005);
#464=CIRCLE('',#8300,0.00075);
#465=CIRCLE('',#8301,0.00075);
#466=B_SPLINE_CURVE_WITH_KNOTS('',2,(#10188,#10189,#10190),
 .UNSPECIFIED.,.F.,.F.,(3,3),(0.,1.),.PIECEWISE_BEZIER_KNOTS.);
#467=B_SPLINE_CURVE_WITH_KNOTS('',2,(#10200,#10201,#10202),
 .UNSPECIFIED.,.F.,.F.,(3,3),(0.,1.),.PIECEWISE_BEZIER_KNOTS.);
#468=B_SPLINE_CURVE_WITH_KNOTS('',2,(#10204,#10205,#10206),
 .UNSPECIFIED.,.F.,.F.,(3,3),(0.,1.),.PIECEWISE_BEZIER_KNOTS.);
#469=B_SPLINE_CURVE_WITH_KNOTS('',2,(#10215,#10216,#10217),
 .UNSPECIFIED.,.F.,.F.,(3,3),(0.,1.),.PIECEWISE_BEZIER_KNOTS.);
#470=B_SPLINE_CURVE_WITH_KNOTS('',2,(#10220,#10221,#10222),
 .UNSPECIFIED.,.F.,.F.,(3,3),(0.,1.),.PIECEWISE_BEZIER_KNOTS.);
#471=B_SPLINE_CURVE_WITH_KNOTS('',2,(#10224,#10225,#10226),
 .UNSPECIFIED.,.F.,.F.,(3,3),(0.,1.),.PIECEWISE_BEZIER_KNOTS.);
#472=B_SPLINE_CURVE_WITH_KNOTS('',2,(#10238,#10239,#10240),
 .UNSPECIFIED.,.F.,.F.,(3,3),(0.,1.),.PIECEWISE_BEZIER_KNOTS.);
#473=B_SPLINE_CURVE_WITH_KNOTS('',2,(#10242,#10243,#10244),
 .UNSPECIFIED.,.F.,.F.,(3,3),(0.,1.),.PIECEWISE_BEZIER_KNOTS.);
#474=B_SPLINE_CURVE_WITH_KNOTS('',2,(#10246,#10247,#10248),
 .UNSPECIFIED.,.F.,.F.,(3,3),(0.,1.),.PIECEWISE_BEZIER_KNOTS.);
#475=B_SPLINE_CURVE_WITH_KNOTS('',2,(#10256,#10257,#10258),
 .UNSPECIFIED.,.F.,.F.,(3,3),(0.,1.),.PIECEWISE_BEZIER_KNOTS.);
#476=B_SPLINE_CURVE_WITH_KNOTS('',2,(#10260,#10261,#10262),
 .UNSPECIFIED.,.F.,.F.,(3,3),(0.,1.),.PIECEWISE_BEZIER_KNOTS.);
#477=B_SPLINE_CURVE_WITH_KNOTS('',2,(#10264,#10265,#10266),
 .UNSPECIFIED.,.F.,.F.,(3,3),(0.,1.),.PIECEWISE_BEZIER_KNOTS.);
#478=B_SPLINE_CURVE_WITH_KNOTS('',2,(#10270,#10271,#10272),
 .UNSPECIFIED.,.F.,.F.,(3,3),(0.,1.),.PIECEWISE_BEZIER_KNOTS.);
#479=B_SPLINE_CURVE_WITH_KNOTS('',2,(#10274,#10275,#10276),
 .UNSPECIFIED.,.F.,.F.,(3,3),(0.,1.),.PIECEWISE_BEZIER_KNOTS.);
#480=B_SPLINE_CURVE_WITH_KNOTS('',2,(#10278,#10279,#10280),
 .UNSPECIFIED.,.F.,.F.,(3,3),(0.,1.),.PIECEWISE_BEZIER_KNOTS.);
#481=B_SPLINE_CURVE_WITH_KNOTS('',2,(#10308,#10309,#10310),
 .UNSPECIFIED.,.F.,.F.,(3,3),(0.,1.),.PIECEWISE_BEZIER_KNOTS.);
#482=B_SPLINE_CURVE_WITH_KNOTS('',2,(#10312,#10313,#10314),
 .UNSPECIFIED.,.F.,.F.,(3,3),(0.,1.),.PIECEWISE_BEZIER_KNOTS.);
#483=B_SPLINE_CURVE_WITH_KNOTS('',2,(#10316,#10317,#10318),
 .UNSPECIFIED.,.F.,.F.,(3,3),(0.,1.),.PIECEWISE_BEZIER_KNOTS.);
#484=B_SPLINE_CURVE_WITH_KNOTS('',2,(#10320,#10321,#10322),
 .UNSPECIFIED.,.F.,.F.,(3,3),(0.,1.),.PIECEWISE_BEZIER_KNOTS.);
#485=B_SPLINE_CURVE_WITH_KNOTS('',2,(#10365,#10366,#10367),
 .UNSPECIFIED.,.F.,.F.,(3,3),(0.,1.),.PIECEWISE_BEZIER_KNOTS.);
#486=B_SPLINE_CURVE_WITH_KNOTS('',2,(#10370,#10371,#10372),
 .UNSPECIFIED.,.F.,.F.,(3,3),(0.,1.),.PIECEWISE_BEZIER_KNOTS.);
#487=B_SPLINE_CURVE_WITH_KNOTS('',2,(#10374,#10375,#10376),
 .UNSPECIFIED.,.F.,.F.,(3,3),(0.,1.),.PIECEWISE_BEZIER_KNOTS.);
#488=B_SPLINE_CURVE_WITH_KNOTS('',2,(#10378,#10379,#10380),
 .UNSPECIFIED.,.F.,.F.,(3,3),(0.,1.),.PIECEWISE_BEZIER_KNOTS.);
#489=B_SPLINE_CURVE_WITH_KNOTS('',2,(#10382,#10383,#10384),
 .UNSPECIFIED.,.F.,.F.,(3,3),(0.,1.),.PIECEWISE_BEZIER_KNOTS.);
#490=B_SPLINE_CURVE_WITH_KNOTS('',2,(#10386,#10387,#10388),
 .UNSPECIFIED.,.F.,.F.,(3,3),(0.,1.),.PIECEWISE_BEZIER_KNOTS.);
#491=B_SPLINE_CURVE_WITH_KNOTS('',2,(#10392,#10393,#10394),
 .UNSPECIFIED.,.F.,.F.,(3,3),(0.,1.),.PIECEWISE_BEZIER_KNOTS.);
#492=B_SPLINE_CURVE_WITH_KNOTS('',2,(#10396,#10397,#10398),
 .UNSPECIFIED.,.F.,.F.,(3,3),(0.,1.),.PIECEWISE_BEZIER_KNOTS.);
#493=B_SPLINE_CURVE_WITH_KNOTS('',2,(#10400,#10401,#10402),
 .UNSPECIFIED.,.F.,.F.,(3,3),(0.,1.),.PIECEWISE_BEZIER_KNOTS.);
#494=B_SPLINE_CURVE_WITH_KNOTS('',2,(#10404,#10405,#10406),
 .UNSPECIFIED.,.F.,.F.,(3,3),(0.,1.),.PIECEWISE_BEZIER_KNOTS.);
#495=B_SPLINE_CURVE_WITH_KNOTS('',2,(#10408,#10409,#10410),
 .UNSPECIFIED.,.F.,.F.,(3,3),(0.,1.),.PIECEWISE_BEZIER_KNOTS.);
#496=B_SPLINE_CURVE_WITH_KNOTS('',2,(#10412,#10413,#10414),
 .UNSPECIFIED.,.F.,.F.,(3,3),(0.,1.),.PIECEWISE_BEZIER_KNOTS.);
#497=B_SPLINE_CURVE_WITH_KNOTS('',2,(#10437,#10438,#10439),
 .UNSPECIFIED.,.F.,.F.,(3,3),(0.,1.),.PIECEWISE_BEZIER_KNOTS.);
#498=B_SPLINE_CURVE_WITH_KNOTS('',2,(#10446,#10447,#10448),
 .UNSPECIFIED.,.F.,.F.,(3,3),(0.,1.),.PIECEWISE_BEZIER_KNOTS.);
#499=B_SPLINE_CURVE_WITH_KNOTS('',2,(#10450,#10451,#10452),
 .UNSPECIFIED.,.F.,.F.,(3,3),(0.,1.),.PIECEWISE_BEZIER_KNOTS.);
#500=B_SPLINE_CURVE_WITH_KNOTS('',2,(#10456,#10457,#10458),
 .UNSPECIFIED.,.F.,.F.,(3,3),(0.,1.),.PIECEWISE_BEZIER_KNOTS.);
#501=B_SPLINE_CURVE_WITH_KNOTS('',2,(#10462,#10463,#10464),
 .UNSPECIFIED.,.F.,.F.,(3,3),(0.,1.),.PIECEWISE_BEZIER_KNOTS.);
#502=B_SPLINE_CURVE_WITH_KNOTS('',2,(#10466,#10467,#10468),
 .UNSPECIFIED.,.F.,.F.,(3,3),(0.,1.),.PIECEWISE_BEZIER_KNOTS.);
#503=B_SPLINE_CURVE_WITH_KNOTS('',2,(#10470,#10471,#10472),
 .UNSPECIFIED.,.F.,.F.,(3,3),(0.,1.),.PIECEWISE_BEZIER_KNOTS.);
#504=B_SPLINE_CURVE_WITH_KNOTS('',2,(#10486,#10487,#10488),
 .UNSPECIFIED.,.F.,.F.,(3,3),(0.,1.),.PIECEWISE_BEZIER_KNOTS.);
#505=B_SPLINE_CURVE_WITH_KNOTS('',2,(#10490,#10491,#10492),
 .UNSPECIFIED.,.F.,.F.,(3,3),(0.,1.),.PIECEWISE_BEZIER_KNOTS.);
#506=B_SPLINE_CURVE_WITH_KNOTS('',2,(#10500,#10501,#10502),
 .UNSPECIFIED.,.F.,.F.,(3,3),(0.,1.),.PIECEWISE_BEZIER_KNOTS.);
#507=B_SPLINE_CURVE_WITH_KNOTS('',2,(#10504,#10505,#10506),
 .UNSPECIFIED.,.F.,.F.,(3,3),(0.,1.),.PIECEWISE_BEZIER_KNOTS.);
#508=B_SPLINE_CURVE_WITH_KNOTS('',2,(#10519,#10520,#10521),
 .UNSPECIFIED.,.F.,.F.,(3,3),(0.,1.),.PIECEWISE_BEZIER_KNOTS.);
#509=B_SPLINE_CURVE_WITH_KNOTS('',2,(#10524,#10525,#10526),
 .UNSPECIFIED.,.F.,.F.,(3,3),(0.,1.),.PIECEWISE_BEZIER_KNOTS.);
#510=B_SPLINE_CURVE_WITH_KNOTS('',2,(#10530,#10531,#10532),
 .UNSPECIFIED.,.F.,.F.,(3,3),(0.,1.),.PIECEWISE_BEZIER_KNOTS.);
#511=B_SPLINE_CURVE_WITH_KNOTS('',2,(#10538,#10539,#10540),
 .UNSPECIFIED.,.F.,.F.,(3,3),(0.,1.),.PIECEWISE_BEZIER_KNOTS.);
#512=B_SPLINE_CURVE_WITH_KNOTS('',2,(#10542,#10543,#10544),
 .UNSPECIFIED.,.F.,.F.,(3,3),(0.,1.),.PIECEWISE_BEZIER_KNOTS.);
#513=B_SPLINE_CURVE_WITH_KNOTS('',2,(#10550,#10551,#10552),
 .UNSPECIFIED.,.F.,.F.,(3,3),(0.,1.),.PIECEWISE_BEZIER_KNOTS.);
#514=B_SPLINE_CURVE_WITH_KNOTS('',2,(#10554,#10555,#10556),
 .UNSPECIFIED.,.F.,.F.,(3,3),(0.,1.),.PIECEWISE_BEZIER_KNOTS.);
#515=B_SPLINE_CURVE_WITH_KNOTS('',2,(#10558,#10559,#10560),
 .UNSPECIFIED.,.F.,.F.,(3,3),(0.,1.),.PIECEWISE_BEZIER_KNOTS.);
#516=B_SPLINE_CURVE_WITH_KNOTS('',2,(#10566,#10567,#10568),
 .UNSPECIFIED.,.F.,.F.,(3,3),(0.,1.),.PIECEWISE_BEZIER_KNOTS.);
#517=B_SPLINE_CURVE_WITH_KNOTS('',2,(#11052,#11053,#11054),
 .UNSPECIFIED.,.F.,.F.,(3,3),(0.,1.),.PIECEWISE_BEZIER_KNOTS.);
#518=B_SPLINE_CURVE_WITH_KNOTS('',2,(#11058,#11059,#11060),
 .UNSPECIFIED.,.F.,.F.,(3,3),(0.,1.),.PIECEWISE_BEZIER_KNOTS.);
#519=B_SPLINE_CURVE_WITH_KNOTS('',2,(#11069,#11070,#11071),
 .UNSPECIFIED.,.F.,.F.,(3,3),(0.,1.),.PIECEWISE_BEZIER_KNOTS.);
#520=B_SPLINE_CURVE_WITH_KNOTS('',2,(#11075,#11076,#11077),
 .UNSPECIFIED.,.F.,.F.,(3,3),(0.,1.),.PIECEWISE_BEZIER_KNOTS.);
#521=B_SPLINE_CURVE_WITH_KNOTS('',2,(#11100,#11101,#11102),
 .UNSPECIFIED.,.F.,.F.,(3,3),(0.,1.),.PIECEWISE_BEZIER_KNOTS.);
#522=B_SPLINE_CURVE_WITH_KNOTS('',2,(#11115,#11116,#11117),
 .UNSPECIFIED.,.F.,.F.,(3,3),(0.,1.),.PIECEWISE_BEZIER_KNOTS.);
#523=B_SPLINE_CURVE_WITH_KNOTS('',2,(#11136,#11137,#11138),
 .UNSPECIFIED.,.F.,.F.,(3,3),(0.,1.),.PIECEWISE_BEZIER_KNOTS.);
#524=B_SPLINE_CURVE_WITH_KNOTS('',2,(#11149,#11150,#11151),
 .UNSPECIFIED.,.F.,.F.,(3,3),(0.,1.),.PIECEWISE_BEZIER_KNOTS.);
#525=B_SPLINE_CURVE_WITH_KNOTS('',2,(#11162,#11163,#11164),
 .UNSPECIFIED.,.F.,.F.,(3,3),(0.,1.),.PIECEWISE_BEZIER_KNOTS.);
#526=B_SPLINE_CURVE_WITH_KNOTS('',2,(#11183,#11184,#11185),
 .UNSPECIFIED.,.F.,.F.,(3,3),(0.,1.),.PIECEWISE_BEZIER_KNOTS.);
#527=B_SPLINE_CURVE_WITH_KNOTS('',2,(#11196,#11197,#11198),
 .UNSPECIFIED.,.F.,.F.,(3,3),(0.,1.),.PIECEWISE_BEZIER_KNOTS.);
#528=B_SPLINE_CURVE_WITH_KNOTS('',2,(#11217,#11218,#11219),
 .UNSPECIFIED.,.F.,.F.,(3,3),(0.,1.),.PIECEWISE_BEZIER_KNOTS.);
#529=B_SPLINE_CURVE_WITH_KNOTS('',2,(#11232,#11233,#11234),
 .UNSPECIFIED.,.F.,.F.,(3,3),(0.,1.),.PIECEWISE_BEZIER_KNOTS.);
#530=B_SPLINE_CURVE_WITH_KNOTS('',2,(#11243,#11244,#11245),
 .UNSPECIFIED.,.F.,.F.,(3,3),(0.,1.),.PIECEWISE_BEZIER_KNOTS.);
#531=B_SPLINE_CURVE_WITH_KNOTS('',2,(#11246,#11247,#11248),
 .UNSPECIFIED.,.F.,.F.,(3,3),(0.,1.),.PIECEWISE_BEZIER_KNOTS.);
#532=B_SPLINE_CURVE_WITH_KNOTS('',2,(#11291,#11292,#11293),
 .UNSPECIFIED.,.F.,.F.,(3,3),(0.,1.),.PIECEWISE_BEZIER_KNOTS.);
#533=B_SPLINE_CURVE_WITH_KNOTS('',2,(#11304,#11305,#11306),
 .UNSPECIFIED.,.F.,.F.,(3,3),(0.,1.),.PIECEWISE_BEZIER_KNOTS.);
#534=B_SPLINE_CURVE_WITH_KNOTS('',2,(#11329,#11330,#11331),
 .UNSPECIFIED.,.F.,.F.,(3,3),(0.,1.),.PIECEWISE_BEZIER_KNOTS.);
#535=B_SPLINE_CURVE_WITH_KNOTS('',2,(#11342,#11343,#11344),
 .UNSPECIFIED.,.F.,.F.,(3,3),(0.,1.),.PIECEWISE_BEZIER_KNOTS.);
#536=B_SPLINE_CURVE_WITH_KNOTS('',2,(#11368,#11369,#11370),
 .UNSPECIFIED.,.F.,.F.,(3,3),(0.,1.),.PIECEWISE_BEZIER_KNOTS.);
#537=B_SPLINE_CURVE_WITH_KNOTS('',2,(#11375,#11376,#11377),
 .UNSPECIFIED.,.F.,.F.,(3,3),(0.,1.),.PIECEWISE_BEZIER_KNOTS.);
#538=B_SPLINE_CURVE_WITH_KNOTS('',2,(#11388,#11389,#11390),
 .UNSPECIFIED.,.F.,.F.,(3,3),(0.,1.),.PIECEWISE_BEZIER_KNOTS.);
#539=B_SPLINE_CURVE_WITH_KNOTS('',2,(#11394,#11395,#11396),
 .UNSPECIFIED.,.F.,.F.,(3,3),(0.,1.),.PIECEWISE_BEZIER_KNOTS.);
#540=B_SPLINE_CURVE_WITH_KNOTS('',2,(#11417,#11418,#11419),
 .UNSPECIFIED.,.F.,.F.,(3,3),(0.,1.),.PIECEWISE_BEZIER_KNOTS.);
#541=B_SPLINE_CURVE_WITH_KNOTS('',2,(#11423,#11424,#11425),
 .UNSPECIFIED.,.F.,.F.,(3,3),(0.,1.),.PIECEWISE_BEZIER_KNOTS.);
#542=B_SPLINE_CURVE_WITH_KNOTS('',2,(#11434,#11435,#11436),
 .UNSPECIFIED.,.F.,.F.,(3,3),(0.,1.),.PIECEWISE_BEZIER_KNOTS.);
#543=B_SPLINE_CURVE_WITH_KNOTS('',2,(#11440,#11441,#11442),
 .UNSPECIFIED.,.F.,.F.,(3,3),(0.,1.),.PIECEWISE_BEZIER_KNOTS.);
#544=B_SPLINE_CURVE_WITH_KNOTS('',2,(#11451,#11452,#11453),
 .UNSPECIFIED.,.F.,.F.,(3,3),(0.,1.),.PIECEWISE_BEZIER_KNOTS.);
#545=B_SPLINE_CURVE_WITH_KNOTS('',2,(#11457,#11458,#11459),
 .UNSPECIFIED.,.F.,.F.,(3,3),(0.,1.),.PIECEWISE_BEZIER_KNOTS.);
#546=B_SPLINE_CURVE_WITH_KNOTS('',2,(#11470,#11471,#11472),
 .UNSPECIFIED.,.F.,.F.,(3,3),(0.,1.),.PIECEWISE_BEZIER_KNOTS.);
#547=B_SPLINE_CURVE_WITH_KNOTS('',2,(#11489,#11490,#11491),
 .UNSPECIFIED.,.F.,.F.,(3,3),(0.,1.),.PIECEWISE_BEZIER_KNOTS.);
#548=B_SPLINE_CURVE_WITH_KNOTS('',2,(#11502,#11503,#11504),
 .UNSPECIFIED.,.F.,.F.,(3,3),(0.,1.),.PIECEWISE_BEZIER_KNOTS.);
#549=B_SPLINE_CURVE_WITH_KNOTS('',2,(#11515,#11516,#11517),
 .UNSPECIFIED.,.F.,.F.,(3,3),(0.,1.),.PIECEWISE_BEZIER_KNOTS.);
#550=B_SPLINE_CURVE_WITH_KNOTS('',2,(#11532,#11533,#11534),
 .UNSPECIFIED.,.F.,.F.,(3,3),(0.,1.),.PIECEWISE_BEZIER_KNOTS.);
#551=B_SPLINE_CURVE_WITH_KNOTS('',2,(#11549,#11550,#11551),
 .UNSPECIFIED.,.F.,.F.,(3,3),(0.,1.),.PIECEWISE_BEZIER_KNOTS.);
#552=B_SPLINE_CURVE_WITH_KNOTS('',2,(#11562,#11563,#11564),
 .UNSPECIFIED.,.F.,.F.,(3,3),(0.,1.),.PIECEWISE_BEZIER_KNOTS.);
#553=B_SPLINE_CURVE_WITH_KNOTS('',2,(#11579,#11580,#11581),
 .UNSPECIFIED.,.F.,.F.,(3,3),(0.,1.),.PIECEWISE_BEZIER_KNOTS.);
#554=B_SPLINE_CURVE_WITH_KNOTS('',2,(#11582,#11583,#11584),
 .UNSPECIFIED.,.F.,.F.,(3,3),(0.,1.),.PIECEWISE_BEZIER_KNOTS.);
#555=B_SPLINE_CURVE_WITH_KNOTS('',2,(#11636,#11637,#11638),
 .UNSPECIFIED.,.F.,.F.,(3,3),(0.,1.),.PIECEWISE_BEZIER_KNOTS.);
#556=B_SPLINE_CURVE_WITH_KNOTS('',2,(#11643,#11644,#11645),
 .UNSPECIFIED.,.F.,.F.,(3,3),(0.,1.),.PIECEWISE_BEZIER_KNOTS.);
#557=B_SPLINE_CURVE_WITH_KNOTS('',2,(#11662,#11663,#11664),
 .UNSPECIFIED.,.F.,.F.,(3,3),(0.,1.),.PIECEWISE_BEZIER_KNOTS.);
#558=B_SPLINE_CURVE_WITH_KNOTS('',2,(#11668,#11669,#11670),
 .UNSPECIFIED.,.F.,.F.,(3,3),(0.,1.),.PIECEWISE_BEZIER_KNOTS.);
#559=B_SPLINE_CURVE_WITH_KNOTS('',2,(#11679,#11680,#11681),
 .UNSPECIFIED.,.F.,.F.,(3,3),(0.,1.),.PIECEWISE_BEZIER_KNOTS.);
#560=B_SPLINE_CURVE_WITH_KNOTS('',2,(#11685,#11686,#11687),
 .UNSPECIFIED.,.F.,.F.,(3,3),(0.,1.),.PIECEWISE_BEZIER_KNOTS.);
#561=B_SPLINE_CURVE_WITH_KNOTS('',2,(#11696,#11697,#11698),
 .UNSPECIFIED.,.F.,.F.,(3,3),(0.,1.),.PIECEWISE_BEZIER_KNOTS.);
#562=B_SPLINE_CURVE_WITH_KNOTS('',2,(#11702,#11703,#11704),
 .UNSPECIFIED.,.F.,.F.,(3,3),(0.,1.),.PIECEWISE_BEZIER_KNOTS.);
#563=B_SPLINE_CURVE_WITH_KNOTS('',2,(#11713,#11714,#11715),
 .UNSPECIFIED.,.F.,.F.,(3,3),(0.,1.),.PIECEWISE_BEZIER_KNOTS.);
#564=B_SPLINE_CURVE_WITH_KNOTS('',2,(#11719,#11720,#11721),
 .UNSPECIFIED.,.F.,.F.,(3,3),(0.,1.),.PIECEWISE_BEZIER_KNOTS.);
#565=B_SPLINE_CURVE_WITH_KNOTS('',2,(#11736,#11737,#11738),
 .UNSPECIFIED.,.F.,.F.,(3,3),(0.,1.),.PIECEWISE_BEZIER_KNOTS.);
#566=B_SPLINE_CURVE_WITH_KNOTS('',2,(#11742,#11743,#11744),
 .UNSPECIFIED.,.F.,.F.,(3,3),(0.,1.),.PIECEWISE_BEZIER_KNOTS.);
#567=B_SPLINE_CURVE_WITH_KNOTS('',2,(#11753,#11754,#11755),
 .UNSPECIFIED.,.F.,.F.,(3,3),(0.,1.),.PIECEWISE_BEZIER_KNOTS.);
#568=B_SPLINE_CURVE_WITH_KNOTS('',2,(#11759,#11760,#11761),
 .UNSPECIFIED.,.F.,.F.,(3,3),(0.,1.),.PIECEWISE_BEZIER_KNOTS.);
#569=B_SPLINE_CURVE_WITH_KNOTS('',2,(#11772,#11773,#11774),
 .UNSPECIFIED.,.F.,.F.,(3,3),(0.,1.),.PIECEWISE_BEZIER_KNOTS.);
#570=B_SPLINE_CURVE_WITH_KNOTS('',2,(#11791,#11792,#11793),
 .UNSPECIFIED.,.F.,.F.,(3,3),(0.,1.),.PIECEWISE_BEZIER_KNOTS.);
#571=B_SPLINE_CURVE_WITH_KNOTS('',2,(#11804,#11805,#11806),
 .UNSPECIFIED.,.F.,.F.,(3,3),(0.,1.),.PIECEWISE_BEZIER_KNOTS.);
#572=B_SPLINE_CURVE_WITH_KNOTS('',2,(#11817,#11818,#11819),
 .UNSPECIFIED.,.F.,.F.,(3,3),(0.,1.),.PIECEWISE_BEZIER_KNOTS.);
#573=B_SPLINE_CURVE_WITH_KNOTS('',2,(#11830,#11831,#11832),
 .UNSPECIFIED.,.F.,.F.,(3,3),(0.,1.),.PIECEWISE_BEZIER_KNOTS.);
#574=B_SPLINE_CURVE_WITH_KNOTS('',2,(#11843,#11844,#11845),
 .UNSPECIFIED.,.F.,.F.,(3,3),(0.,1.),.PIECEWISE_BEZIER_KNOTS.);
#575=B_SPLINE_CURVE_WITH_KNOTS('',2,(#11856,#11857,#11858),
 .UNSPECIFIED.,.F.,.F.,(3,3),(0.,1.),.PIECEWISE_BEZIER_KNOTS.);
#576=B_SPLINE_CURVE_WITH_KNOTS('',2,(#11873,#11874,#11875),
 .UNSPECIFIED.,.F.,.F.,(3,3),(0.,1.),.PIECEWISE_BEZIER_KNOTS.);
#577=B_SPLINE_CURVE_WITH_KNOTS('',2,(#11886,#11887,#11888),
 .UNSPECIFIED.,.F.,.F.,(3,3),(0.,1.),.PIECEWISE_BEZIER_KNOTS.);
#578=B_SPLINE_CURVE_WITH_KNOTS('',2,(#11899,#11900,#11901),
 .UNSPECIFIED.,.F.,.F.,(3,3),(0.,1.),.PIECEWISE_BEZIER_KNOTS.);
#579=B_SPLINE_CURVE_WITH_KNOTS('',2,(#11912,#11913,#11914),
 .UNSPECIFIED.,.F.,.F.,(3,3),(0.,1.),.PIECEWISE_BEZIER_KNOTS.);
#580=B_SPLINE_CURVE_WITH_KNOTS('',2,(#11923,#11924,#11925),
 .UNSPECIFIED.,.F.,.F.,(3,3),(0.,1.),.PIECEWISE_BEZIER_KNOTS.);
#581=B_SPLINE_CURVE_WITH_KNOTS('',2,(#11934,#11935,#11936),
 .UNSPECIFIED.,.F.,.F.,(3,3),(0.,1.),.PIECEWISE_BEZIER_KNOTS.);
#582=B_SPLINE_CURVE_WITH_KNOTS('',2,(#11937,#11938,#11939),
 .UNSPECIFIED.,.F.,.F.,(3,3),(0.,1.),.PIECEWISE_BEZIER_KNOTS.);
#583=B_SPLINE_CURVE_WITH_KNOTS('',2,(#12053,#12054,#12055),
 .UNSPECIFIED.,.F.,.F.,(3,3),(0.,1.),.PIECEWISE_BEZIER_KNOTS.);
#584=B_SPLINE_CURVE_WITH_KNOTS('',2,(#12059,#12060,#12061),
 .UNSPECIFIED.,.F.,.F.,(3,3),(0.,1.),.PIECEWISE_BEZIER_KNOTS.);
#585=B_SPLINE_CURVE_WITH_KNOTS('',2,(#12070,#12071,#12072),
 .UNSPECIFIED.,.F.,.F.,(3,3),(0.,1.),.PIECEWISE_BEZIER_KNOTS.);
#586=B_SPLINE_CURVE_WITH_KNOTS('',2,(#12076,#12077,#12078),
 .UNSPECIFIED.,.F.,.F.,(3,3),(0.,1.),.PIECEWISE_BEZIER_KNOTS.);
#587=B_SPLINE_CURVE_WITH_KNOTS('',2,(#12087,#12088,#12089),
 .UNSPECIFIED.,.F.,.F.,(3,3),(0.,1.),.PIECEWISE_BEZIER_KNOTS.);
#588=B_SPLINE_CURVE_WITH_KNOTS('',2,(#12093,#12094,#12095),
 .UNSPECIFIED.,.F.,.F.,(3,3),(0.,1.),.PIECEWISE_BEZIER_KNOTS.);
#589=B_SPLINE_CURVE_WITH_KNOTS('',2,(#12116,#12117,#12118),
 .UNSPECIFIED.,.F.,.F.,(3,3),(0.,1.),.PIECEWISE_BEZIER_KNOTS.);
#590=B_SPLINE_CURVE_WITH_KNOTS('',2,(#12129,#12130,#12131),
 .UNSPECIFIED.,.F.,.F.,(3,3),(0.,1.),.PIECEWISE_BEZIER_KNOTS.);
#591=B_SPLINE_CURVE_WITH_KNOTS('',2,(#12142,#12143,#12144),
 .UNSPECIFIED.,.F.,.F.,(3,3),(0.,1.),.PIECEWISE_BEZIER_KNOTS.);
#592=B_SPLINE_CURVE_WITH_KNOTS('',2,(#12155,#12156,#12157),
 .UNSPECIFIED.,.F.,.F.,(3,3),(0.,1.),.PIECEWISE_BEZIER_KNOTS.);
#593=B_SPLINE_CURVE_WITH_KNOTS('',2,(#12176,#12177,#12178),
 .UNSPECIFIED.,.F.,.F.,(3,3),(0.,1.),.PIECEWISE_BEZIER_KNOTS.);
#594=B_SPLINE_CURVE_WITH_KNOTS('',2,(#12179,#12180,#12181),
 .UNSPECIFIED.,.F.,.F.,(3,3),(0.,1.),.PIECEWISE_BEZIER_KNOTS.);
#595=B_SPLINE_CURVE_WITH_KNOTS('',2,(#12259,#12260,#12261),
 .UNSPECIFIED.,.F.,.F.,(3,3),(0.,1.),.PIECEWISE_BEZIER_KNOTS.);
#596=B_SPLINE_CURVE_WITH_KNOTS('',2,(#12265,#12266,#12267),
 .UNSPECIFIED.,.F.,.F.,(3,3),(0.,1.),.PIECEWISE_BEZIER_KNOTS.);
#597=B_SPLINE_CURVE_WITH_KNOTS('',2,(#12276,#12277,#12278),
 .UNSPECIFIED.,.F.,.F.,(3,3),(0.,1.),.PIECEWISE_BEZIER_KNOTS.);
#598=B_SPLINE_CURVE_WITH_KNOTS('',2,(#12282,#12283,#12284),
 .UNSPECIFIED.,.F.,.F.,(3,3),(0.,1.),.PIECEWISE_BEZIER_KNOTS.);
#599=B_SPLINE_CURVE_WITH_KNOTS('',2,(#12299,#12300,#12301),
 .UNSPECIFIED.,.F.,.F.,(3,3),(0.,1.),.PIECEWISE_BEZIER_KNOTS.);
#600=B_SPLINE_CURVE_WITH_KNOTS('',2,(#12305,#12306,#12307),
 .UNSPECIFIED.,.F.,.F.,(3,3),(0.,1.),.PIECEWISE_BEZIER_KNOTS.);
#601=B_SPLINE_CURVE_WITH_KNOTS('',2,(#12316,#12317,#12318),
 .UNSPECIFIED.,.F.,.F.,(3,3),(0.,1.),.PIECEWISE_BEZIER_KNOTS.);
#602=B_SPLINE_CURVE_WITH_KNOTS('',2,(#12322,#12323,#12324),
 .UNSPECIFIED.,.F.,.F.,(3,3),(0.,1.),.PIECEWISE_BEZIER_KNOTS.);
#603=B_SPLINE_CURVE_WITH_KNOTS('',2,(#12345,#12346,#12347),
 .UNSPECIFIED.,.F.,.F.,(3,3),(0.,1.),.PIECEWISE_BEZIER_KNOTS.);
#604=B_SPLINE_CURVE_WITH_KNOTS('',2,(#12358,#12359,#12360),
 .UNSPECIFIED.,.F.,.F.,(3,3),(0.,1.),.PIECEWISE_BEZIER_KNOTS.);
#605=B_SPLINE_CURVE_WITH_KNOTS('',2,(#12371,#12372,#12373),
 .UNSPECIFIED.,.F.,.F.,(3,3),(0.,1.),.PIECEWISE_BEZIER_KNOTS.);
#606=B_SPLINE_CURVE_WITH_KNOTS('',2,(#12388,#12389,#12390),
 .UNSPECIFIED.,.F.,.F.,(3,3),(0.,1.),.PIECEWISE_BEZIER_KNOTS.);
#607=B_SPLINE_CURVE_WITH_KNOTS('',2,(#12401,#12402,#12403),
 .UNSPECIFIED.,.F.,.F.,(3,3),(0.,1.),.PIECEWISE_BEZIER_KNOTS.);
#608=B_SPLINE_CURVE_WITH_KNOTS('',2,(#12414,#12415,#12416),
 .UNSPECIFIED.,.F.,.F.,(3,3),(0.,1.),.PIECEWISE_BEZIER_KNOTS.);
#609=B_SPLINE_CURVE_WITH_KNOTS('',2,(#12432,#12433,#12434),
 .UNSPECIFIED.,.F.,.F.,(3,3),(0.,1.),.PIECEWISE_BEZIER_KNOTS.);
#610=B_SPLINE_CURVE_WITH_KNOTS('',2,(#12439,#12440,#12441),
 .UNSPECIFIED.,.F.,.F.,(3,3),(0.,1.),.PIECEWISE_BEZIER_KNOTS.);
#611=B_SPLINE_CURVE_WITH_KNOTS('',2,(#12452,#12453,#12454),
 .UNSPECIFIED.,.F.,.F.,(3,3),(0.,1.),.PIECEWISE_BEZIER_KNOTS.);
#612=B_SPLINE_CURVE_WITH_KNOTS('',2,(#12458,#12459,#12460),
 .UNSPECIFIED.,.F.,.F.,(3,3),(0.,1.),.PIECEWISE_BEZIER_KNOTS.);
#613=B_SPLINE_CURVE_WITH_KNOTS('',2,(#12469,#12470,#12471),
 .UNSPECIFIED.,.F.,.F.,(3,3),(0.,1.),.PIECEWISE_BEZIER_KNOTS.);
#614=B_SPLINE_CURVE_WITH_KNOTS('',2,(#12475,#12476,#12477),
 .UNSPECIFIED.,.F.,.F.,(3,3),(0.,1.),.PIECEWISE_BEZIER_KNOTS.);
#615=B_SPLINE_CURVE_WITH_KNOTS('',2,(#12486,#12487,#12488),
 .UNSPECIFIED.,.F.,.F.,(3,3),(0.,1.),.PIECEWISE_BEZIER_KNOTS.);
#616=B_SPLINE_CURVE_WITH_KNOTS('',2,(#12492,#12493,#12494),
 .UNSPECIFIED.,.F.,.F.,(3,3),(0.,1.),.PIECEWISE_BEZIER_KNOTS.);
#617=B_SPLINE_CURVE_WITH_KNOTS('',2,(#12509,#12510,#12511),
 .UNSPECIFIED.,.F.,.F.,(3,3),(0.,1.),.PIECEWISE_BEZIER_KNOTS.);
#618=B_SPLINE_CURVE_WITH_KNOTS('',2,(#12515,#12516,#12517),
 .UNSPECIFIED.,.F.,.F.,(3,3),(0.,1.),.PIECEWISE_BEZIER_KNOTS.);
#619=B_SPLINE_CURVE_WITH_KNOTS('',2,(#12528,#12529,#12530),
 .UNSPECIFIED.,.F.,.F.,(3,3),(0.,1.),.PIECEWISE_BEZIER_KNOTS.);
#620=B_SPLINE_CURVE_WITH_KNOTS('',2,(#12547,#12548,#12549),
 .UNSPECIFIED.,.F.,.F.,(3,3),(0.,1.),.PIECEWISE_BEZIER_KNOTS.);
#621=B_SPLINE_CURVE_WITH_KNOTS('',2,(#12560,#12561,#12562),
 .UNSPECIFIED.,.F.,.F.,(3,3),(0.,1.),.PIECEWISE_BEZIER_KNOTS.);
#622=B_SPLINE_CURVE_WITH_KNOTS('',2,(#12573,#12574,#12575),
 .UNSPECIFIED.,.F.,.F.,(3,3),(0.,1.),.PIECEWISE_BEZIER_KNOTS.);
#623=B_SPLINE_CURVE_WITH_KNOTS('',2,(#12606,#12607,#12608),
 .UNSPECIFIED.,.F.,.F.,(3,3),(0.,1.),.PIECEWISE_BEZIER_KNOTS.);
#624=B_SPLINE_CURVE_WITH_KNOTS('',2,(#12617,#12618,#12619),
 .UNSPECIFIED.,.F.,.F.,(3,3),(0.,1.),.PIECEWISE_BEZIER_KNOTS.);
#625=B_SPLINE_CURVE_WITH_KNOTS('',2,(#12628,#12629,#12630),
 .UNSPECIFIED.,.F.,.F.,(3,3),(0.,1.),.PIECEWISE_BEZIER_KNOTS.);
#626=B_SPLINE_CURVE_WITH_KNOTS('',2,(#12631,#12632,#12633),
 .UNSPECIFIED.,.F.,.F.,(3,3),(0.,1.),.PIECEWISE_BEZIER_KNOTS.);
#627=B_SPLINE_CURVE_WITH_KNOTS('',2,(#12668,#12669,#12670),
 .UNSPECIFIED.,.F.,.F.,(3,3),(0.,1.),.PIECEWISE_BEZIER_KNOTS.);
#628=B_SPLINE_CURVE_WITH_KNOTS('',2,(#12681,#12682,#12683),
 .UNSPECIFIED.,.F.,.F.,(3,3),(0.,1.),.PIECEWISE_BEZIER_KNOTS.);
#629=B_SPLINE_CURVE_WITH_KNOTS('',2,(#12710,#12711,#12712),
 .UNSPECIFIED.,.F.,.F.,(3,3),(0.,1.),.PIECEWISE_BEZIER_KNOTS.);
#630=B_SPLINE_CURVE_WITH_KNOTS('',3,(#12888,#12889,#12890,#12891,#12892),
 .UNSPECIFIED.,.F.,.F.,(4,1,4),(0.,0.00118316061051222,0.00236632122102444),
 .UNSPECIFIED.);
#631=B_SPLINE_CURVE_WITH_KNOTS('',3,(#12893,#12894,#12895,#12896,#12897),
 .UNSPECIFIED.,.F.,.F.,(4,1,4),(0.,0.00118316061051222,0.00236632122102443),
 .UNSPECIFIED.);
#632=B_SPLINE_CURVE_WITH_KNOTS('',3,(#12899,#12900,#12901,#12902,#12903),
 .UNSPECIFIED.,.F.,.F.,(4,1,4),(0.,0.00118316061051222,0.00236632122102444),
 .UNSPECIFIED.);
#633=B_SPLINE_CURVE_WITH_KNOTS('',3,(#12904,#12905,#12906,#12907,#12908),
 .UNSPECIFIED.,.F.,.F.,(4,1,4),(0.,0.00118316061051222,0.00236632122102443),
 .UNSPECIFIED.);
#634=B_SPLINE_CURVE_WITH_KNOTS('',3,(#12910,#12911,#12912,#12913,#12914),
 .UNSPECIFIED.,.F.,.F.,(4,1,4),(0.,0.00118316061051222,0.00236632122102443),
 .UNSPECIFIED.);
#635=B_SPLINE_CURVE_WITH_KNOTS('',3,(#12915,#12916,#12917,#12918,#12919),
 .UNSPECIFIED.,.F.,.F.,(4,1,4),(0.,0.00118316061051222,0.00236632122102443),
 .UNSPECIFIED.);
#636=B_SPLINE_CURVE_WITH_KNOTS('',3,(#12921,#12922,#12923,#12924,#12925),
 .UNSPECIFIED.,.F.,.F.,(4,1,4),(0.,0.00118316061051222,0.00236632122102443),
 .UNSPECIFIED.);
#637=B_SPLINE_CURVE_WITH_KNOTS('',3,(#12926,#12927,#12928,#12929,#12930),
 .UNSPECIFIED.,.F.,.F.,(4,1,4),(0.,0.00118316061051222,0.00236632122102443),
 .UNSPECIFIED.);
#638=ORIENTED_EDGE('',*,*,#2832,.T.);
#639=ORIENTED_EDGE('',*,*,#2833,.T.);
#640=ORIENTED_EDGE('',*,*,#2834,.T.);
#641=ORIENTED_EDGE('',*,*,#2835,.T.);
#642=ORIENTED_EDGE('',*,*,#2836,.T.);
#643=ORIENTED_EDGE('',*,*,#2837,.T.);
#644=ORIENTED_EDGE('',*,*,#2838,.T.);
#645=ORIENTED_EDGE('',*,*,#2839,.T.);
#646=ORIENTED_EDGE('',*,*,#2840,.T.);
#647=ORIENTED_EDGE('',*,*,#2841,.T.);
#648=ORIENTED_EDGE('',*,*,#2842,.T.);
#649=ORIENTED_EDGE('',*,*,#2843,.T.);
#650=ORIENTED_EDGE('',*,*,#2844,.T.);
#651=ORIENTED_EDGE('',*,*,#2845,.T.);
#652=ORIENTED_EDGE('',*,*,#2846,.T.);
#653=ORIENTED_EDGE('',*,*,#2847,.T.);
#654=ORIENTED_EDGE('',*,*,#2848,.T.);
#655=ORIENTED_EDGE('',*,*,#2849,.T.);
#656=ORIENTED_EDGE('',*,*,#2850,.T.);
#657=ORIENTED_EDGE('',*,*,#2851,.T.);
#658=ORIENTED_EDGE('',*,*,#2852,.T.);
#659=ORIENTED_EDGE('',*,*,#2853,.T.);
#660=ORIENTED_EDGE('',*,*,#2854,.T.);
#661=ORIENTED_EDGE('',*,*,#2855,.T.);
#662=ORIENTED_EDGE('',*,*,#2856,.T.);
#663=ORIENTED_EDGE('',*,*,#2857,.T.);
#664=ORIENTED_EDGE('',*,*,#2858,.T.);
#665=ORIENTED_EDGE('',*,*,#2859,.T.);
#666=ORIENTED_EDGE('',*,*,#2860,.T.);
#667=ORIENTED_EDGE('',*,*,#2861,.T.);
#668=ORIENTED_EDGE('',*,*,#2862,.T.);
#669=ORIENTED_EDGE('',*,*,#2863,.T.);
#670=ORIENTED_EDGE('',*,*,#2864,.T.);
#671=ORIENTED_EDGE('',*,*,#2865,.T.);
#672=ORIENTED_EDGE('',*,*,#2866,.T.);
#673=ORIENTED_EDGE('',*,*,#2867,.T.);
#674=ORIENTED_EDGE('',*,*,#2868,.T.);
#675=ORIENTED_EDGE('',*,*,#2869,.T.);
#676=ORIENTED_EDGE('',*,*,#2870,.T.);
#677=ORIENTED_EDGE('',*,*,#2871,.T.);
#678=ORIENTED_EDGE('',*,*,#2872,.T.);
#679=ORIENTED_EDGE('',*,*,#2873,.T.);
#680=ORIENTED_EDGE('',*,*,#2874,.T.);
#681=ORIENTED_EDGE('',*,*,#2875,.T.);
#682=ORIENTED_EDGE('',*,*,#2876,.T.);
#683=ORIENTED_EDGE('',*,*,#2877,.T.);
#684=ORIENTED_EDGE('',*,*,#2878,.T.);
#685=ORIENTED_EDGE('',*,*,#2879,.T.);
#686=ORIENTED_EDGE('',*,*,#2880,.T.);
#687=ORIENTED_EDGE('',*,*,#2881,.T.);
#688=ORIENTED_EDGE('',*,*,#2882,.T.);
#689=ORIENTED_EDGE('',*,*,#2883,.T.);
#690=ORIENTED_EDGE('',*,*,#2884,.T.);
#691=ORIENTED_EDGE('',*,*,#2885,.T.);
#692=ORIENTED_EDGE('',*,*,#2886,.T.);
#693=ORIENTED_EDGE('',*,*,#2887,.T.);
#694=ORIENTED_EDGE('',*,*,#2888,.T.);
#695=ORIENTED_EDGE('',*,*,#2889,.T.);
#696=ORIENTED_EDGE('',*,*,#2890,.T.);
#697=ORIENTED_EDGE('',*,*,#2891,.T.);
#698=ORIENTED_EDGE('',*,*,#2892,.T.);
#699=ORIENTED_EDGE('',*,*,#2893,.T.);
#700=ORIENTED_EDGE('',*,*,#2894,.T.);
#701=ORIENTED_EDGE('',*,*,#2895,.T.);
#702=ORIENTED_EDGE('',*,*,#2896,.T.);
#703=ORIENTED_EDGE('',*,*,#2897,.T.);
#704=ORIENTED_EDGE('',*,*,#2898,.T.);
#705=ORIENTED_EDGE('',*,*,#2899,.T.);
#706=ORIENTED_EDGE('',*,*,#2900,.T.);
#707=ORIENTED_EDGE('',*,*,#2901,.T.);
#708=ORIENTED_EDGE('',*,*,#2902,.T.);
#709=ORIENTED_EDGE('',*,*,#2903,.T.);
#710=ORIENTED_EDGE('',*,*,#2904,.T.);
#711=ORIENTED_EDGE('',*,*,#2905,.T.);
#712=ORIENTED_EDGE('',*,*,#2906,.T.);
#713=ORIENTED_EDGE('',*,*,#2907,.T.);
#714=ORIENTED_EDGE('',*,*,#2908,.T.);
#715=ORIENTED_EDGE('',*,*,#2909,.T.);
#716=ORIENTED_EDGE('',*,*,#2910,.T.);
#717=ORIENTED_EDGE('',*,*,#2911,.T.);
#718=ORIENTED_EDGE('',*,*,#2912,.T.);
#719=ORIENTED_EDGE('',*,*,#2913,.T.);
#720=ORIENTED_EDGE('',*,*,#2914,.T.);
#721=ORIENTED_EDGE('',*,*,#2915,.T.);
#722=ORIENTED_EDGE('',*,*,#2916,.T.);
#723=ORIENTED_EDGE('',*,*,#2917,.T.);
#724=ORIENTED_EDGE('',*,*,#2918,.T.);
#725=ORIENTED_EDGE('',*,*,#2919,.T.);
#726=ORIENTED_EDGE('',*,*,#2920,.T.);
#727=ORIENTED_EDGE('',*,*,#2921,.T.);
#728=ORIENTED_EDGE('',*,*,#2922,.T.);
#729=ORIENTED_EDGE('',*,*,#2923,.T.);
#730=ORIENTED_EDGE('',*,*,#2924,.T.);
#731=ORIENTED_EDGE('',*,*,#2925,.T.);
#732=ORIENTED_EDGE('',*,*,#2926,.T.);
#733=ORIENTED_EDGE('',*,*,#2927,.T.);
#734=ORIENTED_EDGE('',*,*,#2928,.T.);
#735=ORIENTED_EDGE('',*,*,#2929,.T.);
#736=ORIENTED_EDGE('',*,*,#2930,.T.);
#737=ORIENTED_EDGE('',*,*,#2931,.T.);
#738=ORIENTED_EDGE('',*,*,#2932,.T.);
#739=ORIENTED_EDGE('',*,*,#2933,.T.);
#740=ORIENTED_EDGE('',*,*,#2934,.T.);
#741=ORIENTED_EDGE('',*,*,#2935,.T.);
#742=ORIENTED_EDGE('',*,*,#2936,.T.);
#743=ORIENTED_EDGE('',*,*,#2937,.T.);
#744=ORIENTED_EDGE('',*,*,#2938,.T.);
#745=ORIENTED_EDGE('',*,*,#2939,.T.);
#746=ORIENTED_EDGE('',*,*,#2940,.T.);
#747=ORIENTED_EDGE('',*,*,#2941,.T.);
#748=ORIENTED_EDGE('',*,*,#2942,.T.);
#749=ORIENTED_EDGE('',*,*,#2943,.T.);
#750=ORIENTED_EDGE('',*,*,#2944,.T.);
#751=ORIENTED_EDGE('',*,*,#2945,.T.);
#752=ORIENTED_EDGE('',*,*,#2946,.T.);
#753=ORIENTED_EDGE('',*,*,#2947,.T.);
#754=ORIENTED_EDGE('',*,*,#2948,.T.);
#755=ORIENTED_EDGE('',*,*,#2949,.T.);
#756=ORIENTED_EDGE('',*,*,#2950,.T.);
#757=ORIENTED_EDGE('',*,*,#2951,.T.);
#758=ORIENTED_EDGE('',*,*,#2952,.T.);
#759=ORIENTED_EDGE('',*,*,#2953,.T.);
#760=ORIENTED_EDGE('',*,*,#2954,.T.);
#761=ORIENTED_EDGE('',*,*,#2955,.T.);
#762=ORIENTED_EDGE('',*,*,#2956,.T.);
#763=ORIENTED_EDGE('',*,*,#2957,.T.);
#764=ORIENTED_EDGE('',*,*,#2958,.T.);
#765=ORIENTED_EDGE('',*,*,#2959,.T.);
#766=ORIENTED_EDGE('',*,*,#2960,.T.);
#767=ORIENTED_EDGE('',*,*,#2961,.T.);
#768=ORIENTED_EDGE('',*,*,#2962,.T.);
#769=ORIENTED_EDGE('',*,*,#2963,.T.);
#770=ORIENTED_EDGE('',*,*,#2964,.T.);
#771=ORIENTED_EDGE('',*,*,#2965,.T.);
#772=ORIENTED_EDGE('',*,*,#2966,.T.);
#773=ORIENTED_EDGE('',*,*,#2967,.T.);
#774=ORIENTED_EDGE('',*,*,#2968,.T.);
#775=ORIENTED_EDGE('',*,*,#2969,.T.);
#776=ORIENTED_EDGE('',*,*,#2970,.T.);
#777=ORIENTED_EDGE('',*,*,#2971,.T.);
#778=ORIENTED_EDGE('',*,*,#2972,.T.);
#779=ORIENTED_EDGE('',*,*,#2973,.T.);
#780=ORIENTED_EDGE('',*,*,#2974,.T.);
#781=ORIENTED_EDGE('',*,*,#2975,.T.);
#782=ORIENTED_EDGE('',*,*,#2976,.T.);
#783=ORIENTED_EDGE('',*,*,#2977,.T.);
#784=ORIENTED_EDGE('',*,*,#2978,.T.);
#785=ORIENTED_EDGE('',*,*,#2979,.T.);
#786=ORIENTED_EDGE('',*,*,#2980,.T.);
#787=ORIENTED_EDGE('',*,*,#2981,.T.);
#788=ORIENTED_EDGE('',*,*,#2982,.T.);
#789=ORIENTED_EDGE('',*,*,#2983,.T.);
#790=ORIENTED_EDGE('',*,*,#2984,.T.);
#791=ORIENTED_EDGE('',*,*,#2985,.T.);
#792=ORIENTED_EDGE('',*,*,#2986,.T.);
#793=ORIENTED_EDGE('',*,*,#2987,.T.);
#794=ORIENTED_EDGE('',*,*,#2988,.T.);
#795=ORIENTED_EDGE('',*,*,#2989,.F.);
#796=ORIENTED_EDGE('',*,*,#2990,.T.);
#797=ORIENTED_EDGE('',*,*,#2991,.F.);
#798=ORIENTED_EDGE('',*,*,#2992,.T.);
#799=ORIENTED_EDGE('',*,*,#2993,.F.);
#800=ORIENTED_EDGE('',*,*,#2994,.F.);
#801=ORIENTED_EDGE('',*,*,#2995,.F.);
#802=ORIENTED_EDGE('',*,*,#2996,.F.);
#803=ORIENTED_EDGE('',*,*,#2997,.F.);
#804=ORIENTED_EDGE('',*,*,#2998,.T.);
#805=ORIENTED_EDGE('',*,*,#2999,.F.);
#806=ORIENTED_EDGE('',*,*,#3000,.T.);
#807=ORIENTED_EDGE('',*,*,#3001,.F.);
#808=ORIENTED_EDGE('',*,*,#3002,.F.);
#809=ORIENTED_EDGE('',*,*,#3003,.F.);
#810=ORIENTED_EDGE('',*,*,#3004,.F.);
#811=ORIENTED_EDGE('',*,*,#3005,.F.);
#812=ORIENTED_EDGE('',*,*,#3006,.T.);
#813=ORIENTED_EDGE('',*,*,#3007,.F.);
#814=ORIENTED_EDGE('',*,*,#3008,.T.);
#815=ORIENTED_EDGE('',*,*,#3009,.F.);
#816=ORIENTED_EDGE('',*,*,#3010,.F.);
#817=ORIENTED_EDGE('',*,*,#3011,.F.);
#818=ORIENTED_EDGE('',*,*,#3012,.F.);
#819=ORIENTED_EDGE('',*,*,#3013,.F.);
#820=ORIENTED_EDGE('',*,*,#3014,.T.);
#821=ORIENTED_EDGE('',*,*,#3015,.F.);
#822=ORIENTED_EDGE('',*,*,#3016,.T.);
#823=ORIENTED_EDGE('',*,*,#3017,.F.);
#824=ORIENTED_EDGE('',*,*,#3018,.F.);
#825=ORIENTED_EDGE('',*,*,#3019,.F.);
#826=ORIENTED_EDGE('',*,*,#3020,.F.);
#827=ORIENTED_EDGE('',*,*,#3021,.F.);
#828=ORIENTED_EDGE('',*,*,#3022,.T.);
#829=ORIENTED_EDGE('',*,*,#3023,.F.);
#830=ORIENTED_EDGE('',*,*,#3024,.T.);
#831=ORIENTED_EDGE('',*,*,#3025,.F.);
#832=ORIENTED_EDGE('',*,*,#3026,.F.);
#833=ORIENTED_EDGE('',*,*,#3027,.F.);
#834=ORIENTED_EDGE('',*,*,#3028,.F.);
#835=ORIENTED_EDGE('',*,*,#3029,.F.);
#836=ORIENTED_EDGE('',*,*,#3030,.T.);
#837=ORIENTED_EDGE('',*,*,#3031,.F.);
#838=ORIENTED_EDGE('',*,*,#3032,.T.);
#839=ORIENTED_EDGE('',*,*,#3033,.F.);
#840=ORIENTED_EDGE('',*,*,#3034,.F.);
#841=ORIENTED_EDGE('',*,*,#3035,.F.);
#842=ORIENTED_EDGE('',*,*,#3036,.F.);
#843=ORIENTED_EDGE('',*,*,#3037,.F.);
#844=ORIENTED_EDGE('',*,*,#3038,.T.);
#845=ORIENTED_EDGE('',*,*,#3039,.F.);
#846=ORIENTED_EDGE('',*,*,#3040,.T.);
#847=ORIENTED_EDGE('',*,*,#3041,.F.);
#848=ORIENTED_EDGE('',*,*,#3042,.F.);
#849=ORIENTED_EDGE('',*,*,#3043,.F.);
#850=ORIENTED_EDGE('',*,*,#3044,.F.);
#851=ORIENTED_EDGE('',*,*,#3045,.F.);
#852=ORIENTED_EDGE('',*,*,#3046,.T.);
#853=ORIENTED_EDGE('',*,*,#3047,.T.);
#854=ORIENTED_EDGE('',*,*,#3048,.T.);
#855=ORIENTED_EDGE('',*,*,#3049,.T.);
#856=ORIENTED_EDGE('',*,*,#3050,.T.);
#857=ORIENTED_EDGE('',*,*,#3051,.F.);
#858=ORIENTED_EDGE('',*,*,#3052,.T.);
#859=ORIENTED_EDGE('',*,*,#3053,.F.);
#860=ORIENTED_EDGE('',*,*,#3054,.T.);
#861=ORIENTED_EDGE('',*,*,#3045,.T.);
#862=ORIENTED_EDGE('',*,*,#3055,.T.);
#863=ORIENTED_EDGE('',*,*,#3056,.T.);
#864=ORIENTED_EDGE('',*,*,#3057,.T.);
#865=ORIENTED_EDGE('',*,*,#3047,.F.);
#866=ORIENTED_EDGE('',*,*,#3058,.T.);
#867=ORIENTED_EDGE('',*,*,#3049,.F.);
#868=ORIENTED_EDGE('',*,*,#3059,.T.);
#869=ORIENTED_EDGE('',*,*,#3060,.T.);
#870=ORIENTED_EDGE('',*,*,#3061,.T.);
#871=ORIENTED_EDGE('',*,*,#3062,.F.);
#872=ORIENTED_EDGE('',*,*,#3063,.F.);
#873=ORIENTED_EDGE('',*,*,#3037,.T.);
#874=ORIENTED_EDGE('',*,*,#3064,.T.);
#875=ORIENTED_EDGE('',*,*,#3065,.T.);
#876=ORIENTED_EDGE('',*,*,#3066,.F.);
#877=ORIENTED_EDGE('',*,*,#3038,.F.);
#878=ORIENTED_EDGE('',*,*,#3063,.T.);
#879=ORIENTED_EDGE('',*,*,#3067,.F.);
#880=ORIENTED_EDGE('',*,*,#3068,.F.);
#881=ORIENTED_EDGE('',*,*,#3039,.T.);
#882=ORIENTED_EDGE('',*,*,#3066,.T.);
#883=ORIENTED_EDGE('',*,*,#3069,.T.);
#884=ORIENTED_EDGE('',*,*,#3070,.F.);
#885=ORIENTED_EDGE('',*,*,#3040,.F.);
#886=ORIENTED_EDGE('',*,*,#3068,.T.);
#887=ORIENTED_EDGE('',*,*,#3071,.F.);
#888=ORIENTED_EDGE('',*,*,#3072,.F.);
#889=ORIENTED_EDGE('',*,*,#3041,.T.);
#890=ORIENTED_EDGE('',*,*,#3070,.T.);
#891=ORIENTED_EDGE('',*,*,#3073,.F.);
#892=ORIENTED_EDGE('',*,*,#3074,.F.);
#893=ORIENTED_EDGE('',*,*,#3042,.T.);
#894=ORIENTED_EDGE('',*,*,#3072,.T.);
#895=ORIENTED_EDGE('',*,*,#3075,.F.);
#896=ORIENTED_EDGE('',*,*,#3076,.F.);
#897=ORIENTED_EDGE('',*,*,#3043,.T.);
#898=ORIENTED_EDGE('',*,*,#3074,.T.);
#899=ORIENTED_EDGE('',*,*,#3077,.F.);
#900=ORIENTED_EDGE('',*,*,#3078,.F.);
#901=ORIENTED_EDGE('',*,*,#3029,.T.);
#902=ORIENTED_EDGE('',*,*,#3079,.T.);
#903=ORIENTED_EDGE('',*,*,#3080,.T.);
#904=ORIENTED_EDGE('',*,*,#3081,.F.);
#905=ORIENTED_EDGE('',*,*,#3030,.F.);
#906=ORIENTED_EDGE('',*,*,#3078,.T.);
#907=ORIENTED_EDGE('',*,*,#3082,.F.);
#908=ORIENTED_EDGE('',*,*,#3083,.F.);
#909=ORIENTED_EDGE('',*,*,#3031,.T.);
#910=ORIENTED_EDGE('',*,*,#3081,.T.);
#911=ORIENTED_EDGE('',*,*,#3084,.T.);
#912=ORIENTED_EDGE('',*,*,#3085,.F.);
#913=ORIENTED_EDGE('',*,*,#3032,.F.);
#914=ORIENTED_EDGE('',*,*,#3083,.T.);
#915=ORIENTED_EDGE('',*,*,#3086,.F.);
#916=ORIENTED_EDGE('',*,*,#3087,.F.);
#917=ORIENTED_EDGE('',*,*,#3033,.T.);
#918=ORIENTED_EDGE('',*,*,#3085,.T.);
#919=ORIENTED_EDGE('',*,*,#3088,.F.);
#920=ORIENTED_EDGE('',*,*,#3089,.F.);
#921=ORIENTED_EDGE('',*,*,#3034,.T.);
#922=ORIENTED_EDGE('',*,*,#3087,.T.);
#923=ORIENTED_EDGE('',*,*,#3090,.F.);
#924=ORIENTED_EDGE('',*,*,#3091,.F.);
#925=ORIENTED_EDGE('',*,*,#3035,.T.);
#926=ORIENTED_EDGE('',*,*,#3089,.T.);
#927=ORIENTED_EDGE('',*,*,#3092,.F.);
#928=ORIENTED_EDGE('',*,*,#3093,.F.);
#929=ORIENTED_EDGE('',*,*,#3021,.T.);
#930=ORIENTED_EDGE('',*,*,#3094,.T.);
#931=ORIENTED_EDGE('',*,*,#3095,.T.);
#932=ORIENTED_EDGE('',*,*,#3096,.F.);
#933=ORIENTED_EDGE('',*,*,#3022,.F.);
#934=ORIENTED_EDGE('',*,*,#3093,.T.);
#935=ORIENTED_EDGE('',*,*,#3097,.F.);
#936=ORIENTED_EDGE('',*,*,#3098,.F.);
#937=ORIENTED_EDGE('',*,*,#3023,.T.);
#938=ORIENTED_EDGE('',*,*,#3096,.T.);
#939=ORIENTED_EDGE('',*,*,#3099,.T.);
#940=ORIENTED_EDGE('',*,*,#3100,.F.);
#941=ORIENTED_EDGE('',*,*,#3024,.F.);
#942=ORIENTED_EDGE('',*,*,#3098,.T.);
#943=ORIENTED_EDGE('',*,*,#3101,.F.);
#944=ORIENTED_EDGE('',*,*,#3102,.F.);
#945=ORIENTED_EDGE('',*,*,#3025,.T.);
#946=ORIENTED_EDGE('',*,*,#3100,.T.);
#947=ORIENTED_EDGE('',*,*,#3103,.F.);
#948=ORIENTED_EDGE('',*,*,#3104,.F.);
#949=ORIENTED_EDGE('',*,*,#3026,.T.);
#950=ORIENTED_EDGE('',*,*,#3102,.T.);
#951=ORIENTED_EDGE('',*,*,#3105,.F.);
#952=ORIENTED_EDGE('',*,*,#3106,.F.);
#953=ORIENTED_EDGE('',*,*,#3027,.T.);
#954=ORIENTED_EDGE('',*,*,#3104,.T.);
#955=ORIENTED_EDGE('',*,*,#3107,.F.);
#956=ORIENTED_EDGE('',*,*,#3108,.F.);
#957=ORIENTED_EDGE('',*,*,#3013,.T.);
#958=ORIENTED_EDGE('',*,*,#3109,.T.);
#959=ORIENTED_EDGE('',*,*,#3110,.T.);
#960=ORIENTED_EDGE('',*,*,#3111,.F.);
#961=ORIENTED_EDGE('',*,*,#3014,.F.);
#962=ORIENTED_EDGE('',*,*,#3108,.T.);
#963=ORIENTED_EDGE('',*,*,#3112,.F.);
#964=ORIENTED_EDGE('',*,*,#3113,.F.);
#965=ORIENTED_EDGE('',*,*,#3015,.T.);
#966=ORIENTED_EDGE('',*,*,#3111,.T.);
#967=ORIENTED_EDGE('',*,*,#3114,.T.);
#968=ORIENTED_EDGE('',*,*,#3115,.F.);
#969=ORIENTED_EDGE('',*,*,#3016,.F.);
#970=ORIENTED_EDGE('',*,*,#3113,.T.);
#971=ORIENTED_EDGE('',*,*,#3116,.F.);
#972=ORIENTED_EDGE('',*,*,#3117,.F.);
#973=ORIENTED_EDGE('',*,*,#3017,.T.);
#974=ORIENTED_EDGE('',*,*,#3115,.T.);
#975=ORIENTED_EDGE('',*,*,#3118,.F.);
#976=ORIENTED_EDGE('',*,*,#3119,.F.);
#977=ORIENTED_EDGE('',*,*,#3018,.T.);
#978=ORIENTED_EDGE('',*,*,#3117,.T.);
#979=ORIENTED_EDGE('',*,*,#3120,.F.);
#980=ORIENTED_EDGE('',*,*,#3121,.F.);
#981=ORIENTED_EDGE('',*,*,#3019,.T.);
#982=ORIENTED_EDGE('',*,*,#3119,.T.);
#983=ORIENTED_EDGE('',*,*,#3122,.F.);
#984=ORIENTED_EDGE('',*,*,#3123,.F.);
#985=ORIENTED_EDGE('',*,*,#3005,.T.);
#986=ORIENTED_EDGE('',*,*,#3124,.T.);
#987=ORIENTED_EDGE('',*,*,#3125,.T.);
#988=ORIENTED_EDGE('',*,*,#3126,.F.);
#989=ORIENTED_EDGE('',*,*,#3006,.F.);
#990=ORIENTED_EDGE('',*,*,#3123,.T.);
#991=ORIENTED_EDGE('',*,*,#3127,.F.);
#992=ORIENTED_EDGE('',*,*,#3128,.F.);
#993=ORIENTED_EDGE('',*,*,#3007,.T.);
#994=ORIENTED_EDGE('',*,*,#3126,.T.);
#995=ORIENTED_EDGE('',*,*,#3129,.T.);
#996=ORIENTED_EDGE('',*,*,#3130,.F.);
#997=ORIENTED_EDGE('',*,*,#3008,.F.);
#998=ORIENTED_EDGE('',*,*,#3128,.T.);
#999=ORIENTED_EDGE('',*,*,#3131,.F.);
#1000=ORIENTED_EDGE('',*,*,#3132,.F.);
#1001=ORIENTED_EDGE('',*,*,#3009,.T.);
#1002=ORIENTED_EDGE('',*,*,#3130,.T.);
#1003=ORIENTED_EDGE('',*,*,#3133,.F.);
#1004=ORIENTED_EDGE('',*,*,#3134,.F.);
#1005=ORIENTED_EDGE('',*,*,#3010,.T.);
#1006=ORIENTED_EDGE('',*,*,#3132,.T.);
#1007=ORIENTED_EDGE('',*,*,#3135,.F.);
#1008=ORIENTED_EDGE('',*,*,#3136,.F.);
#1009=ORIENTED_EDGE('',*,*,#3011,.T.);
#1010=ORIENTED_EDGE('',*,*,#3134,.T.);
#1011=ORIENTED_EDGE('',*,*,#3137,.F.);
#1012=ORIENTED_EDGE('',*,*,#3138,.F.);
#1013=ORIENTED_EDGE('',*,*,#2997,.T.);
#1014=ORIENTED_EDGE('',*,*,#3139,.T.);
#1015=ORIENTED_EDGE('',*,*,#3140,.T.);
#1016=ORIENTED_EDGE('',*,*,#3141,.F.);
#1017=ORIENTED_EDGE('',*,*,#2998,.F.);
#1018=ORIENTED_EDGE('',*,*,#3138,.T.);
#1019=ORIENTED_EDGE('',*,*,#3142,.F.);
#1020=ORIENTED_EDGE('',*,*,#3143,.F.);
#1021=ORIENTED_EDGE('',*,*,#2999,.T.);
#1022=ORIENTED_EDGE('',*,*,#3141,.T.);
#1023=ORIENTED_EDGE('',*,*,#3144,.T.);
#1024=ORIENTED_EDGE('',*,*,#3145,.F.);
#1025=ORIENTED_EDGE('',*,*,#3000,.F.);
#1026=ORIENTED_EDGE('',*,*,#3143,.T.);
#1027=ORIENTED_EDGE('',*,*,#3146,.F.);
#1028=ORIENTED_EDGE('',*,*,#3147,.F.);
#1029=ORIENTED_EDGE('',*,*,#3001,.T.);
#1030=ORIENTED_EDGE('',*,*,#3145,.T.);
#1031=ORIENTED_EDGE('',*,*,#3148,.F.);
#1032=ORIENTED_EDGE('',*,*,#3149,.F.);
#1033=ORIENTED_EDGE('',*,*,#3002,.T.);
#1034=ORIENTED_EDGE('',*,*,#3147,.T.);
#1035=ORIENTED_EDGE('',*,*,#3150,.F.);
#1036=ORIENTED_EDGE('',*,*,#3151,.F.);
#1037=ORIENTED_EDGE('',*,*,#3003,.T.);
#1038=ORIENTED_EDGE('',*,*,#3149,.T.);
#1039=ORIENTED_EDGE('',*,*,#2991,.T.);
#1040=ORIENTED_EDGE('',*,*,#3152,.T.);
#1041=ORIENTED_EDGE('',*,*,#3153,.F.);
#1042=ORIENTED_EDGE('',*,*,#3154,.T.);
#1043=ORIENTED_EDGE('',*,*,#3155,.T.);
#1044=ORIENTED_EDGE('',*,*,#3156,.T.);
#1045=ORIENTED_EDGE('',*,*,#2985,.F.);
#1046=ORIENTED_EDGE('',*,*,#3157,.T.);
#1047=ORIENTED_EDGE('',*,*,#2987,.F.);
#1048=ORIENTED_EDGE('',*,*,#3158,.T.);
#1049=ORIENTED_EDGE('',*,*,#3159,.T.);
#1050=ORIENTED_EDGE('',*,*,#3160,.T.);
#1051=ORIENTED_EDGE('',*,*,#3161,.F.);
#1052=ORIENTED_EDGE('',*,*,#3064,.F.);
#1053=ORIENTED_EDGE('',*,*,#3044,.T.);
#1054=ORIENTED_EDGE('',*,*,#3076,.T.);
#1055=ORIENTED_EDGE('',*,*,#3162,.F.);
#1056=ORIENTED_EDGE('',*,*,#3079,.F.);
#1057=ORIENTED_EDGE('',*,*,#3036,.T.);
#1058=ORIENTED_EDGE('',*,*,#3091,.T.);
#1059=ORIENTED_EDGE('',*,*,#3163,.F.);
#1060=ORIENTED_EDGE('',*,*,#3094,.F.);
#1061=ORIENTED_EDGE('',*,*,#3028,.T.);
#1062=ORIENTED_EDGE('',*,*,#3106,.T.);
#1063=ORIENTED_EDGE('',*,*,#3164,.F.);
#1064=ORIENTED_EDGE('',*,*,#3109,.F.);
#1065=ORIENTED_EDGE('',*,*,#3020,.T.);
#1066=ORIENTED_EDGE('',*,*,#3121,.T.);
#1067=ORIENTED_EDGE('',*,*,#3165,.F.);
#1068=ORIENTED_EDGE('',*,*,#3124,.F.);
#1069=ORIENTED_EDGE('',*,*,#3012,.T.);
#1070=ORIENTED_EDGE('',*,*,#3136,.T.);
#1071=ORIENTED_EDGE('',*,*,#3166,.F.);
#1072=ORIENTED_EDGE('',*,*,#3139,.F.);
#1073=ORIENTED_EDGE('',*,*,#3004,.T.);
#1074=ORIENTED_EDGE('',*,*,#3151,.T.);
#1075=ORIENTED_EDGE('',*,*,#2996,.T.);
#1076=ORIENTED_EDGE('',*,*,#3167,.F.);
#1077=ORIENTED_EDGE('',*,*,#2995,.T.);
#1078=ORIENTED_EDGE('',*,*,#3168,.F.);
#1079=ORIENTED_EDGE('',*,*,#2994,.T.);
#1080=ORIENTED_EDGE('',*,*,#3169,.F.);
#1081=ORIENTED_EDGE('',*,*,#2993,.T.);
#1082=ORIENTED_EDGE('',*,*,#3170,.F.);
#1083=ORIENTED_EDGE('',*,*,#3171,.F.);
#1084=ORIENTED_EDGE('',*,*,#3172,.T.);
#1085=ORIENTED_EDGE('',*,*,#2989,.T.);
#1086=ORIENTED_EDGE('',*,*,#3173,.T.);
#1087=ORIENTED_EDGE('',*,*,#3051,.T.);
#1088=ORIENTED_EDGE('',*,*,#3174,.T.);
#1089=ORIENTED_EDGE('',*,*,#3175,.F.);
#1090=ORIENTED_EDGE('',*,*,#3176,.T.);
#1091=ORIENTED_EDGE('',*,*,#3159,.F.);
#1092=ORIENTED_EDGE('',*,*,#3177,.T.);
#1093=ORIENTED_EDGE('',*,*,#3155,.F.);
#1094=ORIENTED_EDGE('',*,*,#3178,.T.);
#1095=ORIENTED_EDGE('',*,*,#3153,.T.);
#1096=ORIENTED_EDGE('',*,*,#3179,.T.);
#1097=ORIENTED_EDGE('',*,*,#3171,.T.);
#1098=ORIENTED_EDGE('',*,*,#3180,.T.);
#1099=ORIENTED_EDGE('',*,*,#3170,.T.);
#1100=ORIENTED_EDGE('',*,*,#3169,.T.);
#1101=ORIENTED_EDGE('',*,*,#3168,.T.);
#1102=ORIENTED_EDGE('',*,*,#3167,.T.);
#1103=ORIENTED_EDGE('',*,*,#3137,.T.);
#1104=ORIENTED_EDGE('',*,*,#3166,.T.);
#1105=ORIENTED_EDGE('',*,*,#3150,.T.);
#1106=ORIENTED_EDGE('',*,*,#3148,.T.);
#1107=ORIENTED_EDGE('',*,*,#3146,.T.);
#1108=ORIENTED_EDGE('',*,*,#3144,.F.);
#1109=ORIENTED_EDGE('',*,*,#3142,.T.);
#1110=ORIENTED_EDGE('',*,*,#3140,.F.);
#1111=ORIENTED_EDGE('',*,*,#3122,.T.);
#1112=ORIENTED_EDGE('',*,*,#3165,.T.);
#1113=ORIENTED_EDGE('',*,*,#3135,.T.);
#1114=ORIENTED_EDGE('',*,*,#3133,.T.);
#1115=ORIENTED_EDGE('',*,*,#3131,.T.);
#1116=ORIENTED_EDGE('',*,*,#3129,.F.);
#1117=ORIENTED_EDGE('',*,*,#3127,.T.);
#1118=ORIENTED_EDGE('',*,*,#3125,.F.);
#1119=ORIENTED_EDGE('',*,*,#3107,.T.);
#1120=ORIENTED_EDGE('',*,*,#3164,.T.);
#1121=ORIENTED_EDGE('',*,*,#3120,.T.);
#1122=ORIENTED_EDGE('',*,*,#3118,.T.);
#1123=ORIENTED_EDGE('',*,*,#3116,.T.);
#1124=ORIENTED_EDGE('',*,*,#3114,.F.);
#1125=ORIENTED_EDGE('',*,*,#3112,.T.);
#1126=ORIENTED_EDGE('',*,*,#3110,.F.);
#1127=ORIENTED_EDGE('',*,*,#3092,.T.);
#1128=ORIENTED_EDGE('',*,*,#3163,.T.);
#1129=ORIENTED_EDGE('',*,*,#3105,.T.);
#1130=ORIENTED_EDGE('',*,*,#3103,.T.);
#1131=ORIENTED_EDGE('',*,*,#3101,.T.);
#1132=ORIENTED_EDGE('',*,*,#3099,.F.);
#1133=ORIENTED_EDGE('',*,*,#3097,.T.);
#1134=ORIENTED_EDGE('',*,*,#3095,.F.);
#1135=ORIENTED_EDGE('',*,*,#3077,.T.);
#1136=ORIENTED_EDGE('',*,*,#3162,.T.);
#1137=ORIENTED_EDGE('',*,*,#3090,.T.);
#1138=ORIENTED_EDGE('',*,*,#3088,.T.);
#1139=ORIENTED_EDGE('',*,*,#3086,.T.);
#1140=ORIENTED_EDGE('',*,*,#3084,.F.);
#1141=ORIENTED_EDGE('',*,*,#3082,.T.);
#1142=ORIENTED_EDGE('',*,*,#3080,.F.);
#1143=ORIENTED_EDGE('',*,*,#3062,.T.);
#1144=ORIENTED_EDGE('',*,*,#3161,.T.);
#1145=ORIENTED_EDGE('',*,*,#3075,.T.);
#1146=ORIENTED_EDGE('',*,*,#3073,.T.);
#1147=ORIENTED_EDGE('',*,*,#3071,.T.);
#1148=ORIENTED_EDGE('',*,*,#3069,.F.);
#1149=ORIENTED_EDGE('',*,*,#3067,.T.);
#1150=ORIENTED_EDGE('',*,*,#3065,.F.);
#1151=ORIENTED_EDGE('',*,*,#3056,.F.);
#1152=ORIENTED_EDGE('',*,*,#3181,.T.);
#1153=ORIENTED_EDGE('',*,*,#3053,.T.);
#1154=ORIENTED_EDGE('',*,*,#3182,.T.);
#1155=ORIENTED_EDGE('',*,*,#3175,.T.);
#1156=ORIENTED_EDGE('',*,*,#3183,.T.);
#1157=ORIENTED_EDGE('',*,*,#3060,.F.);
#1158=ORIENTED_EDGE('',*,*,#3184,.T.);
#1159=ORIENTED_EDGE('',*,*,#3048,.F.);
#1160=ORIENTED_EDGE('',*,*,#3057,.F.);
#1161=ORIENTED_EDGE('',*,*,#3184,.F.);
#1162=ORIENTED_EDGE('',*,*,#3059,.F.);
#1163=ORIENTED_EDGE('',*,*,#3050,.F.);
#1164=ORIENTED_EDGE('',*,*,#3061,.F.);
#1165=ORIENTED_EDGE('',*,*,#3183,.F.);
#1166=ORIENTED_EDGE('',*,*,#3174,.F.);
#1167=ORIENTED_EDGE('',*,*,#3046,.F.);
#1168=ORIENTED_EDGE('',*,*,#3054,.F.);
#1169=ORIENTED_EDGE('',*,*,#3181,.F.);
#1170=ORIENTED_EDGE('',*,*,#3058,.F.);
#1171=ORIENTED_EDGE('',*,*,#3052,.F.);
#1172=ORIENTED_EDGE('',*,*,#3176,.F.);
#1173=ORIENTED_EDGE('',*,*,#3182,.F.);
#1174=ORIENTED_EDGE('',*,*,#3055,.F.);
#1175=ORIENTED_EDGE('',*,*,#2986,.F.);
#1176=ORIENTED_EDGE('',*,*,#3156,.F.);
#1177=ORIENTED_EDGE('',*,*,#3177,.F.);
#1178=ORIENTED_EDGE('',*,*,#3158,.F.);
#1179=ORIENTED_EDGE('',*,*,#2990,.F.);
#1180=ORIENTED_EDGE('',*,*,#3172,.F.);
#1181=ORIENTED_EDGE('',*,*,#3179,.F.);
#1182=ORIENTED_EDGE('',*,*,#3152,.F.);
#1183=ORIENTED_EDGE('',*,*,#2988,.F.);
#1184=ORIENTED_EDGE('',*,*,#3160,.F.);
#1185=ORIENTED_EDGE('',*,*,#3180,.F.);
#1186=ORIENTED_EDGE('',*,*,#3173,.F.);
#1187=ORIENTED_EDGE('',*,*,#2992,.F.);
#1188=ORIENTED_EDGE('',*,*,#3154,.F.);
#1189=ORIENTED_EDGE('',*,*,#3178,.F.);
#1190=ORIENTED_EDGE('',*,*,#3157,.F.);
#1191=ORIENTED_EDGE('',*,*,#2975,.F.);
#1192=ORIENTED_EDGE('',*,*,#3185,.F.);
#1193=ORIENTED_EDGE('',*,*,#3186,.T.);
#1194=ORIENTED_EDGE('',*,*,#3187,.T.);
#1195=ORIENTED_EDGE('',*,*,#2984,.F.);
#1196=ORIENTED_EDGE('',*,*,#3188,.F.);
#1197=ORIENTED_EDGE('',*,*,#3189,.T.);
#1198=ORIENTED_EDGE('',*,*,#3185,.T.);
#1199=ORIENTED_EDGE('',*,*,#2983,.F.);
#1200=ORIENTED_EDGE('',*,*,#3190,.F.);
#1201=ORIENTED_EDGE('',*,*,#3191,.T.);
#1202=ORIENTED_EDGE('',*,*,#3188,.T.);
#1203=ORIENTED_EDGE('',*,*,#2982,.F.);
#1204=ORIENTED_EDGE('',*,*,#3192,.F.);
#1205=ORIENTED_EDGE('',*,*,#3193,.T.);
#1206=ORIENTED_EDGE('',*,*,#3190,.T.);
#1207=ORIENTED_EDGE('',*,*,#2981,.F.);
#1208=ORIENTED_EDGE('',*,*,#3194,.F.);
#1209=ORIENTED_EDGE('',*,*,#3195,.T.);
#1210=ORIENTED_EDGE('',*,*,#3192,.T.);
#1211=ORIENTED_EDGE('',*,*,#2980,.F.);
#1212=ORIENTED_EDGE('',*,*,#3196,.F.);
#1213=ORIENTED_EDGE('',*,*,#3197,.T.);
#1214=ORIENTED_EDGE('',*,*,#3194,.T.);
#1215=ORIENTED_EDGE('',*,*,#2979,.F.);
#1216=ORIENTED_EDGE('',*,*,#3198,.F.);
#1217=ORIENTED_EDGE('',*,*,#3199,.T.);
#1218=ORIENTED_EDGE('',*,*,#3196,.T.);
#1219=ORIENTED_EDGE('',*,*,#2978,.F.);
#1220=ORIENTED_EDGE('',*,*,#3200,.F.);
#1221=ORIENTED_EDGE('',*,*,#3201,.T.);
#1222=ORIENTED_EDGE('',*,*,#3198,.T.);
#1223=ORIENTED_EDGE('',*,*,#2977,.F.);
#1224=ORIENTED_EDGE('',*,*,#3202,.F.);
#1225=ORIENTED_EDGE('',*,*,#3203,.T.);
#1226=ORIENTED_EDGE('',*,*,#3200,.T.);
#1227=ORIENTED_EDGE('',*,*,#2976,.F.);
#1228=ORIENTED_EDGE('',*,*,#3187,.F.);
#1229=ORIENTED_EDGE('',*,*,#3204,.T.);
#1230=ORIENTED_EDGE('',*,*,#3202,.T.);
#1231=ORIENTED_EDGE('',*,*,#3186,.F.);
#1232=ORIENTED_EDGE('',*,*,#3189,.F.);
#1233=ORIENTED_EDGE('',*,*,#3191,.F.);
#1234=ORIENTED_EDGE('',*,*,#3193,.F.);
#1235=ORIENTED_EDGE('',*,*,#3195,.F.);
#1236=ORIENTED_EDGE('',*,*,#3197,.F.);
#1237=ORIENTED_EDGE('',*,*,#3199,.F.);
#1238=ORIENTED_EDGE('',*,*,#3201,.F.);
#1239=ORIENTED_EDGE('',*,*,#3203,.F.);
#1240=ORIENTED_EDGE('',*,*,#3204,.F.);
#1241=ORIENTED_EDGE('',*,*,#3205,.F.);
#1242=ORIENTED_EDGE('',*,*,#3206,.F.);
#1243=ORIENTED_EDGE('',*,*,#3207,.T.);
#1244=ORIENTED_EDGE('',*,*,#3208,.T.);
#1245=ORIENTED_EDGE('',*,*,#3209,.F.);
#1246=ORIENTED_EDGE('',*,*,#3210,.F.);
#1247=ORIENTED_EDGE('',*,*,#3211,.T.);
#1248=ORIENTED_EDGE('',*,*,#3206,.T.);
#1249=ORIENTED_EDGE('',*,*,#3212,.F.);
#1250=ORIENTED_EDGE('',*,*,#3213,.F.);
#1251=ORIENTED_EDGE('',*,*,#3214,.T.);
#1252=ORIENTED_EDGE('',*,*,#3210,.T.);
#1253=ORIENTED_EDGE('',*,*,#3215,.F.);
#1254=ORIENTED_EDGE('',*,*,#3216,.F.);
#1255=ORIENTED_EDGE('',*,*,#3217,.T.);
#1256=ORIENTED_EDGE('',*,*,#3213,.T.);
#1257=ORIENTED_EDGE('',*,*,#3218,.F.);
#1258=ORIENTED_EDGE('',*,*,#3219,.F.);
#1259=ORIENTED_EDGE('',*,*,#3220,.T.);
#1260=ORIENTED_EDGE('',*,*,#3216,.T.);
#1261=ORIENTED_EDGE('',*,*,#2959,.F.);
#1262=ORIENTED_EDGE('',*,*,#3221,.F.);
#1263=ORIENTED_EDGE('',*,*,#3222,.T.);
#1264=ORIENTED_EDGE('',*,*,#3223,.T.);
#1265=ORIENTED_EDGE('',*,*,#2974,.F.);
#1266=ORIENTED_EDGE('',*,*,#3224,.F.);
#1267=ORIENTED_EDGE('',*,*,#3225,.T.);
#1268=ORIENTED_EDGE('',*,*,#3221,.T.);
#1269=ORIENTED_EDGE('',*,*,#2973,.F.);
#1270=ORIENTED_EDGE('',*,*,#3226,.F.);
#1271=ORIENTED_EDGE('',*,*,#3227,.T.);
#1272=ORIENTED_EDGE('',*,*,#3224,.T.);
#1273=ORIENTED_EDGE('',*,*,#2972,.F.);
#1274=ORIENTED_EDGE('',*,*,#3228,.F.);
#1275=ORIENTED_EDGE('',*,*,#3229,.T.);
#1276=ORIENTED_EDGE('',*,*,#3226,.T.);
#1277=ORIENTED_EDGE('',*,*,#2971,.F.);
#1278=ORIENTED_EDGE('',*,*,#3230,.F.);
#1279=ORIENTED_EDGE('',*,*,#3231,.T.);
#1280=ORIENTED_EDGE('',*,*,#3228,.T.);
#1281=ORIENTED_EDGE('',*,*,#2970,.F.);
#1282=ORIENTED_EDGE('',*,*,#3232,.F.);
#1283=ORIENTED_EDGE('',*,*,#3233,.T.);
#1284=ORIENTED_EDGE('',*,*,#3230,.T.);
#1285=ORIENTED_EDGE('',*,*,#2969,.F.);
#1286=ORIENTED_EDGE('',*,*,#3234,.F.);
#1287=ORIENTED_EDGE('',*,*,#3235,.T.);
#1288=ORIENTED_EDGE('',*,*,#3232,.T.);
#1289=ORIENTED_EDGE('',*,*,#2968,.F.);
#1290=ORIENTED_EDGE('',*,*,#3236,.F.);
#1291=ORIENTED_EDGE('',*,*,#3237,.T.);
#1292=ORIENTED_EDGE('',*,*,#3234,.T.);
#1293=ORIENTED_EDGE('',*,*,#2967,.F.);
#1294=ORIENTED_EDGE('',*,*,#3238,.F.);
#1295=ORIENTED_EDGE('',*,*,#3239,.T.);
#1296=ORIENTED_EDGE('',*,*,#3236,.T.);
#1297=ORIENTED_EDGE('',*,*,#2966,.F.);
#1298=ORIENTED_EDGE('',*,*,#3240,.F.);
#1299=ORIENTED_EDGE('',*,*,#3241,.T.);
#1300=ORIENTED_EDGE('',*,*,#3238,.T.);
#1301=ORIENTED_EDGE('',*,*,#2965,.F.);
#1302=ORIENTED_EDGE('',*,*,#3242,.F.);
#1303=ORIENTED_EDGE('',*,*,#3243,.T.);
#1304=ORIENTED_EDGE('',*,*,#3240,.T.);
#1305=ORIENTED_EDGE('',*,*,#2964,.F.);
#1306=ORIENTED_EDGE('',*,*,#3244,.F.);
#1307=ORIENTED_EDGE('',*,*,#3245,.T.);
#1308=ORIENTED_EDGE('',*,*,#3242,.T.);
#1309=ORIENTED_EDGE('',*,*,#2963,.F.);
#1310=ORIENTED_EDGE('',*,*,#3246,.F.);
#1311=ORIENTED_EDGE('',*,*,#3247,.T.);
#1312=ORIENTED_EDGE('',*,*,#3244,.T.);
#1313=ORIENTED_EDGE('',*,*,#2962,.F.);
#1314=ORIENTED_EDGE('',*,*,#3248,.F.);
#1315=ORIENTED_EDGE('',*,*,#3249,.T.);
#1316=ORIENTED_EDGE('',*,*,#3246,.T.);
#1317=ORIENTED_EDGE('',*,*,#2961,.F.);
#1318=ORIENTED_EDGE('',*,*,#3250,.F.);
#1319=ORIENTED_EDGE('',*,*,#3251,.T.);
#1320=ORIENTED_EDGE('',*,*,#3248,.T.);
#1321=ORIENTED_EDGE('',*,*,#2960,.F.);
#1322=ORIENTED_EDGE('',*,*,#3223,.F.);
#1323=ORIENTED_EDGE('',*,*,#3252,.T.);
#1324=ORIENTED_EDGE('',*,*,#3250,.T.);
#1325=ORIENTED_EDGE('',*,*,#3253,.F.);
#1326=ORIENTED_EDGE('',*,*,#3208,.F.);
#1327=ORIENTED_EDGE('',*,*,#3254,.T.);
#1328=ORIENTED_EDGE('',*,*,#3219,.T.);
#1329=ORIENTED_EDGE('',*,*,#3222,.F.);
#1330=ORIENTED_EDGE('',*,*,#3225,.F.);
#1331=ORIENTED_EDGE('',*,*,#3227,.F.);
#1332=ORIENTED_EDGE('',*,*,#3229,.F.);
#1333=ORIENTED_EDGE('',*,*,#3231,.F.);
#1334=ORIENTED_EDGE('',*,*,#3233,.F.);
#1335=ORIENTED_EDGE('',*,*,#3235,.F.);
#1336=ORIENTED_EDGE('',*,*,#3237,.F.);
#1337=ORIENTED_EDGE('',*,*,#3239,.F.);
#1338=ORIENTED_EDGE('',*,*,#3241,.F.);
#1339=ORIENTED_EDGE('',*,*,#3243,.F.);
#1340=ORIENTED_EDGE('',*,*,#3245,.F.);
#1341=ORIENTED_EDGE('',*,*,#3247,.F.);
#1342=ORIENTED_EDGE('',*,*,#3249,.F.);
#1343=ORIENTED_EDGE('',*,*,#3251,.F.);
#1344=ORIENTED_EDGE('',*,*,#3252,.F.);
#1345=ORIENTED_EDGE('',*,*,#3207,.F.);
#1346=ORIENTED_EDGE('',*,*,#3211,.F.);
#1347=ORIENTED_EDGE('',*,*,#3214,.F.);
#1348=ORIENTED_EDGE('',*,*,#3217,.F.);
#1349=ORIENTED_EDGE('',*,*,#3220,.F.);
#1350=ORIENTED_EDGE('',*,*,#3254,.F.);
#1351=ORIENTED_EDGE('',*,*,#3205,.T.);
#1352=ORIENTED_EDGE('',*,*,#3253,.T.);
#1353=ORIENTED_EDGE('',*,*,#3218,.T.);
#1354=ORIENTED_EDGE('',*,*,#3215,.T.);
#1355=ORIENTED_EDGE('',*,*,#3212,.T.);
#1356=ORIENTED_EDGE('',*,*,#3209,.T.);
#1357=ORIENTED_EDGE('',*,*,#2941,.F.);
#1358=ORIENTED_EDGE('',*,*,#3255,.F.);
#1359=ORIENTED_EDGE('',*,*,#3256,.T.);
#1360=ORIENTED_EDGE('',*,*,#3257,.T.);
#1361=ORIENTED_EDGE('',*,*,#2958,.F.);
#1362=ORIENTED_EDGE('',*,*,#3258,.F.);
#1363=ORIENTED_EDGE('',*,*,#3259,.T.);
#1364=ORIENTED_EDGE('',*,*,#3255,.T.);
#1365=ORIENTED_EDGE('',*,*,#2957,.F.);
#1366=ORIENTED_EDGE('',*,*,#3260,.F.);
#1367=ORIENTED_EDGE('',*,*,#3261,.T.);
#1368=ORIENTED_EDGE('',*,*,#3258,.T.);
#1369=ORIENTED_EDGE('',*,*,#2956,.F.);
#1370=ORIENTED_EDGE('',*,*,#3262,.F.);
#1371=ORIENTED_EDGE('',*,*,#3263,.T.);
#1372=ORIENTED_EDGE('',*,*,#3260,.T.);
#1373=ORIENTED_EDGE('',*,*,#2955,.F.);
#1374=ORIENTED_EDGE('',*,*,#3264,.F.);
#1375=ORIENTED_EDGE('',*,*,#3265,.T.);
#1376=ORIENTED_EDGE('',*,*,#3262,.T.);
#1377=ORIENTED_EDGE('',*,*,#2954,.F.);
#1378=ORIENTED_EDGE('',*,*,#3266,.F.);
#1379=ORIENTED_EDGE('',*,*,#3267,.T.);
#1380=ORIENTED_EDGE('',*,*,#3264,.T.);
#1381=ORIENTED_EDGE('',*,*,#2953,.F.);
#1382=ORIENTED_EDGE('',*,*,#3268,.F.);
#1383=ORIENTED_EDGE('',*,*,#3269,.T.);
#1384=ORIENTED_EDGE('',*,*,#3266,.T.);
#1385=ORIENTED_EDGE('',*,*,#2952,.F.);
#1386=ORIENTED_EDGE('',*,*,#3270,.F.);
#1387=ORIENTED_EDGE('',*,*,#3271,.T.);
#1388=ORIENTED_EDGE('',*,*,#3268,.T.);
#1389=ORIENTED_EDGE('',*,*,#2951,.F.);
#1390=ORIENTED_EDGE('',*,*,#3272,.F.);
#1391=ORIENTED_EDGE('',*,*,#3273,.T.);
#1392=ORIENTED_EDGE('',*,*,#3270,.T.);
#1393=ORIENTED_EDGE('',*,*,#2950,.F.);
#1394=ORIENTED_EDGE('',*,*,#3274,.F.);
#1395=ORIENTED_EDGE('',*,*,#3275,.T.);
#1396=ORIENTED_EDGE('',*,*,#3272,.T.);
#1397=ORIENTED_EDGE('',*,*,#2949,.F.);
#1398=ORIENTED_EDGE('',*,*,#3276,.F.);
#1399=ORIENTED_EDGE('',*,*,#3277,.T.);
#1400=ORIENTED_EDGE('',*,*,#3274,.T.);
#1401=ORIENTED_EDGE('',*,*,#2948,.F.);
#1402=ORIENTED_EDGE('',*,*,#3278,.F.);
#1403=ORIENTED_EDGE('',*,*,#3279,.T.);
#1404=ORIENTED_EDGE('',*,*,#3276,.T.);
#1405=ORIENTED_EDGE('',*,*,#2947,.F.);
#1406=ORIENTED_EDGE('',*,*,#3280,.F.);
#1407=ORIENTED_EDGE('',*,*,#3281,.T.);
#1408=ORIENTED_EDGE('',*,*,#3278,.T.);
#1409=ORIENTED_EDGE('',*,*,#2946,.F.);
#1410=ORIENTED_EDGE('',*,*,#3282,.F.);
#1411=ORIENTED_EDGE('',*,*,#3283,.T.);
#1412=ORIENTED_EDGE('',*,*,#3280,.T.);
#1413=ORIENTED_EDGE('',*,*,#2945,.F.);
#1414=ORIENTED_EDGE('',*,*,#3284,.F.);
#1415=ORIENTED_EDGE('',*,*,#3285,.T.);
#1416=ORIENTED_EDGE('',*,*,#3282,.T.);
#1417=ORIENTED_EDGE('',*,*,#2944,.F.);
#1418=ORIENTED_EDGE('',*,*,#3286,.F.);
#1419=ORIENTED_EDGE('',*,*,#3287,.T.);
#1420=ORIENTED_EDGE('',*,*,#3284,.T.);
#1421=ORIENTED_EDGE('',*,*,#2943,.F.);
#1422=ORIENTED_EDGE('',*,*,#3288,.F.);
#1423=ORIENTED_EDGE('',*,*,#3289,.T.);
#1424=ORIENTED_EDGE('',*,*,#3286,.T.);
#1425=ORIENTED_EDGE('',*,*,#2942,.F.);
#1426=ORIENTED_EDGE('',*,*,#3257,.F.);
#1427=ORIENTED_EDGE('',*,*,#3290,.T.);
#1428=ORIENTED_EDGE('',*,*,#3288,.T.);
#1429=ORIENTED_EDGE('',*,*,#3256,.F.);
#1430=ORIENTED_EDGE('',*,*,#3259,.F.);
#1431=ORIENTED_EDGE('',*,*,#3261,.F.);
#1432=ORIENTED_EDGE('',*,*,#3263,.F.);
#1433=ORIENTED_EDGE('',*,*,#3265,.F.);
#1434=ORIENTED_EDGE('',*,*,#3267,.F.);
#1435=ORIENTED_EDGE('',*,*,#3269,.F.);
#1436=ORIENTED_EDGE('',*,*,#3271,.F.);
#1437=ORIENTED_EDGE('',*,*,#3273,.F.);
#1438=ORIENTED_EDGE('',*,*,#3275,.F.);
#1439=ORIENTED_EDGE('',*,*,#3277,.F.);
#1440=ORIENTED_EDGE('',*,*,#3279,.F.);
#1441=ORIENTED_EDGE('',*,*,#3281,.F.);
#1442=ORIENTED_EDGE('',*,*,#3283,.F.);
#1443=ORIENTED_EDGE('',*,*,#3285,.F.);
#1444=ORIENTED_EDGE('',*,*,#3287,.F.);
#1445=ORIENTED_EDGE('',*,*,#3289,.F.);
#1446=ORIENTED_EDGE('',*,*,#3290,.F.);
#1447=ORIENTED_EDGE('',*,*,#3291,.F.);
#1448=ORIENTED_EDGE('',*,*,#3292,.F.);
#1449=ORIENTED_EDGE('',*,*,#3293,.T.);
#1450=ORIENTED_EDGE('',*,*,#3294,.T.);
#1451=ORIENTED_EDGE('',*,*,#3295,.F.);
#1452=ORIENTED_EDGE('',*,*,#3296,.F.);
#1453=ORIENTED_EDGE('',*,*,#3297,.T.);
#1454=ORIENTED_EDGE('',*,*,#3292,.T.);
#1455=ORIENTED_EDGE('',*,*,#3298,.F.);
#1456=ORIENTED_EDGE('',*,*,#3299,.F.);
#1457=ORIENTED_EDGE('',*,*,#3300,.T.);
#1458=ORIENTED_EDGE('',*,*,#3296,.T.);
#1459=ORIENTED_EDGE('',*,*,#3301,.F.);
#1460=ORIENTED_EDGE('',*,*,#3302,.F.);
#1461=ORIENTED_EDGE('',*,*,#3303,.T.);
#1462=ORIENTED_EDGE('',*,*,#3299,.T.);
#1463=ORIENTED_EDGE('',*,*,#3304,.F.);
#1464=ORIENTED_EDGE('',*,*,#3305,.F.);
#1465=ORIENTED_EDGE('',*,*,#3306,.T.);
#1466=ORIENTED_EDGE('',*,*,#3302,.T.);
#1467=ORIENTED_EDGE('',*,*,#3307,.F.);
#1468=ORIENTED_EDGE('',*,*,#3308,.F.);
#1469=ORIENTED_EDGE('',*,*,#3309,.T.);
#1470=ORIENTED_EDGE('',*,*,#3305,.T.);
#1471=ORIENTED_EDGE('',*,*,#3310,.F.);
#1472=ORIENTED_EDGE('',*,*,#3311,.F.);
#1473=ORIENTED_EDGE('',*,*,#3312,.T.);
#1474=ORIENTED_EDGE('',*,*,#3308,.T.);
#1475=ORIENTED_EDGE('',*,*,#2929,.F.);
#1476=ORIENTED_EDGE('',*,*,#3313,.F.);
#1477=ORIENTED_EDGE('',*,*,#3314,.T.);
#1478=ORIENTED_EDGE('',*,*,#3315,.T.);
#1479=ORIENTED_EDGE('',*,*,#2940,.F.);
#1480=ORIENTED_EDGE('',*,*,#3316,.F.);
#1481=ORIENTED_EDGE('',*,*,#3317,.T.);
#1482=ORIENTED_EDGE('',*,*,#3313,.T.);
#1483=ORIENTED_EDGE('',*,*,#2939,.F.);
#1484=ORIENTED_EDGE('',*,*,#3318,.F.);
#1485=ORIENTED_EDGE('',*,*,#3319,.T.);
#1486=ORIENTED_EDGE('',*,*,#3316,.T.);
#1487=ORIENTED_EDGE('',*,*,#2938,.F.);
#1488=ORIENTED_EDGE('',*,*,#3320,.F.);
#1489=ORIENTED_EDGE('',*,*,#3321,.T.);
#1490=ORIENTED_EDGE('',*,*,#3318,.T.);
#1491=ORIENTED_EDGE('',*,*,#2937,.F.);
#1492=ORIENTED_EDGE('',*,*,#3322,.F.);
#1493=ORIENTED_EDGE('',*,*,#3323,.T.);
#1494=ORIENTED_EDGE('',*,*,#3320,.T.);
#1495=ORIENTED_EDGE('',*,*,#2936,.F.);
#1496=ORIENTED_EDGE('',*,*,#3324,.F.);
#1497=ORIENTED_EDGE('',*,*,#3325,.T.);
#1498=ORIENTED_EDGE('',*,*,#3322,.T.);
#1499=ORIENTED_EDGE('',*,*,#2935,.F.);
#1500=ORIENTED_EDGE('',*,*,#3326,.F.);
#1501=ORIENTED_EDGE('',*,*,#3327,.T.);
#1502=ORIENTED_EDGE('',*,*,#3324,.T.);
#1503=ORIENTED_EDGE('',*,*,#2934,.F.);
#1504=ORIENTED_EDGE('',*,*,#3328,.F.);
#1505=ORIENTED_EDGE('',*,*,#3329,.T.);
#1506=ORIENTED_EDGE('',*,*,#3326,.T.);
#1507=ORIENTED_EDGE('',*,*,#2933,.F.);
#1508=ORIENTED_EDGE('',*,*,#3330,.F.);
#1509=ORIENTED_EDGE('',*,*,#3331,.T.);
#1510=ORIENTED_EDGE('',*,*,#3328,.T.);
#1511=ORIENTED_EDGE('',*,*,#2932,.F.);
#1512=ORIENTED_EDGE('',*,*,#3332,.F.);
#1513=ORIENTED_EDGE('',*,*,#3333,.T.);
#1514=ORIENTED_EDGE('',*,*,#3330,.T.);
#1515=ORIENTED_EDGE('',*,*,#2931,.F.);
#1516=ORIENTED_EDGE('',*,*,#3334,.F.);
#1517=ORIENTED_EDGE('',*,*,#3335,.T.);
#1518=ORIENTED_EDGE('',*,*,#3332,.T.);
#1519=ORIENTED_EDGE('',*,*,#2930,.F.);
#1520=ORIENTED_EDGE('',*,*,#3315,.F.);
#1521=ORIENTED_EDGE('',*,*,#3336,.T.);
#1522=ORIENTED_EDGE('',*,*,#3334,.T.);
#1523=ORIENTED_EDGE('',*,*,#3337,.F.);
#1524=ORIENTED_EDGE('',*,*,#3294,.F.);
#1525=ORIENTED_EDGE('',*,*,#3338,.T.);
#1526=ORIENTED_EDGE('',*,*,#3311,.T.);
#1527=ORIENTED_EDGE('',*,*,#3314,.F.);
#1528=ORIENTED_EDGE('',*,*,#3317,.F.);
#1529=ORIENTED_EDGE('',*,*,#3319,.F.);
#1530=ORIENTED_EDGE('',*,*,#3321,.F.);
#1531=ORIENTED_EDGE('',*,*,#3323,.F.);
#1532=ORIENTED_EDGE('',*,*,#3325,.F.);
#1533=ORIENTED_EDGE('',*,*,#3327,.F.);
#1534=ORIENTED_EDGE('',*,*,#3329,.F.);
#1535=ORIENTED_EDGE('',*,*,#3331,.F.);
#1536=ORIENTED_EDGE('',*,*,#3333,.F.);
#1537=ORIENTED_EDGE('',*,*,#3335,.F.);
#1538=ORIENTED_EDGE('',*,*,#3336,.F.);
#1539=ORIENTED_EDGE('',*,*,#3293,.F.);
#1540=ORIENTED_EDGE('',*,*,#3297,.F.);
#1541=ORIENTED_EDGE('',*,*,#3300,.F.);
#1542=ORIENTED_EDGE('',*,*,#3303,.F.);
#1543=ORIENTED_EDGE('',*,*,#3306,.F.);
#1544=ORIENTED_EDGE('',*,*,#3309,.F.);
#1545=ORIENTED_EDGE('',*,*,#3312,.F.);
#1546=ORIENTED_EDGE('',*,*,#3338,.F.);
#1547=ORIENTED_EDGE('',*,*,#3291,.T.);
#1548=ORIENTED_EDGE('',*,*,#3337,.T.);
#1549=ORIENTED_EDGE('',*,*,#3310,.T.);
#1550=ORIENTED_EDGE('',*,*,#3307,.T.);
#1551=ORIENTED_EDGE('',*,*,#3304,.T.);
#1552=ORIENTED_EDGE('',*,*,#3301,.T.);
#1553=ORIENTED_EDGE('',*,*,#3298,.T.);
#1554=ORIENTED_EDGE('',*,*,#3295,.T.);
#1555=ORIENTED_EDGE('',*,*,#2919,.F.);
#1556=ORIENTED_EDGE('',*,*,#3339,.F.);
#1557=ORIENTED_EDGE('',*,*,#3340,.T.);
#1558=ORIENTED_EDGE('',*,*,#3341,.T.);
#1559=ORIENTED_EDGE('',*,*,#2928,.F.);
#1560=ORIENTED_EDGE('',*,*,#3342,.F.);
#1561=ORIENTED_EDGE('',*,*,#3343,.T.);
#1562=ORIENTED_EDGE('',*,*,#3339,.T.);
#1563=ORIENTED_EDGE('',*,*,#2927,.F.);
#1564=ORIENTED_EDGE('',*,*,#3344,.F.);
#1565=ORIENTED_EDGE('',*,*,#3345,.T.);
#1566=ORIENTED_EDGE('',*,*,#3342,.T.);
#1567=ORIENTED_EDGE('',*,*,#2926,.F.);
#1568=ORIENTED_EDGE('',*,*,#3346,.F.);
#1569=ORIENTED_EDGE('',*,*,#3347,.T.);
#1570=ORIENTED_EDGE('',*,*,#3344,.T.);
#1571=ORIENTED_EDGE('',*,*,#2925,.F.);
#1572=ORIENTED_EDGE('',*,*,#3348,.F.);
#1573=ORIENTED_EDGE('',*,*,#3349,.T.);
#1574=ORIENTED_EDGE('',*,*,#3346,.T.);
#1575=ORIENTED_EDGE('',*,*,#2924,.F.);
#1576=ORIENTED_EDGE('',*,*,#3350,.F.);
#1577=ORIENTED_EDGE('',*,*,#3351,.T.);
#1578=ORIENTED_EDGE('',*,*,#3348,.T.);
#1579=ORIENTED_EDGE('',*,*,#2923,.F.);
#1580=ORIENTED_EDGE('',*,*,#3352,.F.);
#1581=ORIENTED_EDGE('',*,*,#3353,.T.);
#1582=ORIENTED_EDGE('',*,*,#3350,.T.);
#1583=ORIENTED_EDGE('',*,*,#2922,.F.);
#1584=ORIENTED_EDGE('',*,*,#3354,.F.);
#1585=ORIENTED_EDGE('',*,*,#3355,.T.);
#1586=ORIENTED_EDGE('',*,*,#3352,.T.);
#1587=ORIENTED_EDGE('',*,*,#2921,.F.);
#1588=ORIENTED_EDGE('',*,*,#3356,.F.);
#1589=ORIENTED_EDGE('',*,*,#3357,.T.);
#1590=ORIENTED_EDGE('',*,*,#3354,.T.);
#1591=ORIENTED_EDGE('',*,*,#2920,.F.);
#1592=ORIENTED_EDGE('',*,*,#3341,.F.);
#1593=ORIENTED_EDGE('',*,*,#3358,.T.);
#1594=ORIENTED_EDGE('',*,*,#3356,.T.);
#1595=ORIENTED_EDGE('',*,*,#3340,.F.);
#1596=ORIENTED_EDGE('',*,*,#3343,.F.);
#1597=ORIENTED_EDGE('',*,*,#3345,.F.);
#1598=ORIENTED_EDGE('',*,*,#3347,.F.);
#1599=ORIENTED_EDGE('',*,*,#3349,.F.);
#1600=ORIENTED_EDGE('',*,*,#3351,.F.);
#1601=ORIENTED_EDGE('',*,*,#3353,.F.);
#1602=ORIENTED_EDGE('',*,*,#3355,.F.);
#1603=ORIENTED_EDGE('',*,*,#3357,.F.);
#1604=ORIENTED_EDGE('',*,*,#3358,.F.);
#1605=ORIENTED_EDGE('',*,*,#3359,.F.);
#1606=ORIENTED_EDGE('',*,*,#3360,.F.);
#1607=ORIENTED_EDGE('',*,*,#3361,.T.);
#1608=ORIENTED_EDGE('',*,*,#3362,.T.);
#1609=ORIENTED_EDGE('',*,*,#3363,.F.);
#1610=ORIENTED_EDGE('',*,*,#3364,.F.);
#1611=ORIENTED_EDGE('',*,*,#3365,.T.);
#1612=ORIENTED_EDGE('',*,*,#3360,.T.);
#1613=ORIENTED_EDGE('',*,*,#3366,.F.);
#1614=ORIENTED_EDGE('',*,*,#3367,.F.);
#1615=ORIENTED_EDGE('',*,*,#3368,.T.);
#1616=ORIENTED_EDGE('',*,*,#3364,.T.);
#1617=ORIENTED_EDGE('',*,*,#3369,.F.);
#1618=ORIENTED_EDGE('',*,*,#3370,.F.);
#1619=ORIENTED_EDGE('',*,*,#3371,.T.);
#1620=ORIENTED_EDGE('',*,*,#3367,.T.);
#1621=ORIENTED_EDGE('',*,*,#3372,.F.);
#1622=ORIENTED_EDGE('',*,*,#3373,.F.);
#1623=ORIENTED_EDGE('',*,*,#3374,.T.);
#1624=ORIENTED_EDGE('',*,*,#3370,.T.);
#1625=ORIENTED_EDGE('',*,*,#3375,.F.);
#1626=ORIENTED_EDGE('',*,*,#3376,.F.);
#1627=ORIENTED_EDGE('',*,*,#3377,.T.);
#1628=ORIENTED_EDGE('',*,*,#3373,.T.);
#1629=ORIENTED_EDGE('',*,*,#3378,.F.);
#1630=ORIENTED_EDGE('',*,*,#3379,.F.);
#1631=ORIENTED_EDGE('',*,*,#3380,.T.);
#1632=ORIENTED_EDGE('',*,*,#3376,.T.);
#1633=ORIENTED_EDGE('',*,*,#3381,.F.);
#1634=ORIENTED_EDGE('',*,*,#3382,.F.);
#1635=ORIENTED_EDGE('',*,*,#3383,.T.);
#1636=ORIENTED_EDGE('',*,*,#3379,.T.);
#1637=ORIENTED_EDGE('',*,*,#3384,.F.);
#1638=ORIENTED_EDGE('',*,*,#3385,.F.);
#1639=ORIENTED_EDGE('',*,*,#3386,.T.);
#1640=ORIENTED_EDGE('',*,*,#3382,.T.);
#1641=ORIENTED_EDGE('',*,*,#2905,.F.);
#1642=ORIENTED_EDGE('',*,*,#3387,.F.);
#1643=ORIENTED_EDGE('',*,*,#3388,.T.);
#1644=ORIENTED_EDGE('',*,*,#3389,.T.);
#1645=ORIENTED_EDGE('',*,*,#2918,.F.);
#1646=ORIENTED_EDGE('',*,*,#3390,.F.);
#1647=ORIENTED_EDGE('',*,*,#3391,.T.);
#1648=ORIENTED_EDGE('',*,*,#3387,.T.);
#1649=ORIENTED_EDGE('',*,*,#2917,.F.);
#1650=ORIENTED_EDGE('',*,*,#3392,.F.);
#1651=ORIENTED_EDGE('',*,*,#3393,.T.);
#1652=ORIENTED_EDGE('',*,*,#3390,.T.);
#1653=ORIENTED_EDGE('',*,*,#2916,.F.);
#1654=ORIENTED_EDGE('',*,*,#3394,.F.);
#1655=ORIENTED_EDGE('',*,*,#3395,.T.);
#1656=ORIENTED_EDGE('',*,*,#3392,.T.);
#1657=ORIENTED_EDGE('',*,*,#2915,.F.);
#1658=ORIENTED_EDGE('',*,*,#3396,.F.);
#1659=ORIENTED_EDGE('',*,*,#3397,.T.);
#1660=ORIENTED_EDGE('',*,*,#3394,.T.);
#1661=ORIENTED_EDGE('',*,*,#2914,.F.);
#1662=ORIENTED_EDGE('',*,*,#3398,.F.);
#1663=ORIENTED_EDGE('',*,*,#3399,.T.);
#1664=ORIENTED_EDGE('',*,*,#3396,.T.);
#1665=ORIENTED_EDGE('',*,*,#2913,.F.);
#1666=ORIENTED_EDGE('',*,*,#3400,.F.);
#1667=ORIENTED_EDGE('',*,*,#3401,.T.);
#1668=ORIENTED_EDGE('',*,*,#3398,.T.);
#1669=ORIENTED_EDGE('',*,*,#2912,.F.);
#1670=ORIENTED_EDGE('',*,*,#3402,.F.);
#1671=ORIENTED_EDGE('',*,*,#3403,.T.);
#1672=ORIENTED_EDGE('',*,*,#3400,.T.);
#1673=ORIENTED_EDGE('',*,*,#2911,.F.);
#1674=ORIENTED_EDGE('',*,*,#3404,.F.);
#1675=ORIENTED_EDGE('',*,*,#3405,.T.);
#1676=ORIENTED_EDGE('',*,*,#3402,.T.);
#1677=ORIENTED_EDGE('',*,*,#2910,.F.);
#1678=ORIENTED_EDGE('',*,*,#3406,.F.);
#1679=ORIENTED_EDGE('',*,*,#3407,.T.);
#1680=ORIENTED_EDGE('',*,*,#3404,.T.);
#1681=ORIENTED_EDGE('',*,*,#2909,.F.);
#1682=ORIENTED_EDGE('',*,*,#3408,.F.);
#1683=ORIENTED_EDGE('',*,*,#3409,.T.);
#1684=ORIENTED_EDGE('',*,*,#3406,.T.);
#1685=ORIENTED_EDGE('',*,*,#2908,.F.);
#1686=ORIENTED_EDGE('',*,*,#3410,.F.);
#1687=ORIENTED_EDGE('',*,*,#3411,.T.);
#1688=ORIENTED_EDGE('',*,*,#3408,.T.);
#1689=ORIENTED_EDGE('',*,*,#2907,.F.);
#1690=ORIENTED_EDGE('',*,*,#3412,.F.);
#1691=ORIENTED_EDGE('',*,*,#3413,.T.);
#1692=ORIENTED_EDGE('',*,*,#3410,.T.);
#1693=ORIENTED_EDGE('',*,*,#2906,.F.);
#1694=ORIENTED_EDGE('',*,*,#3389,.F.);
#1695=ORIENTED_EDGE('',*,*,#3414,.T.);
#1696=ORIENTED_EDGE('',*,*,#3412,.T.);
#1697=ORIENTED_EDGE('',*,*,#3415,.F.);
#1698=ORIENTED_EDGE('',*,*,#3362,.F.);
#1699=ORIENTED_EDGE('',*,*,#3416,.T.);
#1700=ORIENTED_EDGE('',*,*,#3385,.T.);
#1701=ORIENTED_EDGE('',*,*,#3388,.F.);
#1702=ORIENTED_EDGE('',*,*,#3391,.F.);
#1703=ORIENTED_EDGE('',*,*,#3393,.F.);
#1704=ORIENTED_EDGE('',*,*,#3395,.F.);
#1705=ORIENTED_EDGE('',*,*,#3397,.F.);
#1706=ORIENTED_EDGE('',*,*,#3399,.F.);
#1707=ORIENTED_EDGE('',*,*,#3401,.F.);
#1708=ORIENTED_EDGE('',*,*,#3403,.F.);
#1709=ORIENTED_EDGE('',*,*,#3405,.F.);
#1710=ORIENTED_EDGE('',*,*,#3407,.F.);
#1711=ORIENTED_EDGE('',*,*,#3409,.F.);
#1712=ORIENTED_EDGE('',*,*,#3411,.F.);
#1713=ORIENTED_EDGE('',*,*,#3413,.F.);
#1714=ORIENTED_EDGE('',*,*,#3414,.F.);
#1715=ORIENTED_EDGE('',*,*,#3361,.F.);
#1716=ORIENTED_EDGE('',*,*,#3365,.F.);
#1717=ORIENTED_EDGE('',*,*,#3368,.F.);
#1718=ORIENTED_EDGE('',*,*,#3371,.F.);
#1719=ORIENTED_EDGE('',*,*,#3374,.F.);
#1720=ORIENTED_EDGE('',*,*,#3377,.F.);
#1721=ORIENTED_EDGE('',*,*,#3380,.F.);
#1722=ORIENTED_EDGE('',*,*,#3383,.F.);
#1723=ORIENTED_EDGE('',*,*,#3386,.F.);
#1724=ORIENTED_EDGE('',*,*,#3416,.F.);
#1725=ORIENTED_EDGE('',*,*,#3359,.T.);
#1726=ORIENTED_EDGE('',*,*,#3415,.T.);
#1727=ORIENTED_EDGE('',*,*,#3384,.T.);
#1728=ORIENTED_EDGE('',*,*,#3381,.T.);
#1729=ORIENTED_EDGE('',*,*,#3378,.T.);
#1730=ORIENTED_EDGE('',*,*,#3375,.T.);
#1731=ORIENTED_EDGE('',*,*,#3372,.T.);
#1732=ORIENTED_EDGE('',*,*,#3369,.T.);
#1733=ORIENTED_EDGE('',*,*,#3366,.T.);
#1734=ORIENTED_EDGE('',*,*,#3363,.T.);
#1735=ORIENTED_EDGE('',*,*,#2897,.F.);
#1736=ORIENTED_EDGE('',*,*,#3417,.F.);
#1737=ORIENTED_EDGE('',*,*,#3418,.T.);
#1738=ORIENTED_EDGE('',*,*,#3419,.T.);
#1739=ORIENTED_EDGE('',*,*,#2904,.F.);
#1740=ORIENTED_EDGE('',*,*,#3420,.F.);
#1741=ORIENTED_EDGE('',*,*,#3421,.T.);
#1742=ORIENTED_EDGE('',*,*,#3417,.T.);
#1743=ORIENTED_EDGE('',*,*,#2903,.F.);
#1744=ORIENTED_EDGE('',*,*,#3422,.F.);
#1745=ORIENTED_EDGE('',*,*,#3423,.T.);
#1746=ORIENTED_EDGE('',*,*,#3420,.T.);
#1747=ORIENTED_EDGE('',*,*,#2902,.F.);
#1748=ORIENTED_EDGE('',*,*,#3424,.F.);
#1749=ORIENTED_EDGE('',*,*,#3425,.T.);
#1750=ORIENTED_EDGE('',*,*,#3422,.T.);
#1751=ORIENTED_EDGE('',*,*,#2901,.F.);
#1752=ORIENTED_EDGE('',*,*,#3426,.F.);
#1753=ORIENTED_EDGE('',*,*,#3427,.T.);
#1754=ORIENTED_EDGE('',*,*,#3424,.T.);
#1755=ORIENTED_EDGE('',*,*,#2900,.F.);
#1756=ORIENTED_EDGE('',*,*,#3428,.F.);
#1757=ORIENTED_EDGE('',*,*,#3429,.T.);
#1758=ORIENTED_EDGE('',*,*,#3426,.T.);
#1759=ORIENTED_EDGE('',*,*,#2899,.F.);
#1760=ORIENTED_EDGE('',*,*,#3430,.F.);
#1761=ORIENTED_EDGE('',*,*,#3431,.T.);
#1762=ORIENTED_EDGE('',*,*,#3428,.T.);
#1763=ORIENTED_EDGE('',*,*,#2898,.F.);
#1764=ORIENTED_EDGE('',*,*,#3419,.F.);
#1765=ORIENTED_EDGE('',*,*,#3432,.T.);
#1766=ORIENTED_EDGE('',*,*,#3430,.T.);
#1767=ORIENTED_EDGE('',*,*,#3418,.F.);
#1768=ORIENTED_EDGE('',*,*,#3421,.F.);
#1769=ORIENTED_EDGE('',*,*,#3423,.F.);
#1770=ORIENTED_EDGE('',*,*,#3425,.F.);
#1771=ORIENTED_EDGE('',*,*,#3427,.F.);
#1772=ORIENTED_EDGE('',*,*,#3429,.F.);
#1773=ORIENTED_EDGE('',*,*,#3431,.F.);
#1774=ORIENTED_EDGE('',*,*,#3432,.F.);
#1775=ORIENTED_EDGE('',*,*,#2885,.F.);
#1776=ORIENTED_EDGE('',*,*,#3433,.F.);
#1777=ORIENTED_EDGE('',*,*,#3434,.T.);
#1778=ORIENTED_EDGE('',*,*,#3435,.T.);
#1779=ORIENTED_EDGE('',*,*,#2896,.F.);
#1780=ORIENTED_EDGE('',*,*,#3436,.F.);
#1781=ORIENTED_EDGE('',*,*,#3437,.T.);
#1782=ORIENTED_EDGE('',*,*,#3433,.T.);
#1783=ORIENTED_EDGE('',*,*,#2895,.F.);
#1784=ORIENTED_EDGE('',*,*,#3438,.F.);
#1785=ORIENTED_EDGE('',*,*,#3439,.T.);
#1786=ORIENTED_EDGE('',*,*,#3436,.T.);
#1787=ORIENTED_EDGE('',*,*,#2894,.F.);
#1788=ORIENTED_EDGE('',*,*,#3440,.F.);
#1789=ORIENTED_EDGE('',*,*,#3441,.T.);
#1790=ORIENTED_EDGE('',*,*,#3438,.T.);
#1791=ORIENTED_EDGE('',*,*,#2893,.F.);
#1792=ORIENTED_EDGE('',*,*,#3442,.F.);
#1793=ORIENTED_EDGE('',*,*,#3443,.T.);
#1794=ORIENTED_EDGE('',*,*,#3440,.T.);
#1795=ORIENTED_EDGE('',*,*,#2892,.F.);
#1796=ORIENTED_EDGE('',*,*,#3444,.F.);
#1797=ORIENTED_EDGE('',*,*,#3445,.T.);
#1798=ORIENTED_EDGE('',*,*,#3442,.T.);
#1799=ORIENTED_EDGE('',*,*,#2891,.F.);
#1800=ORIENTED_EDGE('',*,*,#3446,.F.);
#1801=ORIENTED_EDGE('',*,*,#3447,.T.);
#1802=ORIENTED_EDGE('',*,*,#3444,.T.);
#1803=ORIENTED_EDGE('',*,*,#2890,.F.);
#1804=ORIENTED_EDGE('',*,*,#3448,.F.);
#1805=ORIENTED_EDGE('',*,*,#3449,.T.);
#1806=ORIENTED_EDGE('',*,*,#3446,.T.);
#1807=ORIENTED_EDGE('',*,*,#2889,.F.);
#1808=ORIENTED_EDGE('',*,*,#3450,.F.);
#1809=ORIENTED_EDGE('',*,*,#3451,.T.);
#1810=ORIENTED_EDGE('',*,*,#3448,.T.);
#1811=ORIENTED_EDGE('',*,*,#2888,.F.);
#1812=ORIENTED_EDGE('',*,*,#3452,.F.);
#1813=ORIENTED_EDGE('',*,*,#3453,.T.);
#1814=ORIENTED_EDGE('',*,*,#3450,.T.);
#1815=ORIENTED_EDGE('',*,*,#2887,.F.);
#1816=ORIENTED_EDGE('',*,*,#3454,.F.);
#1817=ORIENTED_EDGE('',*,*,#3455,.T.);
#1818=ORIENTED_EDGE('',*,*,#3452,.T.);
#1819=ORIENTED_EDGE('',*,*,#2886,.F.);
#1820=ORIENTED_EDGE('',*,*,#3435,.F.);
#1821=ORIENTED_EDGE('',*,*,#3456,.T.);
#1822=ORIENTED_EDGE('',*,*,#3454,.T.);
#1823=ORIENTED_EDGE('',*,*,#3434,.F.);
#1824=ORIENTED_EDGE('',*,*,#3437,.F.);
#1825=ORIENTED_EDGE('',*,*,#3439,.F.);
#1826=ORIENTED_EDGE('',*,*,#3441,.F.);
#1827=ORIENTED_EDGE('',*,*,#3443,.F.);
#1828=ORIENTED_EDGE('',*,*,#3445,.F.);
#1829=ORIENTED_EDGE('',*,*,#3447,.F.);
#1830=ORIENTED_EDGE('',*,*,#3449,.F.);
#1831=ORIENTED_EDGE('',*,*,#3451,.F.);
#1832=ORIENTED_EDGE('',*,*,#3453,.F.);
#1833=ORIENTED_EDGE('',*,*,#3455,.F.);
#1834=ORIENTED_EDGE('',*,*,#3456,.F.);
#1835=ORIENTED_EDGE('',*,*,#3457,.F.);
#1836=ORIENTED_EDGE('',*,*,#3458,.F.);
#1837=ORIENTED_EDGE('',*,*,#3459,.T.);
#1838=ORIENTED_EDGE('',*,*,#3460,.T.);
#1839=ORIENTED_EDGE('',*,*,#3461,.F.);
#1840=ORIENTED_EDGE('',*,*,#3462,.F.);
#1841=ORIENTED_EDGE('',*,*,#3463,.T.);
#1842=ORIENTED_EDGE('',*,*,#3458,.T.);
#1843=ORIENTED_EDGE('',*,*,#3464,.F.);
#1844=ORIENTED_EDGE('',*,*,#3465,.F.);
#1845=ORIENTED_EDGE('',*,*,#3466,.T.);
#1846=ORIENTED_EDGE('',*,*,#3462,.T.);
#1847=ORIENTED_EDGE('',*,*,#3467,.F.);
#1848=ORIENTED_EDGE('',*,*,#3468,.F.);
#1849=ORIENTED_EDGE('',*,*,#3469,.T.);
#1850=ORIENTED_EDGE('',*,*,#3465,.T.);
#1851=ORIENTED_EDGE('',*,*,#3470,.F.);
#1852=ORIENTED_EDGE('',*,*,#3471,.F.);
#1853=ORIENTED_EDGE('',*,*,#3472,.T.);
#1854=ORIENTED_EDGE('',*,*,#3468,.T.);
#1855=ORIENTED_EDGE('',*,*,#3473,.F.);
#1856=ORIENTED_EDGE('',*,*,#3474,.F.);
#1857=ORIENTED_EDGE('',*,*,#3475,.T.);
#1858=ORIENTED_EDGE('',*,*,#3471,.T.);
#1859=ORIENTED_EDGE('',*,*,#2876,.F.);
#1860=ORIENTED_EDGE('',*,*,#3476,.F.);
#1861=ORIENTED_EDGE('',*,*,#3477,.T.);
#1862=ORIENTED_EDGE('',*,*,#3478,.T.);
#1863=ORIENTED_EDGE('',*,*,#2884,.F.);
#1864=ORIENTED_EDGE('',*,*,#3479,.F.);
#1865=ORIENTED_EDGE('',*,*,#3480,.T.);
#1866=ORIENTED_EDGE('',*,*,#3476,.T.);
#1867=ORIENTED_EDGE('',*,*,#2883,.F.);
#1868=ORIENTED_EDGE('',*,*,#3481,.F.);
#1869=ORIENTED_EDGE('',*,*,#3482,.T.);
#1870=ORIENTED_EDGE('',*,*,#3479,.T.);
#1871=ORIENTED_EDGE('',*,*,#2882,.F.);
#1872=ORIENTED_EDGE('',*,*,#3483,.F.);
#1873=ORIENTED_EDGE('',*,*,#3484,.T.);
#1874=ORIENTED_EDGE('',*,*,#3481,.T.);
#1875=ORIENTED_EDGE('',*,*,#2881,.F.);
#1876=ORIENTED_EDGE('',*,*,#3485,.F.);
#1877=ORIENTED_EDGE('',*,*,#3486,.T.);
#1878=ORIENTED_EDGE('',*,*,#3483,.T.);
#1879=ORIENTED_EDGE('',*,*,#2880,.F.);
#1880=ORIENTED_EDGE('',*,*,#3487,.F.);
#1881=ORIENTED_EDGE('',*,*,#3488,.T.);
#1882=ORIENTED_EDGE('',*,*,#3485,.T.);
#1883=ORIENTED_EDGE('',*,*,#2879,.F.);
#1884=ORIENTED_EDGE('',*,*,#3489,.F.);
#1885=ORIENTED_EDGE('',*,*,#3490,.T.);
#1886=ORIENTED_EDGE('',*,*,#3487,.T.);
#1887=ORIENTED_EDGE('',*,*,#2878,.F.);
#1888=ORIENTED_EDGE('',*,*,#3491,.F.);
#1889=ORIENTED_EDGE('',*,*,#3492,.T.);
#1890=ORIENTED_EDGE('',*,*,#3489,.T.);
#1891=ORIENTED_EDGE('',*,*,#2877,.F.);
#1892=ORIENTED_EDGE('',*,*,#3478,.F.);
#1893=ORIENTED_EDGE('',*,*,#3493,.T.);
#1894=ORIENTED_EDGE('',*,*,#3491,.T.);
#1895=ORIENTED_EDGE('',*,*,#3494,.F.);
#1896=ORIENTED_EDGE('',*,*,#3460,.F.);
#1897=ORIENTED_EDGE('',*,*,#3495,.T.);
#1898=ORIENTED_EDGE('',*,*,#3474,.T.);
#1899=ORIENTED_EDGE('',*,*,#3477,.F.);
#1900=ORIENTED_EDGE('',*,*,#3480,.F.);
#1901=ORIENTED_EDGE('',*,*,#3482,.F.);
#1902=ORIENTED_EDGE('',*,*,#3484,.F.);
#1903=ORIENTED_EDGE('',*,*,#3486,.F.);
#1904=ORIENTED_EDGE('',*,*,#3488,.F.);
#1905=ORIENTED_EDGE('',*,*,#3490,.F.);
#1906=ORIENTED_EDGE('',*,*,#3492,.F.);
#1907=ORIENTED_EDGE('',*,*,#3493,.F.);
#1908=ORIENTED_EDGE('',*,*,#3459,.F.);
#1909=ORIENTED_EDGE('',*,*,#3463,.F.);
#1910=ORIENTED_EDGE('',*,*,#3466,.F.);
#1911=ORIENTED_EDGE('',*,*,#3469,.F.);
#1912=ORIENTED_EDGE('',*,*,#3472,.F.);
#1913=ORIENTED_EDGE('',*,*,#3475,.F.);
#1914=ORIENTED_EDGE('',*,*,#3495,.F.);
#1915=ORIENTED_EDGE('',*,*,#3457,.T.);
#1916=ORIENTED_EDGE('',*,*,#3494,.T.);
#1917=ORIENTED_EDGE('',*,*,#3473,.T.);
#1918=ORIENTED_EDGE('',*,*,#3470,.T.);
#1919=ORIENTED_EDGE('',*,*,#3467,.T.);
#1920=ORIENTED_EDGE('',*,*,#3464,.T.);
#1921=ORIENTED_EDGE('',*,*,#3461,.T.);
#1922=ORIENTED_EDGE('',*,*,#3496,.F.);
#1923=ORIENTED_EDGE('',*,*,#3497,.F.);
#1924=ORIENTED_EDGE('',*,*,#3498,.T.);
#1925=ORIENTED_EDGE('',*,*,#3499,.T.);
#1926=ORIENTED_EDGE('',*,*,#3500,.F.);
#1927=ORIENTED_EDGE('',*,*,#3501,.F.);
#1928=ORIENTED_EDGE('',*,*,#3502,.T.);
#1929=ORIENTED_EDGE('',*,*,#3497,.T.);
#1930=ORIENTED_EDGE('',*,*,#2868,.F.);
#1931=ORIENTED_EDGE('',*,*,#3503,.F.);
#1932=ORIENTED_EDGE('',*,*,#3504,.T.);
#1933=ORIENTED_EDGE('',*,*,#3505,.T.);
#1934=ORIENTED_EDGE('',*,*,#2875,.F.);
#1935=ORIENTED_EDGE('',*,*,#3506,.F.);
#1936=ORIENTED_EDGE('',*,*,#3507,.T.);
#1937=ORIENTED_EDGE('',*,*,#3503,.T.);
#1938=ORIENTED_EDGE('',*,*,#2874,.F.);
#1939=ORIENTED_EDGE('',*,*,#3508,.F.);
#1940=ORIENTED_EDGE('',*,*,#3509,.T.);
#1941=ORIENTED_EDGE('',*,*,#3506,.T.);
#1942=ORIENTED_EDGE('',*,*,#2873,.F.);
#1943=ORIENTED_EDGE('',*,*,#3510,.F.);
#1944=ORIENTED_EDGE('',*,*,#3511,.T.);
#1945=ORIENTED_EDGE('',*,*,#3508,.T.);
#1946=ORIENTED_EDGE('',*,*,#2872,.F.);
#1947=ORIENTED_EDGE('',*,*,#3512,.F.);
#1948=ORIENTED_EDGE('',*,*,#3513,.T.);
#1949=ORIENTED_EDGE('',*,*,#3510,.T.);
#1950=ORIENTED_EDGE('',*,*,#2871,.F.);
#1951=ORIENTED_EDGE('',*,*,#3514,.F.);
#1952=ORIENTED_EDGE('',*,*,#3515,.T.);
#1953=ORIENTED_EDGE('',*,*,#3512,.T.);
#1954=ORIENTED_EDGE('',*,*,#2870,.F.);
#1955=ORIENTED_EDGE('',*,*,#3516,.F.);
#1956=ORIENTED_EDGE('',*,*,#3517,.T.);
#1957=ORIENTED_EDGE('',*,*,#3514,.T.);
#1958=ORIENTED_EDGE('',*,*,#2869,.F.);
#1959=ORIENTED_EDGE('',*,*,#3505,.F.);
#1960=ORIENTED_EDGE('',*,*,#3518,.T.);
#1961=ORIENTED_EDGE('',*,*,#3516,.T.);
#1962=ORIENTED_EDGE('',*,*,#3519,.F.);
#1963=ORIENTED_EDGE('',*,*,#3499,.F.);
#1964=ORIENTED_EDGE('',*,*,#3520,.T.);
#1965=ORIENTED_EDGE('',*,*,#3501,.T.);
#1966=ORIENTED_EDGE('',*,*,#3504,.F.);
#1967=ORIENTED_EDGE('',*,*,#3507,.F.);
#1968=ORIENTED_EDGE('',*,*,#3509,.F.);
#1969=ORIENTED_EDGE('',*,*,#3511,.F.);
#1970=ORIENTED_EDGE('',*,*,#3513,.F.);
#1971=ORIENTED_EDGE('',*,*,#3515,.F.);
#1972=ORIENTED_EDGE('',*,*,#3517,.F.);
#1973=ORIENTED_EDGE('',*,*,#3518,.F.);
#1974=ORIENTED_EDGE('',*,*,#3498,.F.);
#1975=ORIENTED_EDGE('',*,*,#3502,.F.);
#1976=ORIENTED_EDGE('',*,*,#3520,.F.);
#1977=ORIENTED_EDGE('',*,*,#3496,.T.);
#1978=ORIENTED_EDGE('',*,*,#3519,.T.);
#1979=ORIENTED_EDGE('',*,*,#3500,.T.);
#1980=ORIENTED_EDGE('',*,*,#3521,.F.);
#1981=ORIENTED_EDGE('',*,*,#3522,.F.);
#1982=ORIENTED_EDGE('',*,*,#3523,.T.);
#1983=ORIENTED_EDGE('',*,*,#3524,.T.);
#1984=ORIENTED_EDGE('',*,*,#3525,.F.);
#1985=ORIENTED_EDGE('',*,*,#3526,.F.);
#1986=ORIENTED_EDGE('',*,*,#3527,.T.);
#1987=ORIENTED_EDGE('',*,*,#3522,.T.);
#1988=ORIENTED_EDGE('',*,*,#3528,.F.);
#1989=ORIENTED_EDGE('',*,*,#3529,.F.);
#1990=ORIENTED_EDGE('',*,*,#3530,.T.);
#1991=ORIENTED_EDGE('',*,*,#3526,.T.);
#1992=ORIENTED_EDGE('',*,*,#3531,.F.);
#1993=ORIENTED_EDGE('',*,*,#3532,.F.);
#1994=ORIENTED_EDGE('',*,*,#3533,.T.);
#1995=ORIENTED_EDGE('',*,*,#3529,.T.);
#1996=ORIENTED_EDGE('',*,*,#3534,.F.);
#1997=ORIENTED_EDGE('',*,*,#3535,.F.);
#1998=ORIENTED_EDGE('',*,*,#3536,.T.);
#1999=ORIENTED_EDGE('',*,*,#3532,.T.);
#2000=ORIENTED_EDGE('',*,*,#3537,.F.);
#2001=ORIENTED_EDGE('',*,*,#3538,.F.);
#2002=ORIENTED_EDGE('',*,*,#3539,.T.);
#2003=ORIENTED_EDGE('',*,*,#3535,.T.);
#2004=ORIENTED_EDGE('',*,*,#3540,.F.);
#2005=ORIENTED_EDGE('',*,*,#3541,.F.);
#2006=ORIENTED_EDGE('',*,*,#3542,.T.);
#2007=ORIENTED_EDGE('',*,*,#3538,.T.);
#2008=ORIENTED_EDGE('',*,*,#2858,.F.);
#2009=ORIENTED_EDGE('',*,*,#3543,.F.);
#2010=ORIENTED_EDGE('',*,*,#3544,.T.);
#2011=ORIENTED_EDGE('',*,*,#3545,.T.);
#2012=ORIENTED_EDGE('',*,*,#2867,.F.);
#2013=ORIENTED_EDGE('',*,*,#3546,.F.);
#2014=ORIENTED_EDGE('',*,*,#3547,.T.);
#2015=ORIENTED_EDGE('',*,*,#3543,.T.);
#2016=ORIENTED_EDGE('',*,*,#2866,.F.);
#2017=ORIENTED_EDGE('',*,*,#3548,.F.);
#2018=ORIENTED_EDGE('',*,*,#3549,.T.);
#2019=ORIENTED_EDGE('',*,*,#3546,.T.);
#2020=ORIENTED_EDGE('',*,*,#2865,.F.);
#2021=ORIENTED_EDGE('',*,*,#3550,.F.);
#2022=ORIENTED_EDGE('',*,*,#3551,.T.);
#2023=ORIENTED_EDGE('',*,*,#3548,.T.);
#2024=ORIENTED_EDGE('',*,*,#2864,.F.);
#2025=ORIENTED_EDGE('',*,*,#3552,.F.);
#2026=ORIENTED_EDGE('',*,*,#3553,.T.);
#2027=ORIENTED_EDGE('',*,*,#3550,.T.);
#2028=ORIENTED_EDGE('',*,*,#2863,.F.);
#2029=ORIENTED_EDGE('',*,*,#3554,.F.);
#2030=ORIENTED_EDGE('',*,*,#3555,.T.);
#2031=ORIENTED_EDGE('',*,*,#3552,.T.);
#2032=ORIENTED_EDGE('',*,*,#2862,.F.);
#2033=ORIENTED_EDGE('',*,*,#3556,.F.);
#2034=ORIENTED_EDGE('',*,*,#3557,.T.);
#2035=ORIENTED_EDGE('',*,*,#3554,.T.);
#2036=ORIENTED_EDGE('',*,*,#2861,.F.);
#2037=ORIENTED_EDGE('',*,*,#3558,.F.);
#2038=ORIENTED_EDGE('',*,*,#3559,.T.);
#2039=ORIENTED_EDGE('',*,*,#3556,.T.);
#2040=ORIENTED_EDGE('',*,*,#2860,.F.);
#2041=ORIENTED_EDGE('',*,*,#3560,.F.);
#2042=ORIENTED_EDGE('',*,*,#3561,.T.);
#2043=ORIENTED_EDGE('',*,*,#3558,.T.);
#2044=ORIENTED_EDGE('',*,*,#2859,.F.);
#2045=ORIENTED_EDGE('',*,*,#3545,.F.);
#2046=ORIENTED_EDGE('',*,*,#3562,.T.);
#2047=ORIENTED_EDGE('',*,*,#3560,.T.);
#2048=ORIENTED_EDGE('',*,*,#3563,.F.);
#2049=ORIENTED_EDGE('',*,*,#3524,.F.);
#2050=ORIENTED_EDGE('',*,*,#3564,.T.);
#2051=ORIENTED_EDGE('',*,*,#3541,.T.);
#2052=ORIENTED_EDGE('',*,*,#3544,.F.);
#2053=ORIENTED_EDGE('',*,*,#3547,.F.);
#2054=ORIENTED_EDGE('',*,*,#3549,.F.);
#2055=ORIENTED_EDGE('',*,*,#3551,.F.);
#2056=ORIENTED_EDGE('',*,*,#3553,.F.);
#2057=ORIENTED_EDGE('',*,*,#3555,.F.);
#2058=ORIENTED_EDGE('',*,*,#3557,.F.);
#2059=ORIENTED_EDGE('',*,*,#3559,.F.);
#2060=ORIENTED_EDGE('',*,*,#3561,.F.);
#2061=ORIENTED_EDGE('',*,*,#3562,.F.);
#2062=ORIENTED_EDGE('',*,*,#3523,.F.);
#2063=ORIENTED_EDGE('',*,*,#3527,.F.);
#2064=ORIENTED_EDGE('',*,*,#3530,.F.);
#2065=ORIENTED_EDGE('',*,*,#3533,.F.);
#2066=ORIENTED_EDGE('',*,*,#3536,.F.);
#2067=ORIENTED_EDGE('',*,*,#3539,.F.);
#2068=ORIENTED_EDGE('',*,*,#3542,.F.);
#2069=ORIENTED_EDGE('',*,*,#3564,.F.);
#2070=ORIENTED_EDGE('',*,*,#3521,.T.);
#2071=ORIENTED_EDGE('',*,*,#3563,.T.);
#2072=ORIENTED_EDGE('',*,*,#3540,.T.);
#2073=ORIENTED_EDGE('',*,*,#3537,.T.);
#2074=ORIENTED_EDGE('',*,*,#3534,.T.);
#2075=ORIENTED_EDGE('',*,*,#3531,.T.);
#2076=ORIENTED_EDGE('',*,*,#3528,.T.);
#2077=ORIENTED_EDGE('',*,*,#3525,.T.);
#2078=ORIENTED_EDGE('',*,*,#3565,.F.);
#2079=ORIENTED_EDGE('',*,*,#3566,.F.);
#2080=ORIENTED_EDGE('',*,*,#3567,.T.);
#2081=ORIENTED_EDGE('',*,*,#3568,.T.);
#2082=ORIENTED_EDGE('',*,*,#3569,.F.);
#2083=ORIENTED_EDGE('',*,*,#3570,.F.);
#2084=ORIENTED_EDGE('',*,*,#3571,.T.);
#2085=ORIENTED_EDGE('',*,*,#3566,.T.);
#2086=ORIENTED_EDGE('',*,*,#3572,.F.);
#2087=ORIENTED_EDGE('',*,*,#3573,.F.);
#2088=ORIENTED_EDGE('',*,*,#3574,.T.);
#2089=ORIENTED_EDGE('',*,*,#3570,.T.);
#2090=ORIENTED_EDGE('',*,*,#3575,.F.);
#2091=ORIENTED_EDGE('',*,*,#3576,.F.);
#2092=ORIENTED_EDGE('',*,*,#3577,.T.);
#2093=ORIENTED_EDGE('',*,*,#3573,.T.);
#2094=ORIENTED_EDGE('',*,*,#3578,.F.);
#2095=ORIENTED_EDGE('',*,*,#3579,.F.);
#2096=ORIENTED_EDGE('',*,*,#3580,.T.);
#2097=ORIENTED_EDGE('',*,*,#3576,.T.);
#2098=ORIENTED_EDGE('',*,*,#3581,.F.);
#2099=ORIENTED_EDGE('',*,*,#3582,.F.);
#2100=ORIENTED_EDGE('',*,*,#3583,.T.);
#2101=ORIENTED_EDGE('',*,*,#3579,.T.);
#2102=ORIENTED_EDGE('',*,*,#2846,.F.);
#2103=ORIENTED_EDGE('',*,*,#3584,.F.);
#2104=ORIENTED_EDGE('',*,*,#3585,.T.);
#2105=ORIENTED_EDGE('',*,*,#3586,.T.);
#2106=ORIENTED_EDGE('',*,*,#2857,.F.);
#2107=ORIENTED_EDGE('',*,*,#3587,.F.);
#2108=ORIENTED_EDGE('',*,*,#3588,.T.);
#2109=ORIENTED_EDGE('',*,*,#3584,.T.);
#2110=ORIENTED_EDGE('',*,*,#2856,.F.);
#2111=ORIENTED_EDGE('',*,*,#3589,.F.);
#2112=ORIENTED_EDGE('',*,*,#3590,.T.);
#2113=ORIENTED_EDGE('',*,*,#3587,.T.);
#2114=ORIENTED_EDGE('',*,*,#2855,.F.);
#2115=ORIENTED_EDGE('',*,*,#3591,.F.);
#2116=ORIENTED_EDGE('',*,*,#3592,.T.);
#2117=ORIENTED_EDGE('',*,*,#3589,.T.);
#2118=ORIENTED_EDGE('',*,*,#2854,.F.);
#2119=ORIENTED_EDGE('',*,*,#3593,.F.);
#2120=ORIENTED_EDGE('',*,*,#3594,.T.);
#2121=ORIENTED_EDGE('',*,*,#3591,.T.);
#2122=ORIENTED_EDGE('',*,*,#2853,.F.);
#2123=ORIENTED_EDGE('',*,*,#3595,.F.);
#2124=ORIENTED_EDGE('',*,*,#3596,.T.);
#2125=ORIENTED_EDGE('',*,*,#3593,.T.);
#2126=ORIENTED_EDGE('',*,*,#2852,.F.);
#2127=ORIENTED_EDGE('',*,*,#3597,.F.);
#2128=ORIENTED_EDGE('',*,*,#3598,.T.);
#2129=ORIENTED_EDGE('',*,*,#3595,.T.);
#2130=ORIENTED_EDGE('',*,*,#2851,.F.);
#2131=ORIENTED_EDGE('',*,*,#3599,.F.);
#2132=ORIENTED_EDGE('',*,*,#3600,.T.);
#2133=ORIENTED_EDGE('',*,*,#3597,.T.);
#2134=ORIENTED_EDGE('',*,*,#2850,.F.);
#2135=ORIENTED_EDGE('',*,*,#3601,.F.);
#2136=ORIENTED_EDGE('',*,*,#3602,.T.);
#2137=ORIENTED_EDGE('',*,*,#3599,.T.);
#2138=ORIENTED_EDGE('',*,*,#2849,.F.);
#2139=ORIENTED_EDGE('',*,*,#3603,.F.);
#2140=ORIENTED_EDGE('',*,*,#3604,.T.);
#2141=ORIENTED_EDGE('',*,*,#3601,.T.);
#2142=ORIENTED_EDGE('',*,*,#2848,.F.);
#2143=ORIENTED_EDGE('',*,*,#3605,.F.);
#2144=ORIENTED_EDGE('',*,*,#3606,.T.);
#2145=ORIENTED_EDGE('',*,*,#3603,.T.);
#2146=ORIENTED_EDGE('',*,*,#2847,.F.);
#2147=ORIENTED_EDGE('',*,*,#3586,.F.);
#2148=ORIENTED_EDGE('',*,*,#3607,.T.);
#2149=ORIENTED_EDGE('',*,*,#3605,.T.);
#2150=ORIENTED_EDGE('',*,*,#3608,.F.);
#2151=ORIENTED_EDGE('',*,*,#3568,.F.);
#2152=ORIENTED_EDGE('',*,*,#3609,.T.);
#2153=ORIENTED_EDGE('',*,*,#3582,.T.);
#2154=ORIENTED_EDGE('',*,*,#3585,.F.);
#2155=ORIENTED_EDGE('',*,*,#3588,.F.);
#2156=ORIENTED_EDGE('',*,*,#3590,.F.);
#2157=ORIENTED_EDGE('',*,*,#3592,.F.);
#2158=ORIENTED_EDGE('',*,*,#3594,.F.);
#2159=ORIENTED_EDGE('',*,*,#3596,.F.);
#2160=ORIENTED_EDGE('',*,*,#3598,.F.);
#2161=ORIENTED_EDGE('',*,*,#3600,.F.);
#2162=ORIENTED_EDGE('',*,*,#3602,.F.);
#2163=ORIENTED_EDGE('',*,*,#3604,.F.);
#2164=ORIENTED_EDGE('',*,*,#3606,.F.);
#2165=ORIENTED_EDGE('',*,*,#3607,.F.);
#2166=ORIENTED_EDGE('',*,*,#3567,.F.);
#2167=ORIENTED_EDGE('',*,*,#3571,.F.);
#2168=ORIENTED_EDGE('',*,*,#3574,.F.);
#2169=ORIENTED_EDGE('',*,*,#3577,.F.);
#2170=ORIENTED_EDGE('',*,*,#3580,.F.);
#2171=ORIENTED_EDGE('',*,*,#3583,.F.);
#2172=ORIENTED_EDGE('',*,*,#3609,.F.);
#2173=ORIENTED_EDGE('',*,*,#3565,.T.);
#2174=ORIENTED_EDGE('',*,*,#3608,.T.);
#2175=ORIENTED_EDGE('',*,*,#3581,.T.);
#2176=ORIENTED_EDGE('',*,*,#3578,.T.);
#2177=ORIENTED_EDGE('',*,*,#3575,.T.);
#2178=ORIENTED_EDGE('',*,*,#3572,.T.);
#2179=ORIENTED_EDGE('',*,*,#3569,.T.);
#2180=ORIENTED_EDGE('',*,*,#2832,.F.);
#2181=ORIENTED_EDGE('',*,*,#3610,.F.);
#2182=ORIENTED_EDGE('',*,*,#3611,.T.);
#2183=ORIENTED_EDGE('',*,*,#3612,.T.);
#2184=ORIENTED_EDGE('',*,*,#2845,.F.);
#2185=ORIENTED_EDGE('',*,*,#3613,.F.);
#2186=ORIENTED_EDGE('',*,*,#3614,.T.);
#2187=ORIENTED_EDGE('',*,*,#3610,.T.);
#2188=ORIENTED_EDGE('',*,*,#2844,.F.);
#2189=ORIENTED_EDGE('',*,*,#3615,.F.);
#2190=ORIENTED_EDGE('',*,*,#3616,.T.);
#2191=ORIENTED_EDGE('',*,*,#3613,.T.);
#2192=ORIENTED_EDGE('',*,*,#2843,.F.);
#2193=ORIENTED_EDGE('',*,*,#3617,.F.);
#2194=ORIENTED_EDGE('',*,*,#3618,.T.);
#2195=ORIENTED_EDGE('',*,*,#3615,.T.);
#2196=ORIENTED_EDGE('',*,*,#2842,.F.);
#2197=ORIENTED_EDGE('',*,*,#3619,.F.);
#2198=ORIENTED_EDGE('',*,*,#3620,.T.);
#2199=ORIENTED_EDGE('',*,*,#3617,.T.);
#2200=ORIENTED_EDGE('',*,*,#2841,.F.);
#2201=ORIENTED_EDGE('',*,*,#3621,.F.);
#2202=ORIENTED_EDGE('',*,*,#3622,.T.);
#2203=ORIENTED_EDGE('',*,*,#3619,.T.);
#2204=ORIENTED_EDGE('',*,*,#2840,.F.);
#2205=ORIENTED_EDGE('',*,*,#3623,.F.);
#2206=ORIENTED_EDGE('',*,*,#3624,.T.);
#2207=ORIENTED_EDGE('',*,*,#3621,.T.);
#2208=ORIENTED_EDGE('',*,*,#2839,.F.);
#2209=ORIENTED_EDGE('',*,*,#3625,.F.);
#2210=ORIENTED_EDGE('',*,*,#3626,.T.);
#2211=ORIENTED_EDGE('',*,*,#3623,.T.);
#2212=ORIENTED_EDGE('',*,*,#2838,.F.);
#2213=ORIENTED_EDGE('',*,*,#3627,.F.);
#2214=ORIENTED_EDGE('',*,*,#3628,.T.);
#2215=ORIENTED_EDGE('',*,*,#3625,.T.);
#2216=ORIENTED_EDGE('',*,*,#2837,.F.);
#2217=ORIENTED_EDGE('',*,*,#3629,.F.);
#2218=ORIENTED_EDGE('',*,*,#3630,.T.);
#2219=ORIENTED_EDGE('',*,*,#3627,.T.);
#2220=ORIENTED_EDGE('',*,*,#2836,.F.);
#2221=ORIENTED_EDGE('',*,*,#3631,.F.);
#2222=ORIENTED_EDGE('',*,*,#3632,.T.);
#2223=ORIENTED_EDGE('',*,*,#3629,.T.);
#2224=ORIENTED_EDGE('',*,*,#2835,.F.);
#2225=ORIENTED_EDGE('',*,*,#3633,.F.);
#2226=ORIENTED_EDGE('',*,*,#3634,.T.);
#2227=ORIENTED_EDGE('',*,*,#3631,.T.);
#2228=ORIENTED_EDGE('',*,*,#2834,.F.);
#2229=ORIENTED_EDGE('',*,*,#3635,.F.);
#2230=ORIENTED_EDGE('',*,*,#3636,.T.);
#2231=ORIENTED_EDGE('',*,*,#3633,.T.);
#2232=ORIENTED_EDGE('',*,*,#2833,.F.);
#2233=ORIENTED_EDGE('',*,*,#3612,.F.);
#2234=ORIENTED_EDGE('',*,*,#3637,.T.);
#2235=ORIENTED_EDGE('',*,*,#3635,.T.);
#2236=ORIENTED_EDGE('',*,*,#3611,.F.);
#2237=ORIENTED_EDGE('',*,*,#3614,.F.);
#2238=ORIENTED_EDGE('',*,*,#3616,.F.);
#2239=ORIENTED_EDGE('',*,*,#3618,.F.);
#2240=ORIENTED_EDGE('',*,*,#3620,.F.);
#2241=ORIENTED_EDGE('',*,*,#3622,.F.);
#2242=ORIENTED_EDGE('',*,*,#3624,.F.);
#2243=ORIENTED_EDGE('',*,*,#3626,.F.);
#2244=ORIENTED_EDGE('',*,*,#3628,.F.);
#2245=ORIENTED_EDGE('',*,*,#3630,.F.);
#2246=ORIENTED_EDGE('',*,*,#3632,.F.);
#2247=ORIENTED_EDGE('',*,*,#3634,.F.);
#2248=ORIENTED_EDGE('',*,*,#3636,.F.);
#2249=ORIENTED_EDGE('',*,*,#3637,.F.);
#2250=ORIENTED_EDGE('',*,*,#3638,.T.);
#2251=ORIENTED_EDGE('',*,*,#3639,.T.);
#2252=ORIENTED_EDGE('',*,*,#3640,.T.);
#2253=ORIENTED_EDGE('',*,*,#3641,.T.);
#2254=ORIENTED_EDGE('',*,*,#3642,.T.);
#2255=ORIENTED_EDGE('',*,*,#3643,.T.);
#2256=ORIENTED_EDGE('',*,*,#3644,.T.);
#2257=ORIENTED_EDGE('',*,*,#3645,.T.);
#2258=ORIENTED_EDGE('',*,*,#3646,.T.);
#2259=ORIENTED_EDGE('',*,*,#3647,.T.);
#2260=ORIENTED_EDGE('',*,*,#3648,.T.);
#2261=ORIENTED_EDGE('',*,*,#3649,.T.);
#2262=ORIENTED_EDGE('',*,*,#3650,.T.);
#2263=ORIENTED_EDGE('',*,*,#3651,.T.);
#2264=ORIENTED_EDGE('',*,*,#3652,.T.);
#2265=ORIENTED_EDGE('',*,*,#3653,.T.);
#2266=ORIENTED_EDGE('',*,*,#3654,.T.);
#2267=ORIENTED_EDGE('',*,*,#3655,.T.);
#2268=ORIENTED_EDGE('',*,*,#3656,.F.);
#2269=ORIENTED_EDGE('',*,*,#3657,.T.);
#2270=ORIENTED_EDGE('',*,*,#3658,.F.);
#2271=ORIENTED_EDGE('',*,*,#3659,.T.);
#2272=ORIENTED_EDGE('',*,*,#3660,.F.);
#2273=ORIENTED_EDGE('',*,*,#3661,.T.);
#2274=ORIENTED_EDGE('',*,*,#3662,.F.);
#2275=ORIENTED_EDGE('',*,*,#3663,.T.);
#2276=ORIENTED_EDGE('',*,*,#3664,.F.);
#2277=ORIENTED_EDGE('',*,*,#3665,.F.);
#2278=ORIENTED_EDGE('',*,*,#3666,.T.);
#2279=ORIENTED_EDGE('',*,*,#3667,.F.);
#2280=ORIENTED_EDGE('',*,*,#3668,.F.);
#2281=ORIENTED_EDGE('',*,*,#3669,.T.);
#2282=ORIENTED_EDGE('',*,*,#3670,.T.);
#2283=ORIENTED_EDGE('',*,*,#3671,.T.);
#2284=ORIENTED_EDGE('',*,*,#3672,.T.);
#2285=ORIENTED_EDGE('',*,*,#3673,.T.);
#2286=ORIENTED_EDGE('',*,*,#3674,.T.);
#2287=ORIENTED_EDGE('',*,*,#3675,.T.);
#2288=ORIENTED_EDGE('',*,*,#3676,.T.);
#2289=ORIENTED_EDGE('',*,*,#3677,.F.);
#2290=ORIENTED_EDGE('',*,*,#3678,.F.);
#2291=ORIENTED_EDGE('',*,*,#3679,.T.);
#2292=ORIENTED_EDGE('',*,*,#3680,.T.);
#2293=ORIENTED_EDGE('',*,*,#3681,.T.);
#2294=ORIENTED_EDGE('',*,*,#3682,.T.);
#2295=ORIENTED_EDGE('',*,*,#3683,.F.);
#2296=ORIENTED_EDGE('',*,*,#3684,.T.);
#2297=ORIENTED_EDGE('',*,*,#3685,.T.);
#2298=ORIENTED_EDGE('',*,*,#3686,.T.);
#2299=ORIENTED_EDGE('',*,*,#3687,.F.);
#2300=ORIENTED_EDGE('',*,*,#3688,.T.);
#2301=ORIENTED_EDGE('',*,*,#3689,.T.);
#2302=ORIENTED_EDGE('',*,*,#3690,.T.);
#2303=ORIENTED_EDGE('',*,*,#3691,.F.);
#2304=ORIENTED_EDGE('',*,*,#3666,.F.);
#2305=ORIENTED_EDGE('',*,*,#3692,.T.);
#2306=ORIENTED_EDGE('',*,*,#3693,.T.);
#2307=ORIENTED_EDGE('',*,*,#3694,.T.);
#2308=ORIENTED_EDGE('',*,*,#3695,.F.);
#2309=ORIENTED_EDGE('',*,*,#3696,.F.);
#2310=ORIENTED_EDGE('',*,*,#3664,.T.);
#2311=ORIENTED_EDGE('',*,*,#3697,.T.);
#2312=ORIENTED_EDGE('',*,*,#3657,.F.);
#2313=ORIENTED_EDGE('',*,*,#3698,.T.);
#2314=ORIENTED_EDGE('',*,*,#3659,.F.);
#2315=ORIENTED_EDGE('',*,*,#3699,.T.);
#2316=ORIENTED_EDGE('',*,*,#3661,.F.);
#2317=ORIENTED_EDGE('',*,*,#3700,.F.);
#2318=ORIENTED_EDGE('',*,*,#3693,.F.);
#2319=ORIENTED_EDGE('',*,*,#3701,.T.);
#2320=ORIENTED_EDGE('',*,*,#3695,.T.);
#2321=ORIENTED_EDGE('',*,*,#3702,.T.);
#2322=ORIENTED_EDGE('',*,*,#3655,.F.);
#2323=ORIENTED_EDGE('',*,*,#3692,.F.);
#2324=ORIENTED_EDGE('',*,*,#3665,.T.);
#2325=ORIENTED_EDGE('',*,*,#3696,.T.);
#2326=ORIENTED_EDGE('',*,*,#3701,.F.);
#2327=ORIENTED_EDGE('',*,*,#3681,.F.);
#2328=ORIENTED_EDGE('',*,*,#3703,.T.);
#2329=ORIENTED_EDGE('',*,*,#3683,.T.);
#2330=ORIENTED_EDGE('',*,*,#3704,.T.);
#2331=ORIENTED_EDGE('',*,*,#3687,.T.);
#2332=ORIENTED_EDGE('',*,*,#3705,.T.);
#2333=ORIENTED_EDGE('',*,*,#3673,.F.);
#2334=ORIENTED_EDGE('',*,*,#3706,.T.);
#2335=ORIENTED_EDGE('',*,*,#3699,.F.);
#2336=ORIENTED_EDGE('',*,*,#3698,.F.);
#2337=ORIENTED_EDGE('',*,*,#3697,.F.);
#2338=ORIENTED_EDGE('',*,*,#3702,.F.);
#2339=ORIENTED_EDGE('',*,*,#3667,.T.);
#2340=ORIENTED_EDGE('',*,*,#3707,.F.);
#2341=ORIENTED_EDGE('',*,*,#3676,.F.);
#2342=ORIENTED_EDGE('',*,*,#3708,.T.);
#2343=ORIENTED_EDGE('',*,*,#3709,.F.);
#2344=ORIENTED_EDGE('',*,*,#3677,.T.);
#2345=ORIENTED_EDGE('',*,*,#3707,.T.);
#2346=ORIENTED_EDGE('',*,*,#3670,.F.);
#2347=ORIENTED_EDGE('',*,*,#3710,.F.);
#2348=ORIENTED_EDGE('',*,*,#3678,.T.);
#2349=ORIENTED_EDGE('',*,*,#3709,.T.);
#2350=ORIENTED_EDGE('',*,*,#3669,.F.);
#2351=ORIENTED_EDGE('',*,*,#3668,.T.);
#2352=ORIENTED_EDGE('',*,*,#3708,.F.);
#2353=ORIENTED_EDGE('',*,*,#3675,.F.);
#2354=ORIENTED_EDGE('',*,*,#3710,.T.);
#2355=ORIENTED_EDGE('',*,*,#3711,.T.);
#2356=ORIENTED_EDGE('',*,*,#3712,.T.);
#2357=ORIENTED_EDGE('',*,*,#3713,.T.);
#2358=ORIENTED_EDGE('',*,*,#3662,.T.);
#2359=ORIENTED_EDGE('',*,*,#3640,.F.);
#2360=ORIENTED_EDGE('',*,*,#3714,.T.);
#2361=ORIENTED_EDGE('',*,*,#3641,.F.);
#2362=ORIENTED_EDGE('',*,*,#3715,.T.);
#2363=ORIENTED_EDGE('',*,*,#3656,.T.);
#2364=ORIENTED_EDGE('',*,*,#3713,.F.);
#2365=ORIENTED_EDGE('',*,*,#3716,.T.);
#2366=ORIENTED_EDGE('',*,*,#3645,.F.);
#2367=ORIENTED_EDGE('',*,*,#3717,.T.);
#2368=ORIENTED_EDGE('',*,*,#3658,.T.);
#2369=ORIENTED_EDGE('',*,*,#3654,.F.);
#2370=ORIENTED_EDGE('',*,*,#3718,.T.);
#2371=ORIENTED_EDGE('',*,*,#3647,.F.);
#2372=ORIENTED_EDGE('',*,*,#3719,.T.);
#2373=ORIENTED_EDGE('',*,*,#3660,.T.);
#2374=ORIENTED_EDGE('',*,*,#3643,.F.);
#2375=ORIENTED_EDGE('',*,*,#3720,.T.);
#2376=ORIENTED_EDGE('',*,*,#3649,.F.);
#2377=ORIENTED_EDGE('',*,*,#3721,.T.);
#2378=ORIENTED_EDGE('',*,*,#3663,.F.);
#2379=ORIENTED_EDGE('',*,*,#3691,.T.);
#2380=ORIENTED_EDGE('',*,*,#3700,.T.);
#2381=ORIENTED_EDGE('',*,*,#3694,.F.);
#2382=ORIENTED_EDGE('',*,*,#3685,.F.);
#2383=ORIENTED_EDGE('',*,*,#3722,.T.);
#2384=ORIENTED_EDGE('',*,*,#3638,.F.);
#2385=ORIENTED_EDGE('',*,*,#3715,.F.);
#2386=ORIENTED_EDGE('',*,*,#3648,.F.);
#2387=ORIENTED_EDGE('',*,*,#3718,.F.);
#2388=ORIENTED_EDGE('',*,*,#3653,.F.);
#2389=ORIENTED_EDGE('',*,*,#3723,.F.);
#2390=ORIENTED_EDGE('',*,*,#3704,.F.);
#2391=ORIENTED_EDGE('',*,*,#3686,.F.);
#2392=ORIENTED_EDGE('',*,*,#3724,.F.);
#2393=ORIENTED_EDGE('',*,*,#3688,.F.);
#2394=ORIENTED_EDGE('',*,*,#3724,.T.);
#2395=ORIENTED_EDGE('',*,*,#3723,.T.);
#2396=ORIENTED_EDGE('',*,*,#3725,.F.);
#2397=ORIENTED_EDGE('',*,*,#3716,.F.);
#2398=ORIENTED_EDGE('',*,*,#3712,.F.);
#2399=ORIENTED_EDGE('',*,*,#3726,.F.);
#2400=ORIENTED_EDGE('',*,*,#3689,.F.);
#2401=ORIENTED_EDGE('',*,*,#3725,.T.);
#2402=ORIENTED_EDGE('',*,*,#3652,.F.);
#2403=ORIENTED_EDGE('',*,*,#3719,.F.);
#2404=ORIENTED_EDGE('',*,*,#3646,.F.);
#2405=ORIENTED_EDGE('',*,*,#3705,.F.);
#2406=ORIENTED_EDGE('',*,*,#3690,.F.);
#2407=ORIENTED_EDGE('',*,*,#3727,.F.);
#2408=ORIENTED_EDGE('',*,*,#3674,.F.);
#2409=ORIENTED_EDGE('',*,*,#3727,.T.);
#2410=ORIENTED_EDGE('',*,*,#3726,.T.);
#2411=ORIENTED_EDGE('',*,*,#3728,.F.);
#2412=ORIENTED_EDGE('',*,*,#3651,.F.);
#2413=ORIENTED_EDGE('',*,*,#3729,.T.);
#2414=ORIENTED_EDGE('',*,*,#3671,.F.);
#2415=ORIENTED_EDGE('',*,*,#3728,.T.);
#2416=ORIENTED_EDGE('',*,*,#3711,.F.);
#2417=ORIENTED_EDGE('',*,*,#3717,.F.);
#2418=ORIENTED_EDGE('',*,*,#3644,.F.);
#2419=ORIENTED_EDGE('',*,*,#3721,.F.);
#2420=ORIENTED_EDGE('',*,*,#3672,.F.);
#2421=ORIENTED_EDGE('',*,*,#3730,.T.);
#2422=ORIENTED_EDGE('',*,*,#3682,.F.);
#2423=ORIENTED_EDGE('',*,*,#3706,.F.);
#2424=ORIENTED_EDGE('',*,*,#3730,.F.);
#2425=ORIENTED_EDGE('',*,*,#3729,.F.);
#2426=ORIENTED_EDGE('',*,*,#3731,.F.);
#2427=ORIENTED_EDGE('',*,*,#3714,.F.);
#2428=ORIENTED_EDGE('',*,*,#3639,.F.);
#2429=ORIENTED_EDGE('',*,*,#3732,.F.);
#2430=ORIENTED_EDGE('',*,*,#3679,.F.);
#2431=ORIENTED_EDGE('',*,*,#3731,.T.);
#2432=ORIENTED_EDGE('',*,*,#3650,.F.);
#2433=ORIENTED_EDGE('',*,*,#3720,.F.);
#2434=ORIENTED_EDGE('',*,*,#3642,.F.);
#2435=ORIENTED_EDGE('',*,*,#3732,.T.);
#2436=ORIENTED_EDGE('',*,*,#3722,.F.);
#2437=ORIENTED_EDGE('',*,*,#3733,.F.);
#2438=ORIENTED_EDGE('',*,*,#3703,.F.);
#2439=ORIENTED_EDGE('',*,*,#3680,.F.);
#2440=ORIENTED_EDGE('',*,*,#3733,.T.);
#2441=ORIENTED_EDGE('',*,*,#3684,.F.);
#2442=ORIENTED_EDGE('',*,*,#3734,.T.);
#2443=ORIENTED_EDGE('',*,*,#3735,.T.);
#2444=ORIENTED_EDGE('',*,*,#3736,.F.);
#2445=ORIENTED_EDGE('',*,*,#3737,.F.);
#2446=ORIENTED_EDGE('',*,*,#3738,.T.);
#2447=ORIENTED_EDGE('',*,*,#3739,.T.);
#2448=ORIENTED_EDGE('',*,*,#3734,.F.);
#2449=ORIENTED_EDGE('',*,*,#3740,.F.);
#2450=ORIENTED_EDGE('',*,*,#3736,.T.);
#2451=ORIENTED_EDGE('',*,*,#3741,.T.);
#2452=ORIENTED_EDGE('',*,*,#3742,.F.);
#2453=ORIENTED_EDGE('',*,*,#3743,.F.);
#2454=ORIENTED_EDGE('',*,*,#3743,.T.);
#2455=ORIENTED_EDGE('',*,*,#3744,.T.);
#2456=ORIENTED_EDGE('',*,*,#3745,.T.);
#2457=ORIENTED_EDGE('',*,*,#3746,.T.);
#2458=ORIENTED_EDGE('',*,*,#3747,.T.);
#2459=ORIENTED_EDGE('',*,*,#3748,.T.);
#2460=ORIENTED_EDGE('',*,*,#3740,.T.);
#2461=ORIENTED_EDGE('',*,*,#3737,.T.);
#2462=ORIENTED_EDGE('',*,*,#3749,.F.);
#2463=ORIENTED_EDGE('',*,*,#3750,.F.);
#2464=ORIENTED_EDGE('',*,*,#3751,.F.);
#2465=ORIENTED_EDGE('',*,*,#3752,.F.);
#2466=ORIENTED_EDGE('',*,*,#3753,.F.);
#2467=ORIENTED_EDGE('',*,*,#3754,.F.);
#2468=ORIENTED_EDGE('',*,*,#3755,.F.);
#2469=ORIENTED_EDGE('',*,*,#3756,.F.);
#2470=ORIENTED_EDGE('',*,*,#3757,.F.);
#2471=ORIENTED_EDGE('',*,*,#3758,.F.);
#2472=ORIENTED_EDGE('',*,*,#3759,.F.);
#2473=ORIENTED_EDGE('',*,*,#3760,.F.);
#2474=ORIENTED_EDGE('',*,*,#3761,.F.);
#2475=ORIENTED_EDGE('',*,*,#3762,.F.);
#2476=ORIENTED_EDGE('',*,*,#3763,.F.);
#2477=ORIENTED_EDGE('',*,*,#3764,.F.);
#2478=ORIENTED_EDGE('',*,*,#3765,.F.);
#2479=ORIENTED_EDGE('',*,*,#3766,.F.);
#2480=ORIENTED_EDGE('',*,*,#3767,.F.);
#2481=ORIENTED_EDGE('',*,*,#3768,.F.);
#2482=ORIENTED_EDGE('',*,*,#3769,.F.);
#2483=ORIENTED_EDGE('',*,*,#3770,.F.);
#2484=ORIENTED_EDGE('',*,*,#3771,.F.);
#2485=ORIENTED_EDGE('',*,*,#3772,.F.);
#2486=ORIENTED_EDGE('',*,*,#3773,.F.);
#2487=ORIENTED_EDGE('',*,*,#3774,.F.);
#2488=ORIENTED_EDGE('',*,*,#3775,.F.);
#2489=ORIENTED_EDGE('',*,*,#3776,.F.);
#2490=ORIENTED_EDGE('',*,*,#3777,.F.);
#2491=ORIENTED_EDGE('',*,*,#3778,.F.);
#2492=ORIENTED_EDGE('',*,*,#3779,.F.);
#2493=ORIENTED_EDGE('',*,*,#3780,.F.);
#2494=ORIENTED_EDGE('',*,*,#3781,.F.);
#2495=ORIENTED_EDGE('',*,*,#3782,.F.);
#2496=ORIENTED_EDGE('',*,*,#3783,.F.);
#2497=ORIENTED_EDGE('',*,*,#3784,.F.);
#2498=ORIENTED_EDGE('',*,*,#3785,.F.);
#2499=ORIENTED_EDGE('',*,*,#3786,.F.);
#2500=ORIENTED_EDGE('',*,*,#3787,.F.);
#2501=ORIENTED_EDGE('',*,*,#3788,.F.);
#2502=ORIENTED_EDGE('',*,*,#3789,.F.);
#2503=ORIENTED_EDGE('',*,*,#3790,.F.);
#2504=ORIENTED_EDGE('',*,*,#3791,.F.);
#2505=ORIENTED_EDGE('',*,*,#3792,.F.);
#2506=ORIENTED_EDGE('',*,*,#3793,.F.);
#2507=ORIENTED_EDGE('',*,*,#3794,.F.);
#2508=ORIENTED_EDGE('',*,*,#3795,.F.);
#2509=ORIENTED_EDGE('',*,*,#3796,.F.);
#2510=ORIENTED_EDGE('',*,*,#3797,.F.);
#2511=ORIENTED_EDGE('',*,*,#3798,.F.);
#2512=ORIENTED_EDGE('',*,*,#3799,.F.);
#2513=ORIENTED_EDGE('',*,*,#3800,.F.);
#2514=ORIENTED_EDGE('',*,*,#3801,.F.);
#2515=ORIENTED_EDGE('',*,*,#3802,.F.);
#2516=ORIENTED_EDGE('',*,*,#3803,.F.);
#2517=ORIENTED_EDGE('',*,*,#3804,.F.);
#2518=ORIENTED_EDGE('',*,*,#3805,.F.);
#2519=ORIENTED_EDGE('',*,*,#3735,.F.);
#2520=ORIENTED_EDGE('',*,*,#3739,.F.);
#2521=ORIENTED_EDGE('',*,*,#3806,.F.);
#2522=ORIENTED_EDGE('',*,*,#3807,.F.);
#2523=ORIENTED_EDGE('',*,*,#3808,.F.);
#2524=ORIENTED_EDGE('',*,*,#3809,.F.);
#2525=ORIENTED_EDGE('',*,*,#3810,.F.);
#2526=ORIENTED_EDGE('',*,*,#3741,.F.);
#2527=ORIENTED_EDGE('',*,*,#3811,.T.);
#2528=ORIENTED_EDGE('',*,*,#3812,.T.);
#2529=ORIENTED_EDGE('',*,*,#3813,.T.);
#2530=ORIENTED_EDGE('',*,*,#3814,.T.);
#2531=ORIENTED_EDGE('',*,*,#3815,.T.);
#2532=ORIENTED_EDGE('',*,*,#3816,.T.);
#2533=ORIENTED_EDGE('',*,*,#3817,.T.);
#2534=ORIENTED_EDGE('',*,*,#3818,.T.);
#2535=ORIENTED_EDGE('',*,*,#3819,.T.);
#2536=ORIENTED_EDGE('',*,*,#3820,.T.);
#2537=ORIENTED_EDGE('',*,*,#3821,.T.);
#2538=ORIENTED_EDGE('',*,*,#3822,.T.);
#2539=ORIENTED_EDGE('',*,*,#3823,.T.);
#2540=ORIENTED_EDGE('',*,*,#3824,.T.);
#2541=ORIENTED_EDGE('',*,*,#3825,.T.);
#2542=ORIENTED_EDGE('',*,*,#3826,.T.);
#2543=ORIENTED_EDGE('',*,*,#3827,.T.);
#2544=ORIENTED_EDGE('',*,*,#3828,.T.);
#2545=ORIENTED_EDGE('',*,*,#3829,.T.);
#2546=ORIENTED_EDGE('',*,*,#3830,.T.);
#2547=ORIENTED_EDGE('',*,*,#3831,.T.);
#2548=ORIENTED_EDGE('',*,*,#3832,.T.);
#2549=ORIENTED_EDGE('',*,*,#3833,.T.);
#2550=ORIENTED_EDGE('',*,*,#3834,.T.);
#2551=ORIENTED_EDGE('',*,*,#3835,.T.);
#2552=ORIENTED_EDGE('',*,*,#3836,.T.);
#2553=ORIENTED_EDGE('',*,*,#3837,.T.);
#2554=ORIENTED_EDGE('',*,*,#3838,.T.);
#2555=ORIENTED_EDGE('',*,*,#3839,.T.);
#2556=ORIENTED_EDGE('',*,*,#3840,.T.);
#2557=ORIENTED_EDGE('',*,*,#3841,.T.);
#2558=ORIENTED_EDGE('',*,*,#3842,.T.);
#2559=ORIENTED_EDGE('',*,*,#3843,.T.);
#2560=ORIENTED_EDGE('',*,*,#3844,.T.);
#2561=ORIENTED_EDGE('',*,*,#3845,.T.);
#2562=ORIENTED_EDGE('',*,*,#3846,.T.);
#2563=ORIENTED_EDGE('',*,*,#3847,.T.);
#2564=ORIENTED_EDGE('',*,*,#3848,.T.);
#2565=ORIENTED_EDGE('',*,*,#3849,.T.);
#2566=ORIENTED_EDGE('',*,*,#3850,.T.);
#2567=ORIENTED_EDGE('',*,*,#3851,.T.);
#2568=ORIENTED_EDGE('',*,*,#3852,.T.);
#2569=ORIENTED_EDGE('',*,*,#3853,.T.);
#2570=ORIENTED_EDGE('',*,*,#3854,.T.);
#2571=ORIENTED_EDGE('',*,*,#3855,.T.);
#2572=ORIENTED_EDGE('',*,*,#3856,.T.);
#2573=ORIENTED_EDGE('',*,*,#3857,.T.);
#2574=ORIENTED_EDGE('',*,*,#3858,.T.);
#2575=ORIENTED_EDGE('',*,*,#3859,.T.);
#2576=ORIENTED_EDGE('',*,*,#3860,.T.);
#2577=ORIENTED_EDGE('',*,*,#3861,.T.);
#2578=ORIENTED_EDGE('',*,*,#3862,.T.);
#2579=ORIENTED_EDGE('',*,*,#3863,.T.);
#2580=ORIENTED_EDGE('',*,*,#3864,.T.);
#2581=ORIENTED_EDGE('',*,*,#3865,.T.);
#2582=ORIENTED_EDGE('',*,*,#3866,.T.);
#2583=ORIENTED_EDGE('',*,*,#3867,.T.);
#2584=ORIENTED_EDGE('',*,*,#3868,.T.);
#2585=ORIENTED_EDGE('',*,*,#3806,.T.);
#2586=ORIENTED_EDGE('',*,*,#3738,.F.);
#2587=ORIENTED_EDGE('',*,*,#3748,.F.);
#2588=ORIENTED_EDGE('',*,*,#3742,.T.);
#2589=ORIENTED_EDGE('',*,*,#3810,.T.);
#2590=ORIENTED_EDGE('',*,*,#3869,.F.);
#2591=ORIENTED_EDGE('',*,*,#3744,.F.);
#2592=ORIENTED_EDGE('',*,*,#3870,.T.);
#2593=ORIENTED_EDGE('',*,*,#3807,.T.);
#2594=ORIENTED_EDGE('',*,*,#3868,.F.);
#2595=ORIENTED_EDGE('',*,*,#3747,.F.);
#2596=ORIENTED_EDGE('',*,*,#3869,.T.);
#2597=ORIENTED_EDGE('',*,*,#3809,.T.);
#2598=ORIENTED_EDGE('',*,*,#3871,.F.);
#2599=ORIENTED_EDGE('',*,*,#3745,.F.);
#2600=ORIENTED_EDGE('',*,*,#3871,.T.);
#2601=ORIENTED_EDGE('',*,*,#3808,.T.);
#2602=ORIENTED_EDGE('',*,*,#3870,.F.);
#2603=ORIENTED_EDGE('',*,*,#3746,.F.);
#2604=ORIENTED_EDGE('',*,*,#3749,.T.);
#2605=ORIENTED_EDGE('',*,*,#3872,.T.);
#2606=ORIENTED_EDGE('',*,*,#3811,.F.);
#2607=ORIENTED_EDGE('',*,*,#3872,.F.);
#2608=ORIENTED_EDGE('',*,*,#3750,.T.);
#2609=ORIENTED_EDGE('',*,*,#3873,.T.);
#2610=ORIENTED_EDGE('',*,*,#3812,.F.);
#2611=ORIENTED_EDGE('',*,*,#3873,.F.);
#2612=ORIENTED_EDGE('',*,*,#3751,.T.);
#2613=ORIENTED_EDGE('',*,*,#3874,.T.);
#2614=ORIENTED_EDGE('',*,*,#3813,.F.);
#2615=ORIENTED_EDGE('',*,*,#3874,.F.);
#2616=ORIENTED_EDGE('',*,*,#3752,.T.);
#2617=ORIENTED_EDGE('',*,*,#3875,.T.);
#2618=ORIENTED_EDGE('',*,*,#3814,.F.);
#2619=ORIENTED_EDGE('',*,*,#3875,.F.);
#2620=ORIENTED_EDGE('',*,*,#3753,.T.);
#2621=ORIENTED_EDGE('',*,*,#3876,.T.);
#2622=ORIENTED_EDGE('',*,*,#3815,.F.);
#2623=ORIENTED_EDGE('',*,*,#3876,.F.);
#2624=ORIENTED_EDGE('',*,*,#3754,.T.);
#2625=ORIENTED_EDGE('',*,*,#3877,.T.);
#2626=ORIENTED_EDGE('',*,*,#3816,.F.);
#2627=ORIENTED_EDGE('',*,*,#3877,.F.);
#2628=ORIENTED_EDGE('',*,*,#3755,.T.);
#2629=ORIENTED_EDGE('',*,*,#3878,.T.);
#2630=ORIENTED_EDGE('',*,*,#3817,.F.);
#2631=ORIENTED_EDGE('',*,*,#3878,.F.);
#2632=ORIENTED_EDGE('',*,*,#3756,.T.);
#2633=ORIENTED_EDGE('',*,*,#3879,.T.);
#2634=ORIENTED_EDGE('',*,*,#3818,.F.);
#2635=ORIENTED_EDGE('',*,*,#3879,.F.);
#2636=ORIENTED_EDGE('',*,*,#3757,.T.);
#2637=ORIENTED_EDGE('',*,*,#3880,.T.);
#2638=ORIENTED_EDGE('',*,*,#3819,.F.);
#2639=ORIENTED_EDGE('',*,*,#3880,.F.);
#2640=ORIENTED_EDGE('',*,*,#3758,.T.);
#2641=ORIENTED_EDGE('',*,*,#3881,.T.);
#2642=ORIENTED_EDGE('',*,*,#3820,.F.);
#2643=ORIENTED_EDGE('',*,*,#3881,.F.);
#2644=ORIENTED_EDGE('',*,*,#3759,.T.);
#2645=ORIENTED_EDGE('',*,*,#3882,.T.);
#2646=ORIENTED_EDGE('',*,*,#3821,.F.);
#2647=ORIENTED_EDGE('',*,*,#3882,.F.);
#2648=ORIENTED_EDGE('',*,*,#3760,.T.);
#2649=ORIENTED_EDGE('',*,*,#3883,.T.);
#2650=ORIENTED_EDGE('',*,*,#3822,.F.);
#2651=ORIENTED_EDGE('',*,*,#3883,.F.);
#2652=ORIENTED_EDGE('',*,*,#3761,.T.);
#2653=ORIENTED_EDGE('',*,*,#3884,.T.);
#2654=ORIENTED_EDGE('',*,*,#3823,.F.);
#2655=ORIENTED_EDGE('',*,*,#3884,.F.);
#2656=ORIENTED_EDGE('',*,*,#3762,.T.);
#2657=ORIENTED_EDGE('',*,*,#3885,.T.);
#2658=ORIENTED_EDGE('',*,*,#3824,.F.);
#2659=ORIENTED_EDGE('',*,*,#3885,.F.);
#2660=ORIENTED_EDGE('',*,*,#3763,.T.);
#2661=ORIENTED_EDGE('',*,*,#3886,.T.);
#2662=ORIENTED_EDGE('',*,*,#3825,.F.);
#2663=ORIENTED_EDGE('',*,*,#3886,.F.);
#2664=ORIENTED_EDGE('',*,*,#3764,.T.);
#2665=ORIENTED_EDGE('',*,*,#3887,.T.);
#2666=ORIENTED_EDGE('',*,*,#3826,.F.);
#2667=ORIENTED_EDGE('',*,*,#3887,.F.);
#2668=ORIENTED_EDGE('',*,*,#3765,.T.);
#2669=ORIENTED_EDGE('',*,*,#3888,.T.);
#2670=ORIENTED_EDGE('',*,*,#3827,.F.);
#2671=ORIENTED_EDGE('',*,*,#3888,.F.);
#2672=ORIENTED_EDGE('',*,*,#3766,.T.);
#2673=ORIENTED_EDGE('',*,*,#3889,.T.);
#2674=ORIENTED_EDGE('',*,*,#3828,.F.);
#2675=ORIENTED_EDGE('',*,*,#3889,.F.);
#2676=ORIENTED_EDGE('',*,*,#3767,.T.);
#2677=ORIENTED_EDGE('',*,*,#3890,.T.);
#2678=ORIENTED_EDGE('',*,*,#3829,.F.);
#2679=ORIENTED_EDGE('',*,*,#3890,.F.);
#2680=ORIENTED_EDGE('',*,*,#3768,.T.);
#2681=ORIENTED_EDGE('',*,*,#3891,.T.);
#2682=ORIENTED_EDGE('',*,*,#3830,.F.);
#2683=ORIENTED_EDGE('',*,*,#3891,.F.);
#2684=ORIENTED_EDGE('',*,*,#3769,.T.);
#2685=ORIENTED_EDGE('',*,*,#3892,.T.);
#2686=ORIENTED_EDGE('',*,*,#3831,.F.);
#2687=ORIENTED_EDGE('',*,*,#3892,.F.);
#2688=ORIENTED_EDGE('',*,*,#3770,.T.);
#2689=ORIENTED_EDGE('',*,*,#3893,.T.);
#2690=ORIENTED_EDGE('',*,*,#3832,.F.);
#2691=ORIENTED_EDGE('',*,*,#3893,.F.);
#2692=ORIENTED_EDGE('',*,*,#3771,.T.);
#2693=ORIENTED_EDGE('',*,*,#3894,.T.);
#2694=ORIENTED_EDGE('',*,*,#3833,.F.);
#2695=ORIENTED_EDGE('',*,*,#3894,.F.);
#2696=ORIENTED_EDGE('',*,*,#3772,.T.);
#2697=ORIENTED_EDGE('',*,*,#3895,.T.);
#2698=ORIENTED_EDGE('',*,*,#3834,.F.);
#2699=ORIENTED_EDGE('',*,*,#3895,.F.);
#2700=ORIENTED_EDGE('',*,*,#3773,.T.);
#2701=ORIENTED_EDGE('',*,*,#3896,.T.);
#2702=ORIENTED_EDGE('',*,*,#3835,.F.);
#2703=ORIENTED_EDGE('',*,*,#3896,.F.);
#2704=ORIENTED_EDGE('',*,*,#3774,.T.);
#2705=ORIENTED_EDGE('',*,*,#3897,.T.);
#2706=ORIENTED_EDGE('',*,*,#3836,.F.);
#2707=ORIENTED_EDGE('',*,*,#3897,.F.);
#2708=ORIENTED_EDGE('',*,*,#3775,.T.);
#2709=ORIENTED_EDGE('',*,*,#3898,.T.);
#2710=ORIENTED_EDGE('',*,*,#3837,.F.);
#2711=ORIENTED_EDGE('',*,*,#3898,.F.);
#2712=ORIENTED_EDGE('',*,*,#3776,.T.);
#2713=ORIENTED_EDGE('',*,*,#3899,.T.);
#2714=ORIENTED_EDGE('',*,*,#3838,.F.);
#2715=ORIENTED_EDGE('',*,*,#3899,.F.);
#2716=ORIENTED_EDGE('',*,*,#3777,.T.);
#2717=ORIENTED_EDGE('',*,*,#3900,.T.);
#2718=ORIENTED_EDGE('',*,*,#3839,.F.);
#2719=ORIENTED_EDGE('',*,*,#3900,.F.);
#2720=ORIENTED_EDGE('',*,*,#3778,.T.);
#2721=ORIENTED_EDGE('',*,*,#3901,.T.);
#2722=ORIENTED_EDGE('',*,*,#3840,.F.);
#2723=ORIENTED_EDGE('',*,*,#3901,.F.);
#2724=ORIENTED_EDGE('',*,*,#3779,.T.);
#2725=ORIENTED_EDGE('',*,*,#3902,.T.);
#2726=ORIENTED_EDGE('',*,*,#3841,.F.);
#2727=ORIENTED_EDGE('',*,*,#3902,.F.);
#2728=ORIENTED_EDGE('',*,*,#3780,.T.);
#2729=ORIENTED_EDGE('',*,*,#3903,.T.);
#2730=ORIENTED_EDGE('',*,*,#3842,.F.);
#2731=ORIENTED_EDGE('',*,*,#3903,.F.);
#2732=ORIENTED_EDGE('',*,*,#3781,.T.);
#2733=ORIENTED_EDGE('',*,*,#3904,.T.);
#2734=ORIENTED_EDGE('',*,*,#3843,.F.);
#2735=ORIENTED_EDGE('',*,*,#3904,.F.);
#2736=ORIENTED_EDGE('',*,*,#3782,.T.);
#2737=ORIENTED_EDGE('',*,*,#3905,.T.);
#2738=ORIENTED_EDGE('',*,*,#3844,.F.);
#2739=ORIENTED_EDGE('',*,*,#3905,.F.);
#2740=ORIENTED_EDGE('',*,*,#3783,.T.);
#2741=ORIENTED_EDGE('',*,*,#3906,.T.);
#2742=ORIENTED_EDGE('',*,*,#3845,.F.);
#2743=ORIENTED_EDGE('',*,*,#3906,.F.);
#2744=ORIENTED_EDGE('',*,*,#3784,.T.);
#2745=ORIENTED_EDGE('',*,*,#3907,.T.);
#2746=ORIENTED_EDGE('',*,*,#3846,.F.);
#2747=ORIENTED_EDGE('',*,*,#3907,.F.);
#2748=ORIENTED_EDGE('',*,*,#3785,.T.);
#2749=ORIENTED_EDGE('',*,*,#3908,.T.);
#2750=ORIENTED_EDGE('',*,*,#3847,.F.);
#2751=ORIENTED_EDGE('',*,*,#3908,.F.);
#2752=ORIENTED_EDGE('',*,*,#3786,.T.);
#2753=ORIENTED_EDGE('',*,*,#3909,.T.);
#2754=ORIENTED_EDGE('',*,*,#3848,.F.);
#2755=ORIENTED_EDGE('',*,*,#3909,.F.);
#2756=ORIENTED_EDGE('',*,*,#3787,.T.);
#2757=ORIENTED_EDGE('',*,*,#3910,.T.);
#2758=ORIENTED_EDGE('',*,*,#3849,.F.);
#2759=ORIENTED_EDGE('',*,*,#3910,.F.);
#2760=ORIENTED_EDGE('',*,*,#3788,.T.);
#2761=ORIENTED_EDGE('',*,*,#3911,.T.);
#2762=ORIENTED_EDGE('',*,*,#3850,.F.);
#2763=ORIENTED_EDGE('',*,*,#3911,.F.);
#2764=ORIENTED_EDGE('',*,*,#3789,.T.);
#2765=ORIENTED_EDGE('',*,*,#3912,.T.);
#2766=ORIENTED_EDGE('',*,*,#3851,.F.);
#2767=ORIENTED_EDGE('',*,*,#3912,.F.);
#2768=ORIENTED_EDGE('',*,*,#3790,.T.);
#2769=ORIENTED_EDGE('',*,*,#3913,.T.);
#2770=ORIENTED_EDGE('',*,*,#3852,.F.);
#2771=ORIENTED_EDGE('',*,*,#3913,.F.);
#2772=ORIENTED_EDGE('',*,*,#3791,.T.);
#2773=ORIENTED_EDGE('',*,*,#3914,.T.);
#2774=ORIENTED_EDGE('',*,*,#3853,.F.);
#2775=ORIENTED_EDGE('',*,*,#3914,.F.);
#2776=ORIENTED_EDGE('',*,*,#3792,.T.);
#2777=ORIENTED_EDGE('',*,*,#3915,.T.);
#2778=ORIENTED_EDGE('',*,*,#3854,.F.);
#2779=ORIENTED_EDGE('',*,*,#3915,.F.);
#2780=ORIENTED_EDGE('',*,*,#3796,.T.);
#2781=ORIENTED_EDGE('',*,*,#3916,.T.);
#2782=ORIENTED_EDGE('',*,*,#3855,.F.);
#2783=ORIENTED_EDGE('',*,*,#3917,.F.);
#2784=ORIENTED_EDGE('',*,*,#3793,.T.);
#2785=ORIENTED_EDGE('',*,*,#3917,.T.);
#2786=ORIENTED_EDGE('',*,*,#3858,.F.);
#2787=ORIENTED_EDGE('',*,*,#3918,.F.);
#2788=ORIENTED_EDGE('',*,*,#3794,.T.);
#2789=ORIENTED_EDGE('',*,*,#3918,.T.);
#2790=ORIENTED_EDGE('',*,*,#3857,.F.);
#2791=ORIENTED_EDGE('',*,*,#3919,.F.);
#2792=ORIENTED_EDGE('',*,*,#3795,.T.);
#2793=ORIENTED_EDGE('',*,*,#3919,.T.);
#2794=ORIENTED_EDGE('',*,*,#3856,.F.);
#2795=ORIENTED_EDGE('',*,*,#3916,.F.);
#2796=ORIENTED_EDGE('',*,*,#3797,.T.);
#2797=ORIENTED_EDGE('',*,*,#3920,.T.);
#2798=ORIENTED_EDGE('',*,*,#3859,.F.);
#2799=ORIENTED_EDGE('',*,*,#3920,.F.);
#2800=ORIENTED_EDGE('',*,*,#3798,.T.);
#2801=ORIENTED_EDGE('',*,*,#3921,.T.);
#2802=ORIENTED_EDGE('',*,*,#3860,.F.);
#2803=ORIENTED_EDGE('',*,*,#3921,.F.);
#2804=ORIENTED_EDGE('',*,*,#3799,.T.);
#2805=ORIENTED_EDGE('',*,*,#3922,.T.);
#2806=ORIENTED_EDGE('',*,*,#3861,.F.);
#2807=ORIENTED_EDGE('',*,*,#3922,.F.);
#2808=ORIENTED_EDGE('',*,*,#3800,.T.);
#2809=ORIENTED_EDGE('',*,*,#3923,.T.);
#2810=ORIENTED_EDGE('',*,*,#3862,.F.);
#2811=ORIENTED_EDGE('',*,*,#3923,.F.);
#2812=ORIENTED_EDGE('',*,*,#3801,.T.);
#2813=ORIENTED_EDGE('',*,*,#3924,.T.);
#2814=ORIENTED_EDGE('',*,*,#3863,.F.);
#2815=ORIENTED_EDGE('',*,*,#3924,.F.);
#2816=ORIENTED_EDGE('',*,*,#3805,.T.);
#2817=ORIENTED_EDGE('',*,*,#3925,.T.);
#2818=ORIENTED_EDGE('',*,*,#3864,.F.);
#2819=ORIENTED_EDGE('',*,*,#3926,.F.);
#2820=ORIENTED_EDGE('',*,*,#3802,.T.);
#2821=ORIENTED_EDGE('',*,*,#3926,.T.);
#2822=ORIENTED_EDGE('',*,*,#3867,.F.);
#2823=ORIENTED_EDGE('',*,*,#3927,.F.);
#2824=ORIENTED_EDGE('',*,*,#3803,.T.);
#2825=ORIENTED_EDGE('',*,*,#3927,.T.);
#2826=ORIENTED_EDGE('',*,*,#3866,.F.);
#2827=ORIENTED_EDGE('',*,*,#3928,.F.);
#2828=ORIENTED_EDGE('',*,*,#3804,.T.);
#2829=ORIENTED_EDGE('',*,*,#3928,.T.);
#2830=ORIENTED_EDGE('',*,*,#3865,.F.);
#2831=ORIENTED_EDGE('',*,*,#3925,.F.);
#2832=EDGE_CURVE('',#3929,#3930,#4663,.T.);
#2833=EDGE_CURVE('',#3930,#3931,#4664,.T.);
#2834=EDGE_CURVE('',#3931,#3932,#4665,.T.);
#2835=EDGE_CURVE('',#3932,#3933,#466,.T.);
#2836=EDGE_CURVE('',#3933,#3934,#4666,.T.);
#2837=EDGE_CURVE('',#3934,#3935,#4667,.T.);
#2838=EDGE_CURVE('',#3935,#3936,#4668,.T.);
#2839=EDGE_CURVE('',#3936,#3937,#4669,.T.);
#2840=EDGE_CURVE('',#3937,#3938,#467,.T.);
#2841=EDGE_CURVE('',#3938,#3939,#468,.T.);
#2842=EDGE_CURVE('',#3939,#3940,#4670,.T.);
#2843=EDGE_CURVE('',#3940,#3941,#4671,.T.);
#2844=EDGE_CURVE('',#3941,#3942,#4672,.T.);
#2845=EDGE_CURVE('',#3942,#3929,#4673,.T.);
#2846=EDGE_CURVE('',#3943,#3944,#469,.T.);
#2847=EDGE_CURVE('',#3944,#3945,#470,.T.);
#2848=EDGE_CURVE('',#3945,#3946,#471,.T.);
#2849=EDGE_CURVE('',#3946,#3947,#4674,.T.);
#2850=EDGE_CURVE('',#3947,#3948,#4675,.T.);
#2851=EDGE_CURVE('',#3948,#3949,#4676,.T.);
#2852=EDGE_CURVE('',#3949,#3950,#4677,.T.);
#2853=EDGE_CURVE('',#3950,#3951,#4678,.T.);
#2854=EDGE_CURVE('',#3951,#3952,#472,.T.);
#2855=EDGE_CURVE('',#3952,#3953,#473,.T.);
#2856=EDGE_CURVE('',#3953,#3954,#474,.T.);
#2857=EDGE_CURVE('',#3954,#3943,#4679,.T.);
#2858=EDGE_CURVE('',#3955,#3956,#4680,.T.);
#2859=EDGE_CURVE('',#3956,#3957,#4681,.T.);
#2860=EDGE_CURVE('',#3957,#3958,#475,.T.);
#2861=EDGE_CURVE('',#3958,#3959,#476,.T.);
#2862=EDGE_CURVE('',#3959,#3960,#477,.T.);
#2863=EDGE_CURVE('',#3960,#3961,#4682,.T.);
#2864=EDGE_CURVE('',#3961,#3962,#478,.T.);
#2865=EDGE_CURVE('',#3962,#3963,#479,.T.);
#2866=EDGE_CURVE('',#3963,#3964,#480,.T.);
#2867=EDGE_CURVE('',#3964,#3955,#4683,.T.);
#2868=EDGE_CURVE('',#3965,#3966,#4684,.T.);
#2869=EDGE_CURVE('',#3966,#3967,#4685,.T.);
#2870=EDGE_CURVE('',#3967,#3968,#4686,.T.);
#2871=EDGE_CURVE('',#3968,#3969,#4687,.T.);
#2872=EDGE_CURVE('',#3969,#3970,#4688,.T.);
#2873=EDGE_CURVE('',#3970,#3971,#4689,.T.);
#2874=EDGE_CURVE('',#3971,#3972,#4690,.T.);
#2875=EDGE_CURVE('',#3972,#3965,#4691,.T.);
#2876=EDGE_CURVE('',#3973,#3974,#4692,.T.);
#2877=EDGE_CURVE('',#3974,#3975,#4693,.T.);
#2878=EDGE_CURVE('',#3975,#3976,#4694,.T.);
#2879=EDGE_CURVE('',#3976,#3977,#4695,.T.);
#2880=EDGE_CURVE('',#3977,#3978,#481,.T.);
#2881=EDGE_CURVE('',#3978,#3979,#482,.T.);
#2882=EDGE_CURVE('',#3979,#3980,#483,.T.);
#2883=EDGE_CURVE('',#3980,#3981,#484,.T.);
#2884=EDGE_CURVE('',#3981,#3973,#4696,.T.);
#2885=EDGE_CURVE('',#3982,#3983,#4697,.T.);
#2886=EDGE_CURVE('',#3983,#3984,#4698,.T.);
#2887=EDGE_CURVE('',#3984,#3985,#4699,.T.);
#2888=EDGE_CURVE('',#3985,#3986,#4700,.T.);
#2889=EDGE_CURVE('',#3986,#3987,#4701,.T.);
#2890=EDGE_CURVE('',#3987,#3988,#4702,.T.);
#2891=EDGE_CURVE('',#3988,#3989,#4703,.T.);
#2892=EDGE_CURVE('',#3989,#3990,#4704,.T.);
#2893=EDGE_CURVE('',#3990,#3991,#4705,.T.);
#2894=EDGE_CURVE('',#3991,#3992,#4706,.T.);
#2895=EDGE_CURVE('',#3992,#3993,#4707,.T.);
#2896=EDGE_CURVE('',#3993,#3982,#4708,.T.);
#2897=EDGE_CURVE('',#3994,#3995,#4709,.T.);
#2898=EDGE_CURVE('',#3995,#3996,#4710,.T.);
#2899=EDGE_CURVE('',#3996,#3997,#4711,.T.);
#2900=EDGE_CURVE('',#3997,#3998,#4712,.T.);
#2901=EDGE_CURVE('',#3998,#3999,#4713,.T.);
#2902=EDGE_CURVE('',#3999,#4000,#4714,.T.);
#2903=EDGE_CURVE('',#4000,#4001,#4715,.T.);
#2904=EDGE_CURVE('',#4001,#3994,#4716,.T.);
#2905=EDGE_CURVE('',#4002,#4003,#485,.T.);
#2906=EDGE_CURVE('',#4003,#4004,#486,.T.);
#2907=EDGE_CURVE('',#4004,#4005,#487,.T.);
#2908=EDGE_CURVE('',#4005,#4006,#488,.T.);
#2909=EDGE_CURVE('',#4006,#4007,#489,.T.);
#2910=EDGE_CURVE('',#4007,#4008,#490,.T.);
#2911=EDGE_CURVE('',#4008,#4009,#4717,.T.);
#2912=EDGE_CURVE('',#4009,#4010,#491,.T.);
#2913=EDGE_CURVE('',#4010,#4011,#492,.T.);
#2914=EDGE_CURVE('',#4011,#4012,#493,.T.);
#2915=EDGE_CURVE('',#4012,#4013,#494,.T.);
#2916=EDGE_CURVE('',#4013,#4014,#495,.T.);
#2917=EDGE_CURVE('',#4014,#4015,#496,.T.);
#2918=EDGE_CURVE('',#4015,#4002,#4718,.T.);
#2919=EDGE_CURVE('',#4016,#4017,#4719,.T.);
#2920=EDGE_CURVE('',#4017,#4018,#4720,.T.);
#2921=EDGE_CURVE('',#4018,#4019,#4721,.T.);
#2922=EDGE_CURVE('',#4019,#4020,#4722,.T.);
#2923=EDGE_CURVE('',#4020,#4021,#4723,.T.);
#2924=EDGE_CURVE('',#4021,#4022,#4724,.T.);
#2925=EDGE_CURVE('',#4022,#4023,#4725,.T.);
#2926=EDGE_CURVE('',#4023,#4024,#4726,.T.);
#2927=EDGE_CURVE('',#4024,#4025,#4727,.T.);
#2928=EDGE_CURVE('',#4025,#4016,#4728,.T.);
#2929=EDGE_CURVE('',#4026,#4027,#497,.T.);
#2930=EDGE_CURVE('',#4027,#4028,#222,.T.);
#2931=EDGE_CURVE('',#4028,#4029,#223,.T.);
#2932=EDGE_CURVE('',#4029,#4030,#498,.T.);
#2933=EDGE_CURVE('',#4030,#4031,#499,.T.);
#2934=EDGE_CURVE('',#4031,#4032,#4729,.T.);
#2935=EDGE_CURVE('',#4032,#4033,#500,.T.);
#2936=EDGE_CURVE('',#4033,#4034,#224,.T.);
#2937=EDGE_CURVE('',#4034,#4035,#501,.T.);
#2938=EDGE_CURVE('',#4035,#4036,#502,.T.);
#2939=EDGE_CURVE('',#4036,#4037,#503,.T.);
#2940=EDGE_CURVE('',#4037,#4026,#4730,.T.);
#2941=EDGE_CURVE('',#4038,#4039,#4731,.T.);
#2942=EDGE_CURVE('',#4039,#4040,#4732,.T.);
#2943=EDGE_CURVE('',#4040,#4041,#4733,.T.);
#2944=EDGE_CURVE('',#4041,#4042,#4734,.T.);
#2945=EDGE_CURVE('',#4042,#4043,#4735,.T.);
#2946=EDGE_CURVE('',#4043,#4044,#504,.T.);
#2947=EDGE_CURVE('',#4044,#4045,#505,.T.);
#2948=EDGE_CURVE('',#4045,#4046,#225,.F.);
#2949=EDGE_CURVE('',#4046,#4047,#4736,.T.);
#2950=EDGE_CURVE('',#4047,#4048,#226,.T.);
#2951=EDGE_CURVE('',#4048,#4049,#506,.T.);
#2952=EDGE_CURVE('',#4049,#4050,#507,.T.);
#2953=EDGE_CURVE('',#4050,#4051,#4737,.T.);
#2954=EDGE_CURVE('',#4051,#4052,#4738,.T.);
#2955=EDGE_CURVE('',#4052,#4053,#4739,.T.);
#2956=EDGE_CURVE('',#4053,#4054,#4740,.T.);
#2957=EDGE_CURVE('',#4054,#4055,#4741,.T.);
#2958=EDGE_CURVE('',#4055,#4038,#4742,.T.);
#2959=EDGE_CURVE('',#4056,#4057,#508,.T.);
#2960=EDGE_CURVE('',#4057,#4058,#509,.T.);
#2961=EDGE_CURVE('',#4058,#4059,#4743,.T.);
#2962=EDGE_CURVE('',#4059,#4060,#510,.T.);
#2963=EDGE_CURVE('',#4060,#4061,#227,.T.);
#2964=EDGE_CURVE('',#4061,#4062,#228,.T.);
#2965=EDGE_CURVE('',#4062,#4063,#511,.T.);
#2966=EDGE_CURVE('',#4063,#4064,#512,.T.);
#2967=EDGE_CURVE('',#4064,#4065,#4744,.T.);
#2968=EDGE_CURVE('',#4065,#4066,#4745,.T.);
#2969=EDGE_CURVE('',#4066,#4067,#513,.T.);
#2970=EDGE_CURVE('',#4067,#4068,#514,.T.);
#2971=EDGE_CURVE('',#4068,#4069,#515,.T.);
#2972=EDGE_CURVE('',#4069,#4070,#229,.F.);
#2973=EDGE_CURVE('',#4070,#4071,#4746,.T.);
#2974=EDGE_CURVE('',#4071,#4056,#516,.T.);
#2975=EDGE_CURVE('',#4072,#4073,#4747,.T.);
#2976=EDGE_CURVE('',#4073,#4074,#4748,.T.);
#2977=EDGE_CURVE('',#4074,#4075,#4749,.T.);
#2978=EDGE_CURVE('',#4075,#4076,#4750,.T.);
#2979=EDGE_CURVE('',#4076,#4077,#4751,.T.);
#2980=EDGE_CURVE('',#4077,#4078,#4752,.T.);
#2981=EDGE_CURVE('',#4078,#4079,#4753,.T.);
#2982=EDGE_CURVE('',#4079,#4080,#4754,.T.);
#2983=EDGE_CURVE('',#4080,#4081,#4755,.T.);
#2984=EDGE_CURVE('',#4081,#4072,#4756,.T.);
#2985=EDGE_CURVE('',#4082,#4083,#4757,.T.);
#2986=EDGE_CURVE('',#4083,#4084,#230,.T.);
#2987=EDGE_CURVE('',#4084,#4085,#4758,.T.);
#2988=EDGE_CURVE('',#4085,#4086,#231,.T.);
#2989=EDGE_CURVE('',#4087,#4086,#4759,.T.);
#2990=EDGE_CURVE('',#4087,#4088,#232,.T.);
#2991=EDGE_CURVE('',#4089,#4088,#4760,.T.);
#2992=EDGE_CURVE('',#4089,#4082,#233,.T.);
#2993=EDGE_CURVE('',#4090,#4090,#234,.T.);
#2994=EDGE_CURVE('',#4091,#4091,#235,.T.);
#2995=EDGE_CURVE('',#4092,#4092,#236,.T.);
#2996=EDGE_CURVE('',#4093,#4093,#237,.T.);
#2997=EDGE_CURVE('',#4094,#4095,#238,.T.);
#2998=EDGE_CURVE('',#4094,#4096,#4761,.T.);
#2999=EDGE_CURVE('',#4097,#4096,#239,.T.);
#3000=EDGE_CURVE('',#4097,#4098,#4762,.T.);
#3001=EDGE_CURVE('',#4099,#4098,#240,.T.);
#3002=EDGE_CURVE('',#4100,#4099,#4763,.T.);
#3003=EDGE_CURVE('',#4101,#4100,#241,.T.);
#3004=EDGE_CURVE('',#4095,#4101,#4764,.T.);
#3005=EDGE_CURVE('',#4102,#4103,#242,.T.);
#3006=EDGE_CURVE('',#4102,#4104,#4765,.T.);
#3007=EDGE_CURVE('',#4105,#4104,#243,.T.);
#3008=EDGE_CURVE('',#4105,#4106,#4766,.T.);
#3009=EDGE_CURVE('',#4107,#4106,#244,.T.);
#3010=EDGE_CURVE('',#4108,#4107,#4767,.T.);
#3011=EDGE_CURVE('',#4109,#4108,#245,.T.);
#3012=EDGE_CURVE('',#4103,#4109,#4768,.T.);
#3013=EDGE_CURVE('',#4110,#4111,#246,.T.);
#3014=EDGE_CURVE('',#4110,#4112,#4769,.T.);
#3015=EDGE_CURVE('',#4113,#4112,#247,.T.);
#3016=EDGE_CURVE('',#4113,#4114,#4770,.T.);
#3017=EDGE_CURVE('',#4115,#4114,#248,.T.);
#3018=EDGE_CURVE('',#4116,#4115,#4771,.T.);
#3019=EDGE_CURVE('',#4117,#4116,#249,.T.);
#3020=EDGE_CURVE('',#4111,#4117,#4772,.T.);
#3021=EDGE_CURVE('',#4118,#4119,#250,.T.);
#3022=EDGE_CURVE('',#4118,#4120,#4773,.T.);
#3023=EDGE_CURVE('',#4121,#4120,#251,.T.);
#3024=EDGE_CURVE('',#4121,#4122,#4774,.T.);
#3025=EDGE_CURVE('',#4123,#4122,#252,.T.);
#3026=EDGE_CURVE('',#4124,#4123,#4775,.T.);
#3027=EDGE_CURVE('',#4125,#4124,#253,.T.);
#3028=EDGE_CURVE('',#4119,#4125,#4776,.T.);
#3029=EDGE_CURVE('',#4126,#4127,#254,.T.);
#3030=EDGE_CURVE('',#4126,#4128,#4777,.T.);
#3031=EDGE_CURVE('',#4129,#4128,#255,.T.);
#3032=EDGE_CURVE('',#4129,#4130,#4778,.T.);
#3033=EDGE_CURVE('',#4131,#4130,#256,.T.);
#3034=EDGE_CURVE('',#4132,#4131,#4779,.T.);
#3035=EDGE_CURVE('',#4133,#4132,#257,.T.);
#3036=EDGE_CURVE('',#4127,#4133,#4780,.T.);
#3037=EDGE_CURVE('',#4134,#4135,#258,.T.);
#3038=EDGE_CURVE('',#4134,#4136,#4781,.T.);
#3039=EDGE_CURVE('',#4137,#4136,#259,.T.);
#3040=EDGE_CURVE('',#4137,#4138,#4782,.T.);
#3041=EDGE_CURVE('',#4139,#4138,#260,.T.);
#3042=EDGE_CURVE('',#4140,#4139,#4783,.T.);
#3043=EDGE_CURVE('',#4141,#4140,#261,.T.);
#3044=EDGE_CURVE('',#4135,#4141,#4784,.T.);
#3045=EDGE_CURVE('',#4142,#4143,#4785,.T.);
#3046=EDGE_CURVE('',#4142,#4144,#262,.F.);
#3047=EDGE_CURVE('',#4144,#4145,#4786,.T.);
#3048=EDGE_CURVE('',#4145,#4146,#263,.F.);
#3049=EDGE_CURVE('',#4146,#4147,#4787,.T.);
#3050=EDGE_CURVE('',#4147,#4148,#264,.F.);
#3051=EDGE_CURVE('',#4149,#4148,#4788,.T.);
#3052=EDGE_CURVE('',#4149,#4143,#265,.F.);
#3053=EDGE_CURVE('',#4150,#4151,#4789,.T.);
#3054=EDGE_CURVE('',#4150,#4142,#4790,.F.);
#3055=EDGE_CURVE('',#4143,#4151,#4791,.T.);
#3056=EDGE_CURVE('',#4152,#4153,#4792,.T.);
#3057=EDGE_CURVE('',#4153,#4145,#4793,.F.);
#3058=EDGE_CURVE('',#4144,#4152,#4794,.T.);
#3059=EDGE_CURVE('',#4146,#4154,#4795,.T.);
#3060=EDGE_CURVE('',#4154,#4155,#4796,.T.);
#3061=EDGE_CURVE('',#4155,#4147,#4797,.F.);
#3062=EDGE_CURVE('',#4156,#4157,#266,.T.);
#3063=EDGE_CURVE('',#4134,#4156,#4798,.T.);
#3064=EDGE_CURVE('',#4135,#4157,#4799,.T.);
#3065=EDGE_CURVE('',#4156,#4158,#4800,.T.);
#3066=EDGE_CURVE('',#4136,#4158,#4801,.T.);
#3067=EDGE_CURVE('',#4159,#4158,#267,.T.);
#3068=EDGE_CURVE('',#4137,#4159,#4802,.T.);
#3069=EDGE_CURVE('',#4159,#4160,#4803,.T.);
#3070=EDGE_CURVE('',#4138,#4160,#4804,.T.);
#3071=EDGE_CURVE('',#4161,#4160,#268,.T.);
#3072=EDGE_CURVE('',#4139,#4161,#4805,.T.);
#3073=EDGE_CURVE('',#4162,#4161,#4806,.T.);
#3074=EDGE_CURVE('',#4140,#4162,#4807,.T.);
#3075=EDGE_CURVE('',#4163,#4162,#269,.T.);
#3076=EDGE_CURVE('',#4141,#4163,#4808,.T.);
#3077=EDGE_CURVE('',#4164,#4165,#270,.T.);
#3078=EDGE_CURVE('',#4126,#4164,#4809,.T.);
#3079=EDGE_CURVE('',#4127,#4165,#4810,.T.);
#3080=EDGE_CURVE('',#4164,#4166,#4811,.T.);
#3081=EDGE_CURVE('',#4128,#4166,#4812,.T.);
#3082=EDGE_CURVE('',#4167,#4166,#271,.T.);
#3083=EDGE_CURVE('',#4129,#4167,#4813,.T.);
#3084=EDGE_CURVE('',#4167,#4168,#4814,.T.);
#3085=EDGE_CURVE('',#4130,#4168,#4815,.T.);
#3086=EDGE_CURVE('',#4169,#4168,#272,.T.);
#3087=EDGE_CURVE('',#4131,#4169,#4816,.T.);
#3088=EDGE_CURVE('',#4170,#4169,#4817,.T.);
#3089=EDGE_CURVE('',#4132,#4170,#4818,.T.);
#3090=EDGE_CURVE('',#4171,#4170,#273,.T.);
#3091=EDGE_CURVE('',#4133,#4171,#4819,.T.);
#3092=EDGE_CURVE('',#4172,#4173,#274,.T.);
#3093=EDGE_CURVE('',#4118,#4172,#4820,.T.);
#3094=EDGE_CURVE('',#4119,#4173,#4821,.T.);
#3095=EDGE_CURVE('',#4172,#4174,#4822,.T.);
#3096=EDGE_CURVE('',#4120,#4174,#4823,.T.);
#3097=EDGE_CURVE('',#4175,#4174,#275,.T.);
#3098=EDGE_CURVE('',#4121,#4175,#4824,.T.);
#3099=EDGE_CURVE('',#4175,#4176,#4825,.T.);
#3100=EDGE_CURVE('',#4122,#4176,#4826,.T.);
#3101=EDGE_CURVE('',#4177,#4176,#276,.T.);
#3102=EDGE_CURVE('',#4123,#4177,#4827,.T.);
#3103=EDGE_CURVE('',#4178,#4177,#4828,.T.);
#3104=EDGE_CURVE('',#4124,#4178,#4829,.T.);
#3105=EDGE_CURVE('',#4179,#4178,#277,.T.);
#3106=EDGE_CURVE('',#4125,#4179,#4830,.T.);
#3107=EDGE_CURVE('',#4180,#4181,#278,.T.);
#3108=EDGE_CURVE('',#4110,#4180,#4831,.T.);
#3109=EDGE_CURVE('',#4111,#4181,#4832,.T.);
#3110=EDGE_CURVE('',#4180,#4182,#4833,.T.);
#3111=EDGE_CURVE('',#4112,#4182,#4834,.T.);
#3112=EDGE_CURVE('',#4183,#4182,#279,.T.);
#3113=EDGE_CURVE('',#4113,#4183,#4835,.T.);
#3114=EDGE_CURVE('',#4183,#4184,#4836,.T.);
#3115=EDGE_CURVE('',#4114,#4184,#4837,.T.);
#3116=EDGE_CURVE('',#4185,#4184,#280,.T.);
#3117=EDGE_CURVE('',#4115,#4185,#4838,.T.);
#3118=EDGE_CURVE('',#4186,#4185,#4839,.T.);
#3119=EDGE_CURVE('',#4116,#4186,#4840,.T.);
#3120=EDGE_CURVE('',#4187,#4186,#281,.T.);
#3121=EDGE_CURVE('',#4117,#4187,#4841,.T.);
#3122=EDGE_CURVE('',#4188,#4189,#282,.T.);
#3123=EDGE_CURVE('',#4102,#4188,#4842,.T.);
#3124=EDGE_CURVE('',#4103,#4189,#4843,.T.);
#3125=EDGE_CURVE('',#4188,#4190,#4844,.T.);
#3126=EDGE_CURVE('',#4104,#4190,#4845,.T.);
#3127=EDGE_CURVE('',#4191,#4190,#283,.T.);
#3128=EDGE_CURVE('',#4105,#4191,#4846,.T.);
#3129=EDGE_CURVE('',#4191,#4192,#4847,.T.);
#3130=EDGE_CURVE('',#4106,#4192,#4848,.T.);
#3131=EDGE_CURVE('',#4193,#4192,#284,.T.);
#3132=EDGE_CURVE('',#4107,#4193,#4849,.T.);
#3133=EDGE_CURVE('',#4194,#4193,#4850,.T.);
#3134=EDGE_CURVE('',#4108,#4194,#4851,.T.);
#3135=EDGE_CURVE('',#4195,#4194,#285,.T.);
#3136=EDGE_CURVE('',#4109,#4195,#4852,.T.);
#3137=EDGE_CURVE('',#4196,#4197,#286,.T.);
#3138=EDGE_CURVE('',#4094,#4196,#4853,.T.);
#3139=EDGE_CURVE('',#4095,#4197,#4854,.T.);
#3140=EDGE_CURVE('',#4196,#4198,#4855,.T.);
#3141=EDGE_CURVE('',#4096,#4198,#4856,.T.);
#3142=EDGE_CURVE('',#4199,#4198,#287,.T.);
#3143=EDGE_CURVE('',#4097,#4199,#4857,.T.);
#3144=EDGE_CURVE('',#4199,#4200,#4858,.T.);
#3145=EDGE_CURVE('',#4098,#4200,#4859,.T.);
#3146=EDGE_CURVE('',#4201,#4200,#288,.T.);
#3147=EDGE_CURVE('',#4099,#4201,#4860,.T.);
#3148=EDGE_CURVE('',#4202,#4201,#4861,.T.);
#3149=EDGE_CURVE('',#4100,#4202,#4862,.T.);
#3150=EDGE_CURVE('',#4203,#4202,#289,.T.);
#3151=EDGE_CURVE('',#4101,#4203,#4863,.T.);
#3152=EDGE_CURVE('',#4088,#4204,#4864,.T.);
#3153=EDGE_CURVE('',#4205,#4204,#4865,.T.);
#3154=EDGE_CURVE('',#4205,#4089,#4866,.F.);
#3155=EDGE_CURVE('',#4206,#4207,#4867,.T.);
#3156=EDGE_CURVE('',#4207,#4083,#4868,.F.);
#3157=EDGE_CURVE('',#4082,#4206,#4869,.T.);
#3158=EDGE_CURVE('',#4084,#4208,#4870,.T.);
#3159=EDGE_CURVE('',#4208,#4209,#4871,.T.);
#3160=EDGE_CURVE('',#4209,#4085,#4872,.F.);
#3161=EDGE_CURVE('',#4157,#4163,#4873,.T.);
#3162=EDGE_CURVE('',#4165,#4171,#4874,.T.);
#3163=EDGE_CURVE('',#4173,#4179,#4875,.T.);
#3164=EDGE_CURVE('',#4181,#4187,#4876,.T.);
#3165=EDGE_CURVE('',#4189,#4195,#4877,.T.);
#3166=EDGE_CURVE('',#4197,#4203,#4878,.T.);
#3167=EDGE_CURVE('',#4210,#4210,#290,.T.);
#3168=EDGE_CURVE('',#4211,#4211,#291,.T.);
#3169=EDGE_CURVE('',#4212,#4212,#292,.T.);
#3170=EDGE_CURVE('',#4213,#4213,#293,.T.);
#3171=EDGE_CURVE('',#4214,#4215,#4879,.T.);
#3172=EDGE_CURVE('',#4214,#4087,#4880,.F.);
#3173=EDGE_CURVE('',#4086,#4215,#4881,.T.);
#3174=EDGE_CURVE('',#4148,#4216,#4882,.T.);
#3175=EDGE_CURVE('',#4217,#4216,#4883,.T.);
#3176=EDGE_CURVE('',#4217,#4149,#4884,.F.);
#3177=EDGE_CURVE('',#4208,#4207,#294,.F.);
#3178=EDGE_CURVE('',#4206,#4205,#295,.F.);
#3179=EDGE_CURVE('',#4204,#4214,#296,.F.);
#3180=EDGE_CURVE('',#4215,#4209,#297,.F.);
#3181=EDGE_CURVE('',#4152,#4150,#298,.T.);
#3182=EDGE_CURVE('',#4151,#4217,#299,.T.);
#3183=EDGE_CURVE('',#4216,#4155,#300,.T.);
#3184=EDGE_CURVE('',#4154,#4153,#301,.T.);
#3185=EDGE_CURVE('',#4218,#4072,#4885,.T.);
#3186=EDGE_CURVE('',#4218,#4219,#4886,.T.);
#3187=EDGE_CURVE('',#4219,#4073,#4887,.T.);
#3188=EDGE_CURVE('',#4220,#4081,#4888,.T.);
#3189=EDGE_CURVE('',#4220,#4218,#4889,.T.);
#3190=EDGE_CURVE('',#4221,#4080,#4890,.T.);
#3191=EDGE_CURVE('',#4221,#4220,#4891,.T.);
#3192=EDGE_CURVE('',#4222,#4079,#4892,.T.);
#3193=EDGE_CURVE('',#4222,#4221,#4893,.T.);
#3194=EDGE_CURVE('',#4223,#4078,#4894,.T.);
#3195=EDGE_CURVE('',#4223,#4222,#4895,.T.);
#3196=EDGE_CURVE('',#4224,#4077,#4896,.T.);
#3197=EDGE_CURVE('',#4224,#4223,#4897,.T.);
#3198=EDGE_CURVE('',#4225,#4076,#4898,.T.);
#3199=EDGE_CURVE('',#4225,#4224,#4899,.T.);
#3200=EDGE_CURVE('',#4226,#4075,#4900,.T.);
#3201=EDGE_CURVE('',#4226,#4225,#4901,.T.);
#3202=EDGE_CURVE('',#4227,#4074,#4902,.T.);
#3203=EDGE_CURVE('',#4227,#4226,#4903,.T.);
#3204=EDGE_CURVE('',#4219,#4227,#4904,.T.);
#3205=EDGE_CURVE('',#4228,#4229,#302,.F.);
#3206=EDGE_CURVE('',#4230,#4228,#4905,.T.);
#3207=EDGE_CURVE('',#4230,#4231,#303,.F.);
#3208=EDGE_CURVE('',#4231,#4229,#4906,.T.);
#3209=EDGE_CURVE('',#4232,#4228,#517,.T.);
#3210=EDGE_CURVE('',#4233,#4232,#4907,.T.);
#3211=EDGE_CURVE('',#4233,#4230,#518,.T.);
#3212=EDGE_CURVE('',#4234,#4232,#519,.T.);
#3213=EDGE_CURVE('',#4235,#4234,#4908,.T.);
#3214=EDGE_CURVE('',#4235,#4233,#520,.T.);
#3215=EDGE_CURVE('',#4236,#4234,#4909,.T.);
#3216=EDGE_CURVE('',#4237,#4236,#4910,.T.);
#3217=EDGE_CURVE('',#4237,#4235,#4911,.T.);
#3218=EDGE_CURVE('',#4238,#4236,#4912,.T.);
#3219=EDGE_CURVE('',#4239,#4238,#4913,.T.);
#3220=EDGE_CURVE('',#4239,#4237,#4914,.T.);
#3221=EDGE_CURVE('',#4240,#4056,#4915,.T.);
#3222=EDGE_CURVE('',#4240,#4241,#521,.T.);
#3223=EDGE_CURVE('',#4241,#4057,#4916,.T.);
#3224=EDGE_CURVE('',#4242,#4071,#4917,.T.);
#3225=EDGE_CURVE('',#4242,#4240,#522,.T.);
#3226=EDGE_CURVE('',#4243,#4070,#4918,.T.);
#3227=EDGE_CURVE('',#4243,#4242,#4919,.T.);
#3228=EDGE_CURVE('',#4244,#4069,#4920,.T.);
#3229=EDGE_CURVE('',#4244,#4243,#304,.F.);
#3230=EDGE_CURVE('',#4245,#4068,#4921,.T.);
#3231=EDGE_CURVE('',#4245,#4244,#523,.T.);
#3232=EDGE_CURVE('',#4246,#4067,#4922,.T.);
#3233=EDGE_CURVE('',#4246,#4245,#524,.T.);
#3234=EDGE_CURVE('',#4247,#4066,#4923,.T.);
#3235=EDGE_CURVE('',#4247,#4246,#525,.T.);
#3236=EDGE_CURVE('',#4248,#4065,#4924,.T.);
#3237=EDGE_CURVE('',#4248,#4247,#4925,.T.);
#3238=EDGE_CURVE('',#4249,#4064,#4926,.T.);
#3239=EDGE_CURVE('',#4249,#4248,#4927,.T.);
#3240=EDGE_CURVE('',#4250,#4063,#4928,.T.);
#3241=EDGE_CURVE('',#4250,#4249,#526,.T.);
#3242=EDGE_CURVE('',#4251,#4062,#4929,.T.);
#3243=EDGE_CURVE('',#4251,#4250,#527,.T.);
#3244=EDGE_CURVE('',#4252,#4061,#4930,.T.);
#3245=EDGE_CURVE('',#4252,#4251,#305,.T.);
#3246=EDGE_CURVE('',#4253,#4060,#4931,.T.);
#3247=EDGE_CURVE('',#4253,#4252,#306,.T.);
#3248=EDGE_CURVE('',#4254,#4059,#4932,.T.);
#3249=EDGE_CURVE('',#4254,#4253,#528,.T.);
#3250=EDGE_CURVE('',#4255,#4058,#4933,.T.);
#3251=EDGE_CURVE('',#4255,#4254,#4934,.T.);
#3252=EDGE_CURVE('',#4241,#4255,#529,.T.);
#3253=EDGE_CURVE('',#4229,#4238,#530,.T.);
#3254=EDGE_CURVE('',#4231,#4239,#531,.T.);
#3255=EDGE_CURVE('',#4256,#4038,#4935,.T.);
#3256=EDGE_CURVE('',#4256,#4257,#4936,.T.);
#3257=EDGE_CURVE('',#4257,#4039,#4937,.T.);
#3258=EDGE_CURVE('',#4258,#4055,#4938,.T.);
#3259=EDGE_CURVE('',#4258,#4256,#4939,.T.);
#3260=EDGE_CURVE('',#4259,#4054,#4940,.T.);
#3261=EDGE_CURVE('',#4259,#4258,#4941,.T.);
#3262=EDGE_CURVE('',#4260,#4053,#4942,.T.);
#3263=EDGE_CURVE('',#4260,#4259,#4943,.T.);
#3264=EDGE_CURVE('',#4261,#4052,#4944,.T.);
#3265=EDGE_CURVE('',#4261,#4260,#4945,.T.);
#3266=EDGE_CURVE('',#4262,#4051,#4946,.T.);
#3267=EDGE_CURVE('',#4262,#4261,#4947,.T.);
#3268=EDGE_CURVE('',#4263,#4050,#4948,.T.);
#3269=EDGE_CURVE('',#4263,#4262,#4949,.T.);
#3270=EDGE_CURVE('',#4264,#4049,#4950,.T.);
#3271=EDGE_CURVE('',#4264,#4263,#532,.T.);
#3272=EDGE_CURVE('',#4265,#4048,#4951,.T.);
#3273=EDGE_CURVE('',#4265,#4264,#533,.T.);
#3274=EDGE_CURVE('',#4266,#4047,#4952,.T.);
#3275=EDGE_CURVE('',#4266,#4265,#307,.T.);
#3276=EDGE_CURVE('',#4267,#4046,#4953,.T.);
#3277=EDGE_CURVE('',#4267,#4266,#4954,.T.);
#3278=EDGE_CURVE('',#4268,#4045,#4955,.T.);
#3279=EDGE_CURVE('',#4268,#4267,#308,.F.);
#3280=EDGE_CURVE('',#4269,#4044,#4956,.T.);
#3281=EDGE_CURVE('',#4269,#4268,#534,.T.);
#3282=EDGE_CURVE('',#4270,#4043,#4957,.T.);
#3283=EDGE_CURVE('',#4270,#4269,#535,.T.);
#3284=EDGE_CURVE('',#4271,#4042,#4958,.T.);
#3285=EDGE_CURVE('',#4271,#4270,#4959,.T.);
#3286=EDGE_CURVE('',#4272,#4041,#4960,.T.);
#3287=EDGE_CURVE('',#4272,#4271,#4961,.T.);
#3288=EDGE_CURVE('',#4273,#4040,#4962,.T.);
#3289=EDGE_CURVE('',#4273,#4272,#4963,.T.);
#3290=EDGE_CURVE('',#4257,#4273,#4964,.T.);
#3291=EDGE_CURVE('',#4274,#4275,#536,.T.);
#3292=EDGE_CURVE('',#4276,#4274,#4965,.T.);
#3293=EDGE_CURVE('',#4276,#4277,#537,.T.);
#3294=EDGE_CURVE('',#4277,#4275,#4966,.T.);
#3295=EDGE_CURVE('',#4278,#4274,#538,.T.);
#3296=EDGE_CURVE('',#4279,#4278,#4967,.T.);
#3297=EDGE_CURVE('',#4279,#4276,#539,.T.);
#3298=EDGE_CURVE('',#4280,#4278,#309,.F.);
#3299=EDGE_CURVE('',#4281,#4280,#4968,.T.);
#3300=EDGE_CURVE('',#4281,#4279,#310,.F.);
#3301=EDGE_CURVE('',#4282,#4280,#311,.F.);
#3302=EDGE_CURVE('',#4283,#4282,#4969,.T.);
#3303=EDGE_CURVE('',#4283,#4281,#312,.F.);
#3304=EDGE_CURVE('',#4284,#4282,#540,.T.);
#3305=EDGE_CURVE('',#4285,#4284,#4970,.T.);
#3306=EDGE_CURVE('',#4285,#4283,#541,.T.);
#3307=EDGE_CURVE('',#4286,#4284,#542,.T.);
#3308=EDGE_CURVE('',#4287,#4286,#4971,.T.);
#3309=EDGE_CURVE('',#4287,#4285,#543,.T.);
#3310=EDGE_CURVE('',#4288,#4286,#544,.T.);
#3311=EDGE_CURVE('',#4289,#4288,#4972,.T.);
#3312=EDGE_CURVE('',#4289,#4287,#545,.T.);
#3313=EDGE_CURVE('',#4290,#4026,#4973,.T.);
#3314=EDGE_CURVE('',#4290,#4291,#546,.T.);
#3315=EDGE_CURVE('',#4291,#4027,#4974,.T.);
#3316=EDGE_CURVE('',#4292,#4037,#4975,.T.);
#3317=EDGE_CURVE('',#4292,#4290,#4976,.T.);
#3318=EDGE_CURVE('',#4293,#4036,#4977,.T.);
#3319=EDGE_CURVE('',#4293,#4292,#547,.T.);
#3320=EDGE_CURVE('',#4294,#4035,#4978,.T.);
#3321=EDGE_CURVE('',#4294,#4293,#548,.T.);
#3322=EDGE_CURVE('',#4295,#4034,#4979,.T.);
#3323=EDGE_CURVE('',#4295,#4294,#549,.T.);
#3324=EDGE_CURVE('',#4296,#4033,#4980,.T.);
#3325=EDGE_CURVE('',#4296,#4295,#313,.T.);
#3326=EDGE_CURVE('',#4297,#4032,#4981,.T.);
#3327=EDGE_CURVE('',#4297,#4296,#550,.T.);
#3328=EDGE_CURVE('',#4298,#4031,#4982,.T.);
#3329=EDGE_CURVE('',#4298,#4297,#4983,.T.);
#3330=EDGE_CURVE('',#4299,#4030,#4984,.T.);
#3331=EDGE_CURVE('',#4299,#4298,#551,.T.);
#3332=EDGE_CURVE('',#4300,#4029,#4985,.T.);
#3333=EDGE_CURVE('',#4300,#4299,#552,.T.);
#3334=EDGE_CURVE('',#4301,#4028,#4986,.T.);
#3335=EDGE_CURVE('',#4301,#4300,#314,.T.);
#3336=EDGE_CURVE('',#4291,#4301,#315,.T.);
#3337=EDGE_CURVE('',#4275,#4288,#553,.T.);
#3338=EDGE_CURVE('',#4277,#4289,#554,.T.);
#3339=EDGE_CURVE('',#4302,#4016,#4987,.T.);
#3340=EDGE_CURVE('',#4302,#4303,#4988,.T.);
#3341=EDGE_CURVE('',#4303,#4017,#4989,.T.);
#3342=EDGE_CURVE('',#4304,#4025,#4990,.T.);
#3343=EDGE_CURVE('',#4304,#4302,#4991,.T.);
#3344=EDGE_CURVE('',#4305,#4024,#4992,.T.);
#3345=EDGE_CURVE('',#4305,#4304,#4993,.T.);
#3346=EDGE_CURVE('',#4306,#4023,#4994,.T.);
#3347=EDGE_CURVE('',#4306,#4305,#4995,.T.);
#3348=EDGE_CURVE('',#4307,#4022,#4996,.T.);
#3349=EDGE_CURVE('',#4307,#4306,#4997,.T.);
#3350=EDGE_CURVE('',#4308,#4021,#4998,.T.);
#3351=EDGE_CURVE('',#4308,#4307,#4999,.T.);
#3352=EDGE_CURVE('',#4309,#4020,#5000,.T.);
#3353=EDGE_CURVE('',#4309,#4308,#5001,.T.);
#3354=EDGE_CURVE('',#4310,#4019,#5002,.T.);
#3355=EDGE_CURVE('',#4310,#4309,#5003,.T.);
#3356=EDGE_CURVE('',#4311,#4018,#5004,.T.);
#3357=EDGE_CURVE('',#4311,#4310,#5005,.T.);
#3358=EDGE_CURVE('',#4303,#4311,#5006,.T.);
#3359=EDGE_CURVE('',#4312,#4313,#555,.T.);
#3360=EDGE_CURVE('',#4314,#4312,#5007,.T.);
#3361=EDGE_CURVE('',#4314,#4315,#556,.T.);
#3362=EDGE_CURVE('',#4315,#4313,#5008,.T.);
#3363=EDGE_CURVE('',#4316,#4312,#5009,.T.);
#3364=EDGE_CURVE('',#4317,#4316,#5010,.T.);
#3365=EDGE_CURVE('',#4317,#4314,#5011,.T.);
#3366=EDGE_CURVE('',#4318,#4316,#557,.T.);
#3367=EDGE_CURVE('',#4319,#4318,#5012,.T.);
#3368=EDGE_CURVE('',#4319,#4317,#558,.T.);
#3369=EDGE_CURVE('',#4320,#4318,#559,.T.);
#3370=EDGE_CURVE('',#4321,#4320,#5013,.T.);
#3371=EDGE_CURVE('',#4321,#4319,#560,.T.);
#3372=EDGE_CURVE('',#4322,#4320,#561,.T.);
#3373=EDGE_CURVE('',#4323,#4322,#5014,.T.);
#3374=EDGE_CURVE('',#4323,#4321,#562,.T.);
#3375=EDGE_CURVE('',#4324,#4322,#563,.T.);
#3376=EDGE_CURVE('',#4325,#4324,#5015,.T.);
#3377=EDGE_CURVE('',#4325,#4323,#564,.T.);
#3378=EDGE_CURVE('',#4326,#4324,#5016,.T.);
#3379=EDGE_CURVE('',#4327,#4326,#5017,.T.);
#3380=EDGE_CURVE('',#4327,#4325,#5018,.T.);
#3381=EDGE_CURVE('',#4328,#4326,#565,.T.);
#3382=EDGE_CURVE('',#4329,#4328,#5019,.T.);
#3383=EDGE_CURVE('',#4329,#4327,#566,.T.);
#3384=EDGE_CURVE('',#4330,#4328,#567,.T.);
#3385=EDGE_CURVE('',#4331,#4330,#5020,.T.);
#3386=EDGE_CURVE('',#4331,#4329,#568,.T.);
#3387=EDGE_CURVE('',#4332,#4002,#5021,.T.);
#3388=EDGE_CURVE('',#4332,#4333,#569,.T.);
#3389=EDGE_CURVE('',#4333,#4003,#5022,.T.);
#3390=EDGE_CURVE('',#4334,#4015,#5023,.T.);
#3391=EDGE_CURVE('',#4334,#4332,#5024,.T.);
#3392=EDGE_CURVE('',#4335,#4014,#5025,.T.);
#3393=EDGE_CURVE('',#4335,#4334,#570,.T.);
#3394=EDGE_CURVE('',#4336,#4013,#5026,.T.);
#3395=EDGE_CURVE('',#4336,#4335,#571,.T.);
#3396=EDGE_CURVE('',#4337,#4012,#5027,.T.);
#3397=EDGE_CURVE('',#4337,#4336,#572,.T.);
#3398=EDGE_CURVE('',#4338,#4011,#5028,.T.);
#3399=EDGE_CURVE('',#4338,#4337,#573,.T.);
#3400=EDGE_CURVE('',#4339,#4010,#5029,.T.);
#3401=EDGE_CURVE('',#4339,#4338,#574,.T.);
#3402=EDGE_CURVE('',#4340,#4009,#5030,.T.);
#3403=EDGE_CURVE('',#4340,#4339,#575,.T.);
#3404=EDGE_CURVE('',#4341,#4008,#5031,.T.);
#3405=EDGE_CURVE('',#4341,#4340,#5032,.T.);
#3406=EDGE_CURVE('',#4342,#4007,#5033,.T.);
#3407=EDGE_CURVE('',#4342,#4341,#576,.T.);
#3408=EDGE_CURVE('',#4343,#4006,#5034,.T.);
#3409=EDGE_CURVE('',#4343,#4342,#577,.T.);
#3410=EDGE_CURVE('',#4344,#4005,#5035,.T.);
#3411=EDGE_CURVE('',#4344,#4343,#578,.T.);
#3412=EDGE_CURVE('',#4345,#4004,#5036,.T.);
#3413=EDGE_CURVE('',#4345,#4344,#579,.T.);
#3414=EDGE_CURVE('',#4333,#4345,#580,.T.);
#3415=EDGE_CURVE('',#4313,#4330,#581,.T.);
#3416=EDGE_CURVE('',#4315,#4331,#582,.T.);
#3417=EDGE_CURVE('',#4346,#3994,#5037,.T.);
#3418=EDGE_CURVE('',#4346,#4347,#5038,.T.);
#3419=EDGE_CURVE('',#4347,#3995,#5039,.T.);
#3420=EDGE_CURVE('',#4348,#4001,#5040,.T.);
#3421=EDGE_CURVE('',#4348,#4346,#5041,.T.);
#3422=EDGE_CURVE('',#4349,#4000,#5042,.T.);
#3423=EDGE_CURVE('',#4349,#4348,#5043,.T.);
#3424=EDGE_CURVE('',#4350,#3999,#5044,.T.);
#3425=EDGE_CURVE('',#4350,#4349,#5045,.T.);
#3426=EDGE_CURVE('',#4351,#3998,#5046,.T.);
#3427=EDGE_CURVE('',#4351,#4350,#5047,.T.);
#3428=EDGE_CURVE('',#4352,#3997,#5048,.T.);
#3429=EDGE_CURVE('',#4352,#4351,#5049,.T.);
#3430=EDGE_CURVE('',#4353,#3996,#5050,.T.);
#3431=EDGE_CURVE('',#4353,#4352,#5051,.T.);
#3432=EDGE_CURVE('',#4347,#4353,#5052,.T.);
#3433=EDGE_CURVE('',#4354,#3982,#5053,.T.);
#3434=EDGE_CURVE('',#4354,#4355,#5054,.T.);
#3435=EDGE_CURVE('',#4355,#3983,#5055,.T.);
#3436=EDGE_CURVE('',#4356,#3993,#5056,.T.);
#3437=EDGE_CURVE('',#4356,#4354,#5057,.T.);
#3438=EDGE_CURVE('',#4357,#3992,#5058,.T.);
#3439=EDGE_CURVE('',#4357,#4356,#5059,.T.);
#3440=EDGE_CURVE('',#4358,#3991,#5060,.T.);
#3441=EDGE_CURVE('',#4358,#4357,#5061,.T.);
#3442=EDGE_CURVE('',#4359,#3990,#5062,.T.);
#3443=EDGE_CURVE('',#4359,#4358,#5063,.T.);
#3444=EDGE_CURVE('',#4360,#3989,#5064,.T.);
#3445=EDGE_CURVE('',#4360,#4359,#5065,.T.);
#3446=EDGE_CURVE('',#4361,#3988,#5066,.T.);
#3447=EDGE_CURVE('',#4361,#4360,#5067,.T.);
#3448=EDGE_CURVE('',#4362,#3987,#5068,.T.);
#3449=EDGE_CURVE('',#4362,#4361,#5069,.T.);
#3450=EDGE_CURVE('',#4363,#3986,#5070,.T.);
#3451=EDGE_CURVE('',#4363,#4362,#5071,.T.);
#3452=EDGE_CURVE('',#4364,#3985,#5072,.T.);
#3453=EDGE_CURVE('',#4364,#4363,#5073,.T.);
#3454=EDGE_CURVE('',#4365,#3984,#5074,.T.);
#3455=EDGE_CURVE('',#4365,#4364,#5075,.T.);
#3456=EDGE_CURVE('',#4355,#4365,#5076,.T.);
#3457=EDGE_CURVE('',#4366,#4367,#5077,.T.);
#3458=EDGE_CURVE('',#4368,#4366,#5078,.T.);
#3459=EDGE_CURVE('',#4368,#4369,#5079,.T.);
#3460=EDGE_CURVE('',#4369,#4367,#5080,.T.);
#3461=EDGE_CURVE('',#4370,#4366,#5081,.T.);
#3462=EDGE_CURVE('',#4371,#4370,#5082,.T.);
#3463=EDGE_CURVE('',#4371,#4368,#5083,.T.);
#3464=EDGE_CURVE('',#4372,#4370,#5084,.T.);
#3465=EDGE_CURVE('',#4373,#4372,#5085,.T.);
#3466=EDGE_CURVE('',#4373,#4371,#5086,.T.);
#3467=EDGE_CURVE('',#4374,#4372,#583,.T.);
#3468=EDGE_CURVE('',#4375,#4374,#5087,.T.);
#3469=EDGE_CURVE('',#4375,#4373,#584,.T.);
#3470=EDGE_CURVE('',#4376,#4374,#585,.T.);
#3471=EDGE_CURVE('',#4377,#4376,#5088,.T.);
#3472=EDGE_CURVE('',#4377,#4375,#586,.T.);
#3473=EDGE_CURVE('',#4378,#4376,#587,.T.);
#3474=EDGE_CURVE('',#4379,#4378,#5089,.T.);
#3475=EDGE_CURVE('',#4379,#4377,#588,.T.);
#3476=EDGE_CURVE('',#4380,#3973,#5090,.T.);
#3477=EDGE_CURVE('',#4380,#4381,#5091,.T.);
#3478=EDGE_CURVE('',#4381,#3974,#5092,.T.);
#3479=EDGE_CURVE('',#4382,#3981,#5093,.T.);
#3480=EDGE_CURVE('',#4382,#4380,#5094,.T.);
#3481=EDGE_CURVE('',#4383,#3980,#5095,.T.);
#3482=EDGE_CURVE('',#4383,#4382,#589,.T.);
#3483=EDGE_CURVE('',#4384,#3979,#5096,.T.);
#3484=EDGE_CURVE('',#4384,#4383,#590,.T.);
#3485=EDGE_CURVE('',#4385,#3978,#5097,.T.);
#3486=EDGE_CURVE('',#4385,#4384,#591,.T.);
#3487=EDGE_CURVE('',#4386,#3977,#5098,.T.);
#3488=EDGE_CURVE('',#4386,#4385,#592,.T.);
#3489=EDGE_CURVE('',#4387,#3976,#5099,.T.);
#3490=EDGE_CURVE('',#4387,#4386,#5100,.T.);
#3491=EDGE_CURVE('',#4388,#3975,#5101,.T.);
#3492=EDGE_CURVE('',#4388,#4387,#5102,.T.);
#3493=EDGE_CURVE('',#4381,#4388,#5103,.T.);
#3494=EDGE_CURVE('',#4367,#4378,#593,.T.);
#3495=EDGE_CURVE('',#4369,#4379,#594,.T.);
#3496=EDGE_CURVE('',#4389,#4390,#5104,.T.);
#3497=EDGE_CURVE('',#4391,#4389,#5105,.T.);
#3498=EDGE_CURVE('',#4391,#4392,#5106,.T.);
#3499=EDGE_CURVE('',#4392,#4390,#5107,.T.);
#3500=EDGE_CURVE('',#4393,#4389,#5108,.T.);
#3501=EDGE_CURVE('',#4394,#4393,#5109,.T.);
#3502=EDGE_CURVE('',#4394,#4391,#5110,.T.);
#3503=EDGE_CURVE('',#4395,#3965,#5111,.T.);
#3504=EDGE_CURVE('',#4395,#4396,#5112,.T.);
#3505=EDGE_CURVE('',#4396,#3966,#5113,.T.);
#3506=EDGE_CURVE('',#4397,#3972,#5114,.T.);
#3507=EDGE_CURVE('',#4397,#4395,#5115,.T.);
#3508=EDGE_CURVE('',#4398,#3971,#5116,.T.);
#3509=EDGE_CURVE('',#4398,#4397,#5117,.T.);
#3510=EDGE_CURVE('',#4399,#3970,#5118,.T.);
#3511=EDGE_CURVE('',#4399,#4398,#5119,.T.);
#3512=EDGE_CURVE('',#4400,#3969,#5120,.T.);
#3513=EDGE_CURVE('',#4400,#4399,#5121,.T.);
#3514=EDGE_CURVE('',#4401,#3968,#5122,.T.);
#3515=EDGE_CURVE('',#4401,#4400,#5123,.T.);
#3516=EDGE_CURVE('',#4402,#3967,#5124,.T.);
#3517=EDGE_CURVE('',#4402,#4401,#5125,.T.);
#3518=EDGE_CURVE('',#4396,#4402,#5126,.T.);
#3519=EDGE_CURVE('',#4390,#4393,#5127,.T.);
#3520=EDGE_CURVE('',#4392,#4394,#5128,.T.);
#3521=EDGE_CURVE('',#4403,#4404,#5129,.T.);
#3522=EDGE_CURVE('',#4405,#4403,#5130,.T.);
#3523=EDGE_CURVE('',#4405,#4406,#5131,.T.);
#3524=EDGE_CURVE('',#4406,#4404,#5132,.T.);
#3525=EDGE_CURVE('',#4407,#4403,#5133,.T.);
#3526=EDGE_CURVE('',#4408,#4407,#5134,.T.);
#3527=EDGE_CURVE('',#4408,#4405,#5135,.T.);
#3528=EDGE_CURVE('',#4409,#4407,#595,.T.);
#3529=EDGE_CURVE('',#4410,#4409,#5136,.T.);
#3530=EDGE_CURVE('',#4410,#4408,#596,.T.);
#3531=EDGE_CURVE('',#4411,#4409,#597,.T.);
#3532=EDGE_CURVE('',#4412,#4411,#5137,.T.);
#3533=EDGE_CURVE('',#4412,#4410,#598,.T.);
#3534=EDGE_CURVE('',#4413,#4411,#5138,.T.);
#3535=EDGE_CURVE('',#4414,#4413,#5139,.T.);
#3536=EDGE_CURVE('',#4414,#4412,#5140,.T.);
#3537=EDGE_CURVE('',#4415,#4413,#599,.T.);
#3538=EDGE_CURVE('',#4416,#4415,#5141,.T.);
#3539=EDGE_CURVE('',#4416,#4414,#600,.T.);
#3540=EDGE_CURVE('',#4417,#4415,#601,.T.);
#3541=EDGE_CURVE('',#4418,#4417,#5142,.T.);
#3542=EDGE_CURVE('',#4418,#4416,#602,.T.);
#3543=EDGE_CURVE('',#4419,#3955,#5143,.T.);
#3544=EDGE_CURVE('',#4419,#4420,#5144,.T.);
#3545=EDGE_CURVE('',#4420,#3956,#5145,.T.);
#3546=EDGE_CURVE('',#4421,#3964,#5146,.T.);
#3547=EDGE_CURVE('',#4421,#4419,#5147,.T.);
#3548=EDGE_CURVE('',#4422,#3963,#5148,.T.);
#3549=EDGE_CURVE('',#4422,#4421,#603,.T.);
#3550=EDGE_CURVE('',#4423,#3962,#5149,.T.);
#3551=EDGE_CURVE('',#4423,#4422,#604,.T.);
#3552=EDGE_CURVE('',#4424,#3961,#5150,.T.);
#3553=EDGE_CURVE('',#4424,#4423,#605,.T.);
#3554=EDGE_CURVE('',#4425,#3960,#5151,.T.);
#3555=EDGE_CURVE('',#4425,#4424,#5152,.T.);
#3556=EDGE_CURVE('',#4426,#3959,#5153,.T.);
#3557=EDGE_CURVE('',#4426,#4425,#606,.T.);
#3558=EDGE_CURVE('',#4427,#3958,#5154,.T.);
#3559=EDGE_CURVE('',#4427,#4426,#607,.T.);
#3560=EDGE_CURVE('',#4428,#3957,#5155,.T.);
#3561=EDGE_CURVE('',#4428,#4427,#608,.T.);
#3562=EDGE_CURVE('',#4420,#4428,#5156,.T.);
#3563=EDGE_CURVE('',#4404,#4417,#5157,.T.);
#3564=EDGE_CURVE('',#4406,#4418,#5158,.T.);
#3565=EDGE_CURVE('',#4429,#4430,#609,.T.);
#3566=EDGE_CURVE('',#4431,#4429,#5159,.T.);
#3567=EDGE_CURVE('',#4431,#4432,#610,.T.);
#3568=EDGE_CURVE('',#4432,#4430,#5160,.T.);
#3569=EDGE_CURVE('',#4433,#4429,#611,.T.);
#3570=EDGE_CURVE('',#4434,#4433,#5161,.T.);
#3571=EDGE_CURVE('',#4434,#4431,#612,.T.);
#3572=EDGE_CURVE('',#4435,#4433,#613,.T.);
#3573=EDGE_CURVE('',#4436,#4435,#5162,.T.);
#3574=EDGE_CURVE('',#4436,#4434,#614,.T.);
#3575=EDGE_CURVE('',#4437,#4435,#615,.T.);
#3576=EDGE_CURVE('',#4438,#4437,#5163,.T.);
#3577=EDGE_CURVE('',#4438,#4436,#616,.T.);
#3578=EDGE_CURVE('',#4439,#4437,#5164,.T.);
#3579=EDGE_CURVE('',#4440,#4439,#5165,.T.);
#3580=EDGE_CURVE('',#4440,#4438,#5166,.T.);
#3581=EDGE_CURVE('',#4441,#4439,#617,.T.);
#3582=EDGE_CURVE('',#4442,#4441,#5167,.T.);
#3583=EDGE_CURVE('',#4442,#4440,#618,.T.);
#3584=EDGE_CURVE('',#4443,#3943,#5168,.T.);
#3585=EDGE_CURVE('',#4443,#4444,#619,.T.);
#3586=EDGE_CURVE('',#4444,#3944,#5169,.T.);
#3587=EDGE_CURVE('',#4445,#3954,#5170,.T.);
#3588=EDGE_CURVE('',#4445,#4443,#5171,.T.);
#3589=EDGE_CURVE('',#4446,#3953,#5172,.T.);
#3590=EDGE_CURVE('',#4446,#4445,#620,.T.);
#3591=EDGE_CURVE('',#4447,#3952,#5173,.T.);
#3592=EDGE_CURVE('',#4447,#4446,#621,.T.);
#3593=EDGE_CURVE('',#4448,#3951,#5174,.T.);
#3594=EDGE_CURVE('',#4448,#4447,#622,.T.);
#3595=EDGE_CURVE('',#4449,#3950,#5175,.T.);
#3596=EDGE_CURVE('',#4449,#4448,#5176,.T.);
#3597=EDGE_CURVE('',#4450,#3949,#5177,.T.);
#3598=EDGE_CURVE('',#4450,#4449,#5178,.T.);
#3599=EDGE_CURVE('',#4451,#3948,#5179,.T.);
#3600=EDGE_CURVE('',#4451,#4450,#5180,.T.);
#3601=EDGE_CURVE('',#4452,#3947,#5181,.T.);
#3602=EDGE_CURVE('',#4452,#4451,#5182,.T.);
#3603=EDGE_CURVE('',#4453,#3946,#5183,.T.);
#3604=EDGE_CURVE('',#4453,#4452,#5184,.T.);
#3605=EDGE_CURVE('',#4454,#3945,#5185,.T.);
#3606=EDGE_CURVE('',#4454,#4453,#623,.T.);
#3607=EDGE_CURVE('',#4444,#4454,#624,.T.);
#3608=EDGE_CURVE('',#4430,#4441,#625,.T.);
#3609=EDGE_CURVE('',#4432,#4442,#626,.T.);
#3610=EDGE_CURVE('',#4455,#3929,#5186,.T.);
#3611=EDGE_CURVE('',#4455,#4456,#5187,.T.);
#3612=EDGE_CURVE('',#4456,#3930,#5188,.T.);
#3613=EDGE_CURVE('',#4457,#3942,#5189,.T.);
#3614=EDGE_CURVE('',#4457,#4455,#5190,.T.);
#3615=EDGE_CURVE('',#4458,#3941,#5191,.T.);
#3616=EDGE_CURVE('',#4458,#4457,#5192,.T.);
#3617=EDGE_CURVE('',#4459,#3940,#5193,.T.);
#3618=EDGE_CURVE('',#4459,#4458,#5194,.T.);
#3619=EDGE_CURVE('',#4460,#3939,#5195,.T.);
#3620=EDGE_CURVE('',#4460,#4459,#5196,.T.);
#3621=EDGE_CURVE('',#4461,#3938,#5197,.T.);
#3622=EDGE_CURVE('',#4461,#4460,#627,.T.);
#3623=EDGE_CURVE('',#4462,#3937,#5198,.T.);
#3624=EDGE_CURVE('',#4462,#4461,#628,.T.);
#3625=EDGE_CURVE('',#4463,#3936,#5199,.T.);
#3626=EDGE_CURVE('',#4463,#4462,#5200,.T.);
#3627=EDGE_CURVE('',#4464,#3935,#5201,.T.);
#3628=EDGE_CURVE('',#4464,#4463,#5202,.T.);
#3629=EDGE_CURVE('',#4465,#3934,#5203,.T.);
#3630=EDGE_CURVE('',#4465,#4464,#5204,.T.);
#3631=EDGE_CURVE('',#4466,#3933,#5205,.T.);
#3632=EDGE_CURVE('',#4466,#4465,#5206,.T.);
#3633=EDGE_CURVE('',#4467,#3932,#5207,.T.);
#3634=EDGE_CURVE('',#4467,#4466,#629,.T.);
#3635=EDGE_CURVE('',#4468,#3931,#5208,.T.);
#3636=EDGE_CURVE('',#4468,#4467,#5209,.T.);
#3637=EDGE_CURVE('',#4456,#4468,#5210,.T.);
#3638=EDGE_CURVE('',#4469,#4470,#5211,.F.);
#3639=EDGE_CURVE('',#4470,#4471,#5212,.T.);
#3640=EDGE_CURVE('',#4471,#4469,#316,.T.);
#3641=EDGE_CURVE('',#4472,#4473,#317,.T.);
#3642=EDGE_CURVE('',#4473,#4474,#5213,.T.);
#3643=EDGE_CURVE('',#4474,#4475,#318,.T.);
#3644=EDGE_CURVE('',#4475,#4476,#5214,.T.);
#3645=EDGE_CURVE('',#4476,#4477,#319,.T.);
#3646=EDGE_CURVE('',#4477,#4478,#5215,.F.);
#3647=EDGE_CURVE('',#4478,#4479,#320,.T.);
#3648=EDGE_CURVE('',#4479,#4472,#5216,.F.);
#3649=EDGE_CURVE('',#4480,#4481,#321,.T.);
#3650=EDGE_CURVE('',#4481,#4482,#5217,.T.);
#3651=EDGE_CURVE('',#4482,#4480,#5218,.T.);
#3652=EDGE_CURVE('',#4483,#4484,#5219,.F.);
#3653=EDGE_CURVE('',#4484,#4485,#5220,.F.);
#3654=EDGE_CURVE('',#4485,#4483,#322,.T.);
#3655=EDGE_CURVE('',#4486,#4486,#323,.T.);
#3656=EDGE_CURVE('',#4487,#4487,#324,.T.);
#3657=EDGE_CURVE('',#4488,#4488,#325,.T.);
#3658=EDGE_CURVE('',#4489,#4489,#326,.T.);
#3659=EDGE_CURVE('',#4490,#4490,#327,.T.);
#3660=EDGE_CURVE('',#4491,#4491,#328,.T.);
#3661=EDGE_CURVE('',#4492,#4492,#329,.T.);
#3662=EDGE_CURVE('',#4493,#4493,#330,.T.);
#3663=EDGE_CURVE('',#4494,#4495,#5221,.T.);
#3664=EDGE_CURVE('',#4496,#4495,#5222,.T.);
#3665=EDGE_CURVE('',#4497,#4496,#5223,.T.);
#3666=EDGE_CURVE('',#4497,#4494,#5224,.T.);
#3667=EDGE_CURVE('',#4498,#4499,#5225,.T.);
#3668=EDGE_CURVE('',#4500,#4498,#5226,.T.);
#3669=EDGE_CURVE('',#4500,#4501,#5227,.T.);
#3670=EDGE_CURVE('',#4501,#4499,#5228,.T.);
#3671=EDGE_CURVE('',#4502,#4503,#5229,.F.);
#3672=EDGE_CURVE('',#4503,#4504,#5230,.F.);
#3673=EDGE_CURVE('',#4504,#4505,#5231,.T.);
#3674=EDGE_CURVE('',#4505,#4502,#5232,.T.);
#3675=EDGE_CURVE('',#4506,#4507,#5233,.T.);
#3676=EDGE_CURVE('',#4507,#4508,#5234,.T.);
#3677=EDGE_CURVE('',#4509,#4508,#5235,.T.);
#3678=EDGE_CURVE('',#4506,#4509,#5236,.T.);
#3679=EDGE_CURVE('',#4510,#4511,#5237,.F.);
#3680=EDGE_CURVE('',#4511,#4512,#5238,.F.);
#3681=EDGE_CURVE('',#4512,#4513,#5239,.T.);
#3682=EDGE_CURVE('',#4513,#4510,#5240,.T.);
#3683=EDGE_CURVE('',#4514,#4515,#5241,.T.);
#3684=EDGE_CURVE('',#4514,#4516,#5242,.T.);
#3685=EDGE_CURVE('',#4516,#4517,#5243,.T.);
#3686=EDGE_CURVE('',#4517,#4515,#5244,.F.);
#3687=EDGE_CURVE('',#4518,#4519,#5245,.T.);
#3688=EDGE_CURVE('',#4518,#4520,#5246,.T.);
#3689=EDGE_CURVE('',#4520,#4521,#5247,.T.);
#3690=EDGE_CURVE('',#4521,#4519,#5248,.F.);
#3691=EDGE_CURVE('',#4494,#4522,#5249,.T.);
#3692=EDGE_CURVE('',#4497,#4523,#5250,.T.);
#3693=EDGE_CURVE('',#4523,#4522,#5251,.T.);
#3694=EDGE_CURVE('',#4495,#4524,#5252,.T.);
#3695=EDGE_CURVE('',#4525,#4524,#5253,.T.);
#3696=EDGE_CURVE('',#4496,#4525,#5254,.T.);
#3697=EDGE_CURVE('',#4526,#4526,#331,.T.);
#3698=EDGE_CURVE('',#4527,#4527,#332,.T.);
#3699=EDGE_CURVE('',#4528,#4528,#333,.T.);
#3700=EDGE_CURVE('',#4522,#4524,#5255,.T.);
#3701=EDGE_CURVE('',#4523,#4525,#5256,.T.);
#3702=EDGE_CURVE('',#4529,#4529,#334,.T.);
#3703=EDGE_CURVE('',#4512,#4514,#335,.T.);
#3704=EDGE_CURVE('',#4515,#4518,#336,.T.);
#3705=EDGE_CURVE('',#4519,#4505,#337,.T.);
#3706=EDGE_CURVE('',#4504,#4513,#338,.T.);
#3707=EDGE_CURVE('',#4508,#4499,#5257,.T.);
#3708=EDGE_CURVE('',#4507,#4498,#5258,.T.);
#3709=EDGE_CURVE('',#4509,#4501,#5259,.T.);
#3710=EDGE_CURVE('',#4506,#4500,#5260,.T.);
#3711=EDGE_CURVE('',#4530,#4531,#5261,.T.);
#3712=EDGE_CURVE('',#4531,#4532,#5262,.F.);
#3713=EDGE_CURVE('',#4532,#4530,#339,.T.);
#3714=EDGE_CURVE('',#4471,#4473,#630,.T.);
#3715=EDGE_CURVE('',#4472,#4469,#631,.T.);
#3716=EDGE_CURVE('',#4532,#4477,#632,.T.);
#3717=EDGE_CURVE('',#4476,#4530,#633,.T.);
#3718=EDGE_CURVE('',#4485,#4479,#634,.T.);
#3719=EDGE_CURVE('',#4478,#4483,#635,.T.);
#3720=EDGE_CURVE('',#4474,#4481,#636,.T.);
#3721=EDGE_CURVE('',#4480,#4475,#637,.T.);
#3722=EDGE_CURVE('',#4516,#4470,#340,.T.);
#3723=EDGE_CURVE('',#4517,#4484,#341,.T.);
#3724=EDGE_CURVE('',#4520,#4517,#342,.T.);
#3725=EDGE_CURVE('',#4520,#4484,#343,.F.);
#3726=EDGE_CURVE('',#4521,#4531,#344,.T.);
#3727=EDGE_CURVE('',#4502,#4521,#345,.T.);
#3728=EDGE_CURVE('',#4502,#4531,#346,.F.);
#3729=EDGE_CURVE('',#4482,#4503,#347,.F.);
#3730=EDGE_CURVE('',#4503,#4510,#348,.F.);
#3731=EDGE_CURVE('',#4510,#4482,#349,.T.);
#3732=EDGE_CURVE('',#4511,#4470,#350,.T.);
#3733=EDGE_CURVE('',#4511,#4516,#351,.T.);
#3734=EDGE_CURVE('',#4533,#4534,#5263,.F.);
#3735=EDGE_CURVE('',#4534,#4535,#352,.T.);
#3736=EDGE_CURVE('',#4536,#4535,#5264,.F.);
#3737=EDGE_CURVE('',#4533,#4536,#353,.T.);
#3738=EDGE_CURVE('',#4537,#4538,#5265,.F.);
#3739=EDGE_CURVE('',#4538,#4534,#5266,.T.);
#3740=EDGE_CURVE('',#4537,#4533,#5267,.T.);
#3741=EDGE_CURVE('',#4535,#4539,#5268,.T.);
#3742=EDGE_CURVE('',#4540,#4539,#5269,.F.);
#3743=EDGE_CURVE('',#4536,#4540,#5270,.F.);
#3744=EDGE_CURVE('',#4540,#4541,#354,.T.);
#3745=EDGE_CURVE('',#4541,#4542,#5271,.F.);
#3746=EDGE_CURVE('',#4542,#4543,#355,.T.);
#3747=EDGE_CURVE('',#4543,#4544,#5272,.T.);
#3748=EDGE_CURVE('',#4544,#4537,#356,.T.);
#3749=EDGE_CURVE('',#4545,#4545,#357,.T.);
#3750=EDGE_CURVE('',#4546,#4546,#358,.T.);
#3751=EDGE_CURVE('',#4547,#4547,#359,.T.);
#3752=EDGE_CURVE('',#4548,#4548,#360,.T.);
#3753=EDGE_CURVE('',#4549,#4549,#361,.T.);
#3754=EDGE_CURVE('',#4550,#4550,#362,.T.);
#3755=EDGE_CURVE('',#4551,#4551,#363,.T.);
#3756=EDGE_CURVE('',#4552,#4552,#364,.T.);
#3757=EDGE_CURVE('',#4553,#4553,#365,.T.);
#3758=EDGE_CURVE('',#4554,#4554,#366,.T.);
#3759=EDGE_CURVE('',#4555,#4555,#367,.T.);
#3760=EDGE_CURVE('',#4556,#4556,#368,.T.);
#3761=EDGE_CURVE('',#4557,#4557,#369,.T.);
#3762=EDGE_CURVE('',#4558,#4558,#370,.T.);
#3763=EDGE_CURVE('',#4559,#4559,#371,.T.);
#3764=EDGE_CURVE('',#4560,#4560,#372,.T.);
#3765=EDGE_CURVE('',#4561,#4561,#373,.T.);
#3766=EDGE_CURVE('',#4562,#4562,#374,.T.);
#3767=EDGE_CURVE('',#4563,#4563,#375,.T.);
#3768=EDGE_CURVE('',#4564,#4564,#376,.T.);
#3769=EDGE_CURVE('',#4565,#4565,#377,.T.);
#3770=EDGE_CURVE('',#4566,#4566,#378,.T.);
#3771=EDGE_CURVE('',#4567,#4567,#379,.T.);
#3772=EDGE_CURVE('',#4568,#4568,#380,.T.);
#3773=EDGE_CURVE('',#4569,#4569,#381,.T.);
#3774=EDGE_CURVE('',#4570,#4570,#382,.T.);
#3775=EDGE_CURVE('',#4571,#4571,#383,.T.);
#3776=EDGE_CURVE('',#4572,#4572,#384,.T.);
#3777=EDGE_CURVE('',#4573,#4573,#385,.T.);
#3778=EDGE_CURVE('',#4574,#4574,#386,.T.);
#3779=EDGE_CURVE('',#4575,#4575,#387,.T.);
#3780=EDGE_CURVE('',#4576,#4576,#388,.T.);
#3781=EDGE_CURVE('',#4577,#4577,#389,.T.);
#3782=EDGE_CURVE('',#4578,#4578,#390,.T.);
#3783=EDGE_CURVE('',#4579,#4579,#391,.T.);
#3784=EDGE_CURVE('',#4580,#4580,#392,.T.);
#3785=EDGE_CURVE('',#4581,#4581,#393,.T.);
#3786=EDGE_CURVE('',#4582,#4582,#394,.T.);
#3787=EDGE_CURVE('',#4583,#4583,#395,.T.);
#3788=EDGE_CURVE('',#4584,#4584,#396,.T.);
#3789=EDGE_CURVE('',#4585,#4585,#397,.T.);
#3790=EDGE_CURVE('',#4586,#4586,#398,.T.);
#3791=EDGE_CURVE('',#4587,#4587,#399,.T.);
#3792=EDGE_CURVE('',#4588,#4588,#400,.T.);
#3793=EDGE_CURVE('',#4589,#4590,#5273,.F.);
#3794=EDGE_CURVE('',#4591,#4589,#401,.T.);
#3795=EDGE_CURVE('',#4592,#4591,#5274,.F.);
#3796=EDGE_CURVE('',#4590,#4592,#402,.T.);
#3797=EDGE_CURVE('',#4593,#4593,#403,.T.);
#3798=EDGE_CURVE('',#4594,#4594,#404,.T.);
#3799=EDGE_CURVE('',#4595,#4595,#405,.T.);
#3800=EDGE_CURVE('',#4596,#4596,#406,.T.);
#3801=EDGE_CURVE('',#4597,#4597,#407,.T.);
#3802=EDGE_CURVE('',#4598,#4599,#5275,.F.);
#3803=EDGE_CURVE('',#4600,#4598,#408,.T.);
#3804=EDGE_CURVE('',#4601,#4600,#5276,.F.);
#3805=EDGE_CURVE('',#4599,#4601,#409,.T.);
#3806=EDGE_CURVE('',#4602,#4538,#410,.T.);
#3807=EDGE_CURVE('',#4603,#4602,#5277,.T.);
#3808=EDGE_CURVE('',#4604,#4603,#411,.T.);
#3809=EDGE_CURVE('',#4605,#4604,#5278,.T.);
#3810=EDGE_CURVE('',#4539,#4605,#412,.T.);
#3811=EDGE_CURVE('',#4606,#4606,#413,.T.);
#3812=EDGE_CURVE('',#4607,#4607,#414,.T.);
#3813=EDGE_CURVE('',#4608,#4608,#415,.T.);
#3814=EDGE_CURVE('',#4609,#4609,#416,.T.);
#3815=EDGE_CURVE('',#4610,#4610,#417,.T.);
#3816=EDGE_CURVE('',#4611,#4611,#418,.T.);
#3817=EDGE_CURVE('',#4612,#4612,#419,.T.);
#3818=EDGE_CURVE('',#4613,#4613,#420,.T.);
#3819=EDGE_CURVE('',#4614,#4614,#421,.T.);
#3820=EDGE_CURVE('',#4615,#4615,#422,.T.);
#3821=EDGE_CURVE('',#4616,#4616,#423,.T.);
#3822=EDGE_CURVE('',#4617,#4617,#424,.T.);
#3823=EDGE_CURVE('',#4618,#4618,#425,.T.);
#3824=EDGE_CURVE('',#4619,#4619,#426,.T.);
#3825=EDGE_CURVE('',#4620,#4620,#427,.T.);
#3826=EDGE_CURVE('',#4621,#4621,#428,.T.);
#3827=EDGE_CURVE('',#4622,#4622,#429,.T.);
#3828=EDGE_CURVE('',#4623,#4623,#430,.T.);
#3829=EDGE_CURVE('',#4624,#4624,#431,.T.);
#3830=EDGE_CURVE('',#4625,#4625,#432,.T.);
#3831=EDGE_CURVE('',#4626,#4626,#433,.T.);
#3832=EDGE_CURVE('',#4627,#4627,#434,.T.);
#3833=EDGE_CURVE('',#4628,#4628,#435,.T.);
#3834=EDGE_CURVE('',#4629,#4629,#436,.T.);
#3835=EDGE_CURVE('',#4630,#4630,#437,.T.);
#3836=EDGE_CURVE('',#4631,#4631,#438,.T.);
#3837=EDGE_CURVE('',#4632,#4632,#439,.T.);
#3838=EDGE_CURVE('',#4633,#4633,#440,.T.);
#3839=EDGE_CURVE('',#4634,#4634,#441,.T.);
#3840=EDGE_CURVE('',#4635,#4635,#442,.T.);
#3841=EDGE_CURVE('',#4636,#4636,#443,.T.);
#3842=EDGE_CURVE('',#4637,#4637,#444,.T.);
#3843=EDGE_CURVE('',#4638,#4638,#445,.T.);
#3844=EDGE_CURVE('',#4639,#4639,#446,.T.);
#3845=EDGE_CURVE('',#4640,#4640,#447,.T.);
#3846=EDGE_CURVE('',#4641,#4641,#448,.T.);
#3847=EDGE_CURVE('',#4642,#4642,#449,.T.);
#3848=EDGE_CURVE('',#4643,#4643,#450,.T.);
#3849=EDGE_CURVE('',#4644,#4644,#451,.T.);
#3850=EDGE_CURVE('',#4645,#4645,#452,.T.);
#3851=EDGE_CURVE('',#4646,#4646,#453,.T.);
#3852=EDGE_CURVE('',#4647,#4647,#454,.T.);
#3853=EDGE_CURVE('',#4648,#4648,#455,.T.);
#3854=EDGE_CURVE('',#4649,#4649,#456,.T.);
#3855=EDGE_CURVE('',#4650,#4651,#457,.T.);
#3856=EDGE_CURVE('',#4651,#4652,#5279,.T.);
#3857=EDGE_CURVE('',#4652,#4653,#458,.T.);
#3858=EDGE_CURVE('',#4653,#4650,#5280,.F.);
#3859=EDGE_CURVE('',#4654,#4654,#459,.T.);
#3860=EDGE_CURVE('',#4655,#4655,#460,.T.);
#3861=EDGE_CURVE('',#4656,#4656,#461,.T.);
#3862=EDGE_CURVE('',#4657,#4657,#462,.T.);
#3863=EDGE_CURVE('',#4658,#4658,#463,.T.);
#3864=EDGE_CURVE('',#4659,#4660,#464,.T.);
#3865=EDGE_CURVE('',#4660,#4661,#5281,.T.);
#3866=EDGE_CURVE('',#4661,#4662,#465,.T.);
#3867=EDGE_CURVE('',#4662,#4659,#5282,.F.);
#3868=EDGE_CURVE('',#4544,#4602,#5283,.F.);
#3869=EDGE_CURVE('',#4541,#4605,#5284,.F.);
#3870=EDGE_CURVE('',#4543,#4603,#5285,.F.);
#3871=EDGE_CURVE('',#4542,#4604,#5286,.F.);
#3872=EDGE_CURVE('',#4545,#4606,#5287,.F.);
#3873=EDGE_CURVE('',#4546,#4607,#5288,.F.);
#3874=EDGE_CURVE('',#4547,#4608,#5289,.F.);
#3875=EDGE_CURVE('',#4548,#4609,#5290,.F.);
#3876=EDGE_CURVE('',#4549,#4610,#5291,.F.);
#3877=EDGE_CURVE('',#4550,#4611,#5292,.F.);
#3878=EDGE_CURVE('',#4551,#4612,#5293,.F.);
#3879=EDGE_CURVE('',#4552,#4613,#5294,.F.);
#3880=EDGE_CURVE('',#4553,#4614,#5295,.F.);
#3881=EDGE_CURVE('',#4554,#4615,#5296,.F.);
#3882=EDGE_CURVE('',#4555,#4616,#5297,.F.);
#3883=EDGE_CURVE('',#4556,#4617,#5298,.F.);
#3884=EDGE_CURVE('',#4557,#4618,#5299,.F.);
#3885=EDGE_CURVE('',#4558,#4619,#5300,.F.);
#3886=EDGE_CURVE('',#4559,#4620,#5301,.F.);
#3887=EDGE_CURVE('',#4560,#4621,#5302,.F.);
#3888=EDGE_CURVE('',#4561,#4622,#5303,.F.);
#3889=EDGE_CURVE('',#4562,#4623,#5304,.F.);
#3890=EDGE_CURVE('',#4563,#4624,#5305,.F.);
#3891=EDGE_CURVE('',#4564,#4625,#5306,.F.);
#3892=EDGE_CURVE('',#4565,#4626,#5307,.F.);
#3893=EDGE_CURVE('',#4566,#4627,#5308,.F.);
#3894=EDGE_CURVE('',#4567,#4628,#5309,.F.);
#3895=EDGE_CURVE('',#4568,#4629,#5310,.F.);
#3896=EDGE_CURVE('',#4569,#4630,#5311,.F.);
#3897=EDGE_CURVE('',#4570,#4631,#5312,.F.);
#3898=EDGE_CURVE('',#4571,#4632,#5313,.F.);
#3899=EDGE_CURVE('',#4572,#4633,#5314,.F.);
#3900=EDGE_CURVE('',#4573,#4634,#5315,.F.);
#3901=EDGE_CURVE('',#4574,#4635,#5316,.F.);
#3902=EDGE_CURVE('',#4575,#4636,#5317,.F.);
#3903=EDGE_CURVE('',#4576,#4637,#5318,.F.);
#3904=EDGE_CURVE('',#4577,#4638,#5319,.F.);
#3905=EDGE_CURVE('',#4578,#4639,#5320,.F.);
#3906=EDGE_CURVE('',#4579,#4640,#5321,.F.);
#3907=EDGE_CURVE('',#4580,#4641,#5322,.F.);
#3908=EDGE_CURVE('',#4581,#4642,#5323,.F.);
#3909=EDGE_CURVE('',#4582,#4643,#5324,.F.);
#3910=EDGE_CURVE('',#4583,#4644,#5325,.F.);
#3911=EDGE_CURVE('',#4584,#4645,#5326,.F.);
#3912=EDGE_CURVE('',#4585,#4646,#5327,.F.);
#3913=EDGE_CURVE('',#4586,#4647,#5328,.F.);
#3914=EDGE_CURVE('',#4587,#4648,#5329,.F.);
#3915=EDGE_CURVE('',#4588,#4649,#5330,.F.);
#3916=EDGE_CURVE('',#4592,#4651,#5331,.F.);
#3917=EDGE_CURVE('',#4590,#4650,#5332,.F.);
#3918=EDGE_CURVE('',#4589,#4653,#5333,.F.);
#3919=EDGE_CURVE('',#4591,#4652,#5334,.F.);
#3920=EDGE_CURVE('',#4593,#4654,#5335,.F.);
#3921=EDGE_CURVE('',#4594,#4655,#5336,.F.);
#3922=EDGE_CURVE('',#4595,#4656,#5337,.F.);
#3923=EDGE_CURVE('',#4596,#4657,#5338,.F.);
#3924=EDGE_CURVE('',#4597,#4658,#5339,.F.);
#3925=EDGE_CURVE('',#4601,#4660,#5340,.F.);
#3926=EDGE_CURVE('',#4599,#4659,#5341,.F.);
#3927=EDGE_CURVE('',#4598,#4662,#5342,.F.);
#3928=EDGE_CURVE('',#4600,#4661,#5343,.F.);
#3929=VERTEX_POINT('',#10182);
#3930=VERTEX_POINT('',#10183);
#3931=VERTEX_POINT('',#10185);
#3932=VERTEX_POINT('',#10187);
#3933=VERTEX_POINT('',#10191);
#3934=VERTEX_POINT('',#10193);
#3935=VERTEX_POINT('',#10195);
#3936=VERTEX_POINT('',#10197);
#3937=VERTEX_POINT('',#10199);
#3938=VERTEX_POINT('',#10203);
#3939=VERTEX_POINT('',#10207);
#3940=VERTEX_POINT('',#10209);
#3941=VERTEX_POINT('',#10211);
#3942=VERTEX_POINT('',#10213);
#3943=VERTEX_POINT('',#10218);
#3944=VERTEX_POINT('',#10219);
#3945=VERTEX_POINT('',#10223);
#3946=VERTEX_POINT('',#10227);
#3947=VERTEX_POINT('',#10229);
#3948=VERTEX_POINT('',#10231);
#3949=VERTEX_POINT('',#10233);
#3950=VERTEX_POINT('',#10235);
#3951=VERTEX_POINT('',#10237);
#3952=VERTEX_POINT('',#10241);
#3953=VERTEX_POINT('',#10245);
#3954=VERTEX_POINT('',#10249);
#3955=VERTEX_POINT('',#10252);
#3956=VERTEX_POINT('',#10253);
#3957=VERTEX_POINT('',#10255);
#3958=VERTEX_POINT('',#10259);
#3959=VERTEX_POINT('',#10263);
#3960=VERTEX_POINT('',#10267);
#3961=VERTEX_POINT('',#10269);
#3962=VERTEX_POINT('',#10273);
#3963=VERTEX_POINT('',#10277);
#3964=VERTEX_POINT('',#10281);
#3965=VERTEX_POINT('',#10284);
#3966=VERTEX_POINT('',#10285);
#3967=VERTEX_POINT('',#10287);
#3968=VERTEX_POINT('',#10289);
#3969=VERTEX_POINT('',#10291);
#3970=VERTEX_POINT('',#10293);
#3971=VERTEX_POINT('',#10295);
#3972=VERTEX_POINT('',#10297);
#3973=VERTEX_POINT('',#10300);
#3974=VERTEX_POINT('',#10301);
#3975=VERTEX_POINT('',#10303);
#3976=VERTEX_POINT('',#10305);
#3977=VERTEX_POINT('',#10307);
#3978=VERTEX_POINT('',#10311);
#3979=VERTEX_POINT('',#10315);
#3980=VERTEX_POINT('',#10319);
#3981=VERTEX_POINT('',#10323);
#3982=VERTEX_POINT('',#10326);
#3983=VERTEX_POINT('',#10327);
#3984=VERTEX_POINT('',#10329);
#3985=VERTEX_POINT('',#10331);
#3986=VERTEX_POINT('',#10333);
#3987=VERTEX_POINT('',#10335);
#3988=VERTEX_POINT('',#10337);
#3989=VERTEX_POINT('',#10339);
#3990=VERTEX_POINT('',#10341);
#3991=VERTEX_POINT('',#10343);
#3992=VERTEX_POINT('',#10345);
#3993=VERTEX_POINT('',#10347);
#3994=VERTEX_POINT('',#10350);
#3995=VERTEX_POINT('',#10351);
#3996=VERTEX_POINT('',#10353);
#3997=VERTEX_POINT('',#10355);
#3998=VERTEX_POINT('',#10357);
#3999=VERTEX_POINT('',#10359);
#4000=VERTEX_POINT('',#10361);
#4001=VERTEX_POINT('',#10363);
#4002=VERTEX_POINT('',#10368);
#4003=VERTEX_POINT('',#10369);
#4004=VERTEX_POINT('',#10373);
#4005=VERTEX_POINT('',#10377);
#4006=VERTEX_POINT('',#10381);
#4007=VERTEX_POINT('',#10385);
#4008=VERTEX_POINT('',#10389);
#4009=VERTEX_POINT('',#10391);
#4010=VERTEX_POINT('',#10395);
#4011=VERTEX_POINT('',#10399);
#4012=VERTEX_POINT('',#10403);
#4013=VERTEX_POINT('',#10407);
#4014=VERTEX_POINT('',#10411);
#4015=VERTEX_POINT('',#10415);
#4016=VERTEX_POINT('',#10418);
#4017=VERTEX_POINT('',#10419);
#4018=VERTEX_POINT('',#10421);
#4019=VERTEX_POINT('',#10423);
#4020=VERTEX_POINT('',#10425);
#4021=VERTEX_POINT('',#10427);
#4022=VERTEX_POINT('',#10429);
#4023=VERTEX_POINT('',#10431);
#4024=VERTEX_POINT('',#10433);
#4025=VERTEX_POINT('',#10435);
#4026=VERTEX_POINT('',#10440);
#4027=VERTEX_POINT('',#10441);
#4028=VERTEX_POINT('',#10443);
#4029=VERTEX_POINT('',#10445);
#4030=VERTEX_POINT('',#10449);
#4031=VERTEX_POINT('',#10453);
#4032=VERTEX_POINT('',#10455);
#4033=VERTEX_POINT('',#10459);
#4034=VERTEX_POINT('',#10461);
#4035=VERTEX_POINT('',#10465);
#4036=VERTEX_POINT('',#10469);
#4037=VERTEX_POINT('',#10473);
#4038=VERTEX_POINT('',#10476);
#4039=VERTEX_POINT('',#10477);
#4040=VERTEX_POINT('',#10479);
#4041=VERTEX_POINT('',#10481);
#4042=VERTEX_POINT('',#10483);
#4043=VERTEX_POINT('',#10485);
#4044=VERTEX_POINT('',#10489);
#4045=VERTEX_POINT('',#10493);
#4046=VERTEX_POINT('',#10495);
#4047=VERTEX_POINT('',#10497);
#4048=VERTEX_POINT('',#10499);
#4049=VERTEX_POINT('',#10503);
#4050=VERTEX_POINT('',#10507);
#4051=VERTEX_POINT('',#10509);
#4052=VERTEX_POINT('',#10511);
#4053=VERTEX_POINT('',#10513);
#4054=VERTEX_POINT('',#10515);
#4055=VERTEX_POINT('',#10517);
#4056=VERTEX_POINT('',#10522);
#4057=VERTEX_POINT('',#10523);
#4058=VERTEX_POINT('',#10527);
#4059=VERTEX_POINT('',#10529);
#4060=VERTEX_POINT('',#10533);
#4061=VERTEX_POINT('',#10535);
#4062=VERTEX_POINT('',#10537);
#4063=VERTEX_POINT('',#10541);
#4064=VERTEX_POINT('',#10545);
#4065=VERTEX_POINT('',#10547);
#4066=VERTEX_POINT('',#10549);
#4067=VERTEX_POINT('',#10553);
#4068=VERTEX_POINT('',#10557);
#4069=VERTEX_POINT('',#10561);
#4070=VERTEX_POINT('',#10563);
#4071=VERTEX_POINT('',#10565);
#4072=VERTEX_POINT('',#10570);
#4073=VERTEX_POINT('',#10571);
#4074=VERTEX_POINT('',#10573);
#4075=VERTEX_POINT('',#10575);
#4076=VERTEX_POINT('',#10577);
#4077=VERTEX_POINT('',#10579);
#4078=VERTEX_POINT('',#10581);
#4079=VERTEX_POINT('',#10583);
#4080=VERTEX_POINT('',#10585);
#4081=VERTEX_POINT('',#10587);
#4082=VERTEX_POINT('',#10590);
#4083=VERTEX_POINT('',#10591);
#4084=VERTEX_POINT('',#10593);
#4085=VERTEX_POINT('',#10595);
#4086=VERTEX_POINT('',#10597);
#4087=VERTEX_POINT('',#10599);
#4088=VERTEX_POINT('',#10601);
#4089=VERTEX_POINT('',#10603);
#4090=VERTEX_POINT('',#10606);
#4091=VERTEX_POINT('',#10608);
#4092=VERTEX_POINT('',#10610);
#4093=VERTEX_POINT('',#10612);
#4094=VERTEX_POINT('',#10614);
#4095=VERTEX_POINT('',#10615);
#4096=VERTEX_POINT('',#10617);
#4097=VERTEX_POINT('',#10619);
#4098=VERTEX_POINT('',#10621);
#4099=VERTEX_POINT('',#10623);
#4100=VERTEX_POINT('',#10625);
#4101=VERTEX_POINT('',#10627);
#4102=VERTEX_POINT('',#10630);
#4103=VERTEX_POINT('',#10631);
#4104=VERTEX_POINT('',#10633);
#4105=VERTEX_POINT('',#10635);
#4106=VERTEX_POINT('',#10637);
#4107=VERTEX_POINT('',#10639);
#4108=VERTEX_POINT('',#10641);
#4109=VERTEX_POINT('',#10643);
#4110=VERTEX_POINT('',#10646);
#4111=VERTEX_POINT('',#10647);
#4112=VERTEX_POINT('',#10649);
#4113=VERTEX_POINT('',#10651);
#4114=VERTEX_POINT('',#10653);
#4115=VERTEX_POINT('',#10655);
#4116=VERTEX_POINT('',#10657);
#4117=VERTEX_POINT('',#10659);
#4118=VERTEX_POINT('',#10662);
#4119=VERTEX_POINT('',#10663);
#4120=VERTEX_POINT('',#10665);
#4121=VERTEX_POINT('',#10667);
#4122=VERTEX_POINT('',#10669);
#4123=VERTEX_POINT('',#10671);
#4124=VERTEX_POINT('',#10673);
#4125=VERTEX_POINT('',#10675);
#4126=VERTEX_POINT('',#10678);
#4127=VERTEX_POINT('',#10679);
#4128=VERTEX_POINT('',#10681);
#4129=VERTEX_POINT('',#10683);
#4130=VERTEX_POINT('',#10685);
#4131=VERTEX_POINT('',#10687);
#4132=VERTEX_POINT('',#10689);
#4133=VERTEX_POINT('',#10691);
#4134=VERTEX_POINT('',#10694);
#4135=VERTEX_POINT('',#10695);
#4136=VERTEX_POINT('',#10697);
#4137=VERTEX_POINT('',#10699);
#4138=VERTEX_POINT('',#10701);
#4139=VERTEX_POINT('',#10703);
#4140=VERTEX_POINT('',#10705);
#4141=VERTEX_POINT('',#10707);
#4142=VERTEX_POINT('',#10710);
#4143=VERTEX_POINT('',#10711);
#4144=VERTEX_POINT('',#10713);
#4145=VERTEX_POINT('',#10715);
#4146=VERTEX_POINT('',#10717);
#4147=VERTEX_POINT('',#10719);
#4148=VERTEX_POINT('',#10721);
#4149=VERTEX_POINT('',#10723);
#4150=VERTEX_POINT('',#10727);
#4151=VERTEX_POINT('',#10728);
#4152=VERTEX_POINT('',#10733);
#4153=VERTEX_POINT('',#10734);
#4154=VERTEX_POINT('',#10739);
#4155=VERTEX_POINT('',#10741);
#4156=VERTEX_POINT('',#10745);
#4157=VERTEX_POINT('',#10746);
#4158=VERTEX_POINT('',#10751);
#4159=VERTEX_POINT('',#10755);
#4160=VERTEX_POINT('',#10759);
#4161=VERTEX_POINT('',#10763);
#4162=VERTEX_POINT('',#10767);
#4163=VERTEX_POINT('',#10771);
#4164=VERTEX_POINT('',#10775);
#4165=VERTEX_POINT('',#10776);
#4166=VERTEX_POINT('',#10781);
#4167=VERTEX_POINT('',#10785);
#4168=VERTEX_POINT('',#10789);
#4169=VERTEX_POINT('',#10793);
#4170=VERTEX_POINT('',#10797);
#4171=VERTEX_POINT('',#10801);
#4172=VERTEX_POINT('',#10805);
#4173=VERTEX_POINT('',#10806);
#4174=VERTEX_POINT('',#10811);
#4175=VERTEX_POINT('',#10815);
#4176=VERTEX_POINT('',#10819);
#4177=VERTEX_POINT('',#10823);
#4178=VERTEX_POINT('',#10827);
#4179=VERTEX_POINT('',#10831);
#4180=VERTEX_POINT('',#10835);
#4181=VERTEX_POINT('',#10836);
#4182=VERTEX_POINT('',#10841);
#4183=VERTEX_POINT('',#10845);
#4184=VERTEX_POINT('',#10849);
#4185=VERTEX_POINT('',#10853);
#4186=VERTEX_POINT('',#10857);
#4187=VERTEX_POINT('',#10861);
#4188=VERTEX_POINT('',#10865);
#4189=VERTEX_POINT('',#10866);
#4190=VERTEX_POINT('',#10871);
#4191=VERTEX_POINT('',#10875);
#4192=VERTEX_POINT('',#10879);
#4193=VERTEX_POINT('',#10883);
#4194=VERTEX_POINT('',#10887);
#4195=VERTEX_POINT('',#10891);
#4196=VERTEX_POINT('',#10895);
#4197=VERTEX_POINT('',#10896);
#4198=VERTEX_POINT('',#10901);
#4199=VERTEX_POINT('',#10905);
#4200=VERTEX_POINT('',#10909);
#4201=VERTEX_POINT('',#10913);
#4202=VERTEX_POINT('',#10917);
#4203=VERTEX_POINT('',#10921);
#4204=VERTEX_POINT('',#10925);
#4205=VERTEX_POINT('',#10927);
#4206=VERTEX_POINT('',#10931);
#4207=VERTEX_POINT('',#10932);
#4208=VERTEX_POINT('',#10937);
#4209=VERTEX_POINT('',#10939);
#4210=VERTEX_POINT('',#10955);
#4211=VERTEX_POINT('',#10958);
#4212=VERTEX_POINT('',#10961);
#4213=VERTEX_POINT('',#10964);
#4214=VERTEX_POINT('',#10967);
#4215=VERTEX_POINT('',#10968);
#4216=VERTEX_POINT('',#10973);
#4217=VERTEX_POINT('',#10975);
#4218=VERTEX_POINT('',#10996);
#4219=VERTEX_POINT('',#10998);
#4220=VERTEX_POINT('',#11002);
#4221=VERTEX_POINT('',#11006);
#4222=VERTEX_POINT('',#11010);
#4223=VERTEX_POINT('',#11014);
#4224=VERTEX_POINT('',#11018);
#4225=VERTEX_POINT('',#11022);
#4226=VERTEX_POINT('',#11026);
#4227=VERTEX_POINT('',#11030);
#4228=VERTEX_POINT('',#11037);
#4229=VERTEX_POINT('',#11038);
#4230=VERTEX_POINT('',#11040);
#4231=VERTEX_POINT('',#11042);
#4232=VERTEX_POINT('',#11055);
#4233=VERTEX_POINT('',#11057);
#4234=VERTEX_POINT('',#11072);
#4235=VERTEX_POINT('',#11074);
#4236=VERTEX_POINT('',#11080);
#4237=VERTEX_POINT('',#11082);
#4238=VERTEX_POINT('',#11086);
#4239=VERTEX_POINT('',#11088);
#4240=VERTEX_POINT('',#11099);
#4241=VERTEX_POINT('',#11103);
#4242=VERTEX_POINT('',#11114);
#4243=VERTEX_POINT('',#11120);
#4244=VERTEX_POINT('',#11124);
#4245=VERTEX_POINT('',#11135);
#4246=VERTEX_POINT('',#11148);
#4247=VERTEX_POINT('',#11161);
#4248=VERTEX_POINT('',#11167);
#4249=VERTEX_POINT('',#11171);
#4250=VERTEX_POINT('',#11182);
#4251=VERTEX_POINT('',#11195);
#4252=VERTEX_POINT('',#11201);
#4253=VERTEX_POINT('',#11205);
#4254=VERTEX_POINT('',#11216);
#4255=VERTEX_POINT('',#11222);
#4256=VERTEX_POINT('',#11253);
#4257=VERTEX_POINT('',#11255);
#4258=VERTEX_POINT('',#11259);
#4259=VERTEX_POINT('',#11263);
#4260=VERTEX_POINT('',#11267);
#4261=VERTEX_POINT('',#11271);
#4262=VERTEX_POINT('',#11275);
#4263=VERTEX_POINT('',#11279);
#4264=VERTEX_POINT('',#11290);
#4265=VERTEX_POINT('',#11303);
#4266=VERTEX_POINT('',#11309);
#4267=VERTEX_POINT('',#11313);
#4268=VERTEX_POINT('',#11317);
#4269=VERTEX_POINT('',#11328);
#4270=VERTEX_POINT('',#11341);
#4271=VERTEX_POINT('',#11347);
#4272=VERTEX_POINT('',#11351);
#4273=VERTEX_POINT('',#11355);
#4274=VERTEX_POINT('',#11371);
#4275=VERTEX_POINT('',#11372);
#4276=VERTEX_POINT('',#11374);
#4277=VERTEX_POINT('',#11378);
#4278=VERTEX_POINT('',#11391);
#4279=VERTEX_POINT('',#11393);
#4280=VERTEX_POINT('',#11399);
#4281=VERTEX_POINT('',#11401);
#4282=VERTEX_POINT('',#11405);
#4283=VERTEX_POINT('',#11407);
#4284=VERTEX_POINT('',#11420);
#4285=VERTEX_POINT('',#11422);
#4286=VERTEX_POINT('',#11437);
#4287=VERTEX_POINT('',#11439);
#4288=VERTEX_POINT('',#11454);
#4289=VERTEX_POINT('',#11456);
#4290=VERTEX_POINT('',#11469);
#4291=VERTEX_POINT('',#11473);
#4292=VERTEX_POINT('',#11477);
#4293=VERTEX_POINT('',#11488);
#4294=VERTEX_POINT('',#11501);
#4295=VERTEX_POINT('',#11514);
#4296=VERTEX_POINT('',#11520);
#4297=VERTEX_POINT('',#11531);
#4298=VERTEX_POINT('',#11537);
#4299=VERTEX_POINT('',#11548);
#4300=VERTEX_POINT('',#11561);
#4301=VERTEX_POINT('',#11567);
#4302=VERTEX_POINT('',#11589);
#4303=VERTEX_POINT('',#11591);
#4304=VERTEX_POINT('',#11595);
#4305=VERTEX_POINT('',#11599);
#4306=VERTEX_POINT('',#11603);
#4307=VERTEX_POINT('',#11607);
#4308=VERTEX_POINT('',#11611);
#4309=VERTEX_POINT('',#11615);
#4310=VERTEX_POINT('',#11619);
#4311=VERTEX_POINT('',#11623);
#4312=VERTEX_POINT('',#11639);
#4313=VERTEX_POINT('',#11640);
#4314=VERTEX_POINT('',#11642);
#4315=VERTEX_POINT('',#11646);
#4316=VERTEX_POINT('',#11650);
#4317=VERTEX_POINT('',#11652);
#4318=VERTEX_POINT('',#11665);
#4319=VERTEX_POINT('',#11667);
#4320=VERTEX_POINT('',#11682);
#4321=VERTEX_POINT('',#11684);
#4322=VERTEX_POINT('',#11699);
#4323=VERTEX_POINT('',#11701);
#4324=VERTEX_POINT('',#11716);
#4325=VERTEX_POINT('',#11718);
#4326=VERTEX_POINT('',#11724);
#4327=VERTEX_POINT('',#11726);
#4328=VERTEX_POINT('',#11739);
#4329=VERTEX_POINT('',#11741);
#4330=VERTEX_POINT('',#11756);
#4331=VERTEX_POINT('',#11758);
#4332=VERTEX_POINT('',#11771);
#4333=VERTEX_POINT('',#11775);
#4334=VERTEX_POINT('',#11779);
#4335=VERTEX_POINT('',#11790);
#4336=VERTEX_POINT('',#11803);
#4337=VERTEX_POINT('',#11816);
#4338=VERTEX_POINT('',#11829);
#4339=VERTEX_POINT('',#11842);
#4340=VERTEX_POINT('',#11855);
#4341=VERTEX_POINT('',#11861);
#4342=VERTEX_POINT('',#11872);
#4343=VERTEX_POINT('',#11885);
#4344=VERTEX_POINT('',#11898);
#4345=VERTEX_POINT('',#11911);
#4346=VERTEX_POINT('',#11944);
#4347=VERTEX_POINT('',#11946);
#4348=VERTEX_POINT('',#11950);
#4349=VERTEX_POINT('',#11954);
#4350=VERTEX_POINT('',#11958);
#4351=VERTEX_POINT('',#11962);
#4352=VERTEX_POINT('',#11966);
#4353=VERTEX_POINT('',#11970);
#4354=VERTEX_POINT('',#11977);
#4355=VERTEX_POINT('',#11979);
#4356=VERTEX_POINT('',#11983);
#4357=VERTEX_POINT('',#11987);
#4358=VERTEX_POINT('',#11991);
#4359=VERTEX_POINT('',#11995);
#4360=VERTEX_POINT('',#11999);
#4361=VERTEX_POINT('',#12003);
#4362=VERTEX_POINT('',#12007);
#4363=VERTEX_POINT('',#12011);
#4364=VERTEX_POINT('',#12015);
#4365=VERTEX_POINT('',#12019);
#4366=VERTEX_POINT('',#12026);
#4367=VERTEX_POINT('',#12027);
#4368=VERTEX_POINT('',#12029);
#4369=VERTEX_POINT('',#12031);
#4370=VERTEX_POINT('',#12035);
#4371=VERTEX_POINT('',#12037);
#4372=VERTEX_POINT('',#12041);
#4373=VERTEX_POINT('',#12043);
#4374=VERTEX_POINT('',#12056);
#4375=VERTEX_POINT('',#12058);
#4376=VERTEX_POINT('',#12073);
#4377=VERTEX_POINT('',#12075);
#4378=VERTEX_POINT('',#12090);
#4379=VERTEX_POINT('',#12092);
#4380=VERTEX_POINT('',#12098);
#4381=VERTEX_POINT('',#12100);
#4382=VERTEX_POINT('',#12104);
#4383=VERTEX_POINT('',#12115);
#4384=VERTEX_POINT('',#12128);
#4385=VERTEX_POINT('',#12141);
#4386=VERTEX_POINT('',#12154);
#4387=VERTEX_POINT('',#12160);
#4388=VERTEX_POINT('',#12164);
#4389=VERTEX_POINT('',#12186);
#4390=VERTEX_POINT('',#12187);
#4391=VERTEX_POINT('',#12189);
#4392=VERTEX_POINT('',#12191);
#4393=VERTEX_POINT('',#12195);
#4394=VERTEX_POINT('',#12197);
#4395=VERTEX_POINT('',#12201);
#4396=VERTEX_POINT('',#12203);
#4397=VERTEX_POINT('',#12207);
#4398=VERTEX_POINT('',#12211);
#4399=VERTEX_POINT('',#12215);
#4400=VERTEX_POINT('',#12219);
#4401=VERTEX_POINT('',#12223);
#4402=VERTEX_POINT('',#12227);
#4403=VERTEX_POINT('',#12238);
#4404=VERTEX_POINT('',#12239);
#4405=VERTEX_POINT('',#12241);
#4406=VERTEX_POINT('',#12243);
#4407=VERTEX_POINT('',#12247);
#4408=VERTEX_POINT('',#12249);
#4409=VERTEX_POINT('',#12262);
#4410=VERTEX_POINT('',#12264);
#4411=VERTEX_POINT('',#12279);
#4412=VERTEX_POINT('',#12281);
#4413=VERTEX_POINT('',#12287);
#4414=VERTEX_POINT('',#12289);
#4415=VERTEX_POINT('',#12302);
#4416=VERTEX_POINT('',#12304);
#4417=VERTEX_POINT('',#12319);
#4418=VERTEX_POINT('',#12321);
#4419=VERTEX_POINT('',#12327);
#4420=VERTEX_POINT('',#12329);
#4421=VERTEX_POINT('',#12333);
#4422=VERTEX_POINT('',#12344);
#4423=VERTEX_POINT('',#12357);
#4424=VERTEX_POINT('',#12370);
#4425=VERTEX_POINT('',#12376);
#4426=VERTEX_POINT('',#12387);
#4427=VERTEX_POINT('',#12400);
#4428=VERTEX_POINT('',#12413);
#4429=VERTEX_POINT('',#12435);
#4430=VERTEX_POINT('',#12436);
#4431=VERTEX_POINT('',#12438);
#4432=VERTEX_POINT('',#12442);
#4433=VERTEX_POINT('',#12455);
#4434=VERTEX_POINT('',#12457);
#4435=VERTEX_POINT('',#12472);
#4436=VERTEX_POINT('',#12474);
#4437=VERTEX_POINT('',#12489);
#4438=VERTEX_POINT('',#12491);
#4439=VERTEX_POINT('',#12497);
#4440=VERTEX_POINT('',#12499);
#4441=VERTEX_POINT('',#12512);
#4442=VERTEX_POINT('',#12514);
#4443=VERTEX_POINT('',#12527);
#4444=VERTEX_POINT('',#12531);
#4445=VERTEX_POINT('',#12535);
#4446=VERTEX_POINT('',#12546);
#4447=VERTEX_POINT('',#12559);
#4448=VERTEX_POINT('',#12572);
#4449=VERTEX_POINT('',#12578);
#4450=VERTEX_POINT('',#12582);
#4451=VERTEX_POINT('',#12586);
#4452=VERTEX_POINT('',#12590);
#4453=VERTEX_POINT('',#12594);
#4454=VERTEX_POINT('',#12605);
#4455=VERTEX_POINT('',#12638);
#4456=VERTEX_POINT('',#12640);
#4457=VERTEX_POINT('',#12644);
#4458=VERTEX_POINT('',#12648);
#4459=VERTEX_POINT('',#12652);
#4460=VERTEX_POINT('',#12656);
#4461=VERTEX_POINT('',#12667);
#4462=VERTEX_POINT('',#12680);
#4463=VERTEX_POINT('',#12686);
#4464=VERTEX_POINT('',#12690);
#4465=VERTEX_POINT('',#12694);
#4466=VERTEX_POINT('',#12698);
#4467=VERTEX_POINT('',#12709);
#4468=VERTEX_POINT('',#12715);
#4469=VERTEX_POINT('',#12723);
#4470=VERTEX_POINT('',#12724);
#4471=VERTEX_POINT('',#12726);
#4472=VERTEX_POINT('',#12730);
#4473=VERTEX_POINT('',#12731);
#4474=VERTEX_POINT('',#12733);
#4475=VERTEX_POINT('',#12735);
#4476=VERTEX_POINT('',#12737);
#4477=VERTEX_POINT('',#12739);
#4478=VERTEX_POINT('',#12741);
#4479=VERTEX_POINT('',#12743);
#4480=VERTEX_POINT('',#12747);
#4481=VERTEX_POINT('',#12748);
#4482=VERTEX_POINT('',#12750);
#4483=VERTEX_POINT('',#12754);
#4484=VERTEX_POINT('',#12755);
#4485=VERTEX_POINT('',#12757);
#4486=VERTEX_POINT('',#12761);
#4487=VERTEX_POINT('',#12763);
#4488=VERTEX_POINT('',#12766);
#4489=VERTEX_POINT('',#12768);
#4490=VERTEX_POINT('',#12771);
#4491=VERTEX_POINT('',#12773);
#4492=VERTEX_POINT('',#12776);
#4493=VERTEX_POINT('',#12778);
#4494=VERTEX_POINT('',#12781);
#4495=VERTEX_POINT('',#12782);
#4496=VERTEX_POINT('',#12784);
#4497=VERTEX_POINT('',#12786);
#4498=VERTEX_POINT('',#12789);
#4499=VERTEX_POINT('',#12790);
#4500=VERTEX_POINT('',#12792);
#4501=VERTEX_POINT('',#12794);
#4502=VERTEX_POINT('',#12798);
#4503=VERTEX_POINT('',#12799);
#4504=VERTEX_POINT('',#12801);
#4505=VERTEX_POINT('',#12803);
#4506=VERTEX_POINT('',#12806);
#4507=VERTEX_POINT('',#12807);
#4508=VERTEX_POINT('',#12809);
#4509=VERTEX_POINT('',#12811);
#4510=VERTEX_POINT('',#12815);
#4511=VERTEX_POINT('',#12816);
#4512=VERTEX_POINT('',#12818);
#4513=VERTEX_POINT('',#12820);
#4514=VERTEX_POINT('',#12824);
#4515=VERTEX_POINT('',#12825);
#4516=VERTEX_POINT('',#12827);
#4517=VERTEX_POINT('',#12829);
#4518=VERTEX_POINT('',#12833);
#4519=VERTEX_POINT('',#12834);
#4520=VERTEX_POINT('',#12836);
#4521=VERTEX_POINT('',#12838);
#4522=VERTEX_POINT('',#12842);
#4523=VERTEX_POINT('',#12844);
#4524=VERTEX_POINT('',#12848);
#4525=VERTEX_POINT('',#12850);
#4526=VERTEX_POINT('',#12854);
#4527=VERTEX_POINT('',#12857);
#4528=VERTEX_POINT('',#12860);
#4529=VERTEX_POINT('',#12866);
#4530=VERTEX_POINT('',#12882);
#4531=VERTEX_POINT('',#12883);
#4532=VERTEX_POINT('',#12885);
#4533=VERTEX_POINT('',#12959);
#4534=VERTEX_POINT('',#12960);
#4535=VERTEX_POINT('',#12962);
#4536=VERTEX_POINT('',#12964);
#4537=VERTEX_POINT('',#12968);
#4538=VERTEX_POINT('',#12969);
#4539=VERTEX_POINT('',#12974);
#4540=VERTEX_POINT('',#12976);
#4541=VERTEX_POINT('',#12980);
#4542=VERTEX_POINT('',#12982);
#4543=VERTEX_POINT('',#12984);
#4544=VERTEX_POINT('',#12986);
#4545=VERTEX_POINT('',#12989);
#4546=VERTEX_POINT('',#12991);
#4547=VERTEX_POINT('',#12993);
#4548=VERTEX_POINT('',#12995);
#4549=VERTEX_POINT('',#12997);
#4550=VERTEX_POINT('',#12999);
#4551=VERTEX_POINT('',#13001);
#4552=VERTEX_POINT('',#13003);
#4553=VERTEX_POINT('',#13005);
#4554=VERTEX_POINT('',#13007);
#4555=VERTEX_POINT('',#13009);
#4556=VERTEX_POINT('',#13011);
#4557=VERTEX_POINT('',#13013);
#4558=VERTEX_POINT('',#13015);
#4559=VERTEX_POINT('',#13017);
#4560=VERTEX_POINT('',#13019);
#4561=VERTEX_POINT('',#13021);
#4562=VERTEX_POINT('',#13023);
#4563=VERTEX_POINT('',#13025);
#4564=VERTEX_POINT('',#13027);
#4565=VERTEX_POINT('',#13029);
#4566=VERTEX_POINT('',#13031);
#4567=VERTEX_POINT('',#13033);
#4568=VERTEX_POINT('',#13035);
#4569=VERTEX_POINT('',#13037);
#4570=VERTEX_POINT('',#13039);
#4571=VERTEX_POINT('',#13041);
#4572=VERTEX_POINT('',#13043);
#4573=VERTEX_POINT('',#13045);
#4574=VERTEX_POINT('',#13047);
#4575=VERTEX_POINT('',#13049);
#4576=VERTEX_POINT('',#13051);
#4577=VERTEX_POINT('',#13053);
#4578=VERTEX_POINT('',#13055);
#4579=VERTEX_POINT('',#13057);
#4580=VERTEX_POINT('',#13059);
#4581=VERTEX_POINT('',#13061);
#4582=VERTEX_POINT('',#13063);
#4583=VERTEX_POINT('',#13065);
#4584=VERTEX_POINT('',#13067);
#4585=VERTEX_POINT('',#13069);
#4586=VERTEX_POINT('',#13071);
#4587=VERTEX_POINT('',#13073);
#4588=VERTEX_POINT('',#13075);
#4589=VERTEX_POINT('',#13077);
#4590=VERTEX_POINT('',#13078);
#4591=VERTEX_POINT('',#13080);
#4592=VERTEX_POINT('',#13082);
#4593=VERTEX_POINT('',#13085);
#4594=VERTEX_POINT('',#13087);
#4595=VERTEX_POINT('',#13089);
#4596=VERTEX_POINT('',#13091);
#4597=VERTEX_POINT('',#13093);
#4598=VERTEX_POINT('',#13095);
#4599=VERTEX_POINT('',#13096);
#4600=VERTEX_POINT('',#13098);
#4601=VERTEX_POINT('',#13100);
#4602=VERTEX_POINT('',#13104);
#4603=VERTEX_POINT('',#13106);
#4604=VERTEX_POINT('',#13108);
#4605=VERTEX_POINT('',#13110);
#4606=VERTEX_POINT('',#13113);
#4607=VERTEX_POINT('',#13115);
#4608=VERTEX_POINT('',#13117);
#4609=VERTEX_POINT('',#13119);
#4610=VERTEX_POINT('',#13121);
#4611=VERTEX_POINT('',#13123);
#4612=VERTEX_POINT('',#13125);
#4613=VERTEX_POINT('',#13127);
#4614=VERTEX_POINT('',#13129);
#4615=VERTEX_POINT('',#13131);
#4616=VERTEX_POINT('',#13133);
#4617=VERTEX_POINT('',#13135);
#4618=VERTEX_POINT('',#13137);
#4619=VERTEX_POINT('',#13139);
#4620=VERTEX_POINT('',#13141);
#4621=VERTEX_POINT('',#13143);
#4622=VERTEX_POINT('',#13145);
#4623=VERTEX_POINT('',#13147);
#4624=VERTEX_POINT('',#13149);
#4625=VERTEX_POINT('',#13151);
#4626=VERTEX_POINT('',#13153);
#4627=VERTEX_POINT('',#13155);
#4628=VERTEX_POINT('',#13157);
#4629=VERTEX_POINT('',#13159);
#4630=VERTEX_POINT('',#13161);
#4631=VERTEX_POINT('',#13163);
#4632=VERTEX_POINT('',#13165);
#4633=VERTEX_POINT('',#13167);
#4634=VERTEX_POINT('',#13169);
#4635=VERTEX_POINT('',#13171);
#4636=VERTEX_POINT('',#13173);
#4637=VERTEX_POINT('',#13175);
#4638=VERTEX_POINT('',#13177);
#4639=VERTEX_POINT('',#13179);
#4640=VERTEX_POINT('',#13181);
#4641=VERTEX_POINT('',#13183);
#4642=VERTEX_POINT('',#13185);
#4643=VERTEX_POINT('',#13187);
#4644=VERTEX_POINT('',#13189);
#4645=VERTEX_POINT('',#13191);
#4646=VERTEX_POINT('',#13193);
#4647=VERTEX_POINT('',#13195);
#4648=VERTEX_POINT('',#13197);
#4649=VERTEX_POINT('',#13199);
#4650=VERTEX_POINT('',#13201);
#4651=VERTEX_POINT('',#13202);
#4652=VERTEX_POINT('',#13204);
#4653=VERTEX_POINT('',#13206);
#4654=VERTEX_POINT('',#13209);
#4655=VERTEX_POINT('',#13211);
#4656=VERTEX_POINT('',#13213);
#4657=VERTEX_POINT('',#13215);
#4658=VERTEX_POINT('',#13217);
#4659=VERTEX_POINT('',#13219);
#4660=VERTEX_POINT('',#13220);
#4661=VERTEX_POINT('',#13222);
#4662=VERTEX_POINT('',#13224);
#4663=LINE('',#10181,#5344);
#4664=LINE('',#10184,#5345);
#4665=LINE('',#10186,#5346);
#4666=LINE('',#10192,#5347);
#4667=LINE('',#10194,#5348);
#4668=LINE('',#10196,#5349);
#4669=LINE('',#10198,#5350);
#4670=LINE('',#10208,#5351);
#4671=LINE('',#10210,#5352);
#4672=LINE('',#10212,#5353);
#4673=LINE('',#10214,#5354);
#4674=LINE('',#10228,#5355);
#4675=LINE('',#10230,#5356);
#4676=LINE('',#10232,#5357);
#4677=LINE('',#10234,#5358);
#4678=LINE('',#10236,#5359);
#4679=LINE('',#10250,#5360);
#4680=LINE('',#10251,#5361);
#4681=LINE('',#10254,#5362);
#4682=LINE('',#10268,#5363);
#4683=LINE('',#10282,#5364);
#4684=LINE('',#10283,#5365);
#4685=LINE('',#10286,#5366);
#4686=LINE('',#10288,#5367);
#4687=LINE('',#10290,#5368);
#4688=LINE('',#10292,#5369);
#4689=LINE('',#10294,#5370);
#4690=LINE('',#10296,#5371);
#4691=LINE('',#10298,#5372);
#4692=LINE('',#10299,#5373);
#4693=LINE('',#10302,#5374);
#4694=LINE('',#10304,#5375);
#4695=LINE('',#10306,#5376);
#4696=LINE('',#10324,#5377);
#4697=LINE('',#10325,#5378);
#4698=LINE('',#10328,#5379);
#4699=LINE('',#10330,#5380);
#4700=LINE('',#10332,#5381);
#4701=LINE('',#10334,#5382);
#4702=LINE('',#10336,#5383);
#4703=LINE('',#10338,#5384);
#4704=LINE('',#10340,#5385);
#4705=LINE('',#10342,#5386);
#4706=LINE('',#10344,#5387);
#4707=LINE('',#10346,#5388);
#4708=LINE('',#10348,#5389);
#4709=LINE('',#10349,#5390);
#4710=LINE('',#10352,#5391);
#4711=LINE('',#10354,#5392);
#4712=LINE('',#10356,#5393);
#4713=LINE('',#10358,#5394);
#4714=LINE('',#10360,#5395);
#4715=LINE('',#10362,#5396);
#4716=LINE('',#10364,#5397);
#4717=LINE('',#10390,#5398);
#4718=LINE('',#10416,#5399);
#4719=LINE('',#10417,#5400);
#4720=LINE('',#10420,#5401);
#4721=LINE('',#10422,#5402);
#4722=LINE('',#10424,#5403);
#4723=LINE('',#10426,#5404);
#4724=LINE('',#10428,#5405);
#4725=LINE('',#10430,#5406);
#4726=LINE('',#10432,#5407);
#4727=LINE('',#10434,#5408);
#4728=LINE('',#10436,#5409);
#4729=LINE('',#10454,#5410);
#4730=LINE('',#10474,#5411);
#4731=LINE('',#10475,#5412);
#4732=LINE('',#10478,#5413);
#4733=LINE('',#10480,#5414);
#4734=LINE('',#10482,#5415);
#4735=LINE('',#10484,#5416);
#4736=LINE('',#10496,#5417);
#4737=LINE('',#10508,#5418);
#4738=LINE('',#10510,#5419);
#4739=LINE('',#10512,#5420);
#4740=LINE('',#10514,#5421);
#4741=LINE('',#10516,#5422);
#4742=LINE('',#10518,#5423);
#4743=LINE('',#10528,#5424);
#4744=LINE('',#10546,#5425);
#4745=LINE('',#10548,#5426);
#4746=LINE('',#10564,#5427);
#4747=LINE('',#10569,#5428);
#4748=LINE('',#10572,#5429);
#4749=LINE('',#10574,#5430);
#4750=LINE('',#10576,#5431);
#4751=LINE('',#10578,#5432);
#4752=LINE('',#10580,#5433);
#4753=LINE('',#10582,#5434);
#4754=LINE('',#10584,#5435);
#4755=LINE('',#10586,#5436);
#4756=LINE('',#10588,#5437);
#4757=LINE('',#10589,#5438);
#4758=LINE('',#10594,#5439);
#4759=LINE('',#10598,#5440);
#4760=LINE('',#10602,#5441);
#4761=LINE('',#10616,#5442);
#4762=LINE('',#10620,#5443);
#4763=LINE('',#10624,#5444);
#4764=LINE('',#10628,#5445);
#4765=LINE('',#10632,#5446);
#4766=LINE('',#10636,#5447);
#4767=LINE('',#10640,#5448);
#4768=LINE('',#10644,#5449);
#4769=LINE('',#10648,#5450);
#4770=LINE('',#10652,#5451);
#4771=LINE('',#10656,#5452);
#4772=LINE('',#10660,#5453);
#4773=LINE('',#10664,#5454);
#4774=LINE('',#10668,#5455);
#4775=LINE('',#10672,#5456);
#4776=LINE('',#10676,#5457);
#4777=LINE('',#10680,#5458);
#4778=LINE('',#10684,#5459);
#4779=LINE('',#10688,#5460);
#4780=LINE('',#10692,#5461);
#4781=LINE('',#10696,#5462);
#4782=LINE('',#10700,#5463);
#4783=LINE('',#10704,#5464);
#4784=LINE('',#10708,#5465);
#4785=LINE('',#10709,#5466);
#4786=LINE('',#10714,#5467);
#4787=LINE('',#10718,#5468);
#4788=LINE('',#10722,#5469);
#4789=LINE('',#10726,#5470);
#4790=LINE('',#10729,#5471);
#4791=LINE('',#10730,#5472);
#4792=LINE('',#10732,#5473);
#4793=LINE('',#10735,#5474);
#4794=LINE('',#10736,#5475);
#4795=LINE('',#10738,#5476);
#4796=LINE('',#10740,#5477);
#4797=LINE('',#10742,#5478);
#4798=LINE('',#10747,#5479);
#4799=LINE('',#10748,#5480);
#4800=LINE('',#10750,#5481);
#4801=LINE('',#10752,#5482);
#4802=LINE('',#10756,#5483);
#4803=LINE('',#10758,#5484);
#4804=LINE('',#10760,#5485);
#4805=LINE('',#10764,#5486);
#4806=LINE('',#10766,#5487);
#4807=LINE('',#10768,#5488);
#4808=LINE('',#10772,#5489);
#4809=LINE('',#10777,#5490);
#4810=LINE('',#10778,#5491);
#4811=LINE('',#10780,#5492);
#4812=LINE('',#10782,#5493);
#4813=LINE('',#10786,#5494);
#4814=LINE('',#10788,#5495);
#4815=LINE('',#10790,#5496);
#4816=LINE('',#10794,#5497);
#4817=LINE('',#10796,#5498);
#4818=LINE('',#10798,#5499);
#4819=LINE('',#10802,#5500);
#4820=LINE('',#10807,#5501);
#4821=LINE('',#10808,#5502);
#4822=LINE('',#10810,#5503);
#4823=LINE('',#10812,#5504);
#4824=LINE('',#10816,#5505);
#4825=LINE('',#10818,#5506);
#4826=LINE('',#10820,#5507);
#4827=LINE('',#10824,#5508);
#4828=LINE('',#10826,#5509);
#4829=LINE('',#10828,#5510);
#4830=LINE('',#10832,#5511);
#4831=LINE('',#10837,#5512);
#4832=LINE('',#10838,#5513);
#4833=LINE('',#10840,#5514);
#4834=LINE('',#10842,#5515);
#4835=LINE('',#10846,#5516);
#4836=LINE('',#10848,#5517);
#4837=LINE('',#10850,#5518);
#4838=LINE('',#10854,#5519);
#4839=LINE('',#10856,#5520);
#4840=LINE('',#10858,#5521);
#4841=LINE('',#10862,#5522);
#4842=LINE('',#10867,#5523);
#4843=LINE('',#10868,#5524);
#4844=LINE('',#10870,#5525);
#4845=LINE('',#10872,#5526);
#4846=LINE('',#10876,#5527);
#4847=LINE('',#10878,#5528);
#4848=LINE('',#10880,#5529);
#4849=LINE('',#10884,#5530);
#4850=LINE('',#10886,#5531);
#4851=LINE('',#10888,#5532);
#4852=LINE('',#10892,#5533);
#4853=LINE('',#10897,#5534);
#4854=LINE('',#10898,#5535);
#4855=LINE('',#10900,#5536);
#4856=LINE('',#10902,#5537);
#4857=LINE('',#10906,#5538);
#4858=LINE('',#10908,#5539);
#4859=LINE('',#10910,#5540);
#4860=LINE('',#10914,#5541);
#4861=LINE('',#10916,#5542);
#4862=LINE('',#10918,#5543);
#4863=LINE('',#10922,#5544);
#4864=LINE('',#10924,#5545);
#4865=LINE('',#10926,#5546);
#4866=LINE('',#10928,#5547);
#4867=LINE('',#10930,#5548);
#4868=LINE('',#10933,#5549);
#4869=LINE('',#10934,#5550);
#4870=LINE('',#10936,#5551);
#4871=LINE('',#10938,#5552);
#4872=LINE('',#10940,#5553);
#4873=LINE('',#10942,#5554);
#4874=LINE('',#10944,#5555);
#4875=LINE('',#10946,#5556);
#4876=LINE('',#10948,#5557);
#4877=LINE('',#10950,#5558);
#4878=LINE('',#10952,#5559);
#4879=LINE('',#10966,#5560);
#4880=LINE('',#10969,#5561);
#4881=LINE('',#10970,#5562);
#4882=LINE('',#10972,#5563);
#4883=LINE('',#10974,#5564);
#4884=LINE('',#10976,#5565);
#4885=LINE('',#10995,#5566);
#4886=LINE('',#10997,#5567);
#4887=LINE('',#10999,#5568);
#4888=LINE('',#11001,#5569);
#4889=LINE('',#11003,#5570);
#4890=LINE('',#11005,#5571);
#4891=LINE('',#11007,#5572);
#4892=LINE('',#11009,#5573);
#4893=LINE('',#11011,#5574);
#4894=LINE('',#11013,#5575);
#4895=LINE('',#11015,#5576);
#4896=LINE('',#11017,#5577);
#4897=LINE('',#11019,#5578);
#4898=LINE('',#11021,#5579);
#4899=LINE('',#11023,#5580);
#4900=LINE('',#11025,#5581);
#4901=LINE('',#11027,#5582);
#4902=LINE('',#11029,#5583);
#4903=LINE('',#11031,#5584);
#4904=LINE('',#11033,#5585);
#4905=LINE('',#11039,#5586);
#4906=LINE('',#11043,#5587);
#4907=LINE('',#11056,#5588);
#4908=LINE('',#11073,#5589);
#4909=LINE('',#11079,#5590);
#4910=LINE('',#11081,#5591);
#4911=LINE('',#11083,#5592);
#4912=LINE('',#11085,#5593);
#4913=LINE('',#11087,#5594);
#4914=LINE('',#11089,#5595);
#4915=LINE('',#11098,#5596);
#4916=LINE('',#11104,#5597);
#4917=LINE('',#11113,#5598);
#4918=LINE('',#11119,#5599);
#4919=LINE('',#11121,#5600);
#4920=LINE('',#11123,#5601);
#4921=LINE('',#11134,#5602);
#4922=LINE('',#11147,#5603);
#4923=LINE('',#11160,#5604);
#4924=LINE('',#11166,#5605);
#4925=LINE('',#11168,#5606);
#4926=LINE('',#11170,#5607);
#4927=LINE('',#11172,#5608);
#4928=LINE('',#11181,#5609);
#4929=LINE('',#11194,#5610);
#4930=LINE('',#11200,#5611);
#4931=LINE('',#11204,#5612);
#4932=LINE('',#11215,#5613);
#4933=LINE('',#11221,#5614);
#4934=LINE('',#11223,#5615);
#4935=LINE('',#11252,#5616);
#4936=LINE('',#11254,#5617);
#4937=LINE('',#11256,#5618);
#4938=LINE('',#11258,#5619);
#4939=LINE('',#11260,#5620);
#4940=LINE('',#11262,#5621);
#4941=LINE('',#11264,#5622);
#4942=LINE('',#11266,#5623);
#4943=LINE('',#11268,#5624);
#4944=LINE('',#11270,#5625);
#4945=LINE('',#11272,#5626);
#4946=LINE('',#11274,#5627);
#4947=LINE('',#11276,#5628);
#4948=LINE('',#11278,#5629);
#4949=LINE('',#11280,#5630);
#4950=LINE('',#11289,#5631);
#4951=LINE('',#11302,#5632);
#4952=LINE('',#11308,#5633);
#4953=LINE('',#11312,#5634);
#4954=LINE('',#11314,#5635);
#4955=LINE('',#11316,#5636);
#4956=LINE('',#11327,#5637);
#4957=LINE('',#11340,#5638);
#4958=LINE('',#11346,#5639);
#4959=LINE('',#11348,#5640);
#4960=LINE('',#11350,#5641);
#4961=LINE('',#11352,#5642);
#4962=LINE('',#11354,#5643);
#4963=LINE('',#11356,#5644);
#4964=LINE('',#11358,#5645);
#4965=LINE('',#11373,#5646);
#4966=LINE('',#11379,#5647);
#4967=LINE('',#11392,#5648);
#4968=LINE('',#11400,#5649);
#4969=LINE('',#11406,#5650);
#4970=LINE('',#11421,#5651);
#4971=LINE('',#11438,#5652);
#4972=LINE('',#11455,#5653);
#4973=LINE('',#11468,#5654);
#4974=LINE('',#11474,#5655);
#4975=LINE('',#11476,#5656);
#4976=LINE('',#11478,#5657);
#4977=LINE('',#11487,#5658);
#4978=LINE('',#11500,#5659);
#4979=LINE('',#11513,#5660);
#4980=LINE('',#11519,#5661);
#4981=LINE('',#11530,#5662);
#4982=LINE('',#11536,#5663);
#4983=LINE('',#11538,#5664);
#4984=LINE('',#11547,#5665);
#4985=LINE('',#11560,#5666);
#4986=LINE('',#11566,#5667);
#4987=LINE('',#11588,#5668);
#4988=LINE('',#11590,#5669);
#4989=LINE('',#11592,#5670);
#4990=LINE('',#11594,#5671);
#4991=LINE('',#11596,#5672);
#4992=LINE('',#11598,#5673);
#4993=LINE('',#11600,#5674);
#4994=LINE('',#11602,#5675);
#4995=LINE('',#11604,#5676);
#4996=LINE('',#11606,#5677);
#4997=LINE('',#11608,#5678);
#4998=LINE('',#11610,#5679);
#4999=LINE('',#11612,#5680);
#5000=LINE('',#11614,#5681);
#5001=LINE('',#11616,#5682);
#5002=LINE('',#11618,#5683);
#5003=LINE('',#11620,#5684);
#5004=LINE('',#11622,#5685);
#5005=LINE('',#11624,#5686);
#5006=LINE('',#11626,#5687);
#5007=LINE('',#11641,#5688);
#5008=LINE('',#11647,#5689);
#5009=LINE('',#11649,#5690);
#5010=LINE('',#11651,#5691);
#5011=LINE('',#11653,#5692);
#5012=LINE('',#11666,#5693);
#5013=LINE('',#11683,#5694);
#5014=LINE('',#11700,#5695);
#5015=LINE('',#11717,#5696);
#5016=LINE('',#11723,#5697);
#5017=LINE('',#11725,#5698);
#5018=LINE('',#11727,#5699);
#5019=LINE('',#11740,#5700);
#5020=LINE('',#11757,#5701);
#5021=LINE('',#11770,#5702);
#5022=LINE('',#11776,#5703);
#5023=LINE('',#11778,#5704);
#5024=LINE('',#11780,#5705);
#5025=LINE('',#11789,#5706);
#5026=LINE('',#11802,#5707);
#5027=LINE('',#11815,#5708);
#5028=LINE('',#11828,#5709);
#5029=LINE('',#11841,#5710);
#5030=LINE('',#11854,#5711);
#5031=LINE('',#11860,#5712);
#5032=LINE('',#11862,#5713);
#5033=LINE('',#11871,#5714);
#5034=LINE('',#11884,#5715);
#5035=LINE('',#11897,#5716);
#5036=LINE('',#11910,#5717);
#5037=LINE('',#11943,#5718);
#5038=LINE('',#11945,#5719);
#5039=LINE('',#11947,#5720);
#5040=LINE('',#11949,#5721);
#5041=LINE('',#11951,#5722);
#5042=LINE('',#11953,#5723);
#5043=LINE('',#11955,#5724);
#5044=LINE('',#11957,#5725);
#5045=LINE('',#11959,#5726);
#5046=LINE('',#11961,#5727);
#5047=LINE('',#11963,#5728);
#5048=LINE('',#11965,#5729);
#5049=LINE('',#11967,#5730);
#5050=LINE('',#11969,#5731);
#5051=LINE('',#11971,#5732);
#5052=LINE('',#11973,#5733);
#5053=LINE('',#11976,#5734);
#5054=LINE('',#11978,#5735);
#5055=LINE('',#11980,#5736);
#5056=LINE('',#11982,#5737);
#5057=LINE('',#11984,#5738);
#5058=LINE('',#11986,#5739);
#5059=LINE('',#11988,#5740);
#5060=LINE('',#11990,#5741);
#5061=LINE('',#11992,#5742);
#5062=LINE('',#11994,#5743);
#5063=LINE('',#11996,#5744);
#5064=LINE('',#11998,#5745);
#5065=LINE('',#12000,#5746);
#5066=LINE('',#12002,#5747);
#5067=LINE('',#12004,#5748);
#5068=LINE('',#12006,#5749);
#5069=LINE('',#12008,#5750);
#5070=LINE('',#12010,#5751);
#5071=LINE('',#12012,#5752);
#5072=LINE('',#12014,#5753);
#5073=LINE('',#12016,#5754);
#5074=LINE('',#12018,#5755);
#5075=LINE('',#12020,#5756);
#5076=LINE('',#12022,#5757);
#5077=LINE('',#12025,#5758);
#5078=LINE('',#12028,#5759);
#5079=LINE('',#12030,#5760);
#5080=LINE('',#12032,#5761);
#5081=LINE('',#12034,#5762);
#5082=LINE('',#12036,#5763);
#5083=LINE('',#12038,#5764);
#5084=LINE('',#12040,#5765);
#5085=LINE('',#12042,#5766);
#5086=LINE('',#12044,#5767);
#5087=LINE('',#12057,#5768);
#5088=LINE('',#12074,#5769);
#5089=LINE('',#12091,#5770);
#5090=LINE('',#12097,#5771);
#5091=LINE('',#12099,#5772);
#5092=LINE('',#12101,#5773);
#5093=LINE('',#12103,#5774);
#5094=LINE('',#12105,#5775);
#5095=LINE('',#12114,#5776);
#5096=LINE('',#12127,#5777);
#5097=LINE('',#12140,#5778);
#5098=LINE('',#12153,#5779);
#5099=LINE('',#12159,#5780);
#5100=LINE('',#12161,#5781);
#5101=LINE('',#12163,#5782);
#5102=LINE('',#12165,#5783);
#5103=LINE('',#12167,#5784);
#5104=LINE('',#12185,#5785);
#5105=LINE('',#12188,#5786);
#5106=LINE('',#12190,#5787);
#5107=LINE('',#12192,#5788);
#5108=LINE('',#12194,#5789);
#5109=LINE('',#12196,#5790);
#5110=LINE('',#12198,#5791);
#5111=LINE('',#12200,#5792);
#5112=LINE('',#12202,#5793);
#5113=LINE('',#12204,#5794);
#5114=LINE('',#12206,#5795);
#5115=LINE('',#12208,#5796);
#5116=LINE('',#12210,#5797);
#5117=LINE('',#12212,#5798);
#5118=LINE('',#12214,#5799);
#5119=LINE('',#12216,#5800);
#5120=LINE('',#12218,#5801);
#5121=LINE('',#12220,#5802);
#5122=LINE('',#12222,#5803);
#5123=LINE('',#12224,#5804);
#5124=LINE('',#12226,#5805);
#5125=LINE('',#12228,#5806);
#5126=LINE('',#12230,#5807);
#5127=LINE('',#12232,#5808);
#5128=LINE('',#12233,#5809);
#5129=LINE('',#12237,#5810);
#5130=LINE('',#12240,#5811);
#5131=LINE('',#12242,#5812);
#5132=LINE('',#12244,#5813);
#5133=LINE('',#12246,#5814);
#5134=LINE('',#12248,#5815);
#5135=LINE('',#12250,#5816);
#5136=LINE('',#12263,#5817);
#5137=LINE('',#12280,#5818);
#5138=LINE('',#12286,#5819);
#5139=LINE('',#12288,#5820);
#5140=LINE('',#12290,#5821);
#5141=LINE('',#12303,#5822);
#5142=LINE('',#12320,#5823);
#5143=LINE('',#12326,#5824);
#5144=LINE('',#12328,#5825);
#5145=LINE('',#12330,#5826);
#5146=LINE('',#12332,#5827);
#5147=LINE('',#12334,#5828);
#5148=LINE('',#12343,#5829);
#5149=LINE('',#12356,#5830);
#5150=LINE('',#12369,#5831);
#5151=LINE('',#12375,#5832);
#5152=LINE('',#12377,#5833);
#5153=LINE('',#12386,#5834);
#5154=LINE('',#12399,#5835);
#5155=LINE('',#12412,#5836);
#5156=LINE('',#12418,#5837);
#5157=LINE('',#12420,#5838);
#5158=LINE('',#12421,#5839);
#5159=LINE('',#12437,#5840);
#5160=LINE('',#12443,#5841);
#5161=LINE('',#12456,#5842);
#5162=LINE('',#12473,#5843);
#5163=LINE('',#12490,#5844);
#5164=LINE('',#12496,#5845);
#5165=LINE('',#12498,#5846);
#5166=LINE('',#12500,#5847);
#5167=LINE('',#12513,#5848);
#5168=LINE('',#12526,#5849);
#5169=LINE('',#12532,#5850);
#5170=LINE('',#12534,#5851);
#5171=LINE('',#12536,#5852);
#5172=LINE('',#12545,#5853);
#5173=LINE('',#12558,#5854);
#5174=LINE('',#12571,#5855);
#5175=LINE('',#12577,#5856);
#5176=LINE('',#12579,#5857);
#5177=LINE('',#12581,#5858);
#5178=LINE('',#12583,#5859);
#5179=LINE('',#12585,#5860);
#5180=LINE('',#12587,#5861);
#5181=LINE('',#12589,#5862);
#5182=LINE('',#12591,#5863);
#5183=LINE('',#12593,#5864);
#5184=LINE('',#12595,#5865);
#5185=LINE('',#12604,#5866);
#5186=LINE('',#12637,#5867);
#5187=LINE('',#12639,#5868);
#5188=LINE('',#12641,#5869);
#5189=LINE('',#12643,#5870);
#5190=LINE('',#12645,#5871);
#5191=LINE('',#12647,#5872);
#5192=LINE('',#12649,#5873);
#5193=LINE('',#12651,#5874);
#5194=LINE('',#12653,#5875);
#5195=LINE('',#12655,#5876);
#5196=LINE('',#12657,#5877);
#5197=LINE('',#12666,#5878);
#5198=LINE('',#12679,#5879);
#5199=LINE('',#12685,#5880);
#5200=LINE('',#12687,#5881);
#5201=LINE('',#12689,#5882);
#5202=LINE('',#12691,#5883);
#5203=LINE('',#12693,#5884);
#5204=LINE('',#12695,#5885);
#5205=LINE('',#12697,#5886);
#5206=LINE('',#12699,#5887);
#5207=LINE('',#12708,#5888);
#5208=LINE('',#12714,#5889);
#5209=LINE('',#12716,#5890);
#5210=LINE('',#12718,#5891);
#5211=LINE('',#12722,#5892);
#5212=LINE('',#12725,#5893);
#5213=LINE('',#12732,#5894);
#5214=LINE('',#12736,#5895);
#5215=LINE('',#12740,#5896);
#5216=LINE('',#12744,#5897);
#5217=LINE('',#12749,#5898);
#5218=LINE('',#12751,#5899);
#5219=LINE('',#12753,#5900);
#5220=LINE('',#12756,#5901);
#5221=LINE('',#12780,#5902);
#5222=LINE('',#12783,#5903);
#5223=LINE('',#12785,#5904);
#5224=LINE('',#12787,#5905);
#5225=LINE('',#12788,#5906);
#5226=LINE('',#12791,#5907);
#5227=LINE('',#12793,#5908);
#5228=LINE('',#12795,#5909);
#5229=LINE('',#12797,#5910);
#5230=LINE('',#12800,#5911);
#5231=LINE('',#12802,#5912);
#5232=LINE('',#12804,#5913);
#5233=LINE('',#12805,#5914);
#5234=LINE('',#12808,#5915);
#5235=LINE('',#12810,#5916);
#5236=LINE('',#12812,#5917);
#5237=LINE('',#12814,#5918);
#5238=LINE('',#12817,#5919);
#5239=LINE('',#12819,#5920);
#5240=LINE('',#12821,#5921);
#5241=LINE('',#12823,#5922);
#5242=LINE('',#12826,#5923);
#5243=LINE('',#12828,#5924);
#5244=LINE('',#12830,#5925);
#5245=LINE('',#12832,#5926);
#5246=LINE('',#12835,#5927);
#5247=LINE('',#12837,#5928);
#5248=LINE('',#12839,#5929);
#5249=LINE('',#12841,#5930);
#5250=LINE('',#12843,#5931);
#5251=LINE('',#12845,#5932);
#5252=LINE('',#12847,#5933);
#5253=LINE('',#12849,#5934);
#5254=LINE('',#12851,#5935);
#5255=LINE('',#12862,#5936);
#5256=LINE('',#12863,#5937);
#5257=LINE('',#12873,#5938);
#5258=LINE('',#12874,#5939);
#5259=LINE('',#12876,#5940);
#5260=LINE('',#12878,#5941);
#5261=LINE('',#12881,#5942);
#5262=LINE('',#12884,#5943);
#5263=LINE('',#12958,#5944);
#5264=LINE('',#12963,#5945);
#5265=LINE('',#12967,#5946);
#5266=LINE('',#12970,#5947);
#5267=LINE('',#12971,#5948);
#5268=LINE('',#12973,#5949);
#5269=LINE('',#12975,#5950);
#5270=LINE('',#12977,#5951);
#5271=LINE('',#12981,#5952);
#5272=LINE('',#12985,#5953);
#5273=LINE('',#13076,#5954);
#5274=LINE('',#13081,#5955);
#5275=LINE('',#13094,#5956);
#5276=LINE('',#13099,#5957);
#5277=LINE('',#13105,#5958);
#5278=LINE('',#13109,#5959);
#5279=LINE('',#13203,#5960);
#5280=LINE('',#13207,#5961);
#5281=LINE('',#13221,#5962);
#5282=LINE('',#13225,#5963);
#5283=LINE('',#13227,#5964);
#5284=LINE('',#13229,#5965);
#5285=LINE('',#13231,#5966);
#5286=LINE('',#13233,#5967);
#5287=LINE('',#13236,#5968);
#5288=LINE('',#13238,#5969);
#5289=LINE('',#13240,#5970);
#5290=LINE('',#13242,#5971);
#5291=LINE('',#13244,#5972);
#5292=LINE('',#13246,#5973);
#5293=LINE('',#13248,#5974);
#5294=LINE('',#13250,#5975);
#5295=LINE('',#13252,#5976);
#5296=LINE('',#13254,#5977);
#5297=LINE('',#13256,#5978);
#5298=LINE('',#13258,#5979);
#5299=LINE('',#13260,#5980);
#5300=LINE('',#13262,#5981);
#5301=LINE('',#13264,#5982);
#5302=LINE('',#13266,#5983);
#5303=LINE('',#13268,#5984);
#5304=LINE('',#13270,#5985);
#5305=LINE('',#13272,#5986);
#5306=LINE('',#13274,#5987);
#5307=LINE('',#13276,#5988);
#5308=LINE('',#13278,#5989);
#5309=LINE('',#13280,#5990);
#5310=LINE('',#13282,#5991);
#5311=LINE('',#13284,#5992);
#5312=LINE('',#13286,#5993);
#5313=LINE('',#13288,#5994);
#5314=LINE('',#13290,#5995);
#5315=LINE('',#13292,#5996);
#5316=LINE('',#13294,#5997);
#5317=LINE('',#13296,#5998);
#5318=LINE('',#13298,#5999);
#5319=LINE('',#13300,#6000);
#5320=LINE('',#13302,#6001);
#5321=LINE('',#13304,#6002);
#5322=LINE('',#13306,#6003);
#5323=LINE('',#13308,#6004);
#5324=LINE('',#13310,#6005);
#5325=LINE('',#13312,#6006);
#5326=LINE('',#13314,#6007);
#5327=LINE('',#13316,#6008);
#5328=LINE('',#13318,#6009);
#5329=LINE('',#13320,#6010);
#5330=LINE('',#13322,#6011);
#5331=LINE('',#13324,#6012);
#5332=LINE('',#13325,#6013);
#5333=LINE('',#13327,#6014);
#5334=LINE('',#13329,#6015);
#5335=LINE('',#13332,#6016);
#5336=LINE('',#13334,#6017);
#5337=LINE('',#13336,#6018);
#5338=LINE('',#13338,#6019);
#5339=LINE('',#13340,#6020);
#5340=LINE('',#13342,#6021);
#5341=LINE('',#13343,#6022);
#5342=LINE('',#13345,#6023);
#5343=LINE('',#13347,#6024);
#5344=VECTOR('',#8368,1.);
#5345=VECTOR('',#8369,1.);
#5346=VECTOR('',#8370,1.);
#5347=VECTOR('',#8371,1.);
#5348=VECTOR('',#8372,1.);
#5349=VECTOR('',#8373,1.);
#5350=VECTOR('',#8374,1.);
#5351=VECTOR('',#8375,1.);
#5352=VECTOR('',#8376,1.);
#5353=VECTOR('',#8377,1.);
#5354=VECTOR('',#8378,1.);
#5355=VECTOR('',#8379,1.);
#5356=VECTOR('',#8380,1.);
#5357=VECTOR('',#8381,1.);
#5358=VECTOR('',#8382,1.);
#5359=VECTOR('',#8383,1.);
#5360=VECTOR('',#8384,1.);
#5361=VECTOR('',#8385,1.);
#5362=VECTOR('',#8386,1.);
#5363=VECTOR('',#8387,1.);
#5364=VECTOR('',#8388,1.);
#5365=VECTOR('',#8389,1.);
#5366=VECTOR('',#8390,1.);
#5367=VECTOR('',#8391,1.);
#5368=VECTOR('',#8392,1.);
#5369=VECTOR('',#8393,1.);
#5370=VECTOR('',#8394,1.);
#5371=VECTOR('',#8395,1.);
#5372=VECTOR('',#8396,1.);
#5373=VECTOR('',#8397,1.);
#5374=VECTOR('',#8398,1.);
#5375=VECTOR('',#8399,1.);
#5376=VECTOR('',#8400,1.);
#5377=VECTOR('',#8401,1.);
#5378=VECTOR('',#8402,1.);
#5379=VECTOR('',#8403,1.);
#5380=VECTOR('',#8404,1.);
#5381=VECTOR('',#8405,1.);
#5382=VECTOR('',#8406,1.);
#5383=VECTOR('',#8407,1.);
#5384=VECTOR('',#8408,1.);
#5385=VECTOR('',#8409,1.);
#5386=VECTOR('',#8410,1.);
#5387=VECTOR('',#8411,1.);
#5388=VECTOR('',#8412,1.);
#5389=VECTOR('',#8413,1.);
#5390=VECTOR('',#8414,1.);
#5391=VECTOR('',#8415,1.);
#5392=VECTOR('',#8416,1.);
#5393=VECTOR('',#8417,1.);
#5394=VECTOR('',#8418,1.);
#5395=VECTOR('',#8419,1.);
#5396=VECTOR('',#8420,1.);
#5397=VECTOR('',#8421,1.);
#5398=VECTOR('',#8422,1.);
#5399=VECTOR('',#8423,1.);
#5400=VECTOR('',#8424,1.);
#5401=VECTOR('',#8425,1.);
#5402=VECTOR('',#8426,1.);
#5403=VECTOR('',#8427,1.);
#5404=VECTOR('',#8428,1.);
#5405=VECTOR('',#8429,1.);
#5406=VECTOR('',#8430,1.);
#5407=VECTOR('',#8431,1.);
#5408=VECTOR('',#8432,1.);
#5409=VECTOR('',#8433,1.);
#5410=VECTOR('',#8438,1.);
#5411=VECTOR('',#8441,1.);
#5412=VECTOR('',#8442,1.);
#5413=VECTOR('',#8443,1.);
#5414=VECTOR('',#8444,1.);
#5415=VECTOR('',#8445,1.);
#5416=VECTOR('',#8446,1.);
#5417=VECTOR('',#8449,1.);
#5418=VECTOR('',#8452,1.);
#5419=VECTOR('',#8453,1.);
#5420=VECTOR('',#8454,1.);
#5421=VECTOR('',#8455,1.);
#5422=VECTOR('',#8456,1.);
#5423=VECTOR('',#8457,1.);
#5424=VECTOR('',#8458,1.);
#5425=VECTOR('',#8463,1.);
#5426=VECTOR('',#8464,1.);
#5427=VECTOR('',#8467,1.);
#5428=VECTOR('',#8468,1.);
#5429=VECTOR('',#8469,1.);
#5430=VECTOR('',#8470,1.);
#5431=VECTOR('',#8471,1.);
#5432=VECTOR('',#8472,1.);
#5433=VECTOR('',#8473,1.);
#5434=VECTOR('',#8474,1.);
#5435=VECTOR('',#8475,1.);
#5436=VECTOR('',#8476,1.);
#5437=VECTOR('',#8477,1.);
#5438=VECTOR('',#8478,1.);
#5439=VECTOR('',#8481,1.);
#5440=VECTOR('',#8484,1.);
#5441=VECTOR('',#8487,1.);
#5442=VECTOR('',#8500,1.);
#5443=VECTOR('',#8503,1.);
#5444=VECTOR('',#8506,1.);
#5445=VECTOR('',#8509,1.);
#5446=VECTOR('',#8512,1.);
#5447=VECTOR('',#8515,1.);
#5448=VECTOR('',#8518,1.);
#5449=VECTOR('',#8521,1.);
#5450=VECTOR('',#8524,1.);
#5451=VECTOR('',#8527,1.);
#5452=VECTOR('',#8530,1.);
#5453=VECTOR('',#8533,1.);
#5454=VECTOR('',#8536,1.);
#5455=VECTOR('',#8539,1.);
#5456=VECTOR('',#8542,1.);
#5457=VECTOR('',#8545,1.);
#5458=VECTOR('',#8548,1.);
#5459=VECTOR('',#8551,1.);
#5460=VECTOR('',#8554,1.);
#5461=VECTOR('',#8557,1.);
#5462=VECTOR('',#8560,1.);
#5463=VECTOR('',#8563,1.);
#5464=VECTOR('',#8566,1.);
#5465=VECTOR('',#8569,1.);
#5466=VECTOR('',#8570,1.);
#5467=VECTOR('',#8573,1.);
#5468=VECTOR('',#8576,1.);
#5469=VECTOR('',#8579,1.);
#5470=VECTOR('',#8584,1.);
#5471=VECTOR('',#8585,1.);
#5472=VECTOR('',#8586,1.);
#5473=VECTOR('',#8589,1.);
#5474=VECTOR('',#8590,1.);
#5475=VECTOR('',#8591,1.);
#5476=VECTOR('',#8594,1.);
#5477=VECTOR('',#8595,1.);
#5478=VECTOR('',#8596,1.);
#5479=VECTOR('',#8601,1.);
#5480=VECTOR('',#8602,1.);
#5481=VECTOR('',#8605,1.);
#5482=VECTOR('',#8606,1.);
#5483=VECTOR('',#8611,1.);
#5484=VECTOR('',#8614,1.);
#5485=VECTOR('',#8615,1.);
#5486=VECTOR('',#8620,1.);
#5487=VECTOR('',#8623,1.);
#5488=VECTOR('',#8624,1.);
#5489=VECTOR('',#8629,1.);
#5490=VECTOR('',#8634,1.);
#5491=VECTOR('',#8635,1.);
#5492=VECTOR('',#8638,1.);
#5493=VECTOR('',#8639,1.);
#5494=VECTOR('',#8644,1.);
#5495=VECTOR('',#8647,1.);
#5496=VECTOR('',#8648,1.);
#5497=VECTOR('',#8653,1.);
#5498=VECTOR('',#8656,1.);
#5499=VECTOR('',#8657,1.);
#5500=VECTOR('',#8662,1.);
#5501=VECTOR('',#8667,1.);
#5502=VECTOR('',#8668,1.);
#5503=VECTOR('',#8671,1.);
#5504=VECTOR('',#8672,1.);
#5505=VECTOR('',#8677,1.);
#5506=VECTOR('',#8680,1.);
#5507=VECTOR('',#8681,1.);
#5508=VECTOR('',#8686,1.);
#5509=VECTOR('',#8689,1.);
#5510=VECTOR('',#8690,1.);
#5511=VECTOR('',#8695,1.);
#5512=VECTOR('',#8700,1.);
#5513=VECTOR('',#8701,1.);
#5514=VECTOR('',#8704,1.);
#5515=VECTOR('',#8705,1.);
#5516=VECTOR('',#8710,1.);
#5517=VECTOR('',#8713,1.);
#5518=VECTOR('',#8714,1.);
#5519=VECTOR('',#8719,1.);
#5520=VECTOR('',#8722,1.);
#5521=VECTOR('',#8723,1.);
#5522=VECTOR('',#8728,1.);
#5523=VECTOR('',#8733,1.);
#5524=VECTOR('',#8734,1.);
#5525=VECTOR('',#8737,1.);
#5526=VECTOR('',#8738,1.);
#5527=VECTOR('',#8743,1.);
#5528=VECTOR('',#8746,1.);
#5529=VECTOR('',#8747,1.);
#5530=VECTOR('',#8752,1.);
#5531=VECTOR('',#8755,1.);
#5532=VECTOR('',#8756,1.);
#5533=VECTOR('',#8761,1.);
#5534=VECTOR('',#8766,1.);
#5535=VECTOR('',#8767,1.);
#5536=VECTOR('',#8770,1.);
#5537=VECTOR('',#8771,1.);
#5538=VECTOR('',#8776,1.);
#5539=VECTOR('',#8779,1.);
#5540=VECTOR('',#8780,1.);
#5541=VECTOR('',#8785,1.);
#5542=VECTOR('',#8788,1.);
#5543=VECTOR('',#8789,1.);
#5544=VECTOR('',#8794,1.);
#5545=VECTOR('',#8797,1.);
#5546=VECTOR('',#8798,1.);
#5547=VECTOR('',#8799,1.);
#5548=VECTOR('',#8802,1.);
#5549=VECTOR('',#8803,1.);
#5550=VECTOR('',#8804,1.);
#5551=VECTOR('',#8807,1.);
#5552=VECTOR('',#8808,1.);
#5553=VECTOR('',#8809,1.);
#5554=VECTOR('',#8812,1.);
#5555=VECTOR('',#8815,1.);
#5556=VECTOR('',#8818,1.);
#5557=VECTOR('',#8821,1.);
#5558=VECTOR('',#8824,1.);
#5559=VECTOR('',#8827,1.);
#5560=VECTOR('',#8846,1.);
#5561=VECTOR('',#8847,1.);
#5562=VECTOR('',#8848,1.);
#5563=VECTOR('',#8851,1.);
#5564=VECTOR('',#8852,1.);
#5565=VECTOR('',#8853,1.);
#5566=VECTOR('',#8890,1.);
#5567=VECTOR('',#8891,1.);
#5568=VECTOR('',#8892,1.);
#5569=VECTOR('',#8895,1.);
#5570=VECTOR('',#8896,1.);
#5571=VECTOR('',#8899,1.);
#5572=VECTOR('',#8900,1.);
#5573=VECTOR('',#8903,1.);
#5574=VECTOR('',#8904,1.);
#5575=VECTOR('',#8907,1.);
#5576=VECTOR('',#8908,1.);
#5577=VECTOR('',#8911,1.);
#5578=VECTOR('',#8912,1.);
#5579=VECTOR('',#8915,1.);
#5580=VECTOR('',#8916,1.);
#5581=VECTOR('',#8919,1.);
#5582=VECTOR('',#8920,1.);
#5583=VECTOR('',#8923,1.);
#5584=VECTOR('',#8924,1.);
#5585=VECTOR('',#8927,1.);
#5586=VECTOR('',#8934,1.);
#5587=VECTOR('',#8937,1.);
#5588=VECTOR('',#8938,1.);
#5589=VECTOR('',#8939,1.);
#5590=VECTOR('',#8942,1.);
#5591=VECTOR('',#8943,1.);
#5592=VECTOR('',#8944,1.);
#5593=VECTOR('',#8947,1.);
#5594=VECTOR('',#8948,1.);
#5595=VECTOR('',#8949,1.);
#5596=VECTOR('',#8950,1.);
#5597=VECTOR('',#8951,1.);
#5598=VECTOR('',#8952,1.);
#5599=VECTOR('',#8955,1.);
#5600=VECTOR('',#8956,1.);
#5601=VECTOR('',#8959,1.);
#5602=VECTOR('',#8962,1.);
#5603=VECTOR('',#8963,1.);
#5604=VECTOR('',#8964,1.);
#5605=VECTOR('',#8967,1.);
#5606=VECTOR('',#8968,1.);
#5607=VECTOR('',#8971,1.);
#5608=VECTOR('',#8972,1.);
#5609=VECTOR('',#8973,1.);
#5610=VECTOR('',#8974,1.);
#5611=VECTOR('',#8977,1.);
#5612=VECTOR('',#8982,1.);
#5613=VECTOR('',#8985,1.);
#5614=VECTOR('',#8988,1.);
#5615=VECTOR('',#8989,1.);
#5616=VECTOR('',#8996,1.);
#5617=VECTOR('',#8997,1.);
#5618=VECTOR('',#8998,1.);
#5619=VECTOR('',#9001,1.);
#5620=VECTOR('',#9002,1.);
#5621=VECTOR('',#9005,1.);
#5622=VECTOR('',#9006,1.);
#5623=VECTOR('',#9009,1.);
#5624=VECTOR('',#9010,1.);
#5625=VECTOR('',#9013,1.);
#5626=VECTOR('',#9014,1.);
#5627=VECTOR('',#9017,1.);
#5628=VECTOR('',#9018,1.);
#5629=VECTOR('',#9021,1.);
#5630=VECTOR('',#9022,1.);
#5631=VECTOR('',#9023,1.);
#5632=VECTOR('',#9024,1.);
#5633=VECTOR('',#9027,1.);
#5634=VECTOR('',#9032,1.);
#5635=VECTOR('',#9033,1.);
#5636=VECTOR('',#9036,1.);
#5637=VECTOR('',#9039,1.);
#5638=VECTOR('',#9040,1.);
#5639=VECTOR('',#9043,1.);
#5640=VECTOR('',#9044,1.);
#5641=VECTOR('',#9047,1.);
#5642=VECTOR('',#9048,1.);
#5643=VECTOR('',#9051,1.);
#5644=VECTOR('',#9052,1.);
#5645=VECTOR('',#9055,1.);
#5646=VECTOR('',#9058,1.);
#5647=VECTOR('',#9059,1.);
#5648=VECTOR('',#9060,1.);
#5649=VECTOR('',#9065,1.);
#5650=VECTOR('',#9072,1.);
#5651=VECTOR('',#9075,1.);
#5652=VECTOR('',#9076,1.);
#5653=VECTOR('',#9077,1.);
#5654=VECTOR('',#9078,1.);
#5655=VECTOR('',#9079,1.);
#5656=VECTOR('',#9082,1.);
#5657=VECTOR('',#9083,1.);
#5658=VECTOR('',#9084,1.);
#5659=VECTOR('',#9085,1.);
#5660=VECTOR('',#9086,1.);
#5661=VECTOR('',#9089,1.);
#5662=VECTOR('',#9092,1.);
#5663=VECTOR('',#9095,1.);
#5664=VECTOR('',#9096,1.);
#5665=VECTOR('',#9097,1.);
#5666=VECTOR('',#9098,1.);
#5667=VECTOR('',#9101,1.);
#5668=VECTOR('',#9114,1.);
#5669=VECTOR('',#9115,1.);
#5670=VECTOR('',#9116,1.);
#5671=VECTOR('',#9119,1.);
#5672=VECTOR('',#9120,1.);
#5673=VECTOR('',#9123,1.);
#5674=VECTOR('',#9124,1.);
#5675=VECTOR('',#9127,1.);
#5676=VECTOR('',#9128,1.);
#5677=VECTOR('',#9131,1.);
#5678=VECTOR('',#9132,1.);
#5679=VECTOR('',#9135,1.);
#5680=VECTOR('',#9136,1.);
#5681=VECTOR('',#9139,1.);
#5682=VECTOR('',#9140,1.);
#5683=VECTOR('',#9143,1.);
#5684=VECTOR('',#9144,1.);
#5685=VECTOR('',#9147,1.);
#5686=VECTOR('',#9148,1.);
#5687=VECTOR('',#9151,1.);
#5688=VECTOR('',#9154,1.);
#5689=VECTOR('',#9155,1.);
#5690=VECTOR('',#9158,1.);
#5691=VECTOR('',#9159,1.);
#5692=VECTOR('',#9160,1.);
#5693=VECTOR('',#9161,1.);
#5694=VECTOR('',#9162,1.);
#5695=VECTOR('',#9163,1.);
#5696=VECTOR('',#9164,1.);
#5697=VECTOR('',#9167,1.);
#5698=VECTOR('',#9168,1.);
#5699=VECTOR('',#9169,1.);
#5700=VECTOR('',#9170,1.);
#5701=VECTOR('',#9171,1.);
#5702=VECTOR('',#9172,1.);
#5703=VECTOR('',#9173,1.);
#5704=VECTOR('',#9176,1.);
#5705=VECTOR('',#9177,1.);
#5706=VECTOR('',#9178,1.);
#5707=VECTOR('',#9179,1.);
#5708=VECTOR('',#9180,1.);
#5709=VECTOR('',#9181,1.);
#5710=VECTOR('',#9182,1.);
#5711=VECTOR('',#9183,1.);
#5712=VECTOR('',#9186,1.);
#5713=VECTOR('',#9187,1.);
#5714=VECTOR('',#9188,1.);
#5715=VECTOR('',#9189,1.);
#5716=VECTOR('',#9190,1.);
#5717=VECTOR('',#9191,1.);
#5718=VECTOR('',#9198,1.);
#5719=VECTOR('',#9199,1.);
#5720=VECTOR('',#9200,1.);
#5721=VECTOR('',#9203,1.);
#5722=VECTOR('',#9204,1.);
#5723=VECTOR('',#9207,1.);
#5724=VECTOR('',#9208,1.);
#5725=VECTOR('',#9211,1.);
#5726=VECTOR('',#9212,1.);
#5727=VECTOR('',#9215,1.);
#5728=VECTOR('',#9216,1.);
#5729=VECTOR('',#9219,1.);
#5730=VECTOR('',#9220,1.);
#5731=VECTOR('',#9223,1.);
#5732=VECTOR('',#9224,1.);
#5733=VECTOR('',#9227,1.);
#5734=VECTOR('',#9232,1.);
#5735=VECTOR('',#9233,1.);
#5736=VECTOR('',#9234,1.);
#5737=VECTOR('',#9237,1.);
#5738=VECTOR('',#9238,1.);
#5739=VECTOR('',#9241,1.);
#5740=VECTOR('',#9242,1.);
#5741=VECTOR('',#9245,1.);
#5742=VECTOR('',#9246,1.);
#5743=VECTOR('',#9249,1.);
#5744=VECTOR('',#9250,1.);
#5745=VECTOR('',#9253,1.);
#5746=VECTOR('',#9254,1.);
#5747=VECTOR('',#9257,1.);
#5748=VECTOR('',#9258,1.);
#5749=VECTOR('',#9261,1.);
#5750=VECTOR('',#9262,1.);
#5751=VECTOR('',#9265,1.);
#5752=VECTOR('',#9266,1.);
#5753=VECTOR('',#9269,1.);
#5754=VECTOR('',#9270,1.);
#5755=VECTOR('',#9273,1.);
#5756=VECTOR('',#9274,1.);
#5757=VECTOR('',#9277,1.);
#5758=VECTOR('',#9282,1.);
#5759=VECTOR('',#9283,1.);
#5760=VECTOR('',#9284,1.);
#5761=VECTOR('',#9285,1.);
#5762=VECTOR('',#9288,1.);
#5763=VECTOR('',#9289,1.);
#5764=VECTOR('',#9290,1.);
#5765=VECTOR('',#9293,1.);
#5766=VECTOR('',#9294,1.);
#5767=VECTOR('',#9295,1.);
#5768=VECTOR('',#9296,1.);
#5769=VECTOR('',#9297,1.);
#5770=VECTOR('',#9298,1.);
#5771=VECTOR('',#9301,1.);
#5772=VECTOR('',#9302,1.);
#5773=VECTOR('',#9303,1.);
#5774=VECTOR('',#9306,1.);
#5775=VECTOR('',#9307,1.);
#5776=VECTOR('',#9308,1.);
#5777=VECTOR('',#9309,1.);
#5778=VECTOR('',#9310,1.);
#5779=VECTOR('',#9311,1.);
#5780=VECTOR('',#9314,1.);
#5781=VECTOR('',#9315,1.);
#5782=VECTOR('',#9318,1.);
#5783=VECTOR('',#9319,1.);
#5784=VECTOR('',#9322,1.);
#5785=VECTOR('',#9329,1.);
#5786=VECTOR('',#9330,1.);
#5787=VECTOR('',#9331,1.);
#5788=VECTOR('',#9332,1.);
#5789=VECTOR('',#9335,1.);
#5790=VECTOR('',#9336,1.);
#5791=VECTOR('',#9337,1.);
#5792=VECTOR('',#9340,1.);
#5793=VECTOR('',#9341,1.);
#5794=VECTOR('',#9342,1.);
#5795=VECTOR('',#9345,1.);
#5796=VECTOR('',#9346,1.);
#5797=VECTOR('',#9349,1.);
#5798=VECTOR('',#9350,1.);
#5799=VECTOR('',#9353,1.);
#5800=VECTOR('',#9354,1.);
#5801=VECTOR('',#9357,1.);
#5802=VECTOR('',#9358,1.);
#5803=VECTOR('',#9361,1.);
#5804=VECTOR('',#9362,1.);
#5805=VECTOR('',#9365,1.);
#5806=VECTOR('',#9366,1.);
#5807=VECTOR('',#9369,1.);
#5808=VECTOR('',#9372,1.);
#5809=VECTOR('',#9373,1.);
#5810=VECTOR('',#9380,1.);
#5811=VECTOR('',#9381,1.);
#5812=VECTOR('',#9382,1.);
#5813=VECTOR('',#9383,1.);
#5814=VECTOR('',#9386,1.);
#5815=VECTOR('',#9387,1.);
#5816=VECTOR('',#9388,1.);
#5817=VECTOR('',#9389,1.);
#5818=VECTOR('',#9390,1.);
#5819=VECTOR('',#9393,1.);
#5820=VECTOR('',#9394,1.);
#5821=VECTOR('',#9395,1.);
#5822=VECTOR('',#9396,1.);
#5823=VECTOR('',#9397,1.);
#5824=VECTOR('',#9400,1.);
#5825=VECTOR('',#9401,1.);
#5826=VECTOR('',#9402,1.);
#5827=VECTOR('',#9405,1.);
#5828=VECTOR('',#9406,1.);
#5829=VECTOR('',#9407,1.);
#5830=VECTOR('',#9408,1.);
#5831=VECTOR('',#9409,1.);
#5832=VECTOR('',#9412,1.);
#5833=VECTOR('',#9413,1.);
#5834=VECTOR('',#9414,1.);
#5835=VECTOR('',#9415,1.);
#5836=VECTOR('',#9416,1.);
#5837=VECTOR('',#9419,1.);
#5838=VECTOR('',#9422,1.);
#5839=VECTOR('',#9423,1.);
#5840=VECTOR('',#9428,1.);
#5841=VECTOR('',#9429,1.);
#5842=VECTOR('',#9430,1.);
#5843=VECTOR('',#9431,1.);
#5844=VECTOR('',#9432,1.);
#5845=VECTOR('',#9435,1.);
#5846=VECTOR('',#9436,1.);
#5847=VECTOR('',#9437,1.);
#5848=VECTOR('',#9438,1.);
#5849=VECTOR('',#9439,1.);
#5850=VECTOR('',#9440,1.);
#5851=VECTOR('',#9443,1.);
#5852=VECTOR('',#9444,1.);
#5853=VECTOR('',#9445,1.);
#5854=VECTOR('',#9446,1.);
#5855=VECTOR('',#9447,1.);
#5856=VECTOR('',#9450,1.);
#5857=VECTOR('',#9451,1.);
#5858=VECTOR('',#9454,1.);
#5859=VECTOR('',#9455,1.);
#5860=VECTOR('',#9458,1.);
#5861=VECTOR('',#9459,1.);
#5862=VECTOR('',#9462,1.);
#5863=VECTOR('',#9463,1.);
#5864=VECTOR('',#9466,1.);
#5865=VECTOR('',#9467,1.);
#5866=VECTOR('',#9468,1.);
#5867=VECTOR('',#9475,1.);
#5868=VECTOR('',#9476,1.);
#5869=VECTOR('',#9477,1.);
#5870=VECTOR('',#9480,1.);
#5871=VECTOR('',#9481,1.);
#5872=VECTOR('',#9484,1.);
#5873=VECTOR('',#9485,1.);
#5874=VECTOR('',#9488,1.);
#5875=VECTOR('',#9489,1.);
#5876=VECTOR('',#9492,1.);
#5877=VECTOR('',#9493,1.);
#5878=VECTOR('',#9494,1.);
#5879=VECTOR('',#9495,1.);
#5880=VECTOR('',#9498,1.);
#5881=VECTOR('',#9499,1.);
#5882=VECTOR('',#9502,1.);
#5883=VECTOR('',#9503,1.);
#5884=VECTOR('',#9506,1.);
#5885=VECTOR('',#9507,1.);
#5886=VECTOR('',#9510,1.);
#5887=VECTOR('',#9511,1.);
#5888=VECTOR('',#9512,1.);
#5889=VECTOR('',#9515,1.);
#5890=VECTOR('',#9516,1.);
#5891=VECTOR('',#9519,1.);
#5892=VECTOR('',#9526,1.);
#5893=VECTOR('',#9527,1.);
#5894=VECTOR('',#9534,1.);
#5895=VECTOR('',#9537,1.);
#5896=VECTOR('',#9540,1.);
#5897=VECTOR('',#9543,1.);
#5898=VECTOR('',#9548,1.);
#5899=VECTOR('',#9549,1.);
#5900=VECTOR('',#9552,1.);
#5901=VECTOR('',#9553,1.);
#5902=VECTOR('',#9582,1.);
#5903=VECTOR('',#9583,1.);
#5904=VECTOR('',#9584,1.);
#5905=VECTOR('',#9585,1.);
#5906=VECTOR('',#9586,1.);
#5907=VECTOR('',#9587,1.);
#5908=VECTOR('',#9588,1.);
#5909=VECTOR('',#9589,1.);
#5910=VECTOR('',#9592,1.);
#5911=VECTOR('',#9593,1.);
#5912=VECTOR('',#9594,1.);
#5913=VECTOR('',#9595,1.);
#5914=VECTOR('',#9596,1.);
#5915=VECTOR('',#9597,1.);
#5916=VECTOR('',#9598,1.);
#5917=VECTOR('',#9599,1.);
#5918=VECTOR('',#9602,1.);
#5919=VECTOR('',#9603,1.);
#5920=VECTOR('',#9604,1.);
#5921=VECTOR('',#9605,1.);
#5922=VECTOR('',#9608,1.);
#5923=VECTOR('',#9609,1.);
#5924=VECTOR('',#9610,1.);
#5925=VECTOR('',#9611,1.);
#5926=VECTOR('',#9614,1.);
#5927=VECTOR('',#9615,1.);
#5928=VECTOR('',#9616,1.);
#5929=VECTOR('',#9617,1.);
#5930=VECTOR('',#9620,1.);
#5931=VECTOR('',#9621,1.);
#5932=VECTOR('',#9622,1.);
#5933=VECTOR('',#9625,1.);
#5934=VECTOR('',#9626,1.);
#5935=VECTOR('',#9627,1.);
#5936=VECTOR('',#9642,1.);
#5937=VECTOR('',#9643,1.);
#5938=VECTOR('',#9660,1.);
#5939=VECTOR('',#9661,1.);
#5940=VECTOR('',#9664,1.);
#5941=VECTOR('',#9667,1.);
#5942=VECTOR('',#9672,1.);
#5943=VECTOR('',#9673,1.);
#5944=VECTOR('',#9738,1.);
#5945=VECTOR('',#9741,1.);
#5946=VECTOR('',#9746,1.);
#5947=VECTOR('',#9747,1.);
#5948=VECTOR('',#9748,1.);
#5949=VECTOR('',#9751,1.);
#5950=VECTOR('',#9752,1.);
#5951=VECTOR('',#9753,1.);
#5952=VECTOR('',#9758,1.);
#5953=VECTOR('',#9761,1.);
#5954=VECTOR('',#9852,1.);
#5955=VECTOR('',#9855,1.);
#5956=VECTOR('',#9868,1.);
#5957=VECTOR('',#9871,1.);
#5958=VECTOR('',#9878,1.);
#5959=VECTOR('',#9881,1.);
#5960=VECTOR('',#9974,1.);
#5961=VECTOR('',#9977,1.);
#5962=VECTOR('',#9990,1.);
#5963=VECTOR('',#9993,1.);
#5964=VECTOR('',#9996,1.);
#5965=VECTOR('',#9999,1.);
#5966=VECTOR('',#10002,1.);
#5967=VECTOR('',#10005,1.);
#5968=VECTOR('',#10010,1.);
#5969=VECTOR('',#10013,1.);
#5970=VECTOR('',#10016,1.);
#5971=VECTOR('',#10019,1.);
#5972=VECTOR('',#10022,1.);
#5973=VECTOR('',#10025,1.);
#5974=VECTOR('',#10028,1.);
#5975=VECTOR('',#10031,1.);
#5976=VECTOR('',#10034,1.);
#5977=VECTOR('',#10037,1.);
#5978=VECTOR('',#10040,1.);
#5979=VECTOR('',#10043,1.);
#5980=VECTOR('',#10046,1.);
#5981=VECTOR('',#10049,1.);
#5982=VECTOR('',#10052,1.);
#5983=VECTOR('',#10055,1.);
#5984=VECTOR('',#10058,1.);
#5985=VECTOR('',#10061,1.);
#5986=VECTOR('',#10064,1.);
#5987=VECTOR('',#10067,1.);
#5988=VECTOR('',#10070,1.);
#5989=VECTOR('',#10073,1.);
#5990=VECTOR('',#10076,1.);
#5991=VECTOR('',#10079,1.);
#5992=VECTOR('',#10082,1.);
#5993=VECTOR('',#10085,1.);
#5994=VECTOR('',#10088,1.);
#5995=VECTOR('',#10091,1.);
#5996=VECTOR('',#10094,1.);
#5997=VECTOR('',#10097,1.);
#5998=VECTOR('',#10100,1.);
#5999=VECTOR('',#10103,1.);
#6000=VECTOR('',#10106,1.);
#6001=VECTOR('',#10109,1.);
#6002=VECTOR('',#10112,1.);
#6003=VECTOR('',#10115,1.);
#6004=VECTOR('',#10118,1.);
#6005=VECTOR('',#10121,1.);
#6006=VECTOR('',#10124,1.);
#6007=VECTOR('',#10127,1.);
#6008=VECTOR('',#10130,1.);
#6009=VECTOR('',#10133,1.);
#6010=VECTOR('',#10136,1.);
#6011=VECTOR('',#10139,1.);
#6012=VECTOR('',#10142,1.);
#6013=VECTOR('',#10143,1.);
#6014=VECTOR('',#10146,1.);
#6015=VECTOR('',#10149,1.);
#6016=VECTOR('',#10154,1.);
#6017=VECTOR('',#10157,1.);
#6018=VECTOR('',#10160,1.);
#6019=VECTOR('',#10163,1.);
#6020=VECTOR('',#10166,1.);
#6021=VECTOR('',#10169,1.);
#6022=VECTOR('',#10170,1.);
#6023=VECTOR('',#10173,1.);
#6024=VECTOR('',#10176,1.);
#6025=EDGE_LOOP('',(#638,#639,#640,#641,#642,#643,#644,#645,#646,#647,#648,
#649,#650,#651));
#6026=EDGE_LOOP('',(#652,#653,#654,#655,#656,#657,#658,#659,#660,#661,#662,
#663));
#6027=EDGE_LOOP('',(#664,#665,#666,#667,#668,#669,#670,#671,#672,#673));
#6028=EDGE_LOOP('',(#674,#675,#676,#677,#678,#679,#680,#681));
#6029=EDGE_LOOP('',(#682,#683,#684,#685,#686,#687,#688,#689,#690));
#6030=EDGE_LOOP('',(#691,#692,#693,#694,#695,#696,#697,#698,#699,#700,#701,
#702));
#6031=EDGE_LOOP('',(#703,#704,#705,#706,#707,#708,#709,#710));
#6032=EDGE_LOOP('',(#711,#712,#713,#714,#715,#716,#717,#718,#719,#720,#721,
#722,#723,#724));
#6033=EDGE_LOOP('',(#725,#726,#727,#728,#729,#730,#731,#732,#733,#734));
#6034=EDGE_LOOP('',(#735,#736,#737,#738,#739,#740,#741,#742,#743,#744,#745,
#746));
#6035=EDGE_LOOP('',(#747,#748,#749,#750,#751,#752,#753,#754,#755,#756,#757,
#758,#759,#760,#761,#762,#763,#764));
#6036=EDGE_LOOP('',(#765,#766,#767,#768,#769,#770,#771,#772,#773,#774,#775,
#776,#777,#778,#779,#780));
#6037=EDGE_LOOP('',(#781,#782,#783,#784,#785,#786,#787,#788,#789,#790));
#6038=EDGE_LOOP('',(#791,#792,#793,#794,#795,#796,#797,#798));
#6039=EDGE_LOOP('',(#799));
#6040=EDGE_LOOP('',(#800));
#6041=EDGE_LOOP('',(#801));
#6042=EDGE_LOOP('',(#802));
#6043=EDGE_LOOP('',(#803,#804,#805,#806,#807,#808,#809,#810));
#6044=EDGE_LOOP('',(#811,#812,#813,#814,#815,#816,#817,#818));
#6045=EDGE_LOOP('',(#819,#820,#821,#822,#823,#824,#825,#826));
#6046=EDGE_LOOP('',(#827,#828,#829,#830,#831,#832,#833,#834));
#6047=EDGE_LOOP('',(#835,#836,#837,#838,#839,#840,#841,#842));
#6048=EDGE_LOOP('',(#843,#844,#845,#846,#847,#848,#849,#850));
#6049=EDGE_LOOP('',(#851,#852,#853,#854,#855,#856,#857,#858));
#6050=EDGE_LOOP('',(#859,#860,#861,#862));
#6051=EDGE_LOOP('',(#863,#864,#865,#866));
#6052=EDGE_LOOP('',(#867,#868,#869,#870));
#6053=EDGE_LOOP('',(#871,#872,#873,#874));
#6054=EDGE_LOOP('',(#875,#876,#877,#878));
#6055=EDGE_LOOP('',(#879,#880,#881,#882));
#6056=EDGE_LOOP('',(#883,#884,#885,#886));
#6057=EDGE_LOOP('',(#887,#888,#889,#890));
#6058=EDGE_LOOP('',(#891,#892,#893,#894));
#6059=EDGE_LOOP('',(#895,#896,#897,#898));
#6060=EDGE_LOOP('',(#899,#900,#901,#902));
#6061=EDGE_LOOP('',(#903,#904,#905,#906));
#6062=EDGE_LOOP('',(#907,#908,#909,#910));
#6063=EDGE_LOOP('',(#911,#912,#913,#914));
#6064=EDGE_LOOP('',(#915,#916,#917,#918));
#6065=EDGE_LOOP('',(#919,#920,#921,#922));
#6066=EDGE_LOOP('',(#923,#924,#925,#926));
#6067=EDGE_LOOP('',(#927,#928,#929,#930));
#6068=EDGE_LOOP('',(#931,#932,#933,#934));
#6069=EDGE_LOOP('',(#935,#936,#937,#938));
#6070=EDGE_LOOP('',(#939,#940,#941,#942));
#6071=EDGE_LOOP('',(#943,#944,#945,#946));
#6072=EDGE_LOOP('',(#947,#948,#949,#950));
#6073=EDGE_LOOP('',(#951,#952,#953,#954));
#6074=EDGE_LOOP('',(#955,#956,#957,#958));
#6075=EDGE_LOOP('',(#959,#960,#961,#962));
#6076=EDGE_LOOP('',(#963,#964,#965,#966));
#6077=EDGE_LOOP('',(#967,#968,#969,#970));
#6078=EDGE_LOOP('',(#971,#972,#973,#974));
#6079=EDGE_LOOP('',(#975,#976,#977,#978));
#6080=EDGE_LOOP('',(#979,#980,#981,#982));
#6081=EDGE_LOOP('',(#983,#984,#985,#986));
#6082=EDGE_LOOP('',(#987,#988,#989,#990));
#6083=EDGE_LOOP('',(#991,#992,#993,#994));
#6084=EDGE_LOOP('',(#995,#996,#997,#998));
#6085=EDGE_LOOP('',(#999,#1000,#1001,#1002));
#6086=EDGE_LOOP('',(#1003,#1004,#1005,#1006));
#6087=EDGE_LOOP('',(#1007,#1008,#1009,#1010));
#6088=EDGE_LOOP('',(#1011,#1012,#1013,#1014));
#6089=EDGE_LOOP('',(#1015,#1016,#1017,#1018));
#6090=EDGE_LOOP('',(#1019,#1020,#1021,#1022));
#6091=EDGE_LOOP('',(#1023,#1024,#1025,#1026));
#6092=EDGE_LOOP('',(#1027,#1028,#1029,#1030));
#6093=EDGE_LOOP('',(#1031,#1032,#1033,#1034));
#6094=EDGE_LOOP('',(#1035,#1036,#1037,#1038));
#6095=EDGE_LOOP('',(#1039,#1040,#1041,#1042));
#6096=EDGE_LOOP('',(#1043,#1044,#1045,#1046));
#6097=EDGE_LOOP('',(#1047,#1048,#1049,#1050));
#6098=EDGE_LOOP('',(#1051,#1052,#1053,#1054));
#6099=EDGE_LOOP('',(#1055,#1056,#1057,#1058));
#6100=EDGE_LOOP('',(#1059,#1060,#1061,#1062));
#6101=EDGE_LOOP('',(#1063,#1064,#1065,#1066));
#6102=EDGE_LOOP('',(#1067,#1068,#1069,#1070));
#6103=EDGE_LOOP('',(#1071,#1072,#1073,#1074));
#6104=EDGE_LOOP('',(#1075));
#6105=EDGE_LOOP('',(#1076));
#6106=EDGE_LOOP('',(#1077));
#6107=EDGE_LOOP('',(#1078));
#6108=EDGE_LOOP('',(#1079));
#6109=EDGE_LOOP('',(#1080));
#6110=EDGE_LOOP('',(#1081));
#6111=EDGE_LOOP('',(#1082));
#6112=EDGE_LOOP('',(#1083,#1084,#1085,#1086));
#6113=EDGE_LOOP('',(#1087,#1088,#1089,#1090));
#6114=EDGE_LOOP('',(#1091,#1092,#1093,#1094,#1095,#1096,#1097,#1098));
#6115=EDGE_LOOP('',(#1099));
#6116=EDGE_LOOP('',(#1100));
#6117=EDGE_LOOP('',(#1101));
#6118=EDGE_LOOP('',(#1102));
#6119=EDGE_LOOP('',(#1103,#1104,#1105,#1106,#1107,#1108,#1109,#1110));
#6120=EDGE_LOOP('',(#1111,#1112,#1113,#1114,#1115,#1116,#1117,#1118));
#6121=EDGE_LOOP('',(#1119,#1120,#1121,#1122,#1123,#1124,#1125,#1126));
#6122=EDGE_LOOP('',(#1127,#1128,#1129,#1130,#1131,#1132,#1133,#1134));
#6123=EDGE_LOOP('',(#1135,#1136,#1137,#1138,#1139,#1140,#1141,#1142));
#6124=EDGE_LOOP('',(#1143,#1144,#1145,#1146,#1147,#1148,#1149,#1150));
#6125=EDGE_LOOP('',(#1151,#1152,#1153,#1154,#1155,#1156,#1157,#1158));
#6126=EDGE_LOOP('',(#1159,#1160,#1161,#1162));
#6127=EDGE_LOOP('',(#1163,#1164,#1165,#1166));
#6128=EDGE_LOOP('',(#1167,#1168,#1169,#1170));
#6129=EDGE_LOOP('',(#1171,#1172,#1173,#1174));
#6130=EDGE_LOOP('',(#1175,#1176,#1177,#1178));
#6131=EDGE_LOOP('',(#1179,#1180,#1181,#1182));
#6132=EDGE_LOOP('',(#1183,#1184,#1185,#1186));
#6133=EDGE_LOOP('',(#1187,#1188,#1189,#1190));
#6134=EDGE_LOOP('',(#1191,#1192,#1193,#1194));
#6135=EDGE_LOOP('',(#1195,#1196,#1197,#1198));
#6136=EDGE_LOOP('',(#1199,#1200,#1201,#1202));
#6137=EDGE_LOOP('',(#1203,#1204,#1205,#1206));
#6138=EDGE_LOOP('',(#1207,#1208,#1209,#1210));
#6139=EDGE_LOOP('',(#1211,#1212,#1213,#1214));
#6140=EDGE_LOOP('',(#1215,#1216,#1217,#1218));
#6141=EDGE_LOOP('',(#1219,#1220,#1221,#1222));
#6142=EDGE_LOOP('',(#1223,#1224,#1225,#1226));
#6143=EDGE_LOOP('',(#1227,#1228,#1229,#1230));
#6144=EDGE_LOOP('',(#1231,#1232,#1233,#1234,#1235,#1236,#1237,#1238,#1239,
#1240));
#6145=EDGE_LOOP('',(#1241,#1242,#1243,#1244));
#6146=EDGE_LOOP('',(#1245,#1246,#1247,#1248));
#6147=EDGE_LOOP('',(#1249,#1250,#1251,#1252));
#6148=EDGE_LOOP('',(#1253,#1254,#1255,#1256));
#6149=EDGE_LOOP('',(#1257,#1258,#1259,#1260));
#6150=EDGE_LOOP('',(#1261,#1262,#1263,#1264));
#6151=EDGE_LOOP('',(#1265,#1266,#1267,#1268));
#6152=EDGE_LOOP('',(#1269,#1270,#1271,#1272));
#6153=EDGE_LOOP('',(#1273,#1274,#1275,#1276));
#6154=EDGE_LOOP('',(#1277,#1278,#1279,#1280));
#6155=EDGE_LOOP('',(#1281,#1282,#1283,#1284));
#6156=EDGE_LOOP('',(#1285,#1286,#1287,#1288));
#6157=EDGE_LOOP('',(#1289,#1290,#1291,#1292));
#6158=EDGE_LOOP('',(#1293,#1294,#1295,#1296));
#6159=EDGE_LOOP('',(#1297,#1298,#1299,#1300));
#6160=EDGE_LOOP('',(#1301,#1302,#1303,#1304));
#6161=EDGE_LOOP('',(#1305,#1306,#1307,#1308));
#6162=EDGE_LOOP('',(#1309,#1310,#1311,#1312));
#6163=EDGE_LOOP('',(#1313,#1314,#1315,#1316));
#6164=EDGE_LOOP('',(#1317,#1318,#1319,#1320));
#6165=EDGE_LOOP('',(#1321,#1322,#1323,#1324));
#6166=EDGE_LOOP('',(#1325,#1326,#1327,#1328));
#6167=EDGE_LOOP('',(#1329,#1330,#1331,#1332,#1333,#1334,#1335,#1336,#1337,
#1338,#1339,#1340,#1341,#1342,#1343,#1344));
#6168=EDGE_LOOP('',(#1345,#1346,#1347,#1348,#1349,#1350));
#6169=EDGE_LOOP('',(#1351,#1352,#1353,#1354,#1355,#1356));
#6170=EDGE_LOOP('',(#1357,#1358,#1359,#1360));
#6171=EDGE_LOOP('',(#1361,#1362,#1363,#1364));
#6172=EDGE_LOOP('',(#1365,#1366,#1367,#1368));
#6173=EDGE_LOOP('',(#1369,#1370,#1371,#1372));
#6174=EDGE_LOOP('',(#1373,#1374,#1375,#1376));
#6175=EDGE_LOOP('',(#1377,#1378,#1379,#1380));
#6176=EDGE_LOOP('',(#1381,#1382,#1383,#1384));
#6177=EDGE_LOOP('',(#1385,#1386,#1387,#1388));
#6178=EDGE_LOOP('',(#1389,#1390,#1391,#1392));
#6179=EDGE_LOOP('',(#1393,#1394,#1395,#1396));
#6180=EDGE_LOOP('',(#1397,#1398,#1399,#1400));
#6181=EDGE_LOOP('',(#1401,#1402,#1403,#1404));
#6182=EDGE_LOOP('',(#1405,#1406,#1407,#1408));
#6183=EDGE_LOOP('',(#1409,#1410,#1411,#1412));
#6184=EDGE_LOOP('',(#1413,#1414,#1415,#1416));
#6185=EDGE_LOOP('',(#1417,#1418,#1419,#1420));
#6186=EDGE_LOOP('',(#1421,#1422,#1423,#1424));
#6187=EDGE_LOOP('',(#1425,#1426,#1427,#1428));
#6188=EDGE_LOOP('',(#1429,#1430,#1431,#1432,#1433,#1434,#1435,#1436,#1437,
#1438,#1439,#1440,#1441,#1442,#1443,#1444,#1445,#1446));
#6189=EDGE_LOOP('',(#1447,#1448,#1449,#1450));
#6190=EDGE_LOOP('',(#1451,#1452,#1453,#1454));
#6191=EDGE_LOOP('',(#1455,#1456,#1457,#1458));
#6192=EDGE_LOOP('',(#1459,#1460,#1461,#1462));
#6193=EDGE_LOOP('',(#1463,#1464,#1465,#1466));
#6194=EDGE_LOOP('',(#1467,#1468,#1469,#1470));
#6195=EDGE_LOOP('',(#1471,#1472,#1473,#1474));
#6196=EDGE_LOOP('',(#1475,#1476,#1477,#1478));
#6197=EDGE_LOOP('',(#1479,#1480,#1481,#1482));
#6198=EDGE_LOOP('',(#1483,#1484,#1485,#1486));
#6199=EDGE_LOOP('',(#1487,#1488,#1489,#1490));
#6200=EDGE_LOOP('',(#1491,#1492,#1493,#1494));
#6201=EDGE_LOOP('',(#1495,#1496,#1497,#1498));
#6202=EDGE_LOOP('',(#1499,#1500,#1501,#1502));
#6203=EDGE_LOOP('',(#1503,#1504,#1505,#1506));
#6204=EDGE_LOOP('',(#1507,#1508,#1509,#1510));
#6205=EDGE_LOOP('',(#1511,#1512,#1513,#1514));
#6206=EDGE_LOOP('',(#1515,#1516,#1517,#1518));
#6207=EDGE_LOOP('',(#1519,#1520,#1521,#1522));
#6208=EDGE_LOOP('',(#1523,#1524,#1525,#1526));
#6209=EDGE_LOOP('',(#1527,#1528,#1529,#1530,#1531,#1532,#1533,#1534,#1535,
#1536,#1537,#1538));
#6210=EDGE_LOOP('',(#1539,#1540,#1541,#1542,#1543,#1544,#1545,#1546));
#6211=EDGE_LOOP('',(#1547,#1548,#1549,#1550,#1551,#1552,#1553,#1554));
#6212=EDGE_LOOP('',(#1555,#1556,#1557,#1558));
#6213=EDGE_LOOP('',(#1559,#1560,#1561,#1562));
#6214=EDGE_LOOP('',(#1563,#1564,#1565,#1566));
#6215=EDGE_LOOP('',(#1567,#1568,#1569,#1570));
#6216=EDGE_LOOP('',(#1571,#1572,#1573,#1574));
#6217=EDGE_LOOP('',(#1575,#1576,#1577,#1578));
#6218=EDGE_LOOP('',(#1579,#1580,#1581,#1582));
#6219=EDGE_LOOP('',(#1583,#1584,#1585,#1586));
#6220=EDGE_LOOP('',(#1587,#1588,#1589,#1590));
#6221=EDGE_LOOP('',(#1591,#1592,#1593,#1594));
#6222=EDGE_LOOP('',(#1595,#1596,#1597,#1598,#1599,#1600,#1601,#1602,#1603,
#1604));
#6223=EDGE_LOOP('',(#1605,#1606,#1607,#1608));
#6224=EDGE_LOOP('',(#1609,#1610,#1611,#1612));
#6225=EDGE_LOOP('',(#1613,#1614,#1615,#1616));
#6226=EDGE_LOOP('',(#1617,#1618,#1619,#1620));
#6227=EDGE_LOOP('',(#1621,#1622,#1623,#1624));
#6228=EDGE_LOOP('',(#1625,#1626,#1627,#1628));
#6229=EDGE_LOOP('',(#1629,#1630,#1631,#1632));
#6230=EDGE_LOOP('',(#1633,#1634,#1635,#1636));
#6231=EDGE_LOOP('',(#1637,#1638,#1639,#1640));
#6232=EDGE_LOOP('',(#1641,#1642,#1643,#1644));
#6233=EDGE_LOOP('',(#1645,#1646,#1647,#1648));
#6234=EDGE_LOOP('',(#1649,#1650,#1651,#1652));
#6235=EDGE_LOOP('',(#1653,#1654,#1655,#1656));
#6236=EDGE_LOOP('',(#1657,#1658,#1659,#1660));
#6237=EDGE_LOOP('',(#1661,#1662,#1663,#1664));
#6238=EDGE_LOOP('',(#1665,#1666,#1667,#1668));
#6239=EDGE_LOOP('',(#1669,#1670,#1671,#1672));
#6240=EDGE_LOOP('',(#1673,#1674,#1675,#1676));
#6241=EDGE_LOOP('',(#1677,#1678,#1679,#1680));
#6242=EDGE_LOOP('',(#1681,#1682,#1683,#1684));
#6243=EDGE_LOOP('',(#1685,#1686,#1687,#1688));
#6244=EDGE_LOOP('',(#1689,#1690,#1691,#1692));
#6245=EDGE_LOOP('',(#1693,#1694,#1695,#1696));
#6246=EDGE_LOOP('',(#1697,#1698,#1699,#1700));
#6247=EDGE_LOOP('',(#1701,#1702,#1703,#1704,#1705,#1706,#1707,#1708,#1709,
#1710,#1711,#1712,#1713,#1714));
#6248=EDGE_LOOP('',(#1715,#1716,#1717,#1718,#1719,#1720,#1721,#1722,#1723,
#1724));
#6249=EDGE_LOOP('',(#1725,#1726,#1727,#1728,#1729,#1730,#1731,#1732,#1733,
#1734));
#6250=EDGE_LOOP('',(#1735,#1736,#1737,#1738));
#6251=EDGE_LOOP('',(#1739,#1740,#1741,#1742));
#6252=EDGE_LOOP('',(#1743,#1744,#1745,#1746));
#6253=EDGE_LOOP('',(#1747,#1748,#1749,#1750));
#6254=EDGE_LOOP('',(#1751,#1752,#1753,#1754));
#6255=EDGE_LOOP('',(#1755,#1756,#1757,#1758));
#6256=EDGE_LOOP('',(#1759,#1760,#1761,#1762));
#6257=EDGE_LOOP('',(#1763,#1764,#1765,#1766));
#6258=EDGE_LOOP('',(#1767,#1768,#1769,#1770,#1771,#1772,#1773,#1774));
#6259=EDGE_LOOP('',(#1775,#1776,#1777,#1778));
#6260=EDGE_LOOP('',(#1779,#1780,#1781,#1782));
#6261=EDGE_LOOP('',(#1783,#1784,#1785,#1786));
#6262=EDGE_LOOP('',(#1787,#1788,#1789,#1790));
#6263=EDGE_LOOP('',(#1791,#1792,#1793,#1794));
#6264=EDGE_LOOP('',(#1795,#1796,#1797,#1798));
#6265=EDGE_LOOP('',(#1799,#1800,#1801,#1802));
#6266=EDGE_LOOP('',(#1803,#1804,#1805,#1806));
#6267=EDGE_LOOP('',(#1807,#1808,#1809,#1810));
#6268=EDGE_LOOP('',(#1811,#1812,#1813,#1814));
#6269=EDGE_LOOP('',(#1815,#1816,#1817,#1818));
#6270=EDGE_LOOP('',(#1819,#1820,#1821,#1822));
#6271=EDGE_LOOP('',(#1823,#1824,#1825,#1826,#1827,#1828,#1829,#1830,#1831,
#1832,#1833,#1834));
#6272=EDGE_LOOP('',(#1835,#1836,#1837,#1838));
#6273=EDGE_LOOP('',(#1839,#1840,#1841,#1842));
#6274=EDGE_LOOP('',(#1843,#1844,#1845,#1846));
#6275=EDGE_LOOP('',(#1847,#1848,#1849,#1850));
#6276=EDGE_LOOP('',(#1851,#1852,#1853,#1854));
#6277=EDGE_LOOP('',(#1855,#1856,#1857,#1858));
#6278=EDGE_LOOP('',(#1859,#1860,#1861,#1862));
#6279=EDGE_LOOP('',(#1863,#1864,#1865,#1866));
#6280=EDGE_LOOP('',(#1867,#1868,#1869,#1870));
#6281=EDGE_LOOP('',(#1871,#1872,#1873,#1874));
#6282=EDGE_LOOP('',(#1875,#1876,#1877,#1878));
#6283=EDGE_LOOP('',(#1879,#1880,#1881,#1882));
#6284=EDGE_LOOP('',(#1883,#1884,#1885,#1886));
#6285=EDGE_LOOP('',(#1887,#1888,#1889,#1890));
#6286=EDGE_LOOP('',(#1891,#1892,#1893,#1894));
#6287=EDGE_LOOP('',(#1895,#1896,#1897,#1898));
#6288=EDGE_LOOP('',(#1899,#1900,#1901,#1902,#1903,#1904,#1905,#1906,#1907));
#6289=EDGE_LOOP('',(#1908,#1909,#1910,#1911,#1912,#1913,#1914));
#6290=EDGE_LOOP('',(#1915,#1916,#1917,#1918,#1919,#1920,#1921));
#6291=EDGE_LOOP('',(#1922,#1923,#1924,#1925));
#6292=EDGE_LOOP('',(#1926,#1927,#1928,#1929));
#6293=EDGE_LOOP('',(#1930,#1931,#1932,#1933));
#6294=EDGE_LOOP('',(#1934,#1935,#1936,#1937));
#6295=EDGE_LOOP('',(#1938,#1939,#1940,#1941));
#6296=EDGE_LOOP('',(#1942,#1943,#1944,#1945));
#6297=EDGE_LOOP('',(#1946,#1947,#1948,#1949));
#6298=EDGE_LOOP('',(#1950,#1951,#1952,#1953));
#6299=EDGE_LOOP('',(#1954,#1955,#1956,#1957));
#6300=EDGE_LOOP('',(#1958,#1959,#1960,#1961));
#6301=EDGE_LOOP('',(#1962,#1963,#1964,#1965));
#6302=EDGE_LOOP('',(#1966,#1967,#1968,#1969,#1970,#1971,#1972,#1973));
#6303=EDGE_LOOP('',(#1974,#1975,#1976));
#6304=EDGE_LOOP('',(#1977,#1978,#1979));
#6305=EDGE_LOOP('',(#1980,#1981,#1982,#1983));
#6306=EDGE_LOOP('',(#1984,#1985,#1986,#1987));
#6307=EDGE_LOOP('',(#1988,#1989,#1990,#1991));
#6308=EDGE_LOOP('',(#1992,#1993,#1994,#1995));
#6309=EDGE_LOOP('',(#1996,#1997,#1998,#1999));
#6310=EDGE_LOOP('',(#2000,#2001,#2002,#2003));
#6311=EDGE_LOOP('',(#2004,#2005,#2006,#2007));
#6312=EDGE_LOOP('',(#2008,#2009,#2010,#2011));
#6313=EDGE_LOOP('',(#2012,#2013,#2014,#2015));
#6314=EDGE_LOOP('',(#2016,#2017,#2018,#2019));
#6315=EDGE_LOOP('',(#2020,#2021,#2022,#2023));
#6316=EDGE_LOOP('',(#2024,#2025,#2026,#2027));
#6317=EDGE_LOOP('',(#2028,#2029,#2030,#2031));
#6318=EDGE_LOOP('',(#2032,#2033,#2034,#2035));
#6319=EDGE_LOOP('',(#2036,#2037,#2038,#2039));
#6320=EDGE_LOOP('',(#2040,#2041,#2042,#2043));
#6321=EDGE_LOOP('',(#2044,#2045,#2046,#2047));
#6322=EDGE_LOOP('',(#2048,#2049,#2050,#2051));
#6323=EDGE_LOOP('',(#2052,#2053,#2054,#2055,#2056,#2057,#2058,#2059,#2060,
#2061));
#6324=EDGE_LOOP('',(#2062,#2063,#2064,#2065,#2066,#2067,#2068,#2069));
#6325=EDGE_LOOP('',(#2070,#2071,#2072,#2073,#2074,#2075,#2076,#2077));
#6326=EDGE_LOOP('',(#2078,#2079,#2080,#2081));
#6327=EDGE_LOOP('',(#2082,#2083,#2084,#2085));
#6328=EDGE_LOOP('',(#2086,#2087,#2088,#2089));
#6329=EDGE_LOOP('',(#2090,#2091,#2092,#2093));
#6330=EDGE_LOOP('',(#2094,#2095,#2096,#2097));
#6331=EDGE_LOOP('',(#2098,#2099,#2100,#2101));
#6332=EDGE_LOOP('',(#2102,#2103,#2104,#2105));
#6333=EDGE_LOOP('',(#2106,#2107,#2108,#2109));
#6334=EDGE_LOOP('',(#2110,#2111,#2112,#2113));
#6335=EDGE_LOOP('',(#2114,#2115,#2116,#2117));
#6336=EDGE_LOOP('',(#2118,#2119,#2120,#2121));
#6337=EDGE_LOOP('',(#2122,#2123,#2124,#2125));
#6338=EDGE_LOOP('',(#2126,#2127,#2128,#2129));
#6339=EDGE_LOOP('',(#2130,#2131,#2132,#2133));
#6340=EDGE_LOOP('',(#2134,#2135,#2136,#2137));
#6341=EDGE_LOOP('',(#2138,#2139,#2140,#2141));
#6342=EDGE_LOOP('',(#2142,#2143,#2144,#2145));
#6343=EDGE_LOOP('',(#2146,#2147,#2148,#2149));
#6344=EDGE_LOOP('',(#2150,#2151,#2152,#2153));
#6345=EDGE_LOOP('',(#2154,#2155,#2156,#2157,#2158,#2159,#2160,#2161,#2162,
#2163,#2164,#2165));
#6346=EDGE_LOOP('',(#2166,#2167,#2168,#2169,#2170,#2171,#2172));
#6347=EDGE_LOOP('',(#2173,#2174,#2175,#2176,#2177,#2178,#2179));
#6348=EDGE_LOOP('',(#2180,#2181,#2182,#2183));
#6349=EDGE_LOOP('',(#2184,#2185,#2186,#2187));
#6350=EDGE_LOOP('',(#2188,#2189,#2190,#2191));
#6351=EDGE_LOOP('',(#2192,#2193,#2194,#2195));
#6352=EDGE_LOOP('',(#2196,#2197,#2198,#2199));
#6353=EDGE_LOOP('',(#2200,#2201,#2202,#2203));
#6354=EDGE_LOOP('',(#2204,#2205,#2206,#2207));
#6355=EDGE_LOOP('',(#2208,#2209,#2210,#2211));
#6356=EDGE_LOOP('',(#2212,#2213,#2214,#2215));
#6357=EDGE_LOOP('',(#2216,#2217,#2218,#2219));
#6358=EDGE_LOOP('',(#2220,#2221,#2222,#2223));
#6359=EDGE_LOOP('',(#2224,#2225,#2226,#2227));
#6360=EDGE_LOOP('',(#2228,#2229,#2230,#2231));
#6361=EDGE_LOOP('',(#2232,#2233,#2234,#2235));
#6362=EDGE_LOOP('',(#2236,#2237,#2238,#2239,#2240,#2241,#2242,#2243,#2244,
#2245,#2246,#2247,#2248,#2249));
#6363=EDGE_LOOP('',(#2250,#2251,#2252));
#6364=EDGE_LOOP('',(#2253,#2254,#2255,#2256,#2257,#2258,#2259,#2260));
#6365=EDGE_LOOP('',(#2261,#2262,#2263));
#6366=EDGE_LOOP('',(#2264,#2265,#2266));
#6367=EDGE_LOOP('',(#2267));
#6368=EDGE_LOOP('',(#2268));
#6369=EDGE_LOOP('',(#2269));
#6370=EDGE_LOOP('',(#2270));
#6371=EDGE_LOOP('',(#2271));
#6372=EDGE_LOOP('',(#2272));
#6373=EDGE_LOOP('',(#2273));
#6374=EDGE_LOOP('',(#2274));
#6375=EDGE_LOOP('',(#2275,#2276,#2277,#2278));
#6376=EDGE_LOOP('',(#2279,#2280,#2281,#2282));
#6377=EDGE_LOOP('',(#2283,#2284,#2285,#2286));
#6378=EDGE_LOOP('',(#2287,#2288,#2289,#2290));
#6379=EDGE_LOOP('',(#2291,#2292,#2293,#2294));
#6380=EDGE_LOOP('',(#2295,#2296,#2297,#2298));
#6381=EDGE_LOOP('',(#2299,#2300,#2301,#2302));
#6382=EDGE_LOOP('',(#2303,#2304,#2305,#2306));
#6383=EDGE_LOOP('',(#2307,#2308,#2309,#2310));
#6384=EDGE_LOOP('',(#2311));
#6385=EDGE_LOOP('',(#2312));
#6386=EDGE_LOOP('',(#2313));
#6387=EDGE_LOOP('',(#2314));
#6388=EDGE_LOOP('',(#2315));
#6389=EDGE_LOOP('',(#2316));
#6390=EDGE_LOOP('',(#2317,#2318,#2319,#2320));
#6391=EDGE_LOOP('',(#2321));
#6392=EDGE_LOOP('',(#2322));
#6393=EDGE_LOOP('',(#2323,#2324,#2325,#2326));
#6394=EDGE_LOOP('',(#2327,#2328,#2329,#2330,#2331,#2332,#2333,#2334));
#6395=EDGE_LOOP('',(#2335));
#6396=EDGE_LOOP('',(#2336));
#6397=EDGE_LOOP('',(#2337));
#6398=EDGE_LOOP('',(#2338));
#6399=EDGE_LOOP('',(#2339,#2340,#2341,#2342));
#6400=EDGE_LOOP('',(#2343,#2344,#2345,#2346));
#6401=EDGE_LOOP('',(#2347,#2348,#2349,#2350));
#6402=EDGE_LOOP('',(#2351,#2352,#2353,#2354));
#6403=EDGE_LOOP('',(#2355,#2356,#2357));
#6404=EDGE_LOOP('',(#2358));
#6405=EDGE_LOOP('',(#2359,#2360,#2361,#2362));
#6406=EDGE_LOOP('',(#2363));
#6407=EDGE_LOOP('',(#2364,#2365,#2366,#2367));
#6408=EDGE_LOOP('',(#2368));
#6409=EDGE_LOOP('',(#2369,#2370,#2371,#2372));
#6410=EDGE_LOOP('',(#2373));
#6411=EDGE_LOOP('',(#2374,#2375,#2376,#2377));
#6412=EDGE_LOOP('',(#2378,#2379,#2380,#2381));
#6413=EDGE_LOOP('',(#2382,#2383,#2384,#2385,#2386,#2387,#2388,#2389));
#6414=EDGE_LOOP('',(#2390,#2391,#2392,#2393));
#6415=EDGE_LOOP('',(#2394,#2395,#2396));
#6416=EDGE_LOOP('',(#2397,#2398,#2399,#2400,#2401,#2402,#2403,#2404));
#6417=EDGE_LOOP('',(#2405,#2406,#2407,#2408));
#6418=EDGE_LOOP('',(#2409,#2410,#2411));
#6419=EDGE_LOOP('',(#2412,#2413,#2414,#2415,#2416,#2417,#2418,#2419));
#6420=EDGE_LOOP('',(#2420,#2421,#2422,#2423));
#6421=EDGE_LOOP('',(#2424,#2425,#2426));
#6422=EDGE_LOOP('',(#2427,#2428,#2429,#2430,#2431,#2432,#2433,#2434));
#6423=EDGE_LOOP('',(#2435,#2436,#2437));
#6424=EDGE_LOOP('',(#2438,#2439,#2440,#2441));
#6425=EDGE_LOOP('',(#2442,#2443,#2444,#2445));
#6426=EDGE_LOOP('',(#2446,#2447,#2448,#2449));
#6427=EDGE_LOOP('',(#2450,#2451,#2452,#2453));
#6428=EDGE_LOOP('',(#2454,#2455,#2456,#2457,#2458,#2459,#2460,#2461));
#6429=EDGE_LOOP('',(#2462));
#6430=EDGE_LOOP('',(#2463));
#6431=EDGE_LOOP('',(#2464));
#6432=EDGE_LOOP('',(#2465));
#6433=EDGE_LOOP('',(#2466));
#6434=EDGE_LOOP('',(#2467));
#6435=EDGE_LOOP('',(#2468));
#6436=EDGE_LOOP('',(#2469));
#6437=EDGE_LOOP('',(#2470));
#6438=EDGE_LOOP('',(#2471));
#6439=EDGE_LOOP('',(#2472));
#6440=EDGE_LOOP('',(#2473));
#6441=EDGE_LOOP('',(#2474));
#6442=EDGE_LOOP('',(#2475));
#6443=EDGE_LOOP('',(#2476));
#6444=EDGE_LOOP('',(#2477));
#6445=EDGE_LOOP('',(#2478));
#6446=EDGE_LOOP('',(#2479));
#6447=EDGE_LOOP('',(#2480));
#6448=EDGE_LOOP('',(#2481));
#6449=EDGE_LOOP('',(#2482));
#6450=EDGE_LOOP('',(#2483));
#6451=EDGE_LOOP('',(#2484));
#6452=EDGE_LOOP('',(#2485));
#6453=EDGE_LOOP('',(#2486));
#6454=EDGE_LOOP('',(#2487));
#6455=EDGE_LOOP('',(#2488));
#6456=EDGE_LOOP('',(#2489));
#6457=EDGE_LOOP('',(#2490));
#6458=EDGE_LOOP('',(#2491));
#6459=EDGE_LOOP('',(#2492));
#6460=EDGE_LOOP('',(#2493));
#6461=EDGE_LOOP('',(#2494));
#6462=EDGE_LOOP('',(#2495));
#6463=EDGE_LOOP('',(#2496));
#6464=EDGE_LOOP('',(#2497));
#6465=EDGE_LOOP('',(#2498));
#6466=EDGE_LOOP('',(#2499));
#6467=EDGE_LOOP('',(#2500));
#6468=EDGE_LOOP('',(#2501));
#6469=EDGE_LOOP('',(#2502));
#6470=EDGE_LOOP('',(#2503));
#6471=EDGE_LOOP('',(#2504));
#6472=EDGE_LOOP('',(#2505));
#6473=EDGE_LOOP('',(#2506,#2507,#2508,#2509));
#6474=EDGE_LOOP('',(#2510));
#6475=EDGE_LOOP('',(#2511));
#6476=EDGE_LOOP('',(#2512));
#6477=EDGE_LOOP('',(#2513));
#6478=EDGE_LOOP('',(#2514));
#6479=EDGE_LOOP('',(#2515,#2516,#2517,#2518));
#6480=EDGE_LOOP('',(#2519,#2520,#2521,#2522,#2523,#2524,#2525,#2526));
#6481=EDGE_LOOP('',(#2527));
#6482=EDGE_LOOP('',(#2528));
#6483=EDGE_LOOP('',(#2529));
#6484=EDGE_LOOP('',(#2530));
#6485=EDGE_LOOP('',(#2531));
#6486=EDGE_LOOP('',(#2532));
#6487=EDGE_LOOP('',(#2533));
#6488=EDGE_LOOP('',(#2534));
#6489=EDGE_LOOP('',(#2535));
#6490=EDGE_LOOP('',(#2536));
#6491=EDGE_LOOP('',(#2537));
#6492=EDGE_LOOP('',(#2538));
#6493=EDGE_LOOP('',(#2539));
#6494=EDGE_LOOP('',(#2540));
#6495=EDGE_LOOP('',(#2541));
#6496=EDGE_LOOP('',(#2542));
#6497=EDGE_LOOP('',(#2543));
#6498=EDGE_LOOP('',(#2544));
#6499=EDGE_LOOP('',(#2545));
#6500=EDGE_LOOP('',(#2546));
#6501=EDGE_LOOP('',(#2547));
#6502=EDGE_LOOP('',(#2548));
#6503=EDGE_LOOP('',(#2549));
#6504=EDGE_LOOP('',(#2550));
#6505=EDGE_LOOP('',(#2551));
#6506=EDGE_LOOP('',(#2552));
#6507=EDGE_LOOP('',(#2553));
#6508=EDGE_LOOP('',(#2554));
#6509=EDGE_LOOP('',(#2555));
#6510=EDGE_LOOP('',(#2556));
#6511=EDGE_LOOP('',(#2557));
#6512=EDGE_LOOP('',(#2558));
#6513=EDGE_LOOP('',(#2559));
#6514=EDGE_LOOP('',(#2560));
#6515=EDGE_LOOP('',(#2561));
#6516=EDGE_LOOP('',(#2562));
#6517=EDGE_LOOP('',(#2563));
#6518=EDGE_LOOP('',(#2564));
#6519=EDGE_LOOP('',(#2565));
#6520=EDGE_LOOP('',(#2566));
#6521=EDGE_LOOP('',(#2567));
#6522=EDGE_LOOP('',(#2568));
#6523=EDGE_LOOP('',(#2569));
#6524=EDGE_LOOP('',(#2570));
#6525=EDGE_LOOP('',(#2571,#2572,#2573,#2574));
#6526=EDGE_LOOP('',(#2575));
#6527=EDGE_LOOP('',(#2576));
#6528=EDGE_LOOP('',(#2577));
#6529=EDGE_LOOP('',(#2578));
#6530=EDGE_LOOP('',(#2579));
#6531=EDGE_LOOP('',(#2580,#2581,#2582,#2583));
#6532=EDGE_LOOP('',(#2584,#2585,#2586,#2587));
#6533=EDGE_LOOP('',(#2588,#2589,#2590,#2591));
#6534=EDGE_LOOP('',(#2592,#2593,#2594,#2595));
#6535=EDGE_LOOP('',(#2596,#2597,#2598,#2599));
#6536=EDGE_LOOP('',(#2600,#2601,#2602,#2603));
#6537=EDGE_LOOP('',(#2604,#2605,#2606,#2607));
#6538=EDGE_LOOP('',(#2608,#2609,#2610,#2611));
#6539=EDGE_LOOP('',(#2612,#2613,#2614,#2615));
#6540=EDGE_LOOP('',(#2616,#2617,#2618,#2619));
#6541=EDGE_LOOP('',(#2620,#2621,#2622,#2623));
#6542=EDGE_LOOP('',(#2624,#2625,#2626,#2627));
#6543=EDGE_LOOP('',(#2628,#2629,#2630,#2631));
#6544=EDGE_LOOP('',(#2632,#2633,#2634,#2635));
#6545=EDGE_LOOP('',(#2636,#2637,#2638,#2639));
#6546=EDGE_LOOP('',(#2640,#2641,#2642,#2643));
#6547=EDGE_LOOP('',(#2644,#2645,#2646,#2647));
#6548=EDGE_LOOP('',(#2648,#2649,#2650,#2651));
#6549=EDGE_LOOP('',(#2652,#2653,#2654,#2655));
#6550=EDGE_LOOP('',(#2656,#2657,#2658,#2659));
#6551=EDGE_LOOP('',(#2660,#2661,#2662,#2663));
#6552=EDGE_LOOP('',(#2664,#2665,#2666,#2667));
#6553=EDGE_LOOP('',(#2668,#2669,#2670,#2671));
#6554=EDGE_LOOP('',(#2672,#2673,#2674,#2675));
#6555=EDGE_LOOP('',(#2676,#2677,#2678,#2679));
#6556=EDGE_LOOP('',(#2680,#2681,#2682,#2683));
#6557=EDGE_LOOP('',(#2684,#2685,#2686,#2687));
#6558=EDGE_LOOP('',(#2688,#2689,#2690,#2691));
#6559=EDGE_LOOP('',(#2692,#2693,#2694,#2695));
#6560=EDGE_LOOP('',(#2696,#2697,#2698,#2699));
#6561=EDGE_LOOP('',(#2700,#2701,#2702,#2703));
#6562=EDGE_LOOP('',(#2704,#2705,#2706,#2707));
#6563=EDGE_LOOP('',(#2708,#2709,#2710,#2711));
#6564=EDGE_LOOP('',(#2712,#2713,#2714,#2715));
#6565=EDGE_LOOP('',(#2716,#2717,#2718,#2719));
#6566=EDGE_LOOP('',(#2720,#2721,#2722,#2723));
#6567=EDGE_LOOP('',(#2724,#2725,#2726,#2727));
#6568=EDGE_LOOP('',(#2728,#2729,#2730,#2731));
#6569=EDGE_LOOP('',(#2732,#2733,#2734,#2735));
#6570=EDGE_LOOP('',(#2736,#2737,#2738,#2739));
#6571=EDGE_LOOP('',(#2740,#2741,#2742,#2743));
#6572=EDGE_LOOP('',(#2744,#2745,#2746,#2747));
#6573=EDGE_LOOP('',(#2748,#2749,#2750,#2751));
#6574=EDGE_LOOP('',(#2752,#2753,#2754,#2755));
#6575=EDGE_LOOP('',(#2756,#2757,#2758,#2759));
#6576=EDGE_LOOP('',(#2760,#2761,#2762,#2763));
#6577=EDGE_LOOP('',(#2764,#2765,#2766,#2767));
#6578=EDGE_LOOP('',(#2768,#2769,#2770,#2771));
#6579=EDGE_LOOP('',(#2772,#2773,#2774,#2775));
#6580=EDGE_LOOP('',(#2776,#2777,#2778,#2779));
#6581=EDGE_LOOP('',(#2780,#2781,#2782,#2783));
#6582=EDGE_LOOP('',(#2784,#2785,#2786,#2787));
#6583=EDGE_LOOP('',(#2788,#2789,#2790,#2791));
#6584=EDGE_LOOP('',(#2792,#2793,#2794,#2795));
#6585=EDGE_LOOP('',(#2796,#2797,#2798,#2799));
#6586=EDGE_LOOP('',(#2800,#2801,#2802,#2803));
#6587=EDGE_LOOP('',(#2804,#2805,#2806,#2807));
#6588=EDGE_LOOP('',(#2808,#2809,#2810,#2811));
#6589=EDGE_LOOP('',(#2812,#2813,#2814,#2815));
#6590=EDGE_LOOP('',(#2816,#2817,#2818,#2819));
#6591=EDGE_LOOP('',(#2820,#2821,#2822,#2823));
#6592=EDGE_LOOP('',(#2824,#2825,#2826,#2827));
#6593=EDGE_LOOP('',(#2828,#2829,#2830,#2831));
#6594=FACE_BOUND('',#6025,.T.);
#6595=FACE_BOUND('',#6026,.T.);
#6596=FACE_BOUND('',#6027,.T.);
#6597=FACE_BOUND('',#6028,.T.);
#6598=FACE_BOUND('',#6029,.T.);
#6599=FACE_BOUND('',#6030,.T.);
#6600=FACE_BOUND('',#6031,.T.);
#6601=FACE_BOUND('',#6032,.T.);
#6602=FACE_BOUND('',#6033,.T.);
#6603=FACE_BOUND('',#6034,.T.);
#6604=FACE_BOUND('',#6035,.T.);
#6605=FACE_BOUND('',#6036,.T.);
#6606=FACE_BOUND('',#6037,.T.);
#6607=FACE_BOUND('',#6038,.T.);
#6608=FACE_BOUND('',#6039,.T.);
#6609=FACE_BOUND('',#6040,.T.);
#6610=FACE_BOUND('',#6041,.T.);
#6611=FACE_BOUND('',#6042,.T.);
#6612=FACE_BOUND('',#6043,.T.);
#6613=FACE_BOUND('',#6044,.T.);
#6614=FACE_BOUND('',#6045,.T.);
#6615=FACE_BOUND('',#6046,.T.);
#6616=FACE_BOUND('',#6047,.T.);
#6617=FACE_BOUND('',#6048,.T.);
#6618=FACE_BOUND('',#6049,.T.);
#6619=FACE_BOUND('',#6050,.T.);
#6620=FACE_BOUND('',#6051,.T.);
#6621=FACE_BOUND('',#6052,.T.);
#6622=FACE_BOUND('',#6053,.T.);
#6623=FACE_BOUND('',#6054,.T.);
#6624=FACE_BOUND('',#6055,.T.);
#6625=FACE_BOUND('',#6056,.T.);
#6626=FACE_BOUND('',#6057,.T.);
#6627=FACE_BOUND('',#6058,.T.);
#6628=FACE_BOUND('',#6059,.T.);
#6629=FACE_BOUND('',#6060,.T.);
#6630=FACE_BOUND('',#6061,.T.);
#6631=FACE_BOUND('',#6062,.T.);
#6632=FACE_BOUND('',#6063,.T.);
#6633=FACE_BOUND('',#6064,.T.);
#6634=FACE_BOUND('',#6065,.T.);
#6635=FACE_BOUND('',#6066,.T.);
#6636=FACE_BOUND('',#6067,.T.);
#6637=FACE_BOUND('',#6068,.T.);
#6638=FACE_BOUND('',#6069,.T.);
#6639=FACE_BOUND('',#6070,.T.);
#6640=FACE_BOUND('',#6071,.T.);
#6641=FACE_BOUND('',#6072,.T.);
#6642=FACE_BOUND('',#6073,.T.);
#6643=FACE_BOUND('',#6074,.T.);
#6644=FACE_BOUND('',#6075,.T.);
#6645=FACE_BOUND('',#6076,.T.);
#6646=FACE_BOUND('',#6077,.T.);
#6647=FACE_BOUND('',#6078,.T.);
#6648=FACE_BOUND('',#6079,.T.);
#6649=FACE_BOUND('',#6080,.T.);
#6650=FACE_BOUND('',#6081,.T.);
#6651=FACE_BOUND('',#6082,.T.);
#6652=FACE_BOUND('',#6083,.T.);
#6653=FACE_BOUND('',#6084,.T.);
#6654=FACE_BOUND('',#6085,.T.);
#6655=FACE_BOUND('',#6086,.T.);
#6656=FACE_BOUND('',#6087,.T.);
#6657=FACE_BOUND('',#6088,.T.);
#6658=FACE_BOUND('',#6089,.T.);
#6659=FACE_BOUND('',#6090,.T.);
#6660=FACE_BOUND('',#6091,.T.);
#6661=FACE_BOUND('',#6092,.T.);
#6662=FACE_BOUND('',#6093,.T.);
#6663=FACE_BOUND('',#6094,.T.);
#6664=FACE_BOUND('',#6095,.T.);
#6665=FACE_BOUND('',#6096,.T.);
#6666=FACE_BOUND('',#6097,.T.);
#6667=FACE_BOUND('',#6098,.T.);
#6668=FACE_BOUND('',#6099,.T.);
#6669=FACE_BOUND('',#6100,.T.);
#6670=FACE_BOUND('',#6101,.T.);
#6671=FACE_BOUND('',#6102,.T.);
#6672=FACE_BOUND('',#6103,.T.);
#6673=FACE_BOUND('',#6104,.T.);
#6674=FACE_BOUND('',#6105,.T.);
#6675=FACE_BOUND('',#6106,.T.);
#6676=FACE_BOUND('',#6107,.T.);
#6677=FACE_BOUND('',#6108,.T.);
#6678=FACE_BOUND('',#6109,.T.);
#6679=FACE_BOUND('',#6110,.T.);
#6680=FACE_BOUND('',#6111,.T.);
#6681=FACE_BOUND('',#6112,.T.);
#6682=FACE_BOUND('',#6113,.T.);
#6683=FACE_BOUND('',#6114,.T.);
#6684=FACE_BOUND('',#6115,.T.);
#6685=FACE_BOUND('',#6116,.T.);
#6686=FACE_BOUND('',#6117,.T.);
#6687=FACE_BOUND('',#6118,.T.);
#6688=FACE_BOUND('',#6119,.T.);
#6689=FACE_BOUND('',#6120,.T.);
#6690=FACE_BOUND('',#6121,.T.);
#6691=FACE_BOUND('',#6122,.T.);
#6692=FACE_BOUND('',#6123,.T.);
#6693=FACE_BOUND('',#6124,.T.);
#6694=FACE_BOUND('',#6125,.T.);
#6695=FACE_BOUND('',#6126,.T.);
#6696=FACE_BOUND('',#6127,.T.);
#6697=FACE_BOUND('',#6128,.T.);
#6698=FACE_BOUND('',#6129,.T.);
#6699=FACE_BOUND('',#6130,.T.);
#6700=FACE_BOUND('',#6131,.T.);
#6701=FACE_BOUND('',#6132,.T.);
#6702=FACE_BOUND('',#6133,.T.);
#6703=FACE_BOUND('',#6134,.T.);
#6704=FACE_BOUND('',#6135,.T.);
#6705=FACE_BOUND('',#6136,.T.);
#6706=FACE_BOUND('',#6137,.T.);
#6707=FACE_BOUND('',#6138,.T.);
#6708=FACE_BOUND('',#6139,.T.);
#6709=FACE_BOUND('',#6140,.T.);
#6710=FACE_BOUND('',#6141,.T.);
#6711=FACE_BOUND('',#6142,.T.);
#6712=FACE_BOUND('',#6143,.T.);
#6713=FACE_BOUND('',#6144,.T.);
#6714=FACE_BOUND('',#6145,.T.);
#6715=FACE_BOUND('',#6146,.T.);
#6716=FACE_BOUND('',#6147,.T.);
#6717=FACE_BOUND('',#6148,.T.);
#6718=FACE_BOUND('',#6149,.T.);
#6719=FACE_BOUND('',#6150,.T.);
#6720=FACE_BOUND('',#6151,.T.);
#6721=FACE_BOUND('',#6152,.T.);
#6722=FACE_BOUND('',#6153,.T.);
#6723=FACE_BOUND('',#6154,.T.);
#6724=FACE_BOUND('',#6155,.T.);
#6725=FACE_BOUND('',#6156,.T.);
#6726=FACE_BOUND('',#6157,.T.);
#6727=FACE_BOUND('',#6158,.T.);
#6728=FACE_BOUND('',#6159,.T.);
#6729=FACE_BOUND('',#6160,.T.);
#6730=FACE_BOUND('',#6161,.T.);
#6731=FACE_BOUND('',#6162,.T.);
#6732=FACE_BOUND('',#6163,.T.);
#6733=FACE_BOUND('',#6164,.T.);
#6734=FACE_BOUND('',#6165,.T.);
#6735=FACE_BOUND('',#6166,.T.);
#6736=FACE_BOUND('',#6167,.T.);
#6737=FACE_BOUND('',#6168,.T.);
#6738=FACE_BOUND('',#6169,.T.);
#6739=FACE_BOUND('',#6170,.T.);
#6740=FACE_BOUND('',#6171,.T.);
#6741=FACE_BOUND('',#6172,.T.);
#6742=FACE_BOUND('',#6173,.T.);
#6743=FACE_BOUND('',#6174,.T.);
#6744=FACE_BOUND('',#6175,.T.);
#6745=FACE_BOUND('',#6176,.T.);
#6746=FACE_BOUND('',#6177,.T.);
#6747=FACE_BOUND('',#6178,.T.);
#6748=FACE_BOUND('',#6179,.T.);
#6749=FACE_BOUND('',#6180,.T.);
#6750=FACE_BOUND('',#6181,.T.);
#6751=FACE_BOUND('',#6182,.T.);
#6752=FACE_BOUND('',#6183,.T.);
#6753=FACE_BOUND('',#6184,.T.);
#6754=FACE_BOUND('',#6185,.T.);
#6755=FACE_BOUND('',#6186,.T.);
#6756=FACE_BOUND('',#6187,.T.);
#6757=FACE_BOUND('',#6188,.T.);
#6758=FACE_BOUND('',#6189,.T.);
#6759=FACE_BOUND('',#6190,.T.);
#6760=FACE_BOUND('',#6191,.T.);
#6761=FACE_BOUND('',#6192,.T.);
#6762=FACE_BOUND('',#6193,.T.);
#6763=FACE_BOUND('',#6194,.T.);
#6764=FACE_BOUND('',#6195,.T.);
#6765=FACE_BOUND('',#6196,.T.);
#6766=FACE_BOUND('',#6197,.T.);
#6767=FACE_BOUND('',#6198,.T.);
#6768=FACE_BOUND('',#6199,.T.);
#6769=FACE_BOUND('',#6200,.T.);
#6770=FACE_BOUND('',#6201,.T.);
#6771=FACE_BOUND('',#6202,.T.);
#6772=FACE_BOUND('',#6203,.T.);
#6773=FACE_BOUND('',#6204,.T.);
#6774=FACE_BOUND('',#6205,.T.);
#6775=FACE_BOUND('',#6206,.T.);
#6776=FACE_BOUND('',#6207,.T.);
#6777=FACE_BOUND('',#6208,.T.);
#6778=FACE_BOUND('',#6209,.T.);
#6779=FACE_BOUND('',#6210,.T.);
#6780=FACE_BOUND('',#6211,.T.);
#6781=FACE_BOUND('',#6212,.T.);
#6782=FACE_BOUND('',#6213,.T.);
#6783=FACE_BOUND('',#6214,.T.);
#6784=FACE_BOUND('',#6215,.T.);
#6785=FACE_BOUND('',#6216,.T.);
#6786=FACE_BOUND('',#6217,.T.);
#6787=FACE_BOUND('',#6218,.T.);
#6788=FACE_BOUND('',#6219,.T.);
#6789=FACE_BOUND('',#6220,.T.);
#6790=FACE_BOUND('',#6221,.T.);
#6791=FACE_BOUND('',#6222,.T.);
#6792=FACE_BOUND('',#6223,.T.);
#6793=FACE_BOUND('',#6224,.T.);
#6794=FACE_BOUND('',#6225,.T.);
#6795=FACE_BOUND('',#6226,.T.);
#6796=FACE_BOUND('',#6227,.T.);
#6797=FACE_BOUND('',#6228,.T.);
#6798=FACE_BOUND('',#6229,.T.);
#6799=FACE_BOUND('',#6230,.T.);
#6800=FACE_BOUND('',#6231,.T.);
#6801=FACE_BOUND('',#6232,.T.);
#6802=FACE_BOUND('',#6233,.T.);
#6803=FACE_BOUND('',#6234,.T.);
#6804=FACE_BOUND('',#6235,.T.);
#6805=FACE_BOUND('',#6236,.T.);
#6806=FACE_BOUND('',#6237,.T.);
#6807=FACE_BOUND('',#6238,.T.);
#6808=FACE_BOUND('',#6239,.T.);
#6809=FACE_BOUND('',#6240,.T.);
#6810=FACE_BOUND('',#6241,.T.);
#6811=FACE_BOUND('',#6242,.T.);
#6812=FACE_BOUND('',#6243,.T.);
#6813=FACE_BOUND('',#6244,.T.);
#6814=FACE_BOUND('',#6245,.T.);
#6815=FACE_BOUND('',#6246,.T.);
#6816=FACE_BOUND('',#6247,.T.);
#6817=FACE_BOUND('',#6248,.T.);
#6818=FACE_BOUND('',#6249,.T.);
#6819=FACE_BOUND('',#6250,.T.);
#6820=FACE_BOUND('',#6251,.T.);
#6821=FACE_BOUND('',#6252,.T.);
#6822=FACE_BOUND('',#6253,.T.);
#6823=FACE_BOUND('',#6254,.T.);
#6824=FACE_BOUND('',#6255,.T.);
#6825=FACE_BOUND('',#6256,.T.);
#6826=FACE_BOUND('',#6257,.T.);
#6827=FACE_BOUND('',#6258,.T.);
#6828=FACE_BOUND('',#6259,.T.);
#6829=FACE_BOUND('',#6260,.T.);
#6830=FACE_BOUND('',#6261,.T.);
#6831=FACE_BOUND('',#6262,.T.);
#6832=FACE_BOUND('',#6263,.T.);
#6833=FACE_BOUND('',#6264,.T.);
#6834=FACE_BOUND('',#6265,.T.);
#6835=FACE_BOUND('',#6266,.T.);
#6836=FACE_BOUND('',#6267,.T.);
#6837=FACE_BOUND('',#6268,.T.);
#6838=FACE_BOUND('',#6269,.T.);
#6839=FACE_BOUND('',#6270,.T.);
#6840=FACE_BOUND('',#6271,.T.);
#6841=FACE_BOUND('',#6272,.T.);
#6842=FACE_BOUND('',#6273,.T.);
#6843=FACE_BOUND('',#6274,.T.);
#6844=FACE_BOUND('',#6275,.T.);
#6845=FACE_BOUND('',#6276,.T.);
#6846=FACE_BOUND('',#6277,.T.);
#6847=FACE_BOUND('',#6278,.T.);
#6848=FACE_BOUND('',#6279,.T.);
#6849=FACE_BOUND('',#6280,.T.);
#6850=FACE_BOUND('',#6281,.T.);
#6851=FACE_BOUND('',#6282,.T.);
#6852=FACE_BOUND('',#6283,.T.);
#6853=FACE_BOUND('',#6284,.T.);
#6854=FACE_BOUND('',#6285,.T.);
#6855=FACE_BOUND('',#6286,.T.);
#6856=FACE_BOUND('',#6287,.T.);
#6857=FACE_BOUND('',#6288,.T.);
#6858=FACE_BOUND('',#6289,.T.);
#6859=FACE_BOUND('',#6290,.T.);
#6860=FACE_BOUND('',#6291,.T.);
#6861=FACE_BOUND('',#6292,.T.);
#6862=FACE_BOUND('',#6293,.T.);
#6863=FACE_BOUND('',#6294,.T.);
#6864=FACE_BOUND('',#6295,.T.);
#6865=FACE_BOUND('',#6296,.T.);
#6866=FACE_BOUND('',#6297,.T.);
#6867=FACE_BOUND('',#6298,.T.);
#6868=FACE_BOUND('',#6299,.T.);
#6869=FACE_BOUND('',#6300,.T.);
#6870=FACE_BOUND('',#6301,.T.);
#6871=FACE_BOUND('',#6302,.T.);
#6872=FACE_BOUND('',#6303,.T.);
#6873=FACE_BOUND('',#6304,.T.);
#6874=FACE_BOUND('',#6305,.T.);
#6875=FACE_BOUND('',#6306,.T.);
#6876=FACE_BOUND('',#6307,.T.);
#6877=FACE_BOUND('',#6308,.T.);
#6878=FACE_BOUND('',#6309,.T.);
#6879=FACE_BOUND('',#6310,.T.);
#6880=FACE_BOUND('',#6311,.T.);
#6881=FACE_BOUND('',#6312,.T.);
#6882=FACE_BOUND('',#6313,.T.);
#6883=FACE_BOUND('',#6314,.T.);
#6884=FACE_BOUND('',#6315,.T.);
#6885=FACE_BOUND('',#6316,.T.);
#6886=FACE_BOUND('',#6317,.T.);
#6887=FACE_BOUND('',#6318,.T.);
#6888=FACE_BOUND('',#6319,.T.);
#6889=FACE_BOUND('',#6320,.T.);
#6890=FACE_BOUND('',#6321,.T.);
#6891=FACE_BOUND('',#6322,.T.);
#6892=FACE_BOUND('',#6323,.T.);
#6893=FACE_BOUND('',#6324,.T.);
#6894=FACE_BOUND('',#6325,.T.);
#6895=FACE_BOUND('',#6326,.T.);
#6896=FACE_BOUND('',#6327,.T.);
#6897=FACE_BOUND('',#6328,.T.);
#6898=FACE_BOUND('',#6329,.T.);
#6899=FACE_BOUND('',#6330,.T.);
#6900=FACE_BOUND('',#6331,.T.);
#6901=FACE_BOUND('',#6332,.T.);
#6902=FACE_BOUND('',#6333,.T.);
#6903=FACE_BOUND('',#6334,.T.);
#6904=FACE_BOUND('',#6335,.T.);
#6905=FACE_BOUND('',#6336,.T.);
#6906=FACE_BOUND('',#6337,.T.);
#6907=FACE_BOUND('',#6338,.T.);
#6908=FACE_BOUND('',#6339,.T.);
#6909=FACE_BOUND('',#6340,.T.);
#6910=FACE_BOUND('',#6341,.T.);
#6911=FACE_BOUND('',#6342,.T.);
#6912=FACE_BOUND('',#6343,.T.);
#6913=FACE_BOUND('',#6344,.T.);
#6914=FACE_BOUND('',#6345,.T.);
#6915=FACE_BOUND('',#6346,.T.);
#6916=FACE_BOUND('',#6347,.T.);
#6917=FACE_BOUND('',#6348,.T.);
#6918=FACE_BOUND('',#6349,.T.);
#6919=FACE_BOUND('',#6350,.T.);
#6920=FACE_BOUND('',#6351,.T.);
#6921=FACE_BOUND('',#6352,.T.);
#6922=FACE_BOUND('',#6353,.T.);
#6923=FACE_BOUND('',#6354,.T.);
#6924=FACE_BOUND('',#6355,.T.);
#6925=FACE_BOUND('',#6356,.T.);
#6926=FACE_BOUND('',#6357,.T.);
#6927=FACE_BOUND('',#6358,.T.);
#6928=FACE_BOUND('',#6359,.T.);
#6929=FACE_BOUND('',#6360,.T.);
#6930=FACE_BOUND('',#6361,.T.);
#6931=FACE_BOUND('',#6362,.T.);
#6932=FACE_BOUND('',#6363,.T.);
#6933=FACE_BOUND('',#6364,.T.);
#6934=FACE_BOUND('',#6365,.T.);
#6935=FACE_BOUND('',#6366,.T.);
#6936=FACE_BOUND('',#6367,.T.);
#6937=FACE_BOUND('',#6368,.T.);
#6938=FACE_BOUND('',#6369,.T.);
#6939=FACE_BOUND('',#6370,.T.);
#6940=FACE_BOUND('',#6371,.T.);
#6941=FACE_BOUND('',#6372,.T.);
#6942=FACE_BOUND('',#6373,.T.);
#6943=FACE_BOUND('',#6374,.T.);
#6944=FACE_BOUND('',#6375,.T.);
#6945=FACE_BOUND('',#6376,.T.);
#6946=FACE_BOUND('',#6377,.T.);
#6947=FACE_BOUND('',#6378,.T.);
#6948=FACE_BOUND('',#6379,.T.);
#6949=FACE_BOUND('',#6380,.T.);
#6950=FACE_BOUND('',#6381,.T.);
#6951=FACE_BOUND('',#6382,.T.);
#6952=FACE_BOUND('',#6383,.T.);
#6953=FACE_BOUND('',#6384,.T.);
#6954=FACE_BOUND('',#6385,.T.);
#6955=FACE_BOUND('',#6386,.T.);
#6956=FACE_BOUND('',#6387,.T.);
#6957=FACE_BOUND('',#6388,.T.);
#6958=FACE_BOUND('',#6389,.T.);
#6959=FACE_BOUND('',#6390,.T.);
#6960=FACE_BOUND('',#6391,.T.);
#6961=FACE_BOUND('',#6392,.T.);
#6962=FACE_BOUND('',#6393,.T.);
#6963=FACE_BOUND('',#6394,.T.);
#6964=FACE_BOUND('',#6395,.T.);
#6965=FACE_BOUND('',#6396,.T.);
#6966=FACE_BOUND('',#6397,.T.);
#6967=FACE_BOUND('',#6398,.T.);
#6968=FACE_BOUND('',#6399,.T.);
#6969=FACE_BOUND('',#6400,.T.);
#6970=FACE_BOUND('',#6401,.T.);
#6971=FACE_BOUND('',#6402,.T.);
#6972=FACE_BOUND('',#6403,.T.);
#6973=FACE_BOUND('',#6404,.T.);
#6974=FACE_BOUND('',#6405,.T.);
#6975=FACE_BOUND('',#6406,.T.);
#6976=FACE_BOUND('',#6407,.T.);
#6977=FACE_BOUND('',#6408,.T.);
#6978=FACE_BOUND('',#6409,.T.);
#6979=FACE_BOUND('',#6410,.T.);
#6980=FACE_BOUND('',#6411,.T.);
#6981=FACE_BOUND('',#6412,.T.);
#6982=FACE_BOUND('',#6413,.T.);
#6983=FACE_BOUND('',#6414,.T.);
#6984=FACE_BOUND('',#6415,.T.);
#6985=FACE_BOUND('',#6416,.T.);
#6986=FACE_BOUND('',#6417,.T.);
#6987=FACE_BOUND('',#6418,.T.);
#6988=FACE_BOUND('',#6419,.T.);
#6989=FACE_BOUND('',#6420,.T.);
#6990=FACE_BOUND('',#6421,.T.);
#6991=FACE_BOUND('',#6422,.T.);
#6992=FACE_BOUND('',#6423,.T.);
#6993=FACE_BOUND('',#6424,.T.);
#6994=FACE_BOUND('',#6425,.T.);
#6995=FACE_BOUND('',#6426,.T.);
#6996=FACE_BOUND('',#6427,.T.);
#6997=FACE_BOUND('',#6428,.T.);
#6998=FACE_BOUND('',#6429,.T.);
#6999=FACE_BOUND('',#6430,.T.);
#7000=FACE_BOUND('',#6431,.T.);
#7001=FACE_BOUND('',#6432,.T.);
#7002=FACE_BOUND('',#6433,.T.);
#7003=FACE_BOUND('',#6434,.T.);
#7004=FACE_BOUND('',#6435,.T.);
#7005=FACE_BOUND('',#6436,.T.);
#7006=FACE_BOUND('',#6437,.T.);
#7007=FACE_BOUND('',#6438,.T.);
#7008=FACE_BOUND('',#6439,.T.);
#7009=FACE_BOUND('',#6440,.T.);
#7010=FACE_BOUND('',#6441,.T.);
#7011=FACE_BOUND('',#6442,.T.);
#7012=FACE_BOUND('',#6443,.T.);
#7013=FACE_BOUND('',#6444,.T.);
#7014=FACE_BOUND('',#6445,.T.);
#7015=FACE_BOUND('',#6446,.T.);
#7016=FACE_BOUND('',#6447,.T.);
#7017=FACE_BOUND('',#6448,.T.);
#7018=FACE_BOUND('',#6449,.T.);
#7019=FACE_BOUND('',#6450,.T.);
#7020=FACE_BOUND('',#6451,.T.);
#7021=FACE_BOUND('',#6452,.T.);
#7022=FACE_BOUND('',#6453,.T.);
#7023=FACE_BOUND('',#6454,.T.);
#7024=FACE_BOUND('',#6455,.T.);
#7025=FACE_BOUND('',#6456,.T.);
#7026=FACE_BOUND('',#6457,.T.);
#7027=FACE_BOUND('',#6458,.T.);
#7028=FACE_BOUND('',#6459,.T.);
#7029=FACE_BOUND('',#6460,.T.);
#7030=FACE_BOUND('',#6461,.T.);
#7031=FACE_BOUND('',#6462,.T.);
#7032=FACE_BOUND('',#6463,.T.);
#7033=FACE_BOUND('',#6464,.T.);
#7034=FACE_BOUND('',#6465,.T.);
#7035=FACE_BOUND('',#6466,.T.);
#7036=FACE_BOUND('',#6467,.T.);
#7037=FACE_BOUND('',#6468,.T.);
#7038=FACE_BOUND('',#6469,.T.);
#7039=FACE_BOUND('',#6470,.T.);
#7040=FACE_BOUND('',#6471,.T.);
#7041=FACE_BOUND('',#6472,.T.);
#7042=FACE_BOUND('',#6473,.T.);
#7043=FACE_BOUND('',#6474,.T.);
#7044=FACE_BOUND('',#6475,.T.);
#7045=FACE_BOUND('',#6476,.T.);
#7046=FACE_BOUND('',#6477,.T.);
#7047=FACE_BOUND('',#6478,.T.);
#7048=FACE_BOUND('',#6479,.T.);
#7049=FACE_BOUND('',#6480,.T.);
#7050=FACE_BOUND('',#6481,.T.);
#7051=FACE_BOUND('',#6482,.T.);
#7052=FACE_BOUND('',#6483,.T.);
#7053=FACE_BOUND('',#6484,.T.);
#7054=FACE_BOUND('',#6485,.T.);
#7055=FACE_BOUND('',#6486,.T.);
#7056=FACE_BOUND('',#6487,.T.);
#7057=FACE_BOUND('',#6488,.T.);
#7058=FACE_BOUND('',#6489,.T.);
#7059=FACE_BOUND('',#6490,.T.);
#7060=FACE_BOUND('',#6491,.T.);
#7061=FACE_BOUND('',#6492,.T.);
#7062=FACE_BOUND('',#6493,.T.);
#7063=FACE_BOUND('',#6494,.T.);
#7064=FACE_BOUND('',#6495,.T.);
#7065=FACE_BOUND('',#6496,.T.);
#7066=FACE_BOUND('',#6497,.T.);
#7067=FACE_BOUND('',#6498,.T.);
#7068=FACE_BOUND('',#6499,.T.);
#7069=FACE_BOUND('',#6500,.T.);
#7070=FACE_BOUND('',#6501,.T.);
#7071=FACE_BOUND('',#6502,.T.);
#7072=FACE_BOUND('',#6503,.T.);
#7073=FACE_BOUND('',#6504,.T.);
#7074=FACE_BOUND('',#6505,.T.);
#7075=FACE_BOUND('',#6506,.T.);
#7076=FACE_BOUND('',#6507,.T.);
#7077=FACE_BOUND('',#6508,.T.);
#7078=FACE_BOUND('',#6509,.T.);
#7079=FACE_BOUND('',#6510,.T.);
#7080=FACE_BOUND('',#6511,.T.);
#7081=FACE_BOUND('',#6512,.T.);
#7082=FACE_BOUND('',#6513,.T.);
#7083=FACE_BOUND('',#6514,.T.);
#7084=FACE_BOUND('',#6515,.T.);
#7085=FACE_BOUND('',#6516,.T.);
#7086=FACE_BOUND('',#6517,.T.);
#7087=FACE_BOUND('',#6518,.T.);
#7088=FACE_BOUND('',#6519,.T.);
#7089=FACE_BOUND('',#6520,.T.);
#7090=FACE_BOUND('',#6521,.T.);
#7091=FACE_BOUND('',#6522,.T.);
#7092=FACE_BOUND('',#6523,.T.);
#7093=FACE_BOUND('',#6524,.T.);
#7094=FACE_BOUND('',#6525,.T.);
#7095=FACE_BOUND('',#6526,.T.);
#7096=FACE_BOUND('',#6527,.T.);
#7097=FACE_BOUND('',#6528,.T.);
#7098=FACE_BOUND('',#6529,.T.);
#7099=FACE_BOUND('',#6530,.T.);
#7100=FACE_BOUND('',#6531,.T.);
#7101=FACE_BOUND('',#6532,.T.);
#7102=FACE_BOUND('',#6533,.T.);
#7103=FACE_BOUND('',#6534,.T.);
#7104=FACE_BOUND('',#6535,.T.);
#7105=FACE_BOUND('',#6536,.T.);
#7106=FACE_BOUND('',#6537,.T.);
#7107=FACE_BOUND('',#6538,.T.);
#7108=FACE_BOUND('',#6539,.T.);
#7109=FACE_BOUND('',#6540,.T.);
#7110=FACE_BOUND('',#6541,.T.);
#7111=FACE_BOUND('',#6542,.T.);
#7112=FACE_BOUND('',#6543,.T.);
#7113=FACE_BOUND('',#6544,.T.);
#7114=FACE_BOUND('',#6545,.T.);
#7115=FACE_BOUND('',#6546,.T.);
#7116=FACE_BOUND('',#6547,.T.);
#7117=FACE_BOUND('',#6548,.T.);
#7118=FACE_BOUND('',#6549,.T.);
#7119=FACE_BOUND('',#6550,.T.);
#7120=FACE_BOUND('',#6551,.T.);
#7121=FACE_BOUND('',#6552,.T.);
#7122=FACE_BOUND('',#6553,.T.);
#7123=FACE_BOUND('',#6554,.T.);
#7124=FACE_BOUND('',#6555,.T.);
#7125=FACE_BOUND('',#6556,.T.);
#7126=FACE_BOUND('',#6557,.T.);
#7127=FACE_BOUND('',#6558,.T.);
#7128=FACE_BOUND('',#6559,.T.);
#7129=FACE_BOUND('',#6560,.T.);
#7130=FACE_BOUND('',#6561,.T.);
#7131=FACE_BOUND('',#6562,.T.);
#7132=FACE_BOUND('',#6563,.T.);
#7133=FACE_BOUND('',#6564,.T.);
#7134=FACE_BOUND('',#6565,.T.);
#7135=FACE_BOUND('',#6566,.T.);
#7136=FACE_BOUND('',#6567,.T.);
#7137=FACE_BOUND('',#6568,.T.);
#7138=FACE_BOUND('',#6569,.T.);
#7139=FACE_BOUND('',#6570,.T.);
#7140=FACE_BOUND('',#6571,.T.);
#7141=FACE_BOUND('',#6572,.T.);
#7142=FACE_BOUND('',#6573,.T.);
#7143=FACE_BOUND('',#6574,.T.);
#7144=FACE_BOUND('',#6575,.T.);
#7145=FACE_BOUND('',#6576,.T.);
#7146=FACE_BOUND('',#6577,.T.);
#7147=FACE_BOUND('',#6578,.T.);
#7148=FACE_BOUND('',#6579,.T.);
#7149=FACE_BOUND('',#6580,.T.);
#7150=FACE_BOUND('',#6581,.T.);
#7151=FACE_BOUND('',#6582,.T.);
#7152=FACE_BOUND('',#6583,.T.);
#7153=FACE_BOUND('',#6584,.T.);
#7154=FACE_BOUND('',#6585,.T.);
#7155=FACE_BOUND('',#6586,.T.);
#7156=FACE_BOUND('',#6587,.T.);
#7157=FACE_BOUND('',#6588,.T.);
#7158=FACE_BOUND('',#6589,.T.);
#7159=FACE_BOUND('',#6590,.T.);
#7160=FACE_BOUND('',#6591,.T.);
#7161=FACE_BOUND('',#6592,.T.);
#7162=FACE_BOUND('',#6593,.T.);
#7163=PLANE('',#7798);
#7164=PLANE('',#7843);
#7165=PLANE('',#7844);
#7166=PLANE('',#7845);
#7167=PLANE('',#7848);
#7168=PLANE('',#7851);
#7169=PLANE('',#7854);
#7170=PLANE('',#7859);
#7171=PLANE('',#7862);
#7172=PLANE('',#7865);
#7173=PLANE('',#7870);
#7174=PLANE('',#7873);
#7175=PLANE('',#7876);
#7176=PLANE('',#7881);
#7177=PLANE('',#7884);
#7178=PLANE('',#7887);
#7179=PLANE('',#7892);
#7180=PLANE('',#7895);
#7181=PLANE('',#7898);
#7182=PLANE('',#7903);
#7183=PLANE('',#7906);
#7184=PLANE('',#7909);
#7185=PLANE('',#7912);
#7186=PLANE('',#7913);
#7187=PLANE('',#7914);
#7188=PLANE('',#7915);
#7189=PLANE('',#7916);
#7190=PLANE('',#7917);
#7191=PLANE('',#7918);
#7192=PLANE('',#7919);
#7193=PLANE('',#7920);
#7194=PLANE('',#7929);
#7195=PLANE('',#7930);
#7196=PLANE('',#7931);
#7197=PLANE('',#7948);
#7198=PLANE('',#7949);
#7199=PLANE('',#7950);
#7200=PLANE('',#7951);
#7201=PLANE('',#7952);
#7202=PLANE('',#7953);
#7203=PLANE('',#7954);
#7204=PLANE('',#7955);
#7205=PLANE('',#7956);
#7206=PLANE('',#7957);
#7207=PLANE('',#7958);
#7208=PLANE('',#7962);
#7209=PLANE('',#7963);
#7210=PLANE('',#7964);
#7211=PLANE('',#7967);
#7212=PLANE('',#7968);
#7213=PLANE('',#7973);
#7214=PLANE('',#7974);
#7215=PLANE('',#7975);
#7216=PLANE('',#7976);
#7217=PLANE('',#7977);
#7218=PLANE('',#7978);
#7219=PLANE('',#7979);
#7220=PLANE('',#7980);
#7221=PLANE('',#7981);
#7222=PLANE('',#7982);
#7223=PLANE('',#7985);
#7224=PLANE('',#7988);
#7225=PLANE('',#7989);
#7226=PLANE('',#7990);
#7227=PLANE('',#7991);
#7228=PLANE('',#7992);
#7229=PLANE('',#7999);
#7230=PLANE('',#8002);
#7231=PLANE('',#8007);
#7232=PLANE('',#8008);
#7233=PLANE('',#8009);
#7234=PLANE('',#8010);
#7235=PLANE('',#8011);
#7236=PLANE('',#8012);
#7237=PLANE('',#8013);
#7238=PLANE('',#8014);
#7239=PLANE('',#8015);
#7240=PLANE('',#8016);
#7241=PLANE('',#8017);
#7242=PLANE('',#8018);
#7243=PLANE('',#8019);
#7244=PLANE('',#8020);
#7245=PLANE('',#8021);
#7246=PLANE('',#8022);
#7247=PLANE('',#8023);
#7248=PLANE('',#8024);
#7249=PLANE('',#8025);
#7250=PLANE('',#8026);
#7251=PLANE('',#8027);
#7252=PLANE('',#8028);
#7253=PLANE('',#8029);
#7254=PLANE('',#8030);
#7255=PLANE('',#8031);
#7256=PLANE('',#8032);
#7257=PLANE('',#8033);
#7258=PLANE('',#8034);
#7259=PLANE('',#8035);
#7260=PLANE('',#8036);
#7261=PLANE('',#8037);
#7262=PLANE('',#8038);
#7263=PLANE('',#8039);
#7264=PLANE('',#8040);
#7265=PLANE('',#8041);
#7266=PLANE('',#8042);
#7267=PLANE('',#8043);
#7268=PLANE('',#8044);
#7269=PLANE('',#8045);
#7270=PLANE('',#8046);
#7271=PLANE('',#8047);
#7272=PLANE('',#8048);
#7273=PLANE('',#8049);
#7274=PLANE('',#8050);
#7275=PLANE('',#8051);
#7276=PLANE('',#8052);
#7277=PLANE('',#8053);
#7278=PLANE('',#8054);
#7279=PLANE('',#8055);
#7280=PLANE('',#8056);
#7281=PLANE('',#8057);
#7282=PLANE('',#8058);
#7283=PLANE('',#8059);
#7284=PLANE('',#8060);
#7285=PLANE('',#8061);
#7286=PLANE('',#8062);
#7287=PLANE('',#8063);
#7288=PLANE('',#8064);
#7289=PLANE('',#8065);
#7290=PLANE('',#8066);
#7291=PLANE('',#8067);
#7292=PLANE('',#8068);
#7293=PLANE('',#8069);
#7294=PLANE('',#8070);
#7295=PLANE('',#8071);
#7296=PLANE('',#8072);
#7297=PLANE('',#8073);
#7298=PLANE('',#8074);
#7299=PLANE('',#8075);
#7300=PLANE('',#8076);
#7301=PLANE('',#8077);
#7302=PLANE('',#8078);
#7303=PLANE('',#8079);
#7304=PLANE('',#8080);
#7305=PLANE('',#8081);
#7306=PLANE('',#8082);
#7307=PLANE('',#8083);
#7308=PLANE('',#8084);
#7309=PLANE('',#8085);
#7310=PLANE('',#8086);
#7311=PLANE('',#8087);
#7312=PLANE('',#8088);
#7313=PLANE('',#8089);
#7314=PLANE('',#8090);
#7315=PLANE('',#8091);
#7316=PLANE('',#8092);
#7317=PLANE('',#8093);
#7318=PLANE('',#8094);
#7319=PLANE('',#8095);
#7320=PLANE('',#8096);
#7321=PLANE('',#8097);
#7322=PLANE('',#8098);
#7323=PLANE('',#8099);
#7324=PLANE('',#8100);
#7325=PLANE('',#8101);
#7326=PLANE('',#8103);
#7327=PLANE('',#8105);
#7328=PLANE('',#8110);
#7329=PLANE('',#8112);
#7330=PLANE('',#8114);
#7331=PLANE('',#8117);
#7332=PLANE('',#8120);
#7333=PLANE('',#8123);
#7334=PLANE('',#8126);
#7335=PLANE('',#8127);
#7336=PLANE('',#8128);
#7337=PLANE('',#8129);
#7338=PLANE('',#8130);
#7339=PLANE('',#8131);
#7340=PLANE('',#8132);
#7341=PLANE('',#8139);
#7342=PLANE('',#8142);
#7343=PLANE('',#8147);
#7344=PLANE('',#8148);
#7345=PLANE('',#8149);
#7346=PLANE('',#8150);
#7347=PLANE('',#8151);
#7348=PLANE('',#8157);
#7349=PLANE('',#8186);
#7350=PLANE('',#8187);
#7351=PLANE('',#8188);
#7352=PLANE('',#8245);
#7353=PLANE('',#8304);
#7354=PLANE('',#8305);
#7355=PLANE('',#8352);
#7356=PLANE('',#8354);
#7357=PLANE('',#8361);
#7358=PLANE('',#8363);
#7359=ADVANCED_FACE('',(#6594,#6595,#6596,#6597,#6598,#6599,#6600,#6601,
#6602,#6603,#6604,#6605,#6606,#6607,#6608,#6609,#6610,#6611,#6612,#6613,
#6614,#6615,#6616,#6617,#6618),#7163,.T.);
#7360=ADVANCED_FACE('',(#6619),#7164,.T.);
#7361=ADVANCED_FACE('',(#6620),#7165,.F.);
#7362=ADVANCED_FACE('',(#6621),#7166,.F.);
#7363=ADVANCED_FACE('',(#6622),#102,.F.);
#7364=ADVANCED_FACE('',(#6623),#7167,.F.);
#7365=ADVANCED_FACE('',(#6624),#103,.F.);
#7366=ADVANCED_FACE('',(#6625),#7168,.F.);
#7367=ADVANCED_FACE('',(#6626),#104,.F.);
#7368=ADVANCED_FACE('',(#6627),#7169,.T.);
#7369=ADVANCED_FACE('',(#6628),#105,.F.);
#7370=ADVANCED_FACE('',(#6629),#106,.F.);
#7371=ADVANCED_FACE('',(#6630),#7170,.F.);
#7372=ADVANCED_FACE('',(#6631),#107,.F.);
#7373=ADVANCED_FACE('',(#6632),#7171,.F.);
#7374=ADVANCED_FACE('',(#6633),#108,.F.);
#7375=ADVANCED_FACE('',(#6634),#7172,.T.);
#7376=ADVANCED_FACE('',(#6635),#109,.F.);
#7377=ADVANCED_FACE('',(#6636),#110,.F.);
#7378=ADVANCED_FACE('',(#6637),#7173,.F.);
#7379=ADVANCED_FACE('',(#6638),#111,.F.);
#7380=ADVANCED_FACE('',(#6639),#7174,.F.);
#7381=ADVANCED_FACE('',(#6640),#112,.F.);
#7382=ADVANCED_FACE('',(#6641),#7175,.T.);
#7383=ADVANCED_FACE('',(#6642),#113,.F.);
#7384=ADVANCED_FACE('',(#6643),#114,.F.);
#7385=ADVANCED_FACE('',(#6644),#7176,.F.);
#7386=ADVANCED_FACE('',(#6645),#115,.F.);
#7387=ADVANCED_FACE('',(#6646),#7177,.F.);
#7388=ADVANCED_FACE('',(#6647),#116,.F.);
#7389=ADVANCED_FACE('',(#6648),#7178,.T.);
#7390=ADVANCED_FACE('',(#6649),#117,.F.);
#7391=ADVANCED_FACE('',(#6650),#118,.F.);
#7392=ADVANCED_FACE('',(#6651),#7179,.F.);
#7393=ADVANCED_FACE('',(#6652),#119,.F.);
#7394=ADVANCED_FACE('',(#6653),#7180,.F.);
#7395=ADVANCED_FACE('',(#6654),#120,.F.);
#7396=ADVANCED_FACE('',(#6655),#7181,.T.);
#7397=ADVANCED_FACE('',(#6656),#121,.F.);
#7398=ADVANCED_FACE('',(#6657),#122,.F.);
#7399=ADVANCED_FACE('',(#6658),#7182,.F.);
#7400=ADVANCED_FACE('',(#6659),#123,.F.);
#7401=ADVANCED_FACE('',(#6660),#7183,.F.);
#7402=ADVANCED_FACE('',(#6661),#124,.F.);
#7403=ADVANCED_FACE('',(#6662),#7184,.T.);
#7404=ADVANCED_FACE('',(#6663),#125,.F.);
#7405=ADVANCED_FACE('',(#6664),#7185,.T.);
#7406=ADVANCED_FACE('',(#6665),#7186,.F.);
#7407=ADVANCED_FACE('',(#6666),#7187,.F.);
#7408=ADVANCED_FACE('',(#6667),#7188,.T.);
#7409=ADVANCED_FACE('',(#6668),#7189,.T.);
#7410=ADVANCED_FACE('',(#6669),#7190,.T.);
#7411=ADVANCED_FACE('',(#6670),#7191,.T.);
#7412=ADVANCED_FACE('',(#6671),#7192,.T.);
#7413=ADVANCED_FACE('',(#6672),#7193,.T.);
#7414=ADVANCED_FACE('',(#6673,#6674),#126,.F.);
#7415=ADVANCED_FACE('',(#6675,#6676),#127,.F.);
#7416=ADVANCED_FACE('',(#6677,#6678),#128,.F.);
#7417=ADVANCED_FACE('',(#6679,#6680),#129,.F.);
#7418=ADVANCED_FACE('',(#6681),#7194,.T.);
#7419=ADVANCED_FACE('',(#6682),#7195,.T.);
#7420=ADVANCED_FACE('',(#6683,#6684,#6685,#6686,#6687,#6688,#6689,#6690,
#6691,#6692,#6693,#6694),#7196,.F.);
#7421=ADVANCED_FACE('',(#6695),#130,.F.);
#7422=ADVANCED_FACE('',(#6696),#131,.F.);
#7423=ADVANCED_FACE('',(#6697),#132,.F.);
#7424=ADVANCED_FACE('',(#6698),#133,.F.);
#7425=ADVANCED_FACE('',(#6699),#134,.T.);
#7426=ADVANCED_FACE('',(#6700),#135,.T.);
#7427=ADVANCED_FACE('',(#6701),#136,.T.);
#7428=ADVANCED_FACE('',(#6702),#137,.T.);
#7429=ADVANCED_FACE('',(#6703),#7197,.T.);
#7430=ADVANCED_FACE('',(#6704),#7198,.T.);
#7431=ADVANCED_FACE('',(#6705),#7199,.T.);
#7432=ADVANCED_FACE('',(#6706),#7200,.T.);
#7433=ADVANCED_FACE('',(#6707),#7201,.T.);
#7434=ADVANCED_FACE('',(#6708),#7202,.T.);
#7435=ADVANCED_FACE('',(#6709),#7203,.T.);
#7436=ADVANCED_FACE('',(#6710),#7204,.T.);
#7437=ADVANCED_FACE('',(#6711),#7205,.T.);
#7438=ADVANCED_FACE('',(#6712),#7206,.T.);
#7439=ADVANCED_FACE('',(#6713),#7207,.T.);
#7440=ADVANCED_FACE('',(#6714),#138,.F.);
#7441=ADVANCED_FACE('',(#6715),#20,.T.);
#7442=ADVANCED_FACE('',(#6716),#21,.T.);
#7443=ADVANCED_FACE('',(#6717),#7208,.T.);
#7444=ADVANCED_FACE('',(#6718),#7209,.T.);
#7445=ADVANCED_FACE('',(#6719),#22,.T.);
#7446=ADVANCED_FACE('',(#6720),#23,.T.);
#7447=ADVANCED_FACE('',(#6721),#7210,.T.);
#7448=ADVANCED_FACE('',(#6722),#139,.F.);
#7449=ADVANCED_FACE('',(#6723),#24,.T.);
#7450=ADVANCED_FACE('',(#6724),#25,.T.);
#7451=ADVANCED_FACE('',(#6725),#26,.T.);
#7452=ADVANCED_FACE('',(#6726),#7211,.T.);
#7453=ADVANCED_FACE('',(#6727),#7212,.T.);
#7454=ADVANCED_FACE('',(#6728),#27,.T.);
#7455=ADVANCED_FACE('',(#6729),#28,.T.);
#7456=ADVANCED_FACE('',(#6730),#140,.T.);
#7457=ADVANCED_FACE('',(#6731),#141,.T.);
#7458=ADVANCED_FACE('',(#6732),#29,.T.);
#7459=ADVANCED_FACE('',(#6733),#7213,.T.);
#7460=ADVANCED_FACE('',(#6734),#30,.T.);
#7461=ADVANCED_FACE('',(#6735),#31,.T.);
#7462=ADVANCED_FACE('',(#6736,#6737),#7214,.T.);
#7463=ADVANCED_FACE('',(#6738),#7215,.T.);
#7464=ADVANCED_FACE('',(#6739),#7216,.T.);
#7465=ADVANCED_FACE('',(#6740),#7217,.T.);
#7466=ADVANCED_FACE('',(#6741),#7218,.T.);
#7467=ADVANCED_FACE('',(#6742),#7219,.T.);
#7468=ADVANCED_FACE('',(#6743),#7220,.T.);
#7469=ADVANCED_FACE('',(#6744),#7221,.T.);
#7470=ADVANCED_FACE('',(#6745),#7222,.T.);
#7471=ADVANCED_FACE('',(#6746),#32,.T.);
#7472=ADVANCED_FACE('',(#6747),#33,.T.);
#7473=ADVANCED_FACE('',(#6748),#142,.T.);
#7474=ADVANCED_FACE('',(#6749),#7223,.T.);
#7475=ADVANCED_FACE('',(#6750),#143,.F.);
#7476=ADVANCED_FACE('',(#6751),#34,.T.);
#7477=ADVANCED_FACE('',(#6752),#35,.T.);
#7478=ADVANCED_FACE('',(#6753),#7224,.T.);
#7479=ADVANCED_FACE('',(#6754),#7225,.T.);
#7480=ADVANCED_FACE('',(#6755),#7226,.T.);
#7481=ADVANCED_FACE('',(#6756),#7227,.T.);
#7482=ADVANCED_FACE('',(#6757),#7228,.T.);
#7483=ADVANCED_FACE('',(#6758),#36,.T.);
#7484=ADVANCED_FACE('',(#6759),#37,.T.);
#7485=ADVANCED_FACE('',(#6760),#144,.F.);
#7486=ADVANCED_FACE('',(#6761),#145,.F.);
#7487=ADVANCED_FACE('',(#6762),#38,.T.);
#7488=ADVANCED_FACE('',(#6763),#39,.T.);
#7489=ADVANCED_FACE('',(#6764),#40,.T.);
#7490=ADVANCED_FACE('',(#6765),#41,.T.);
#7491=ADVANCED_FACE('',(#6766),#7229,.T.);
#7492=ADVANCED_FACE('',(#6767),#42,.T.);
#7493=ADVANCED_FACE('',(#6768),#43,.T.);
#7494=ADVANCED_FACE('',(#6769),#44,.T.);
#7495=ADVANCED_FACE('',(#6770),#146,.T.);
#7496=ADVANCED_FACE('',(#6771),#45,.T.);
#7497=ADVANCED_FACE('',(#6772),#7230,.T.);
#7498=ADVANCED_FACE('',(#6773),#46,.T.);
#7499=ADVANCED_FACE('',(#6774),#47,.T.);
#7500=ADVANCED_FACE('',(#6775),#147,.T.);
#7501=ADVANCED_FACE('',(#6776),#148,.T.);
#7502=ADVANCED_FACE('',(#6777),#48,.T.);
#7503=ADVANCED_FACE('',(#6778,#6779),#7231,.T.);
#7504=ADVANCED_FACE('',(#6780),#7232,.T.);
#7505=ADVANCED_FACE('',(#6781),#7233,.T.);
#7506=ADVANCED_FACE('',(#6782),#7234,.T.);
#7507=ADVANCED_FACE('',(#6783),#7235,.T.);
#7508=ADVANCED_FACE('',(#6784),#7236,.T.);
#7509=ADVANCED_FACE('',(#6785),#7237,.T.);
#7510=ADVANCED_FACE('',(#6786),#7238,.T.);
#7511=ADVANCED_FACE('',(#6787),#7239,.T.);
#7512=ADVANCED_FACE('',(#6788),#7240,.T.);
#7513=ADVANCED_FACE('',(#6789),#7241,.T.);
#7514=ADVANCED_FACE('',(#6790),#7242,.T.);
#7515=ADVANCED_FACE('',(#6791),#7243,.T.);
#7516=ADVANCED_FACE('',(#6792),#49,.T.);
#7517=ADVANCED_FACE('',(#6793),#7244,.T.);
#7518=ADVANCED_FACE('',(#6794),#50,.T.);
#7519=ADVANCED_FACE('',(#6795),#51,.T.);
#7520=ADVANCED_FACE('',(#6796),#52,.T.);
#7521=ADVANCED_FACE('',(#6797),#53,.T.);
#7522=ADVANCED_FACE('',(#6798),#7245,.T.);
#7523=ADVANCED_FACE('',(#6799),#54,.T.);
#7524=ADVANCED_FACE('',(#6800),#55,.T.);
#7525=ADVANCED_FACE('',(#6801),#56,.T.);
#7526=ADVANCED_FACE('',(#6802),#7246,.T.);
#7527=ADVANCED_FACE('',(#6803),#57,.T.);
#7528=ADVANCED_FACE('',(#6804),#58,.T.);
#7529=ADVANCED_FACE('',(#6805),#59,.T.);
#7530=ADVANCED_FACE('',(#6806),#60,.T.);
#7531=ADVANCED_FACE('',(#6807),#61,.T.);
#7532=ADVANCED_FACE('',(#6808),#62,.T.);
#7533=ADVANCED_FACE('',(#6809),#7247,.T.);
#7534=ADVANCED_FACE('',(#6810),#63,.T.);
#7535=ADVANCED_FACE('',(#6811),#64,.T.);
#7536=ADVANCED_FACE('',(#6812),#65,.T.);
#7537=ADVANCED_FACE('',(#6813),#66,.T.);
#7538=ADVANCED_FACE('',(#6814),#67,.T.);
#7539=ADVANCED_FACE('',(#6815),#68,.T.);
#7540=ADVANCED_FACE('',(#6816,#6817),#7248,.T.);
#7541=ADVANCED_FACE('',(#6818),#7249,.T.);
#7542=ADVANCED_FACE('',(#6819),#7250,.T.);
#7543=ADVANCED_FACE('',(#6820),#7251,.T.);
#7544=ADVANCED_FACE('',(#6821),#7252,.T.);
#7545=ADVANCED_FACE('',(#6822),#7253,.T.);
#7546=ADVANCED_FACE('',(#6823),#7254,.T.);
#7547=ADVANCED_FACE('',(#6824),#7255,.T.);
#7548=ADVANCED_FACE('',(#6825),#7256,.T.);
#7549=ADVANCED_FACE('',(#6826),#7257,.T.);
#7550=ADVANCED_FACE('',(#6827),#7258,.T.);
#7551=ADVANCED_FACE('',(#6828),#7259,.T.);
#7552=ADVANCED_FACE('',(#6829),#7260,.T.);
#7553=ADVANCED_FACE('',(#6830),#7261,.T.);
#7554=ADVANCED_FACE('',(#6831),#7262,.T.);
#7555=ADVANCED_FACE('',(#6832),#7263,.T.);
#7556=ADVANCED_FACE('',(#6833),#7264,.T.);
#7557=ADVANCED_FACE('',(#6834),#7265,.T.);
#7558=ADVANCED_FACE('',(#6835),#7266,.T.);
#7559=ADVANCED_FACE('',(#6836),#7267,.T.);
#7560=ADVANCED_FACE('',(#6837),#7268,.T.);
#7561=ADVANCED_FACE('',(#6838),#7269,.T.);
#7562=ADVANCED_FACE('',(#6839),#7270,.T.);
#7563=ADVANCED_FACE('',(#6840),#7271,.T.);
#7564=ADVANCED_FACE('',(#6841),#7272,.T.);
#7565=ADVANCED_FACE('',(#6842),#7273,.T.);
#7566=ADVANCED_FACE('',(#6843),#7274,.T.);
#7567=ADVANCED_FACE('',(#6844),#69,.T.);
#7568=ADVANCED_FACE('',(#6845),#70,.T.);
#7569=ADVANCED_FACE('',(#6846),#71,.T.);
#7570=ADVANCED_FACE('',(#6847),#7275,.T.);
#7571=ADVANCED_FACE('',(#6848),#7276,.T.);
#7572=ADVANCED_FACE('',(#6849),#72,.T.);
#7573=ADVANCED_FACE('',(#6850),#73,.T.);
#7574=ADVANCED_FACE('',(#6851),#74,.T.);
#7575=ADVANCED_FACE('',(#6852),#75,.T.);
#7576=ADVANCED_FACE('',(#6853),#7277,.T.);
#7577=ADVANCED_FACE('',(#6854),#7278,.T.);
#7578=ADVANCED_FACE('',(#6855),#7279,.T.);
#7579=ADVANCED_FACE('',(#6856),#76,.T.);
#7580=ADVANCED_FACE('',(#6857,#6858),#7280,.T.);
#7581=ADVANCED_FACE('',(#6859),#7281,.T.);
#7582=ADVANCED_FACE('',(#6860),#7282,.T.);
#7583=ADVANCED_FACE('',(#6861),#7283,.T.);
#7584=ADVANCED_FACE('',(#6862),#7284,.T.);
#7585=ADVANCED_FACE('',(#6863),#7285,.T.);
#7586=ADVANCED_FACE('',(#6864),#7286,.T.);
#7587=ADVANCED_FACE('',(#6865),#7287,.T.);
#7588=ADVANCED_FACE('',(#6866),#7288,.T.);
#7589=ADVANCED_FACE('',(#6867),#7289,.T.);
#7590=ADVANCED_FACE('',(#6868),#7290,.T.);
#7591=ADVANCED_FACE('',(#6869),#7291,.T.);
#7592=ADVANCED_FACE('',(#6870),#7292,.T.);
#7593=ADVANCED_FACE('',(#6871,#6872),#7293,.T.);
#7594=ADVANCED_FACE('',(#6873),#7294,.T.);
#7595=ADVANCED_FACE('',(#6874),#7295,.T.);
#7596=ADVANCED_FACE('',(#6875),#7296,.T.);
#7597=ADVANCED_FACE('',(#6876),#77,.T.);
#7598=ADVANCED_FACE('',(#6877),#78,.T.);
#7599=ADVANCED_FACE('',(#6878),#7297,.T.);
#7600=ADVANCED_FACE('',(#6879),#79,.T.);
#7601=ADVANCED_FACE('',(#6880),#80,.T.);
#7602=ADVANCED_FACE('',(#6881),#7298,.T.);
#7603=ADVANCED_FACE('',(#6882),#7299,.T.);
#7604=ADVANCED_FACE('',(#6883),#81,.T.);
#7605=ADVANCED_FACE('',(#6884),#82,.T.);
#7606=ADVANCED_FACE('',(#6885),#83,.T.);
#7607=ADVANCED_FACE('',(#6886),#7300,.T.);
#7608=ADVANCED_FACE('',(#6887),#84,.T.);
#7609=ADVANCED_FACE('',(#6888),#85,.T.);
#7610=ADVANCED_FACE('',(#6889),#86,.T.);
#7611=ADVANCED_FACE('',(#6890),#7301,.T.);
#7612=ADVANCED_FACE('',(#6891),#7302,.T.);
#7613=ADVANCED_FACE('',(#6892,#6893),#7303,.T.);
#7614=ADVANCED_FACE('',(#6894),#7304,.T.);
#7615=ADVANCED_FACE('',(#6895),#87,.T.);
#7616=ADVANCED_FACE('',(#6896),#88,.T.);
#7617=ADVANCED_FACE('',(#6897),#89,.T.);
#7618=ADVANCED_FACE('',(#6898),#90,.T.);
#7619=ADVANCED_FACE('',(#6899),#7305,.T.);
#7620=ADVANCED_FACE('',(#6900),#91,.T.);
#7621=ADVANCED_FACE('',(#6901),#92,.T.);
#7622=ADVANCED_FACE('',(#6902),#7306,.T.);
#7623=ADVANCED_FACE('',(#6903),#93,.T.);
#7624=ADVANCED_FACE('',(#6904),#94,.T.);
#7625=ADVANCED_FACE('',(#6905),#95,.T.);
#7626=ADVANCED_FACE('',(#6906),#7307,.T.);
#7627=ADVANCED_FACE('',(#6907),#7308,.T.);
#7628=ADVANCED_FACE('',(#6908),#7309,.T.);
#7629=ADVANCED_FACE('',(#6909),#7310,.T.);
#7630=ADVANCED_FACE('',(#6910),#7311,.T.);
#7631=ADVANCED_FACE('',(#6911),#96,.T.);
#7632=ADVANCED_FACE('',(#6912),#97,.T.);
#7633=ADVANCED_FACE('',(#6913),#98,.T.);
#7634=ADVANCED_FACE('',(#6914,#6915),#7312,.T.);
#7635=ADVANCED_FACE('',(#6916),#7313,.T.);
#7636=ADVANCED_FACE('',(#6917),#7314,.T.);
#7637=ADVANCED_FACE('',(#6918),#7315,.T.);
#7638=ADVANCED_FACE('',(#6919),#7316,.T.);
#7639=ADVANCED_FACE('',(#6920),#7317,.T.);
#7640=ADVANCED_FACE('',(#6921),#7318,.T.);
#7641=ADVANCED_FACE('',(#6922),#99,.T.);
#7642=ADVANCED_FACE('',(#6923),#100,.T.);
#7643=ADVANCED_FACE('',(#6924),#7319,.T.);
#7644=ADVANCED_FACE('',(#6925),#7320,.T.);
#7645=ADVANCED_FACE('',(#6926),#7321,.T.);
#7646=ADVANCED_FACE('',(#6927),#7322,.T.);
#7647=ADVANCED_FACE('',(#6928),#101,.T.);
#7648=ADVANCED_FACE('',(#6929),#7323,.T.);
#7649=ADVANCED_FACE('',(#6930),#7324,.T.);
#7650=ADVANCED_FACE('',(#6931),#7325,.T.);
#7651=ADVANCED_FACE('',(#6932),#7326,.F.);
#7652=ADVANCED_FACE('',(#6933),#7327,.F.);
#7653=ADVANCED_FACE('',(#6934),#7328,.F.);
#7654=ADVANCED_FACE('',(#6935),#7329,.F.);
#7655=ADVANCED_FACE('',(#6936,#6937),#7330,.F.);
#7656=ADVANCED_FACE('',(#6938,#6939),#7331,.F.);
#7657=ADVANCED_FACE('',(#6940,#6941),#7332,.F.);
#7658=ADVANCED_FACE('',(#6942,#6943),#7333,.F.);
#7659=ADVANCED_FACE('',(#6944,#6945),#7334,.F.);
#7660=ADVANCED_FACE('',(#6946,#6947),#7335,.T.);
#7661=ADVANCED_FACE('',(#6948),#7336,.T.);
#7662=ADVANCED_FACE('',(#6949),#7337,.F.);
#7663=ADVANCED_FACE('',(#6950),#7338,.F.);
#7664=ADVANCED_FACE('',(#6951),#7339,.T.);
#7665=ADVANCED_FACE('',(#6952),#7340,.F.);
#7666=ADVANCED_FACE('',(#6953,#6954),#149,.F.);
#7667=ADVANCED_FACE('',(#6955,#6956),#150,.F.);
#7668=ADVANCED_FACE('',(#6957,#6958),#151,.F.);
#7669=ADVANCED_FACE('',(#6959),#7341,.T.);
#7670=ADVANCED_FACE('',(#6960,#6961),#152,.F.);
#7671=ADVANCED_FACE('',(#6962,#6963,#6964,#6965,#6966,#6967),#7342,.T.);
#7672=ADVANCED_FACE('',(#6968),#7343,.T.);
#7673=ADVANCED_FACE('',(#6969),#7344,.F.);
#7674=ADVANCED_FACE('',(#6970),#7345,.F.);
#7675=ADVANCED_FACE('',(#6971),#7346,.T.);
#7676=ADVANCED_FACE('',(#6972),#7347,.F.);
#7677=ADVANCED_FACE('',(#6973,#6974),#153,.F.);
#7678=ADVANCED_FACE('',(#6975,#6976),#154,.F.);
#7679=ADVANCED_FACE('',(#6977,#6978),#155,.F.);
#7680=ADVANCED_FACE('',(#6979,#6980),#156,.F.);
#7681=ADVANCED_FACE('',(#6981),#7348,.T.);
#7682=ADVANCED_FACE('',(#6982),#157,.T.);
#7683=ADVANCED_FACE('',(#6983),#158,.T.);
#7684=ADVANCED_FACE('',(#6984),#10,.T.);
#7685=ADVANCED_FACE('',(#6985),#159,.T.);
#7686=ADVANCED_FACE('',(#6986),#160,.T.);
#7687=ADVANCED_FACE('',(#6987),#11,.T.);
#7688=ADVANCED_FACE('',(#6988),#161,.T.);
#7689=ADVANCED_FACE('',(#6989),#162,.T.);
#7690=ADVANCED_FACE('',(#6990),#12,.T.);
#7691=ADVANCED_FACE('',(#6991),#163,.T.);
#7692=ADVANCED_FACE('',(#6992),#13,.T.);
#7693=ADVANCED_FACE('',(#6993),#164,.T.);
#7694=ADVANCED_FACE('',(#6994),#165,.T.);
#7695=ADVANCED_FACE('',(#6995),#7349,.T.);
#7696=ADVANCED_FACE('',(#6996),#7350,.T.);
#7697=ADVANCED_FACE('',(#6997,#6998,#6999,#7000,#7001,#7002,#7003,#7004,
#7005,#7006,#7007,#7008,#7009,#7010,#7011,#7012,#7013,#7014,#7015,#7016,
#7017,#7018,#7019,#7020,#7021,#7022,#7023,#7024,#7025,#7026,#7027,#7028,
#7029,#7030,#7031,#7032,#7033,#7034,#7035,#7036,#7037,#7038,#7039,#7040,
#7041,#7042,#7043,#7044,#7045,#7046,#7047,#7048),#7351,.F.);
#7698=ADVANCED_FACE('',(#7049,#7050,#7051,#7052,#7053,#7054,#7055,#7056,
#7057,#7058,#7059,#7060,#7061,#7062,#7063,#7064,#7065,#7066,#7067,#7068,
#7069,#7070,#7071,#7072,#7073,#7074,#7075,#7076,#7077,#7078,#7079,#7080,
#7081,#7082,#7083,#7084,#7085,#7086,#7087,#7088,#7089,#7090,#7091,#7092,
#7093,#7094,#7095,#7096,#7097,#7098,#7099,#7100),#7352,.T.);
#7699=ADVANCED_FACE('',(#7101),#166,.T.);
#7700=ADVANCED_FACE('',(#7102),#167,.T.);
#7701=ADVANCED_FACE('',(#7103),#7353,.T.);
#7702=ADVANCED_FACE('',(#7104),#7354,.T.);
#7703=ADVANCED_FACE('',(#7105),#168,.T.);
#7704=ADVANCED_FACE('',(#7106),#169,.F.);
#7705=ADVANCED_FACE('',(#7107),#170,.F.);
#7706=ADVANCED_FACE('',(#7108),#171,.F.);
#7707=ADVANCED_FACE('',(#7109),#172,.F.);
#7708=ADVANCED_FACE('',(#7110),#173,.F.);
#7709=ADVANCED_FACE('',(#7111),#174,.F.);
#7710=ADVANCED_FACE('',(#7112),#175,.F.);
#7711=ADVANCED_FACE('',(#7113),#176,.F.);
#7712=ADVANCED_FACE('',(#7114),#177,.F.);
#7713=ADVANCED_FACE('',(#7115),#178,.F.);
#7714=ADVANCED_FACE('',(#7116),#179,.F.);
#7715=ADVANCED_FACE('',(#7117),#180,.F.);
#7716=ADVANCED_FACE('',(#7118),#181,.F.);
#7717=ADVANCED_FACE('',(#7119),#182,.F.);
#7718=ADVANCED_FACE('',(#7120),#183,.F.);
#7719=ADVANCED_FACE('',(#7121),#184,.F.);
#7720=ADVANCED_FACE('',(#7122),#185,.F.);
#7721=ADVANCED_FACE('',(#7123),#186,.F.);
#7722=ADVANCED_FACE('',(#7124),#187,.F.);
#7723=ADVANCED_FACE('',(#7125),#188,.F.);
#7724=ADVANCED_FACE('',(#7126),#189,.F.);
#7725=ADVANCED_FACE('',(#7127),#190,.F.);
#7726=ADVANCED_FACE('',(#7128),#191,.F.);
#7727=ADVANCED_FACE('',(#7129),#192,.F.);
#7728=ADVANCED_FACE('',(#7130),#193,.F.);
#7729=ADVANCED_FACE('',(#7131),#194,.F.);
#7730=ADVANCED_FACE('',(#7132),#195,.F.);
#7731=ADVANCED_FACE('',(#7133),#196,.F.);
#7732=ADVANCED_FACE('',(#7134),#197,.F.);
#7733=ADVANCED_FACE('',(#7135),#198,.F.);
#7734=ADVANCED_FACE('',(#7136),#199,.F.);
#7735=ADVANCED_FACE('',(#7137),#200,.F.);
#7736=ADVANCED_FACE('',(#7138),#201,.F.);
#7737=ADVANCED_FACE('',(#7139),#202,.F.);
#7738=ADVANCED_FACE('',(#7140),#203,.F.);
#7739=ADVANCED_FACE('',(#7141),#204,.F.);
#7740=ADVANCED_FACE('',(#7142),#205,.F.);
#7741=ADVANCED_FACE('',(#7143),#206,.F.);
#7742=ADVANCED_FACE('',(#7144),#207,.F.);
#7743=ADVANCED_FACE('',(#7145),#208,.F.);
#7744=ADVANCED_FACE('',(#7146),#209,.F.);
#7745=ADVANCED_FACE('',(#7147),#210,.F.);
#7746=ADVANCED_FACE('',(#7148),#211,.F.);
#7747=ADVANCED_FACE('',(#7149),#212,.F.);
#7748=ADVANCED_FACE('',(#7150),#213,.F.);
#7749=ADVANCED_FACE('',(#7151),#7355,.T.);
#7750=ADVANCED_FACE('',(#7152),#214,.F.);
#7751=ADVANCED_FACE('',(#7153),#7356,.T.);
#7752=ADVANCED_FACE('',(#7154),#215,.F.);
#7753=ADVANCED_FACE('',(#7155),#216,.F.);
#7754=ADVANCED_FACE('',(#7156),#217,.F.);
#7755=ADVANCED_FACE('',(#7157),#218,.F.);
#7756=ADVANCED_FACE('',(#7158),#219,.F.);
#7757=ADVANCED_FACE('',(#7159),#220,.F.);
#7758=ADVANCED_FACE('',(#7160),#7357,.T.);
#7759=ADVANCED_FACE('',(#7161),#221,.F.);
#7760=ADVANCED_FACE('',(#7162),#7358,.T.);
#7761=CLOSED_SHELL('',(#7359,#7360,#7361,#7362,#7363,#7364,#7365,#7366,
#7367,#7368,#7369,#7370,#7371,#7372,#7373,#7374,#7375,#7376,#7377,#7378,
#7379,#7380,#7381,#7382,#7383,#7384,#7385,#7386,#7387,#7388,#7389,#7390,
#7391,#7392,#7393,#7394,#7395,#7396,#7397,#7398,#7399,#7400,#7401,#7402,
#7403,#7404,#7405,#7406,#7407,#7408,#7409,#7410,#7411,#7412,#7413,#7414,
#7415,#7416,#7417,#7418,#7419,#7420,#7421,#7422,#7423,#7424,#7425,#7426,
#7427,#7428,#7429,#7430,#7431,#7432,#7433,#7434,#7435,#7436,#7437,#7438,
#7439,#7440,#7441,#7442,#7443,#7444,#7445,#7446,#7447,#7448,#7449,#7450,
#7451,#7452,#7453,#7454,#7455,#7456,#7457,#7458,#7459,#7460,#7461,#7462,
#7463,#7464,#7465,#7466,#7467,#7468,#7469,#7470,#7471,#7472,#7473,#7474,
#7475,#7476,#7477,#7478,#7479,#7480,#7481,#7482,#7483,#7484,#7485,#7486,
#7487,#7488,#7489,#7490,#7491,#7492,#7493,#7494,#7495,#7496,#7497,#7498,
#7499,#7500,#7501,#7502,#7503,#7504,#7505,#7506,#7507,#7508,#7509,#7510,
#7511,#7512,#7513,#7514,#7515,#7516,#7517,#7518,#7519,#7520,#7521,#7522,
#7523,#7524,#7525,#7526,#7527,#7528,#7529,#7530,#7531,#7532,#7533,#7534,
#7535,#7536,#7537,#7538,#7539,#7540,#7541,#7542,#7543,#7544,#7545,#7546,
#7547,#7548,#7549,#7550,#7551,#7552,#7553,#7554,#7555,#7556,#7557,#7558,
#7559,#7560,#7561,#7562,#7563,#7564,#7565,#7566,#7567,#7568,#7569,#7570,
#7571,#7572,#7573,#7574,#7575,#7576,#7577,#7578,#7579,#7580,#7581,#7582,
#7583,#7584,#7585,#7586,#7587,#7588,#7589,#7590,#7591,#7592,#7593,#7594,
#7595,#7596,#7597,#7598,#7599,#7600,#7601,#7602,#7603,#7604,#7605,#7606,
#7607,#7608,#7609,#7610,#7611,#7612,#7613,#7614,#7615,#7616,#7617,#7618,
#7619,#7620,#7621,#7622,#7623,#7624,#7625,#7626,#7627,#7628,#7629,#7630,
#7631,#7632,#7633,#7634,#7635,#7636,#7637,#7638,#7639,#7640,#7641,#7642,
#7643,#7644,#7645,#7646,#7647,#7648,#7649,#7650));
#7762=CLOSED_SHELL('',(#7651,#7652,#7653,#7654,#7655,#7656,#7657,#7658,
#7659,#7660,#7661,#7662,#7663,#7664,#7665,#7666,#7667,#7668,#7669,#7670,
#7671,#7672,#7673,#7674,#7675,#7676,#7677,#7678,#7679,#7680,#7681,#7682,
#7683,#7684,#7685,#7686,#7687,#7688,#7689,#7690,#7691,#7692,#7693));
#7763=CLOSED_SHELL('',(#7694,#7695,#7696,#7697,#7698,#7699,#7700,#7701,
#7702,#7703,#7704,#7705,#7706,#7707,#7708,#7709,#7710,#7711,#7712,#7713,
#7714,#7715,#7716,#7717,#7718,#7719,#7720,#7721,#7722,#7723,#7724,#7725,
#7726,#7727,#7728,#7729,#7730,#7731,#7732,#7733,#7734,#7735,#7736,#7737,
#7738,#7739,#7740,#7741,#7742,#7743,#7744,#7745,#7746,#7747,#7748,#7749,
#7750,#7751,#7752,#7753,#7754,#7755,#7756,#7757,#7758,#7759,#7760));
#7764=STYLED_ITEM('',(#7767),#7788);
#7765=STYLED_ITEM('',(#7768),#7789);
#7766=STYLED_ITEM('',(#7769),#7790);
#7767=PRESENTATION_STYLE_ASSIGNMENT((#7770));
#7768=PRESENTATION_STYLE_ASSIGNMENT((#7771));
#7769=PRESENTATION_STYLE_ASSIGNMENT((#7772));
#7770=SURFACE_STYLE_USAGE(.BOTH.,#7773);
#7771=SURFACE_STYLE_USAGE(.BOTH.,#7774);
#7772=SURFACE_STYLE_USAGE(.BOTH.,#7775);
#7773=SURFACE_SIDE_STYLE('',(#7776));
#7774=SURFACE_SIDE_STYLE('',(#7777));
#7775=SURFACE_SIDE_STYLE('',(#7778));
#7776=SURFACE_STYLE_FILL_AREA(#7779);
#7777=SURFACE_STYLE_FILL_AREA(#7780);
#7778=SURFACE_STYLE_FILL_AREA(#7781);
#7779=FILL_AREA_STYLE('',(#7782));
#7780=FILL_AREA_STYLE('',(#7783));
#7781=FILL_AREA_STYLE('',(#7784));
#7782=FILL_AREA_STYLE_COLOUR('',#7785);
#7783=FILL_AREA_STYLE_COLOUR('',#7786);
#7784=FILL_AREA_STYLE_COLOUR('',#7787);
#7785=COLOUR_RGB('',0.231372549019608,0.380392156862745,0.705882352941177);
#7786=COLOUR_RGB('',0.615686274509804,0.811764705882353,0.929411764705882);
#7787=COLOUR_RGB('',0.313725490196078,0.486274509803922,0.411764705882353);
#7788=MANIFOLD_SOLID_BREP('Part 3',#7761);
#7789=MANIFOLD_SOLID_BREP('Part 1',#7762);
#7790=MANIFOLD_SOLID_BREP('Hackpad-unsaved-export-Ie5kns_PCB',#7763);
#7791=SHAPE_DEFINITION_REPRESENTATION(#13367,#7794);
#7792=SHAPE_DEFINITION_REPRESENTATION(#13368,#7795);
#7793=SHAPE_DEFINITION_REPRESENTATION(#13369,#7796);
#7794=SHAPE_REPRESENTATION('Part 3',(#7797),#13352);
#7795=SHAPE_REPRESENTATION('Part 1',(#8102),#13353);
#7796=SHAPE_REPRESENTATION('Hackpad-unsaved-export-Ie5kns_PCB',(#8182),
#13354);
#7797=AXIS2_PLACEMENT_3D('',#10179,#8364,#8365);
#7798=AXIS2_PLACEMENT_3D('',#10180,#8366,#8367);
#7799=AXIS2_PLACEMENT_3D('',#10442,#8434,#8435);
#7800=AXIS2_PLACEMENT_3D('',#10444,#8436,#8437);
#7801=AXIS2_PLACEMENT_3D('',#10460,#8439,#8440);
#7802=AXIS2_PLACEMENT_3D('',#10494,#8447,#8448);
#7803=AXIS2_PLACEMENT_3D('',#10498,#8450,#8451);
#7804=AXIS2_PLACEMENT_3D('',#10534,#8459,#8460);
#7805=AXIS2_PLACEMENT_3D('',#10536,#8461,#8462);
#7806=AXIS2_PLACEMENT_3D('',#10562,#8465,#8466);
#7807=AXIS2_PLACEMENT_3D('',#10592,#8479,#8480);
#7808=AXIS2_PLACEMENT_3D('',#10596,#8482,#8483);
#7809=AXIS2_PLACEMENT_3D('',#10600,#8485,#8486);
#7810=AXIS2_PLACEMENT_3D('',#10604,#8488,#8489);
#7811=AXIS2_PLACEMENT_3D('',#10605,#8490,#8491);
#7812=AXIS2_PLACEMENT_3D('',#10607,#8492,#8493);
#7813=AXIS2_PLACEMENT_3D('',#10609,#8494,#8495);
#7814=AXIS2_PLACEMENT_3D('',#10611,#8496,#8497);
#7815=AXIS2_PLACEMENT_3D('',#10613,#8498,#8499);
#7816=AXIS2_PLACEMENT_3D('',#10618,#8501,#8502);
#7817=AXIS2_PLACEMENT_3D('',#10622,#8504,#8505);
#7818=AXIS2_PLACEMENT_3D('',#10626,#8507,#8508);
#7819=AXIS2_PLACEMENT_3D('',#10629,#8510,#8511);
#7820=AXIS2_PLACEMENT_3D('',#10634,#8513,#8514);
#7821=AXIS2_PLACEMENT_3D('',#10638,#8516,#8517);
#7822=AXIS2_PLACEMENT_3D('',#10642,#8519,#8520);
#7823=AXIS2_PLACEMENT_3D('',#10645,#8522,#8523);
#7824=AXIS2_PLACEMENT_3D('',#10650,#8525,#8526);
#7825=AXIS2_PLACEMENT_3D('',#10654,#8528,#8529);
#7826=AXIS2_PLACEMENT_3D('',#10658,#8531,#8532);
#7827=AXIS2_PLACEMENT_3D('',#10661,#8534,#8535);
#7828=AXIS2_PLACEMENT_3D('',#10666,#8537,#8538);
#7829=AXIS2_PLACEMENT_3D('',#10670,#8540,#8541);
#7830=AXIS2_PLACEMENT_3D('',#10674,#8543,#8544);
#7831=AXIS2_PLACEMENT_3D('',#10677,#8546,#8547);
#7832=AXIS2_PLACEMENT_3D('',#10682,#8549,#8550);
#7833=AXIS2_PLACEMENT_3D('',#10686,#8552,#8553);
#7834=AXIS2_PLACEMENT_3D('',#10690,#8555,#8556);
#7835=AXIS2_PLACEMENT_3D('',#10693,#8558,#8559);
#7836=AXIS2_PLACEMENT_3D('',#10698,#8561,#8562);
#7837=AXIS2_PLACEMENT_3D('',#10702,#8564,#8565);
#7838=AXIS2_PLACEMENT_3D('',#10706,#8567,#8568);
#7839=AXIS2_PLACEMENT_3D('',#10712,#8571,#8572);
#7840=AXIS2_PLACEMENT_3D('',#10716,#8574,#8575);
#7841=AXIS2_PLACEMENT_3D('',#10720,#8577,#8578);
#7842=AXIS2_PLACEMENT_3D('',#10724,#8580,#8581);
#7843=AXIS2_PLACEMENT_3D('',#10725,#8582,#8583);
#7844=AXIS2_PLACEMENT_3D('',#10731,#8587,#8588);
#7845=AXIS2_PLACEMENT_3D('',#10737,#8592,#8593);
#7846=AXIS2_PLACEMENT_3D('',#10743,#8597,#8598);
#7847=AXIS2_PLACEMENT_3D('',#10744,#8599,#8600);
#7848=AXIS2_PLACEMENT_3D('',#10749,#8603,#8604);
#7849=AXIS2_PLACEMENT_3D('',#10753,#8607,#8608);
#7850=AXIS2_PLACEMENT_3D('',#10754,#8609,#8610);
#7851=AXIS2_PLACEMENT_3D('',#10757,#8612,#8613);
#7852=AXIS2_PLACEMENT_3D('',#10761,#8616,#8617);
#7853=AXIS2_PLACEMENT_3D('',#10762,#8618,#8619);
#7854=AXIS2_PLACEMENT_3D('',#10765,#8621,#8622);
#7855=AXIS2_PLACEMENT_3D('',#10769,#8625,#8626);
#7856=AXIS2_PLACEMENT_3D('',#10770,#8627,#8628);
#7857=AXIS2_PLACEMENT_3D('',#10773,#8630,#8631);
#7858=AXIS2_PLACEMENT_3D('',#10774,#8632,#8633);
#7859=AXIS2_PLACEMENT_3D('',#10779,#8636,#8637);
#7860=AXIS2_PLACEMENT_3D('',#10783,#8640,#8641);
#7861=AXIS2_PLACEMENT_3D('',#10784,#8642,#8643);
#7862=AXIS2_PLACEMENT_3D('',#10787,#8645,#8646);
#7863=AXIS2_PLACEMENT_3D('',#10791,#8649,#8650);
#7864=AXIS2_PLACEMENT_3D('',#10792,#8651,#8652);
#7865=AXIS2_PLACEMENT_3D('',#10795,#8654,#8655);
#7866=AXIS2_PLACEMENT_3D('',#10799,#8658,#8659);
#7867=AXIS2_PLACEMENT_3D('',#10800,#8660,#8661);
#7868=AXIS2_PLACEMENT_3D('',#10803,#8663,#8664);
#7869=AXIS2_PLACEMENT_3D('',#10804,#8665,#8666);
#7870=AXIS2_PLACEMENT_3D('',#10809,#8669,#8670);
#7871=AXIS2_PLACEMENT_3D('',#10813,#8673,#8674);
#7872=AXIS2_PLACEMENT_3D('',#10814,#8675,#8676);
#7873=AXIS2_PLACEMENT_3D('',#10817,#8678,#8679);
#7874=AXIS2_PLACEMENT_3D('',#10821,#8682,#8683);
#7875=AXIS2_PLACEMENT_3D('',#10822,#8684,#8685);
#7876=AXIS2_PLACEMENT_3D('',#10825,#8687,#8688);
#7877=AXIS2_PLACEMENT_3D('',#10829,#8691,#8692);
#7878=AXIS2_PLACEMENT_3D('',#10830,#8693,#8694);
#7879=AXIS2_PLACEMENT_3D('',#10833,#8696,#8697);
#7880=AXIS2_PLACEMENT_3D('',#10834,#8698,#8699);
#7881=AXIS2_PLACEMENT_3D('',#10839,#8702,#8703);
#7882=AXIS2_PLACEMENT_3D('',#10843,#8706,#8707);
#7883=AXIS2_PLACEMENT_3D('',#10844,#8708,#8709);
#7884=AXIS2_PLACEMENT_3D('',#10847,#8711,#8712);
#7885=AXIS2_PLACEMENT_3D('',#10851,#8715,#8716);
#7886=AXIS2_PLACEMENT_3D('',#10852,#8717,#8718);
#7887=AXIS2_PLACEMENT_3D('',#10855,#8720,#8721);
#7888=AXIS2_PLACEMENT_3D('',#10859,#8724,#8725);
#7889=AXIS2_PLACEMENT_3D('',#10860,#8726,#8727);
#7890=AXIS2_PLACEMENT_3D('',#10863,#8729,#8730);
#7891=AXIS2_PLACEMENT_3D('',#10864,#8731,#8732);
#7892=AXIS2_PLACEMENT_3D('',#10869,#8735,#8736);
#7893=AXIS2_PLACEMENT_3D('',#10873,#8739,#8740);
#7894=AXIS2_PLACEMENT_3D('',#10874,#8741,#8742);
#7895=AXIS2_PLACEMENT_3D('',#10877,#8744,#8745);
#7896=AXIS2_PLACEMENT_3D('',#10881,#8748,#8749);
#7897=AXIS2_PLACEMENT_3D('',#10882,#8750,#8751);
#7898=AXIS2_PLACEMENT_3D('',#10885,#8753,#8754);
#7899=AXIS2_PLACEMENT_3D('',#10889,#8757,#8758);
#7900=AXIS2_PLACEMENT_3D('',#10890,#8759,#8760);
#7901=AXIS2_PLACEMENT_3D('',#10893,#8762,#8763);
#7902=AXIS2_PLACEMENT_3D('',#10894,#8764,#8765);
#7903=AXIS2_PLACEMENT_3D('',#10899,#8768,#8769);
#7904=AXIS2_PLACEMENT_3D('',#10903,#8772,#8773);
#7905=AXIS2_PLACEMENT_3D('',#10904,#8774,#8775);
#7906=AXIS2_PLACEMENT_3D('',#10907,#8777,#8778);
#7907=AXIS2_PLACEMENT_3D('',#10911,#8781,#8782);
#7908=AXIS2_PLACEMENT_3D('',#10912,#8783,#8784);
#7909=AXIS2_PLACEMENT_3D('',#10915,#8786,#8787);
#7910=AXIS2_PLACEMENT_3D('',#10919,#8790,#8791);
#7911=AXIS2_PLACEMENT_3D('',#10920,#8792,#8793);
#7912=AXIS2_PLACEMENT_3D('',#10923,#8795,#8796);
#7913=AXIS2_PLACEMENT_3D('',#10929,#8800,#8801);
#7914=AXIS2_PLACEMENT_3D('',#10935,#8805,#8806);
#7915=AXIS2_PLACEMENT_3D('',#10941,#8810,#8811);
#7916=AXIS2_PLACEMENT_3D('',#10943,#8813,#8814);
#7917=AXIS2_PLACEMENT_3D('',#10945,#8816,#8817);
#7918=AXIS2_PLACEMENT_3D('',#10947,#8819,#8820);
#7919=AXIS2_PLACEMENT_3D('',#10949,#8822,#8823);
#7920=AXIS2_PLACEMENT_3D('',#10951,#8825,#8826);
#7921=AXIS2_PLACEMENT_3D('',#10953,#8828,#8829);
#7922=AXIS2_PLACEMENT_3D('',#10954,#8830,#8831);
#7923=AXIS2_PLACEMENT_3D('',#10956,#8832,#8833);
#7924=AXIS2_PLACEMENT_3D('',#10957,#8834,#8835);
#7925=AXIS2_PLACEMENT_3D('',#10959,#8836,#8837);
#7926=AXIS2_PLACEMENT_3D('',#10960,#8838,#8839);
#7927=AXIS2_PLACEMENT_3D('',#10962,#8840,#8841);
#7928=AXIS2_PLACEMENT_3D('',#10963,#8842,#8843);
#7929=AXIS2_PLACEMENT_3D('',#10965,#8844,#8845);
#7930=AXIS2_PLACEMENT_3D('',#10971,#8849,#8850);
#7931=AXIS2_PLACEMENT_3D('',#10977,#8854,#8855);
#7932=AXIS2_PLACEMENT_3D('',#10978,#8856,#8857);
#7933=AXIS2_PLACEMENT_3D('',#10979,#8858,#8859);
#7934=AXIS2_PLACEMENT_3D('',#10980,#8860,#8861);
#7935=AXIS2_PLACEMENT_3D('',#10981,#8862,#8863);
#7936=AXIS2_PLACEMENT_3D('',#10982,#8864,#8865);
#7937=AXIS2_PLACEMENT_3D('',#10983,#8866,#8867);
#7938=AXIS2_PLACEMENT_3D('',#10984,#8868,#8869);
#7939=AXIS2_PLACEMENT_3D('',#10985,#8870,#8871);
#7940=AXIS2_PLACEMENT_3D('',#10986,#8872,#8873);
#7941=AXIS2_PLACEMENT_3D('',#10987,#8874,#8875);
#7942=AXIS2_PLACEMENT_3D('',#10988,#8876,#8877);
#7943=AXIS2_PLACEMENT_3D('',#10989,#8878,#8879);
#7944=AXIS2_PLACEMENT_3D('',#10990,#8880,#8881);
#7945=AXIS2_PLACEMENT_3D('',#10991,#8882,#8883);
#7946=AXIS2_PLACEMENT_3D('',#10992,#8884,#8885);
#7947=AXIS2_PLACEMENT_3D('',#10993,#8886,#8887);
#7948=AXIS2_PLACEMENT_3D('',#10994,#8888,#8889);
#7949=AXIS2_PLACEMENT_3D('',#11000,#8893,#8894);
#7950=AXIS2_PLACEMENT_3D('',#11004,#8897,#8898);
#7951=AXIS2_PLACEMENT_3D('',#11008,#8901,#8902);
#7952=AXIS2_PLACEMENT_3D('',#11012,#8905,#8906);
#7953=AXIS2_PLACEMENT_3D('',#11016,#8909,#8910);
#7954=AXIS2_PLACEMENT_3D('',#11020,#8913,#8914);
#7955=AXIS2_PLACEMENT_3D('',#11024,#8917,#8918);
#7956=AXIS2_PLACEMENT_3D('',#11028,#8921,#8922);
#7957=AXIS2_PLACEMENT_3D('',#11032,#8925,#8926);
#7958=AXIS2_PLACEMENT_3D('',#11034,#8928,#8929);
#7959=AXIS2_PLACEMENT_3D('',#11035,#8930,#8931);
#7960=AXIS2_PLACEMENT_3D('',#11036,#8932,#8933);
#7961=AXIS2_PLACEMENT_3D('',#11041,#8935,#8936);
#7962=AXIS2_PLACEMENT_3D('',#11078,#8940,#8941);
#7963=AXIS2_PLACEMENT_3D('',#11084,#8945,#8946);
#7964=AXIS2_PLACEMENT_3D('',#11118,#8953,#8954);
#7965=AXIS2_PLACEMENT_3D('',#11122,#8957,#8958);
#7966=AXIS2_PLACEMENT_3D('',#11125,#8960,#8961);
#7967=AXIS2_PLACEMENT_3D('',#11165,#8965,#8966);
#7968=AXIS2_PLACEMENT_3D('',#11169,#8969,#8970);
#7969=AXIS2_PLACEMENT_3D('',#11199,#8975,#8976);
#7970=AXIS2_PLACEMENT_3D('',#11202,#8978,#8979);
#7971=AXIS2_PLACEMENT_3D('',#11203,#8980,#8981);
#7972=AXIS2_PLACEMENT_3D('',#11206,#8983,#8984);
#7973=AXIS2_PLACEMENT_3D('',#11220,#8986,#8987);
#7974=AXIS2_PLACEMENT_3D('',#11249,#8990,#8991);
#7975=AXIS2_PLACEMENT_3D('',#11250,#8992,#8993);
#7976=AXIS2_PLACEMENT_3D('',#11251,#8994,#8995);
#7977=AXIS2_PLACEMENT_3D('',#11257,#8999,#9000);
#7978=AXIS2_PLACEMENT_3D('',#11261,#9003,#9004);
#7979=AXIS2_PLACEMENT_3D('',#11265,#9007,#9008);
#7980=AXIS2_PLACEMENT_3D('',#11269,#9011,#9012);
#7981=AXIS2_PLACEMENT_3D('',#11273,#9015,#9016);
#7982=AXIS2_PLACEMENT_3D('',#11277,#9019,#9020);
#7983=AXIS2_PLACEMENT_3D('',#11307,#9025,#9026);
#7984=AXIS2_PLACEMENT_3D('',#11310,#9028,#9029);
#7985=AXIS2_PLACEMENT_3D('',#11311,#9030,#9031);
#7986=AXIS2_PLACEMENT_3D('',#11315,#9034,#9035);
#7987=AXIS2_PLACEMENT_3D('',#11318,#9037,#9038);
#7988=AXIS2_PLACEMENT_3D('',#11345,#9041,#9042);
#7989=AXIS2_PLACEMENT_3D('',#11349,#9045,#9046);
#7990=AXIS2_PLACEMENT_3D('',#11353,#9049,#9050);
#7991=AXIS2_PLACEMENT_3D('',#11357,#9053,#9054);
#7992=AXIS2_PLACEMENT_3D('',#11359,#9056,#9057);
#7993=AXIS2_PLACEMENT_3D('',#11397,#9061,#9062);
#7994=AXIS2_PLACEMENT_3D('',#11398,#9063,#9064);
#7995=AXIS2_PLACEMENT_3D('',#11402,#9066,#9067);
#7996=AXIS2_PLACEMENT_3D('',#11403,#9068,#9069);
#7997=AXIS2_PLACEMENT_3D('',#11404,#9070,#9071);
#7998=AXIS2_PLACEMENT_3D('',#11408,#9073,#9074);
#7999=AXIS2_PLACEMENT_3D('',#11475,#9080,#9081);
#8000=AXIS2_PLACEMENT_3D('',#11518,#9087,#9088);
#8001=AXIS2_PLACEMENT_3D('',#11521,#9090,#9091);
#8002=AXIS2_PLACEMENT_3D('',#11535,#9093,#9094);
#8003=AXIS2_PLACEMENT_3D('',#11565,#9099,#9100);
#8004=AXIS2_PLACEMENT_3D('',#11568,#9102,#9103);
#8005=AXIS2_PLACEMENT_3D('',#11569,#9104,#9105);
#8006=AXIS2_PLACEMENT_3D('',#11570,#9106,#9107);
#8007=AXIS2_PLACEMENT_3D('',#11585,#9108,#9109);
#8008=AXIS2_PLACEMENT_3D('',#11586,#9110,#9111);
#8009=AXIS2_PLACEMENT_3D('',#11587,#9112,#9113);
#8010=AXIS2_PLACEMENT_3D('',#11593,#9117,#9118);
#8011=AXIS2_PLACEMENT_3D('',#11597,#9121,#9122);
#8012=AXIS2_PLACEMENT_3D('',#11601,#9125,#9126);
#8013=AXIS2_PLACEMENT_3D('',#11605,#9129,#9130);
#8014=AXIS2_PLACEMENT_3D('',#11609,#9133,#9134);
#8015=AXIS2_PLACEMENT_3D('',#11613,#9137,#9138);
#8016=AXIS2_PLACEMENT_3D('',#11617,#9141,#9142);
#8017=AXIS2_PLACEMENT_3D('',#11621,#9145,#9146);
#8018=AXIS2_PLACEMENT_3D('',#11625,#9149,#9150);
#8019=AXIS2_PLACEMENT_3D('',#11627,#9152,#9153);
#8020=AXIS2_PLACEMENT_3D('',#11648,#9156,#9157);
#8021=AXIS2_PLACEMENT_3D('',#11722,#9165,#9166);
#8022=AXIS2_PLACEMENT_3D('',#11777,#9174,#9175);
#8023=AXIS2_PLACEMENT_3D('',#11859,#9184,#9185);
#8024=AXIS2_PLACEMENT_3D('',#11940,#9192,#9193);
#8025=AXIS2_PLACEMENT_3D('',#11941,#9194,#9195);
#8026=AXIS2_PLACEMENT_3D('',#11942,#9196,#9197);
#8027=AXIS2_PLACEMENT_3D('',#11948,#9201,#9202);
#8028=AXIS2_PLACEMENT_3D('',#11952,#9205,#9206);
#8029=AXIS2_PLACEMENT_3D('',#11956,#9209,#9210);
#8030=AXIS2_PLACEMENT_3D('',#11960,#9213,#9214);
#8031=AXIS2_PLACEMENT_3D('',#11964,#9217,#9218);
#8032=AXIS2_PLACEMENT_3D('',#11968,#9221,#9222);
#8033=AXIS2_PLACEMENT_3D('',#11972,#9225,#9226);
#8034=AXIS2_PLACEMENT_3D('',#11974,#9228,#9229);
#8035=AXIS2_PLACEMENT_3D('',#11975,#9230,#9231);
#8036=AXIS2_PLACEMENT_3D('',#11981,#9235,#9236);
#8037=AXIS2_PLACEMENT_3D('',#11985,#9239,#9240);
#8038=AXIS2_PLACEMENT_3D('',#11989,#9243,#9244);
#8039=AXIS2_PLACEMENT_3D('',#11993,#9247,#9248);
#8040=AXIS2_PLACEMENT_3D('',#11997,#9251,#9252);
#8041=AXIS2_PLACEMENT_3D('',#12001,#9255,#9256);
#8042=AXIS2_PLACEMENT_3D('',#12005,#9259,#9260);
#8043=AXIS2_PLACEMENT_3D('',#12009,#9263,#9264);
#8044=AXIS2_PLACEMENT_3D('',#12013,#9267,#9268);
#8045=AXIS2_PLACEMENT_3D('',#12017,#9271,#9272);
#8046=AXIS2_PLACEMENT_3D('',#12021,#9275,#9276);
#8047=AXIS2_PLACEMENT_3D('',#12023,#9278,#9279);
#8048=AXIS2_PLACEMENT_3D('',#12024,#9280,#9281);
#8049=AXIS2_PLACEMENT_3D('',#12033,#9286,#9287);
#8050=AXIS2_PLACEMENT_3D('',#12039,#9291,#9292);
#8051=AXIS2_PLACEMENT_3D('',#12096,#9299,#9300);
#8052=AXIS2_PLACEMENT_3D('',#12102,#9304,#9305);
#8053=AXIS2_PLACEMENT_3D('',#12158,#9312,#9313);
#8054=AXIS2_PLACEMENT_3D('',#12162,#9316,#9317);
#8055=AXIS2_PLACEMENT_3D('',#12166,#9320,#9321);
#8056=AXIS2_PLACEMENT_3D('',#12182,#9323,#9324);
#8057=AXIS2_PLACEMENT_3D('',#12183,#9325,#9326);
#8058=AXIS2_PLACEMENT_3D('',#12184,#9327,#9328);
#8059=AXIS2_PLACEMENT_3D('',#12193,#9333,#9334);
#8060=AXIS2_PLACEMENT_3D('',#12199,#9338,#9339);
#8061=AXIS2_PLACEMENT_3D('',#12205,#9343,#9344);
#8062=AXIS2_PLACEMENT_3D('',#12209,#9347,#9348);
#8063=AXIS2_PLACEMENT_3D('',#12213,#9351,#9352);
#8064=AXIS2_PLACEMENT_3D('',#12217,#9355,#9356);
#8065=AXIS2_PLACEMENT_3D('',#12221,#9359,#9360);
#8066=AXIS2_PLACEMENT_3D('',#12225,#9363,#9364);
#8067=AXIS2_PLACEMENT_3D('',#12229,#9367,#9368);
#8068=AXIS2_PLACEMENT_3D('',#12231,#9370,#9371);
#8069=AXIS2_PLACEMENT_3D('',#12234,#9374,#9375);
#8070=AXIS2_PLACEMENT_3D('',#12235,#9376,#9377);
#8071=AXIS2_PLACEMENT_3D('',#12236,#9378,#9379);
#8072=AXIS2_PLACEMENT_3D('',#12245,#9384,#9385);
#8073=AXIS2_PLACEMENT_3D('',#12285,#9391,#9392);
#8074=AXIS2_PLACEMENT_3D('',#12325,#9398,#9399);
#8075=AXIS2_PLACEMENT_3D('',#12331,#9403,#9404);
#8076=AXIS2_PLACEMENT_3D('',#12374,#9410,#9411);
#8077=AXIS2_PLACEMENT_3D('',#12417,#9417,#9418);
#8078=AXIS2_PLACEMENT_3D('',#12419,#9420,#9421);
#8079=AXIS2_PLACEMENT_3D('',#12422,#9424,#9425);
#8080=AXIS2_PLACEMENT_3D('',#12423,#9426,#9427);
#8081=AXIS2_PLACEMENT_3D('',#12495,#9433,#9434);
#8082=AXIS2_PLACEMENT_3D('',#12533,#9441,#9442);
#8083=AXIS2_PLACEMENT_3D('',#12576,#9448,#9449);
#8084=AXIS2_PLACEMENT_3D('',#12580,#9452,#9453);
#8085=AXIS2_PLACEMENT_3D('',#12584,#9456,#9457);
#8086=AXIS2_PLACEMENT_3D('',#12588,#9460,#9461);
#8087=AXIS2_PLACEMENT_3D('',#12592,#9464,#9465);
#8088=AXIS2_PLACEMENT_3D('',#12634,#9469,#9470);
#8089=AXIS2_PLACEMENT_3D('',#12635,#9471,#9472);
#8090=AXIS2_PLACEMENT_3D('',#12636,#9473,#9474);
#8091=AXIS2_PLACEMENT_3D('',#12642,#9478,#9479);
#8092=AXIS2_PLACEMENT_3D('',#12646,#9482,#9483);
#8093=AXIS2_PLACEMENT_3D('',#12650,#9486,#9487);
#8094=AXIS2_PLACEMENT_3D('',#12654,#9490,#9491);
#8095=AXIS2_PLACEMENT_3D('',#12684,#9496,#9497);
#8096=AXIS2_PLACEMENT_3D('',#12688,#9500,#9501);
#8097=AXIS2_PLACEMENT_3D('',#12692,#9504,#9505);
#8098=AXIS2_PLACEMENT_3D('',#12696,#9508,#9509);
#8099=AXIS2_PLACEMENT_3D('',#12713,#9513,#9514);
#8100=AXIS2_PLACEMENT_3D('',#12717,#9517,#9518);
#8101=AXIS2_PLACEMENT_3D('',#12719,#9520,#9521);
#8102=AXIS2_PLACEMENT_3D('',#12720,#9522,#9523);
#8103=AXIS2_PLACEMENT_3D('',#12721,#9524,#9525);
#8104=AXIS2_PLACEMENT_3D('',#12727,#9528,#9529);
#8105=AXIS2_PLACEMENT_3D('',#12728,#9530,#9531);
#8106=AXIS2_PLACEMENT_3D('',#12729,#9532,#9533);
#8107=AXIS2_PLACEMENT_3D('',#12734,#9535,#9536);
#8108=AXIS2_PLACEMENT_3D('',#12738,#9538,#9539);
#8109=AXIS2_PLACEMENT_3D('',#12742,#9541,#9542);
#8110=AXIS2_PLACEMENT_3D('',#12745,#9544,#9545);
#8111=AXIS2_PLACEMENT_3D('',#12746,#9546,#9547);
#8112=AXIS2_PLACEMENT_3D('',#12752,#9550,#9551);
#8113=AXIS2_PLACEMENT_3D('',#12758,#9554,#9555);
#8114=AXIS2_PLACEMENT_3D('',#12759,#9556,#9557);
#8115=AXIS2_PLACEMENT_3D('',#12760,#9558,#9559);
#8116=AXIS2_PLACEMENT_3D('',#12762,#9560,#9561);
#8117=AXIS2_PLACEMENT_3D('',#12764,#9562,#9563);
#8118=AXIS2_PLACEMENT_3D('',#12765,#9564,#9565);
#8119=AXIS2_PLACEMENT_3D('',#12767,#9566,#9567);
#8120=AXIS2_PLACEMENT_3D('',#12769,#9568,#9569);
#8121=AXIS2_PLACEMENT_3D('',#12770,#9570,#9571);
#8122=AXIS2_PLACEMENT_3D('',#12772,#9572,#9573);
#8123=AXIS2_PLACEMENT_3D('',#12774,#9574,#9575);
#8124=AXIS2_PLACEMENT_3D('',#12775,#9576,#9577);
#8125=AXIS2_PLACEMENT_3D('',#12777,#9578,#9579);
#8126=AXIS2_PLACEMENT_3D('',#12779,#9580,#9581);
#8127=AXIS2_PLACEMENT_3D('',#12796,#9590,#9591);
#8128=AXIS2_PLACEMENT_3D('',#12813,#9600,#9601);
#8129=AXIS2_PLACEMENT_3D('',#12822,#9606,#9607);
#8130=AXIS2_PLACEMENT_3D('',#12831,#9612,#9613);
#8131=AXIS2_PLACEMENT_3D('',#12840,#9618,#9619);
#8132=AXIS2_PLACEMENT_3D('',#12846,#9623,#9624);
#8133=AXIS2_PLACEMENT_3D('',#12852,#9628,#9629);
#8134=AXIS2_PLACEMENT_3D('',#12853,#9630,#9631);
#8135=AXIS2_PLACEMENT_3D('',#12855,#9632,#9633);
#8136=AXIS2_PLACEMENT_3D('',#12856,#9634,#9635);
#8137=AXIS2_PLACEMENT_3D('',#12858,#9636,#9637);
#8138=AXIS2_PLACEMENT_3D('',#12859,#9638,#9639);
#8139=AXIS2_PLACEMENT_3D('',#12861,#9640,#9641);
#8140=AXIS2_PLACEMENT_3D('',#12864,#9644,#9645);
#8141=AXIS2_PLACEMENT_3D('',#12865,#9646,#9647);
#8142=AXIS2_PLACEMENT_3D('',#12867,#9648,#9649);
#8143=AXIS2_PLACEMENT_3D('',#12868,#9650,#9651);
#8144=AXIS2_PLACEMENT_3D('',#12869,#9652,#9653);
#8145=AXIS2_PLACEMENT_3D('',#12870,#9654,#9655);
#8146=AXIS2_PLACEMENT_3D('',#12871,#9656,#9657);
#8147=AXIS2_PLACEMENT_3D('',#12872,#9658,#9659);
#8148=AXIS2_PLACEMENT_3D('',#12875,#9662,#9663);
#8149=AXIS2_PLACEMENT_3D('',#12877,#9665,#9666);
#8150=AXIS2_PLACEMENT_3D('',#12879,#9668,#9669);
#8151=AXIS2_PLACEMENT_3D('',#12880,#9670,#9671);
#8152=AXIS2_PLACEMENT_3D('',#12886,#9674,#9675);
#8153=AXIS2_PLACEMENT_3D('',#12887,#9676,#9677);
#8154=AXIS2_PLACEMENT_3D('',#12898,#9678,#9679);
#8155=AXIS2_PLACEMENT_3D('',#12909,#9680,#9681);
#8156=AXIS2_PLACEMENT_3D('',#12920,#9682,#9683);
#8157=AXIS2_PLACEMENT_3D('',#12931,#9684,#9685);
#8158=AXIS2_PLACEMENT_3D('',#12932,#9686,#9687);
#8159=AXIS2_PLACEMENT_3D('',#12933,#9688,#9689);
#8160=AXIS2_PLACEMENT_3D('',#12934,#9690,#9691);
#8161=AXIS2_PLACEMENT_3D('',#12935,#9692,#9693);
#8162=AXIS2_PLACEMENT_3D('',#12936,#9694,#9695);
#8163=AXIS2_PLACEMENT_3D('',#12937,#9696,#9697);
#8164=AXIS2_PLACEMENT_3D('',#12938,#9698,#9699);
#8165=AXIS2_PLACEMENT_3D('',#12939,#9700,#9701);
#8166=AXIS2_PLACEMENT_3D('',#12940,#9702,#9703);
#8167=AXIS2_PLACEMENT_3D('',#12941,#9704,#9705);
#8168=AXIS2_PLACEMENT_3D('',#12942,#9706,#9707);
#8169=AXIS2_PLACEMENT_3D('',#12943,#9708,#9709);
#8170=AXIS2_PLACEMENT_3D('',#12944,#9710,#9711);
#8171=AXIS2_PLACEMENT_3D('',#12945,#9712,#9713);
#8172=AXIS2_PLACEMENT_3D('',#12946,#9714,#9715);
#8173=AXIS2_PLACEMENT_3D('',#12947,#9716,#9717);
#8174=AXIS2_PLACEMENT_3D('',#12948,#9718,#9719);
#8175=AXIS2_PLACEMENT_3D('',#12949,#9720,#9721);
#8176=AXIS2_PLACEMENT_3D('',#12950,#9722,#9723);
#8177=AXIS2_PLACEMENT_3D('',#12951,#9724,#9725);
#8178=AXIS2_PLACEMENT_3D('',#12952,#9726,#9727);
#8179=AXIS2_PLACEMENT_3D('',#12953,#9728,#9729);
#8180=AXIS2_PLACEMENT_3D('',#12954,#9730,#9731);
#8181=AXIS2_PLACEMENT_3D('',#12955,#9732,#9733);
#8182=AXIS2_PLACEMENT_3D('',#12956,#9734,#9735);
#8183=AXIS2_PLACEMENT_3D('',#12957,#9736,#9737);
#8184=AXIS2_PLACEMENT_3D('',#12961,#9739,#9740);
#8185=AXIS2_PLACEMENT_3D('',#12965,#9742,#9743);
#8186=AXIS2_PLACEMENT_3D('',#12966,#9744,#9745);
#8187=AXIS2_PLACEMENT_3D('',#12972,#9749,#9750);
#8188=AXIS2_PLACEMENT_3D('',#12978,#9754,#9755);
#8189=AXIS2_PLACEMENT_3D('',#12979,#9756,#9757);
#8190=AXIS2_PLACEMENT_3D('',#12983,#9759,#9760);
#8191=AXIS2_PLACEMENT_3D('',#12987,#9762,#9763);
#8192=AXIS2_PLACEMENT_3D('',#12988,#9764,#9765);
#8193=AXIS2_PLACEMENT_3D('',#12990,#9766,#9767);
#8194=AXIS2_PLACEMENT_3D('',#12992,#9768,#9769);
#8195=AXIS2_PLACEMENT_3D('',#12994,#9770,#9771);
#8196=AXIS2_PLACEMENT_3D('',#12996,#9772,#9773);
#8197=AXIS2_PLACEMENT_3D('',#12998,#9774,#9775);
#8198=AXIS2_PLACEMENT_3D('',#13000,#9776,#9777);
#8199=AXIS2_PLACEMENT_3D('',#13002,#9778,#9779);
#8200=AXIS2_PLACEMENT_3D('',#13004,#9780,#9781);
#8201=AXIS2_PLACEMENT_3D('',#13006,#9782,#9783);
#8202=AXIS2_PLACEMENT_3D('',#13008,#9784,#9785);
#8203=AXIS2_PLACEMENT_3D('',#13010,#9786,#9787);
#8204=AXIS2_PLACEMENT_3D('',#13012,#9788,#9789);
#8205=AXIS2_PLACEMENT_3D('',#13014,#9790,#9791);
#8206=AXIS2_PLACEMENT_3D('',#13016,#9792,#9793);
#8207=AXIS2_PLACEMENT_3D('',#13018,#9794,#9795);
#8208=AXIS2_PLACEMENT_3D('',#13020,#9796,#9797);
#8209=AXIS2_PLACEMENT_3D('',#13022,#9798,#9799);
#8210=AXIS2_PLACEMENT_3D('',#13024,#9800,#9801);
#8211=AXIS2_PLACEMENT_3D('',#13026,#9802,#9803);
#8212=AXIS2_PLACEMENT_3D('',#13028,#9804,#9805);
#8213=AXIS2_PLACEMENT_3D('',#13030,#9806,#9807);
#8214=AXIS2_PLACEMENT_3D('',#13032,#9808,#9809);
#8215=AXIS2_PLACEMENT_3D('',#13034,#9810,#9811);
#8216=AXIS2_PLACEMENT_3D('',#13036,#9812,#9813);
#8217=AXIS2_PLACEMENT_3D('',#13038,#9814,#9815);
#8218=AXIS2_PLACEMENT_3D('',#13040,#9816,#9817);
#8219=AXIS2_PLACEMENT_3D('',#13042,#9818,#9819);
#8220=AXIS2_PLACEMENT_3D('',#13044,#9820,#9821);
#8221=AXIS2_PLACEMENT_3D('',#13046,#9822,#9823);
#8222=AXIS2_PLACEMENT_3D('',#13048,#9824,#9825);
#8223=AXIS2_PLACEMENT_3D('',#13050,#9826,#9827);
#8224=AXIS2_PLACEMENT_3D('',#13052,#9828,#9829);
#8225=AXIS2_PLACEMENT_3D('',#13054,#9830,#9831);
#8226=AXIS2_PLACEMENT_3D('',#13056,#9832,#9833);
#8227=AXIS2_PLACEMENT_3D('',#13058,#9834,#9835);
#8228=AXIS2_PLACEMENT_3D('',#13060,#9836,#9837);
#8229=AXIS2_PLACEMENT_3D('',#13062,#9838,#9839);
#8230=AXIS2_PLACEMENT_3D('',#13064,#9840,#9841);
#8231=AXIS2_PLACEMENT_3D('',#13066,#9842,#9843);
#8232=AXIS2_PLACEMENT_3D('',#13068,#9844,#9845);
#8233=AXIS2_PLACEMENT_3D('',#13070,#9846,#9847);
#8234=AXIS2_PLACEMENT_3D('',#13072,#9848,#9849);
#8235=AXIS2_PLACEMENT_3D('',#13074,#9850,#9851);
#8236=AXIS2_PLACEMENT_3D('',#13079,#9853,#9854);
#8237=AXIS2_PLACEMENT_3D('',#13083,#9856,#9857);
#8238=AXIS2_PLACEMENT_3D('',#13084,#9858,#9859);
#8239=AXIS2_PLACEMENT_3D('',#13086,#9860,#9861);
#8240=AXIS2_PLACEMENT_3D('',#13088,#9862,#9863);
#8241=AXIS2_PLACEMENT_3D('',#13090,#9864,#9865);
#8242=AXIS2_PLACEMENT_3D('',#13092,#9866,#9867);
#8243=AXIS2_PLACEMENT_3D('',#13097,#9869,#9870);
#8244=AXIS2_PLACEMENT_3D('',#13101,#9872,#9873);
#8245=AXIS2_PLACEMENT_3D('',#13102,#9874,#9875);
#8246=AXIS2_PLACEMENT_3D('',#13103,#9876,#9877);
#8247=AXIS2_PLACEMENT_3D('',#13107,#9879,#9880);
#8248=AXIS2_PLACEMENT_3D('',#13111,#9882,#9883);
#8249=AXIS2_PLACEMENT_3D('',#13112,#9884,#9885);
#8250=AXIS2_PLACEMENT_3D('',#13114,#9886,#9887);
#8251=AXIS2_PLACEMENT_3D('',#13116,#9888,#9889);
#8252=AXIS2_PLACEMENT_3D('',#13118,#9890,#9891);
#8253=AXIS2_PLACEMENT_3D('',#13120,#9892,#9893);
#8254=AXIS2_PLACEMENT_3D('',#13122,#9894,#9895);
#8255=AXIS2_PLACEMENT_3D('',#13124,#9896,#9897);
#8256=AXIS2_PLACEMENT_3D('',#13126,#9898,#9899);
#8257=AXIS2_PLACEMENT_3D('',#13128,#9900,#9901);
#8258=AXIS2_PLACEMENT_3D('',#13130,#9902,#9903);
#8259=AXIS2_PLACEMENT_3D('',#13132,#9904,#9905);
#8260=AXIS2_PLACEMENT_3D('',#13134,#9906,#9907);
#8261=AXIS2_PLACEMENT_3D('',#13136,#9908,#9909);
#8262=AXIS2_PLACEMENT_3D('',#13138,#9910,#9911);
#8263=AXIS2_PLACEMENT_3D('',#13140,#9912,#9913);
#8264=AXIS2_PLACEMENT_3D('',#13142,#9914,#9915);
#8265=AXIS2_PLACEMENT_3D('',#13144,#9916,#9917);
#8266=AXIS2_PLACEMENT_3D('',#13146,#9918,#9919);
#8267=AXIS2_PLACEMENT_3D('',#13148,#9920,#9921);
#8268=AXIS2_PLACEMENT_3D('',#13150,#9922,#9923);
#8269=AXIS2_PLACEMENT_3D('',#13152,#9924,#9925);
#8270=AXIS2_PLACEMENT_3D('',#13154,#9926,#9927);
#8271=AXIS2_PLACEMENT_3D('',#13156,#9928,#9929);
#8272=AXIS2_PLACEMENT_3D('',#13158,#9930,#9931);
#8273=AXIS2_PLACEMENT_3D('',#13160,#9932,#9933);
#8274=AXIS2_PLACEMENT_3D('',#13162,#9934,#9935);
#8275=AXIS2_PLACEMENT_3D('',#13164,#9936,#9937);
#8276=AXIS2_PLACEMENT_3D('',#13166,#9938,#9939);
#8277=AXIS2_PLACEMENT_3D('',#13168,#9940,#9941);
#8278=AXIS2_PLACEMENT_3D('',#13170,#9942,#9943);
#8279=AXIS2_PLACEMENT_3D('',#13172,#9944,#9945);
#8280=AXIS2_PLACEMENT_3D('',#13174,#9946,#9947);
#8281=AXIS2_PLACEMENT_3D('',#13176,#9948,#9949);
#8282=AXIS2_PLACEMENT_3D('',#13178,#9950,#9951);
#8283=AXIS2_PLACEMENT_3D('',#13180,#9952,#9953);
#8284=AXIS2_PLACEMENT_3D('',#13182,#9954,#9955);
#8285=AXIS2_PLACEMENT_3D('',#13184,#9956,#9957);
#8286=AXIS2_PLACEMENT_3D('',#13186,#9958,#9959);
#8287=AXIS2_PLACEMENT_3D('',#13188,#9960,#9961);
#8288=AXIS2_PLACEMENT_3D('',#13190,#9962,#9963);
#8289=AXIS2_PLACEMENT_3D('',#13192,#9964,#9965);
#8290=AXIS2_PLACEMENT_3D('',#13194,#9966,#9967);
#8291=AXIS2_PLACEMENT_3D('',#13196,#9968,#9969);
#8292=AXIS2_PLACEMENT_3D('',#13198,#9970,#9971);
#8293=AXIS2_PLACEMENT_3D('',#13200,#9972,#9973);
#8294=AXIS2_PLACEMENT_3D('',#13205,#9975,#9976);
#8295=AXIS2_PLACEMENT_3D('',#13208,#9978,#9979);
#8296=AXIS2_PLACEMENT_3D('',#13210,#9980,#9981);
#8297=AXIS2_PLACEMENT_3D('',#13212,#9982,#9983);
#8298=AXIS2_PLACEMENT_3D('',#13214,#9984,#9985);
#8299=AXIS2_PLACEMENT_3D('',#13216,#9986,#9987);
#8300=AXIS2_PLACEMENT_3D('',#13218,#9988,#9989);
#8301=AXIS2_PLACEMENT_3D('',#13223,#9991,#9992);
#8302=AXIS2_PLACEMENT_3D('',#13226,#9994,#9995);
#8303=AXIS2_PLACEMENT_3D('',#13228,#9997,#9998);
#8304=AXIS2_PLACEMENT_3D('',#13230,#10000,#10001);
#8305=AXIS2_PLACEMENT_3D('',#13232,#10003,#10004);
#8306=AXIS2_PLACEMENT_3D('',#13234,#10006,#10007);
#8307=AXIS2_PLACEMENT_3D('',#13235,#10008,#10009);
#8308=AXIS2_PLACEMENT_3D('',#13237,#10011,#10012);
#8309=AXIS2_PLACEMENT_3D('',#13239,#10014,#10015);
#8310=AXIS2_PLACEMENT_3D('',#13241,#10017,#10018);
#8311=AXIS2_PLACEMENT_3D('',#13243,#10020,#10021);
#8312=AXIS2_PLACEMENT_3D('',#13245,#10023,#10024);
#8313=AXIS2_PLACEMENT_3D('',#13247,#10026,#10027);
#8314=AXIS2_PLACEMENT_3D('',#13249,#10029,#10030);
#8315=AXIS2_PLACEMENT_3D('',#13251,#10032,#10033);
#8316=AXIS2_PLACEMENT_3D('',#13253,#10035,#10036);
#8317=AXIS2_PLACEMENT_3D('',#13255,#10038,#10039);
#8318=AXIS2_PLACEMENT_3D('',#13257,#10041,#10042);
#8319=AXIS2_PLACEMENT_3D('',#13259,#10044,#10045);
#8320=AXIS2_PLACEMENT_3D('',#13261,#10047,#10048);
#8321=AXIS2_PLACEMENT_3D('',#13263,#10050,#10051);
#8322=AXIS2_PLACEMENT_3D('',#13265,#10053,#10054);
#8323=AXIS2_PLACEMENT_3D('',#13267,#10056,#10057);
#8324=AXIS2_PLACEMENT_3D('',#13269,#10059,#10060);
#8325=AXIS2_PLACEMENT_3D('',#13271,#10062,#10063);
#8326=AXIS2_PLACEMENT_3D('',#13273,#10065,#10066);
#8327=AXIS2_PLACEMENT_3D('',#13275,#10068,#10069);
#8328=AXIS2_PLACEMENT_3D('',#13277,#10071,#10072);
#8329=AXIS2_PLACEMENT_3D('',#13279,#10074,#10075);
#8330=AXIS2_PLACEMENT_3D('',#13281,#10077,#10078);
#8331=AXIS2_PLACEMENT_3D('',#13283,#10080,#10081);
#8332=AXIS2_PLACEMENT_3D('',#13285,#10083,#10084);
#8333=AXIS2_PLACEMENT_3D('',#13287,#10086,#10087);
#8334=AXIS2_PLACEMENT_3D('',#13289,#10089,#10090);
#8335=AXIS2_PLACEMENT_3D('',#13291,#10092,#10093);
#8336=AXIS2_PLACEMENT_3D('',#13293,#10095,#10096);
#8337=AXIS2_PLACEMENT_3D('',#13295,#10098,#10099);
#8338=AXIS2_PLACEMENT_3D('',#13297,#10101,#10102);
#8339=AXIS2_PLACEMENT_3D('',#13299,#10104,#10105);
#8340=AXIS2_PLACEMENT_3D('',#13301,#10107,#10108);
#8341=AXIS2_PLACEMENT_3D('',#13303,#10110,#10111);
#8342=AXIS2_PLACEMENT_3D('',#13305,#10113,#10114);
#8343=AXIS2_PLACEMENT_3D('',#13307,#10116,#10117);
#8344=AXIS2_PLACEMENT_3D('',#13309,#10119,#10120);
#8345=AXIS2_PLACEMENT_3D('',#13311,#10122,#10123);
#8346=AXIS2_PLACEMENT_3D('',#13313,#10125,#10126);
#8347=AXIS2_PLACEMENT_3D('',#13315,#10128,#10129);
#8348=AXIS2_PLACEMENT_3D('',#13317,#10131,#10132);
#8349=AXIS2_PLACEMENT_3D('',#13319,#10134,#10135);
#8350=AXIS2_PLACEMENT_3D('',#13321,#10137,#10138);
#8351=AXIS2_PLACEMENT_3D('',#13323,#10140,#10141);
#8352=AXIS2_PLACEMENT_3D('',#13326,#10144,#10145);
#8353=AXIS2_PLACEMENT_3D('',#13328,#10147,#10148);
#8354=AXIS2_PLACEMENT_3D('',#13330,#10150,#10151);
#8355=AXIS2_PLACEMENT_3D('',#13331,#10152,#10153);
#8356=AXIS2_PLACEMENT_3D('',#13333,#10155,#10156);
#8357=AXIS2_PLACEMENT_3D('',#13335,#10158,#10159);
#8358=AXIS2_PLACEMENT_3D('',#13337,#10161,#10162);
#8359=AXIS2_PLACEMENT_3D('',#13339,#10164,#10165);
#8360=AXIS2_PLACEMENT_3D('',#13341,#10167,#10168);
#8361=AXIS2_PLACEMENT_3D('',#13344,#10171,#10172);
#8362=AXIS2_PLACEMENT_3D('',#13346,#10174,#10175);
#8363=AXIS2_PLACEMENT_3D('',#13348,#10177,#10178);
#8364=DIRECTION('',(0.,0.,1.));
#8365=DIRECTION('',(1.,0.,0.));
#8366=DIRECTION('',(0.,0.,1.));
#8367=DIRECTION('',(1.,0.,0.));
#8368=DIRECTION('',(0.2966007261035,0.955001575535285,0.));
#8369=DIRECTION('',(1.,0.,0.));
#8370=DIRECTION('',(-0.328830306037588,-0.944389024624506,0.));
#8371=DIRECTION('',(-0.995893206467704,0.0905357460425185,0.));
#8372=DIRECTION('',(-0.983130049483585,0.182907916182993,0.));
#8373=DIRECTION('',(0.,1.,0.));
#8374=DIRECTION('',(0.997054485501582,-0.0766964988847371,0.));
#8375=DIRECTION('',(0.348733712021418,0.937221851057562,0.));
#8376=DIRECTION('',(-0.339347122651172,0.940661219753621,0.));
#8377=DIRECTION('',(1.,0.,0.));
#8378=DIRECTION('',(0.316003110389895,-0.948758153706155,0.));
#8379=DIRECTION('',(-0.0714283390116657,-0.99744573405576,0.));
#8380=DIRECTION('',(-1.,0.,0.));
#8381=DIRECTION('',(0.,1.,0.));
#8382=DIRECTION('',(1.,0.,0.));
#8383=DIRECTION('',(0.,-1.,0.));
#8384=DIRECTION('',(0.,-1.,0.));
#8385=DIRECTION('',(0.,1.,0.));
#8386=DIRECTION('',(1.,0.,0.));
#8387=DIRECTION('',(0.,-1.,0.));
#8388=DIRECTION('',(-1.,0.,0.));
#8389=DIRECTION('',(-1.,0.,0.));
#8390=DIRECTION('',(-0.338943799937905,-0.940806622257546,0.));
#8391=DIRECTION('',(-1.,0.,0.));
#8392=DIRECTION('',(0.356652691909982,0.934237045590338,0.));
#8393=DIRECTION('',(1.,0.,0.));
#8394=DIRECTION('',(0.357369212923884,-0.933963192879764,0.));
#8395=DIRECTION('',(-1.,0.,0.));
#8396=DIRECTION('',(-0.343139296945433,0.939284527122529,0.));
#8397=DIRECTION('',(0.,-1.,0.));
#8398=DIRECTION('',(-1.,0.,0.));
#8399=DIRECTION('',(0.,1.,0.));
#8400=DIRECTION('',(1.,0.,0.));
#8401=DIRECTION('',(-1.,0.,0.));
#8402=DIRECTION('',(-1.,0.,0.));
#8403=DIRECTION('',(0.,-1.,0.));
#8404=DIRECTION('',(1.,0.,0.));
#8405=DIRECTION('',(0.,-1.,0.));
#8406=DIRECTION('',(-1.,0.,0.));
#8407=DIRECTION('',(0.,1.,0.));
#8408=DIRECTION('',(1.,0.,0.));
#8409=DIRECTION('',(0.,-1.,0.));
#8410=DIRECTION('',(-1.,0.,0.));
#8411=DIRECTION('',(0.,-1.,0.));
#8412=DIRECTION('',(1.,0.,0.));
#8413=DIRECTION('',(0.,-1.,0.));
#8414=DIRECTION('',(-1.,0.,0.));
#8415=DIRECTION('',(0.,-1.,0.));
#8416=DIRECTION('',(-1.,0.,0.));
#8417=DIRECTION('',(0.,1.,0.));
#8418=DIRECTION('',(-1.,0.,0.));
#8419=DIRECTION('',(0.,1.,0.));
#8420=DIRECTION('',(1.,0.,0.));
#8421=DIRECTION('',(0.,-1.,0.));
#8422=DIRECTION('',(0.,1.,0.));
#8423=DIRECTION('',(0.,-1.,0.));
#8424=DIRECTION('',(1.,0.,0.));
#8425=DIRECTION('',(0.,-1.,0.));
#8426=DIRECTION('',(-1.,0.,0.));
#8427=DIRECTION('',(0.,1.,0.));
#8428=DIRECTION('',(0.601546263509346,0.798837964081543,0.));
#8429=DIRECTION('',(-1.,0.,0.));
#8430=DIRECTION('',(0.,1.,0.));
#8431=DIRECTION('',(1.,0.,0.));
#8432=DIRECTION('',(0.,-1.,0.));
#8433=DIRECTION('',(-0.602042110160582,-0.798464337083,0.));
#8434=DIRECTION('',(0.,0.,-1.));
#8435=DIRECTION('',(-1.,0.,0.));
#8436=DIRECTION('',(0.,0.,-1.));
#8437=DIRECTION('',(-1.,0.,0.));
#8438=DIRECTION('',(0.,-1.,0.));
#8439=DIRECTION('',(0.,0.,-1.));
#8440=DIRECTION('',(-1.,0.,0.));
#8441=DIRECTION('',(0.,1.,0.));
#8442=DIRECTION('',(0.,-1.,0.));
#8443=DIRECTION('',(1.,0.,0.));
#8444=DIRECTION('',(0.,-1.,0.));
#8445=DIRECTION('',(-1.,0.,0.));
#8446=DIRECTION('',(0.,-1.,0.));
#8447=DIRECTION('',(0.,0.,-1.));
#8448=DIRECTION('',(-1.,0.,0.));
#8449=DIRECTION('',(0.,-1.,0.));
#8450=DIRECTION('',(0.,0.,-1.));
#8451=DIRECTION('',(-1.,0.,0.));
#8452=DIRECTION('',(0.,1.,0.));
#8453=DIRECTION('',(-1.,0.,0.));
#8454=DIRECTION('',(0.,1.,0.));
#8455=DIRECTION('',(1.,0.,0.));
#8456=DIRECTION('',(0.,1.,0.));
#8457=DIRECTION('',(1.,0.,0.));
#8458=DIRECTION('',(0.,1.,0.));
#8459=DIRECTION('',(0.,0.,-1.));
#8460=DIRECTION('',(-1.,0.,0.));
#8461=DIRECTION('',(0.,0.,-1.));
#8462=DIRECTION('',(-1.,0.,0.));
#8463=DIRECTION('',(0.,-1.,0.));
#8464=DIRECTION('',(-1.,0.,0.));
#8465=DIRECTION('',(0.,0.,-1.));
#8466=DIRECTION('',(-1.,0.,0.));
#8467=DIRECTION('',(0.788870641638786,-0.614559281729932,0.));
#8468=DIRECTION('',(1.,0.,0.));
#8469=DIRECTION('',(0.,-1.,0.));
#8470=DIRECTION('',(-1.,0.,0.));
#8471=DIRECTION('',(0.,1.,0.));
#8472=DIRECTION('',(0.568830393819466,0.822454851689253,0.));
#8473=DIRECTION('',(-1.,0.,0.));
#8474=DIRECTION('',(0.,1.,0.));
#8475=DIRECTION('',(1.,0.,0.));
#8476=DIRECTION('',(0.,-1.,0.));
#8477=DIRECTION('',(-0.568938093955907,-0.82238035314921,0.));
#8478=DIRECTION('',(0.,-1.,0.));
#8479=DIRECTION('',(0.,0.,1.));
#8480=DIRECTION('',(1.,0.,0.));
#8481=DIRECTION('',(1.,0.,0.));
#8482=DIRECTION('',(0.,0.,1.));
#8483=DIRECTION('',(1.,0.,0.));
#8484=DIRECTION('',(0.,-1.,0.));
#8485=DIRECTION('',(0.,0.,1.));
#8486=DIRECTION('',(1.,0.,0.));
#8487=DIRECTION('',(1.,0.,0.));
#8488=DIRECTION('',(0.,0.,1.));
#8489=DIRECTION('',(1.,0.,0.));
#8490=DIRECTION('',(0.,0.,1.));
#8491=DIRECTION('',(1.,0.,0.));
#8492=DIRECTION('',(0.,0.,1.));
#8493=DIRECTION('',(1.,0.,0.));
#8494=DIRECTION('',(0.,0.,1.));
#8495=DIRECTION('',(1.,0.,0.));
#8496=DIRECTION('',(0.,0.,1.));
#8497=DIRECTION('',(1.,0.,0.));
#8498=DIRECTION('',(0.,0.,1.));
#8499=DIRECTION('',(0.,1.,0.));
#8500=DIRECTION('',(1.,0.,0.));
#8501=DIRECTION('',(0.,0.,1.));
#8502=DIRECTION('',(1.,0.,0.));
#8503=DIRECTION('',(0.,-1.,0.));
#8504=DIRECTION('',(0.,0.,1.));
#8505=DIRECTION('',(3.46944695195361E-15,-1.,0.));
#8506=DIRECTION('',(1.,0.,0.));
#8507=DIRECTION('',(0.,0.,1.));
#8508=DIRECTION('',(-1.,-1.21430643318376E-14,0.));
#8509=DIRECTION('',(0.,-1.,0.));
#8510=DIRECTION('',(0.,0.,1.));
#8511=DIRECTION('',(0.,1.,0.));
#8512=DIRECTION('',(1.,0.,0.));
#8513=DIRECTION('',(0.,0.,1.));
#8514=DIRECTION('',(1.,3.46944695195361E-15,0.));
#8515=DIRECTION('',(0.,-1.,0.));
#8516=DIRECTION('',(0.,0.,1.));
#8517=DIRECTION('',(3.4694469519536E-15,-1.,0.));
#8518=DIRECTION('',(1.,0.,0.));
#8519=DIRECTION('',(0.,0.,1.));
#8520=DIRECTION('',(-1.,0.,0.));
#8521=DIRECTION('',(0.,-1.,0.));
#8522=DIRECTION('',(0.,0.,1.));
#8523=DIRECTION('',(0.,1.,0.));
#8524=DIRECTION('',(1.,0.,0.));
#8525=DIRECTION('',(0.,0.,1.));
#8526=DIRECTION('',(1.,1.21430643318376E-14,0.));
#8527=DIRECTION('',(0.,-1.,0.));
#8528=DIRECTION('',(0.,0.,1.));
#8529=DIRECTION('',(0.,-1.,0.));
#8530=DIRECTION('',(1.,0.,0.));
#8531=DIRECTION('',(0.,0.,1.));
#8532=DIRECTION('',(-1.,0.,0.));
#8533=DIRECTION('',(0.,-1.,0.));
#8534=DIRECTION('',(0.,0.,1.));
#8535=DIRECTION('',(0.,1.,0.));
#8536=DIRECTION('',(1.,0.,0.));
#8537=DIRECTION('',(0.,0.,1.));
#8538=DIRECTION('',(1.,0.,0.));
#8539=DIRECTION('',(0.,-1.,0.));
#8540=DIRECTION('',(0.,0.,1.));
#8541=DIRECTION('',(1.04083408558608E-14,-1.,0.));
#8542=DIRECTION('',(1.,0.,0.));
#8543=DIRECTION('',(0.,0.,1.));
#8544=DIRECTION('',(-1.,-1.38777878078142E-14,0.));
#8545=DIRECTION('',(0.,-1.,0.));
#8546=DIRECTION('',(0.,0.,1.));
#8547=DIRECTION('',(0.,1.,0.));
#8548=DIRECTION('',(1.,0.,0.));
#8549=DIRECTION('',(0.,0.,1.));
#8550=DIRECTION('',(1.,3.46944695195361E-15,0.));
#8551=DIRECTION('',(0.,-1.,0.));
#8552=DIRECTION('',(0.,0.,1.));
#8553=DIRECTION('',(1.21430643318376E-14,-1.,0.));
#8554=DIRECTION('',(1.,0.,0.));
#8555=DIRECTION('',(0.,0.,1.));
#8556=DIRECTION('',(-1.,0.,0.));
#8557=DIRECTION('',(0.,-1.,0.));
#8558=DIRECTION('',(0.,0.,1.));
#8559=DIRECTION('',(0.,1.,0.));
#8560=DIRECTION('',(1.,0.,0.));
#8561=DIRECTION('',(0.,0.,1.));
#8562=DIRECTION('',(1.,1.04083408558608E-14,0.));
#8563=DIRECTION('',(0.,-1.,0.));
#8564=DIRECTION('',(0.,0.,1.));
#8565=DIRECTION('',(1.38777878078142E-14,-1.,0.));
#8566=DIRECTION('',(1.,0.,0.));
#8567=DIRECTION('',(0.,0.,1.));
#8568=DIRECTION('',(-1.,0.,0.));
#8569=DIRECTION('',(0.,-1.,0.));
#8570=DIRECTION('',(-1.,0.,0.));
#8571=DIRECTION('',(0.,0.,1.));
#8572=DIRECTION('',(1.,0.,0.));
#8573=DIRECTION('',(0.,-1.,0.));
#8574=DIRECTION('',(0.,0.,1.));
#8575=DIRECTION('',(1.,0.,0.));
#8576=DIRECTION('',(-1.,0.,0.));
#8577=DIRECTION('',(0.,0.,1.));
#8578=DIRECTION('',(1.,0.,0.));
#8579=DIRECTION('',(0.,-1.,0.));
#8580=DIRECTION('',(0.,0.,1.));
#8581=DIRECTION('',(1.,0.,0.));
#8582=DIRECTION('',(0.,-1.,0.));
#8583=DIRECTION('',(0.,0.,-1.));
#8584=DIRECTION('',(-1.,0.,0.));
#8585=DIRECTION('',(0.,0.,-1.));
#8586=DIRECTION('',(0.,0.,-1.));
#8587=DIRECTION('',(1.,0.,0.));
#8588=DIRECTION('',(0.,0.,-1.));
#8589=DIRECTION('',(0.,-1.,0.));
#8590=DIRECTION('',(0.,0.,-1.));
#8591=DIRECTION('',(0.,0.,-1.));
#8592=DIRECTION('',(0.,-1.,0.));
#8593=DIRECTION('',(0.,0.,-1.));
#8594=DIRECTION('',(0.,0.,-1.));
#8595=DIRECTION('',(-1.,0.,0.));
#8596=DIRECTION('',(0.,0.,-1.));
#8597=DIRECTION('',(0.,0.,-1.));
#8598=DIRECTION('',(-1.,0.,0.));
#8599=DIRECTION('',(0.,0.,1.));
#8600=DIRECTION('',(0.,1.,0.));
#8601=DIRECTION('',(0.,0.,-1.));
#8602=DIRECTION('',(0.,0.,-1.));
#8603=DIRECTION('',(0.,1.,0.));
#8604=DIRECTION('',(0.,0.,1.));
#8605=DIRECTION('',(1.,0.,0.));
#8606=DIRECTION('',(0.,0.,-1.));
#8607=DIRECTION('',(0.,0.,-1.));
#8608=DIRECTION('',(-1.,0.,0.));
#8609=DIRECTION('',(0.,0.,1.));
#8610=DIRECTION('',(1.,1.04083408558608E-14,0.));
#8611=DIRECTION('',(0.,0.,-1.));
#8612=DIRECTION('',(1.,0.,0.));
#8613=DIRECTION('',(0.,0.,-1.));
#8614=DIRECTION('',(0.,-1.,0.));
#8615=DIRECTION('',(0.,0.,-1.));
#8616=DIRECTION('',(0.,0.,-1.));
#8617=DIRECTION('',(-1.,0.,0.));
#8618=DIRECTION('',(0.,0.,1.));
#8619=DIRECTION('',(1.38777878078142E-14,-1.,0.));
#8620=DIRECTION('',(0.,0.,-1.));
#8621=DIRECTION('',(0.,1.,0.));
#8622=DIRECTION('',(0.,0.,1.));
#8623=DIRECTION('',(1.,0.,0.));
#8624=DIRECTION('',(0.,0.,-1.));
#8625=DIRECTION('',(0.,0.,-1.));
#8626=DIRECTION('',(-1.,0.,0.));
#8627=DIRECTION('',(0.,0.,1.));
#8628=DIRECTION('',(-1.,0.,0.));
#8629=DIRECTION('',(0.,0.,-1.));
#8630=DIRECTION('',(0.,0.,-1.));
#8631=DIRECTION('',(-1.,0.,0.));
#8632=DIRECTION('',(0.,0.,1.));
#8633=DIRECTION('',(0.,1.,0.));
#8634=DIRECTION('',(0.,0.,-1.));
#8635=DIRECTION('',(0.,0.,-1.));
#8636=DIRECTION('',(0.,1.,0.));
#8637=DIRECTION('',(0.,0.,1.));
#8638=DIRECTION('',(1.,0.,0.));
#8639=DIRECTION('',(0.,0.,-1.));
#8640=DIRECTION('',(0.,0.,-1.));
#8641=DIRECTION('',(-1.,0.,0.));
#8642=DIRECTION('',(0.,0.,1.));
#8643=DIRECTION('',(1.,3.46944695195361E-15,0.));
#8644=DIRECTION('',(0.,0.,-1.));
#8645=DIRECTION('',(1.,0.,0.));
#8646=DIRECTION('',(0.,0.,-1.));
#8647=DIRECTION('',(0.,-1.,0.));
#8648=DIRECTION('',(0.,0.,-1.));
#8649=DIRECTION('',(0.,0.,-1.));
#8650=DIRECTION('',(-1.,0.,0.));
#8651=DIRECTION('',(0.,0.,1.));
#8652=DIRECTION('',(1.21430643318376E-14,-1.,0.));
#8653=DIRECTION('',(0.,0.,-1.));
#8654=DIRECTION('',(0.,1.,0.));
#8655=DIRECTION('',(0.,0.,1.));
#8656=DIRECTION('',(1.,0.,0.));
#8657=DIRECTION('',(0.,0.,-1.));
#8658=DIRECTION('',(0.,0.,-1.));
#8659=DIRECTION('',(-1.,0.,0.));
#8660=DIRECTION('',(0.,0.,1.));
#8661=DIRECTION('',(-1.,0.,0.));
#8662=DIRECTION('',(0.,0.,-1.));
#8663=DIRECTION('',(0.,0.,-1.));
#8664=DIRECTION('',(-1.,0.,0.));
#8665=DIRECTION('',(0.,0.,1.));
#8666=DIRECTION('',(0.,1.,0.));
#8667=DIRECTION('',(0.,0.,-1.));
#8668=DIRECTION('',(0.,0.,-1.));
#8669=DIRECTION('',(0.,1.,0.));
#8670=DIRECTION('',(0.,0.,1.));
#8671=DIRECTION('',(1.,0.,0.));
#8672=DIRECTION('',(0.,0.,-1.));
#8673=DIRECTION('',(0.,0.,-1.));
#8674=DIRECTION('',(-1.,0.,0.));
#8675=DIRECTION('',(0.,0.,1.));
#8676=DIRECTION('',(1.,0.,0.));
#8677=DIRECTION('',(0.,0.,-1.));
#8678=DIRECTION('',(1.,0.,0.));
#8679=DIRECTION('',(0.,0.,-1.));
#8680=DIRECTION('',(0.,-1.,0.));
#8681=DIRECTION('',(0.,0.,-1.));
#8682=DIRECTION('',(0.,0.,-1.));
#8683=DIRECTION('',(-1.,0.,0.));
#8684=DIRECTION('',(0.,0.,1.));
#8685=DIRECTION('',(1.04083408558608E-14,-1.,0.));
#8686=DIRECTION('',(0.,0.,-1.));
#8687=DIRECTION('',(0.,1.,0.));
#8688=DIRECTION('',(0.,0.,1.));
#8689=DIRECTION('',(1.,0.,0.));
#8690=DIRECTION('',(0.,0.,-1.));
#8691=DIRECTION('',(0.,0.,-1.));
#8692=DIRECTION('',(-1.,0.,0.));
#8693=DIRECTION('',(0.,0.,1.));
#8694=DIRECTION('',(-1.,-1.38777878078142E-14,0.));
#8695=DIRECTION('',(0.,0.,-1.));
#8696=DIRECTION('',(0.,0.,-1.));
#8697=DIRECTION('',(-1.,0.,0.));
#8698=DIRECTION('',(0.,0.,1.));
#8699=DIRECTION('',(0.,1.,0.));
#8700=DIRECTION('',(0.,0.,-1.));
#8701=DIRECTION('',(0.,0.,-1.));
#8702=DIRECTION('',(0.,1.,0.));
#8703=DIRECTION('',(0.,0.,1.));
#8704=DIRECTION('',(1.,0.,0.));
#8705=DIRECTION('',(0.,0.,-1.));
#8706=DIRECTION('',(0.,0.,-1.));
#8707=DIRECTION('',(-1.,0.,0.));
#8708=DIRECTION('',(0.,0.,1.));
#8709=DIRECTION('',(1.,1.21430643318376E-14,0.));
#8710=DIRECTION('',(0.,0.,-1.));
#8711=DIRECTION('',(1.,0.,0.));
#8712=DIRECTION('',(0.,0.,-1.));
#8713=DIRECTION('',(0.,-1.,0.));
#8714=DIRECTION('',(0.,0.,-1.));
#8715=DIRECTION('',(0.,0.,-1.));
#8716=DIRECTION('',(-1.,0.,0.));
#8717=DIRECTION('',(0.,0.,1.));
#8718=DIRECTION('',(0.,-1.,0.));
#8719=DIRECTION('',(0.,0.,-1.));
#8720=DIRECTION('',(0.,1.,0.));
#8721=DIRECTION('',(0.,0.,1.));
#8722=DIRECTION('',(1.,0.,0.));
#8723=DIRECTION('',(0.,0.,-1.));
#8724=DIRECTION('',(0.,0.,-1.));
#8725=DIRECTION('',(-1.,0.,0.));
#8726=DIRECTION('',(0.,0.,1.));
#8727=DIRECTION('',(-1.,0.,0.));
#8728=DIRECTION('',(0.,0.,-1.));
#8729=DIRECTION('',(0.,0.,-1.));
#8730=DIRECTION('',(-1.,0.,0.));
#8731=DIRECTION('',(0.,0.,1.));
#8732=DIRECTION('',(0.,1.,0.));
#8733=DIRECTION('',(0.,0.,-1.));
#8734=DIRECTION('',(0.,0.,-1.));
#8735=DIRECTION('',(0.,1.,0.));
#8736=DIRECTION('',(0.,0.,1.));
#8737=DIRECTION('',(1.,0.,0.));
#8738=DIRECTION('',(0.,0.,-1.));
#8739=DIRECTION('',(0.,0.,-1.));
#8740=DIRECTION('',(-1.,0.,0.));
#8741=DIRECTION('',(0.,0.,1.));
#8742=DIRECTION('',(1.,3.46944695195361E-15,0.));
#8743=DIRECTION('',(0.,0.,-1.));
#8744=DIRECTION('',(1.,0.,0.));
#8745=DIRECTION('',(0.,0.,-1.));
#8746=DIRECTION('',(0.,-1.,0.));
#8747=DIRECTION('',(0.,0.,-1.));
#8748=DIRECTION('',(0.,0.,-1.));
#8749=DIRECTION('',(-1.,0.,0.));
#8750=DIRECTION('',(0.,0.,1.));
#8751=DIRECTION('',(3.4694469519536E-15,-1.,0.));
#8752=DIRECTION('',(0.,0.,-1.));
#8753=DIRECTION('',(0.,1.,0.));
#8754=DIRECTION('',(0.,0.,1.));
#8755=DIRECTION('',(1.,0.,0.));
#8756=DIRECTION('',(0.,0.,-1.));
#8757=DIRECTION('',(0.,0.,-1.));
#8758=DIRECTION('',(-1.,0.,0.));
#8759=DIRECTION('',(0.,0.,1.));
#8760=DIRECTION('',(-1.,0.,0.));
#8761=DIRECTION('',(0.,0.,-1.));
#8762=DIRECTION('',(0.,0.,-1.));
#8763=DIRECTION('',(-1.,0.,0.));
#8764=DIRECTION('',(0.,0.,1.));
#8765=DIRECTION('',(0.,1.,0.));
#8766=DIRECTION('',(0.,0.,-1.));
#8767=DIRECTION('',(0.,0.,-1.));
#8768=DIRECTION('',(0.,1.,0.));
#8769=DIRECTION('',(0.,0.,1.));
#8770=DIRECTION('',(1.,0.,0.));
#8771=DIRECTION('',(0.,0.,-1.));
#8772=DIRECTION('',(0.,0.,-1.));
#8773=DIRECTION('',(-1.,0.,0.));
#8774=DIRECTION('',(0.,0.,1.));
#8775=DIRECTION('',(1.,0.,0.));
#8776=DIRECTION('',(0.,0.,-1.));
#8777=DIRECTION('',(1.,0.,0.));
#8778=DIRECTION('',(0.,0.,-1.));
#8779=DIRECTION('',(0.,-1.,0.));
#8780=DIRECTION('',(0.,0.,-1.));
#8781=DIRECTION('',(0.,0.,-1.));
#8782=DIRECTION('',(-1.,0.,0.));
#8783=DIRECTION('',(0.,0.,1.));
#8784=DIRECTION('',(3.46944695195361E-15,-1.,0.));
#8785=DIRECTION('',(0.,0.,-1.));
#8786=DIRECTION('',(0.,1.,0.));
#8787=DIRECTION('',(0.,0.,1.));
#8788=DIRECTION('',(1.,0.,0.));
#8789=DIRECTION('',(0.,0.,-1.));
#8790=DIRECTION('',(0.,0.,-1.));
#8791=DIRECTION('',(-1.,0.,0.));
#8792=DIRECTION('',(0.,0.,1.));
#8793=DIRECTION('',(-1.,-1.21430643318376E-14,0.));
#8794=DIRECTION('',(0.,0.,-1.));
#8795=DIRECTION('',(0.,1.,0.));
#8796=DIRECTION('',(0.,0.,1.));
#8797=DIRECTION('',(0.,0.,-1.));
#8798=DIRECTION('',(1.,0.,0.));
#8799=DIRECTION('',(0.,0.,-1.));
#8800=DIRECTION('',(1.,0.,0.));
#8801=DIRECTION('',(0.,0.,-1.));
#8802=DIRECTION('',(0.,-1.,0.));
#8803=DIRECTION('',(0.,0.,-1.));
#8804=DIRECTION('',(0.,0.,-1.));
#8805=DIRECTION('',(0.,1.,0.));
#8806=DIRECTION('',(0.,0.,1.));
#8807=DIRECTION('',(0.,0.,-1.));
#8808=DIRECTION('',(1.,0.,0.));
#8809=DIRECTION('',(0.,0.,-1.));
#8810=DIRECTION('',(1.,0.,0.));
#8811=DIRECTION('',(0.,0.,-1.));
#8812=DIRECTION('',(0.,-1.,0.));
#8813=DIRECTION('',(1.,0.,0.));
#8814=DIRECTION('',(0.,0.,-1.));
#8815=DIRECTION('',(0.,-1.,0.));
#8816=DIRECTION('',(1.,0.,0.));
#8817=DIRECTION('',(0.,0.,-1.));
#8818=DIRECTION('',(0.,-1.,0.));
#8819=DIRECTION('',(1.,0.,0.));
#8820=DIRECTION('',(0.,0.,-1.));
#8821=DIRECTION('',(0.,-1.,0.));
#8822=DIRECTION('',(1.,0.,0.));
#8823=DIRECTION('',(0.,0.,-1.));
#8824=DIRECTION('',(0.,-1.,0.));
#8825=DIRECTION('',(1.,0.,0.));
#8826=DIRECTION('',(0.,0.,-1.));
#8827=DIRECTION('',(0.,-1.,0.));
#8828=DIRECTION('',(0.,0.,-1.));
#8829=DIRECTION('',(-1.,0.,0.));
#8830=DIRECTION('',(0.,0.,1.));
#8831=DIRECTION('',(1.,0.,0.));
#8832=DIRECTION('',(0.,0.,-1.));
#8833=DIRECTION('',(-1.,0.,0.));
#8834=DIRECTION('',(0.,0.,1.));
#8835=DIRECTION('',(1.,0.,0.));
#8836=DIRECTION('',(0.,0.,-1.));
#8837=DIRECTION('',(-1.,0.,0.));
#8838=DIRECTION('',(0.,0.,1.));
#8839=DIRECTION('',(1.,0.,0.));
#8840=DIRECTION('',(0.,0.,-1.));
#8841=DIRECTION('',(-1.,0.,0.));
#8842=DIRECTION('',(0.,0.,1.));
#8843=DIRECTION('',(1.,0.,0.));
#8844=DIRECTION('',(1.,0.,0.));
#8845=DIRECTION('',(0.,0.,-1.));
#8846=DIRECTION('',(0.,-1.,0.));
#8847=DIRECTION('',(0.,0.,-1.));
#8848=DIRECTION('',(0.,0.,-1.));
#8849=DIRECTION('',(1.,0.,0.));
#8850=DIRECTION('',(0.,0.,-1.));
#8851=DIRECTION('',(0.,0.,-1.));
#8852=DIRECTION('',(0.,-1.,0.));
#8853=DIRECTION('',(0.,0.,-1.));
#8854=DIRECTION('',(0.,0.,1.));
#8855=DIRECTION('',(1.,0.,0.));
#8856=DIRECTION('',(0.,0.,1.));
#8857=DIRECTION('',(1.,0.,0.));
#8858=DIRECTION('',(0.,0.,1.));
#8859=DIRECTION('',(1.,0.,0.));
#8860=DIRECTION('',(0.,0.,1.));
#8861=DIRECTION('',(1.,0.,0.));
#8862=DIRECTION('',(0.,0.,1.));
#8863=DIRECTION('',(1.,0.,0.));
#8864=DIRECTION('',(0.,0.,1.));
#8865=DIRECTION('',(1.,0.,0.));
#8866=DIRECTION('',(0.,0.,1.));
#8867=DIRECTION('',(1.,0.,0.));
#8868=DIRECTION('',(0.,0.,1.));
#8869=DIRECTION('',(1.,0.,0.));
#8870=DIRECTION('',(0.,0.,1.));
#8871=DIRECTION('',(1.,0.,0.));
#8872=DIRECTION('',(0.,0.,1.));
#8873=DIRECTION('',(1.,0.,0.));
#8874=DIRECTION('',(0.,0.,-1.));
#8875=DIRECTION('',(-1.,0.,0.));
#8876=DIRECTION('',(0.,0.,-1.));
#8877=DIRECTION('',(-1.,0.,0.));
#8878=DIRECTION('',(0.,0.,1.));
#8879=DIRECTION('',(1.,0.,0.));
#8880=DIRECTION('',(0.,0.,-1.));
#8881=DIRECTION('',(-1.,0.,0.));
#8882=DIRECTION('',(0.,0.,-1.));
#8883=DIRECTION('',(-1.,0.,0.));
#8884=DIRECTION('',(0.,0.,1.));
#8885=DIRECTION('',(1.,0.,0.));
#8886=DIRECTION('',(0.,0.,1.));
#8887=DIRECTION('',(1.,0.,0.));
#8888=DIRECTION('',(0.,1.,0.));
#8889=DIRECTION('',(0.,0.,1.));
#8890=DIRECTION('',(0.,0.,-1.));
#8891=DIRECTION('',(1.,0.,0.));
#8892=DIRECTION('',(0.,0.,-1.));
#8893=DIRECTION('',(0.82238035314921,-0.568938093955907,0.));
#8894=DIRECTION('',(0.568938093955907,0.82238035314921,0.));
#8895=DIRECTION('',(0.,0.,-1.));
#8896=DIRECTION('',(-0.568938093955907,-0.82238035314921,0.));
#8897=DIRECTION('',(1.,0.,0.));
#8898=DIRECTION('',(0.,0.,-1.));
#8899=DIRECTION('',(0.,0.,-1.));
#8900=DIRECTION('',(0.,-1.,0.));
#8901=DIRECTION('',(0.,1.,0.));
#8902=DIRECTION('',(0.,0.,1.));
#8903=DIRECTION('',(0.,0.,-1.));
#8904=DIRECTION('',(1.,0.,0.));
#8905=DIRECTION('',(-1.,0.,0.));
#8906=DIRECTION('',(0.,0.,1.));
#8907=DIRECTION('',(0.,0.,-1.));
#8908=DIRECTION('',(0.,1.,0.));
#8909=DIRECTION('',(0.,-1.,0.));
#8910=DIRECTION('',(0.,0.,-1.));
#8911=DIRECTION('',(0.,0.,-1.));
#8912=DIRECTION('',(-1.,0.,0.));
#8913=DIRECTION('',(-0.822454851689253,0.568830393819466,0.));
#8914=DIRECTION('',(-0.568830393819466,-0.822454851689253,0.));
#8915=DIRECTION('',(0.,0.,-1.));
#8916=DIRECTION('',(0.568830393819466,0.822454851689253,0.));
#8917=DIRECTION('',(-1.,0.,0.));
#8918=DIRECTION('',(0.,0.,1.));
#8919=DIRECTION('',(0.,0.,-1.));
#8920=DIRECTION('',(0.,1.,0.));
#8921=DIRECTION('',(0.,-1.,0.));
#8922=DIRECTION('',(0.,0.,-1.));
#8923=DIRECTION('',(0.,0.,-1.));
#8924=DIRECTION('',(-1.,0.,0.));
#8925=DIRECTION('',(1.,0.,0.));
#8926=DIRECTION('',(0.,0.,-1.));
#8927=DIRECTION('',(0.,-1.,0.));
#8928=DIRECTION('',(0.,0.,1.));
#8929=DIRECTION('',(1.,0.,0.));
#8930=DIRECTION('',(0.,0.,-1.));
#8931=DIRECTION('',(-0.398483968680062,0.917175297696677,0.));
#8932=DIRECTION('',(0.,0.,-1.));
#8933=DIRECTION('',(-1.,0.,0.));
#8934=DIRECTION('',(0.,0.,-1.));
#8935=DIRECTION('',(0.,0.,-1.));
#8936=DIRECTION('',(-1.,0.,0.));
#8937=DIRECTION('',(0.,0.,-1.));
#8938=DIRECTION('',(0.,0.,-1.));
#8939=DIRECTION('',(0.,0.,-1.));
#8940=DIRECTION('',(-1.,0.,0.));
#8941=DIRECTION('',(0.,0.,1.));
#8942=DIRECTION('',(0.,1.,0.));
#8943=DIRECTION('',(0.,0.,-1.));
#8944=DIRECTION('',(0.,1.,0.));
#8945=DIRECTION('',(0.,1.,0.));
#8946=DIRECTION('',(0.,0.,1.));
#8947=DIRECTION('',(1.,0.,0.));
#8948=DIRECTION('',(0.,0.,-1.));
#8949=DIRECTION('',(1.,0.,0.));
#8950=DIRECTION('',(0.,0.,-1.));
#8951=DIRECTION('',(0.,0.,-1.));
#8952=DIRECTION('',(0.,0.,-1.));
#8953=DIRECTION('',(0.614559281729932,0.788870641638786,0.));
#8954=DIRECTION('',(-0.788870641638786,0.614559281729932,0.));
#8955=DIRECTION('',(0.,0.,-1.));
#8956=DIRECTION('',(0.788870641638786,-0.614559281729932,0.));
#8957=DIRECTION('',(0.,0.,-1.));
#8958=DIRECTION('',(0.663906182407402,-0.747815873702363,0.));
#8959=DIRECTION('',(0.,0.,-1.));
#8960=DIRECTION('',(0.,0.,-1.));
#8961=DIRECTION('',(-1.,0.,0.));
#8962=DIRECTION('',(0.,0.,-1.));
#8963=DIRECTION('',(0.,0.,-1.));
#8964=DIRECTION('',(0.,0.,-1.));
#8965=DIRECTION('',(0.,-1.,0.));
#8966=DIRECTION('',(0.,0.,-1.));
#8967=DIRECTION('',(0.,0.,-1.));
#8968=DIRECTION('',(-1.,0.,0.));
#8969=DIRECTION('',(1.,0.,0.));
#8970=DIRECTION('',(0.,0.,-1.));
#8971=DIRECTION('',(0.,0.,-1.));
#8972=DIRECTION('',(0.,-1.,0.));
#8973=DIRECTION('',(0.,0.,-1.));
#8974=DIRECTION('',(0.,0.,-1.));
#8975=DIRECTION('',(0.,0.,-1.));
#8976=DIRECTION('',(-0.285076589724327,0.958504740724399,0.));
#8977=DIRECTION('',(0.,0.,-1.));
#8978=DIRECTION('',(0.,0.,-1.));
#8979=DIRECTION('',(-1.,0.,0.));
#8980=DIRECTION('',(0.,0.,-1.));
#8981=DIRECTION('',(-0.752945607869588,0.658082754362927,0.));
#8982=DIRECTION('',(0.,0.,-1.));
#8983=DIRECTION('',(0.,0.,-1.));
#8984=DIRECTION('',(-1.,0.,0.));
#8985=DIRECTION('',(0.,0.,-1.));
#8986=DIRECTION('',(-1.,0.,0.));
#8987=DIRECTION('',(0.,0.,1.));
#8988=DIRECTION('',(0.,0.,-1.));
#8989=DIRECTION('',(0.,1.,0.));
#8990=DIRECTION('',(0.,0.,1.));
#8991=DIRECTION('',(1.,0.,0.));
#8992=DIRECTION('',(0.,0.,1.));
#8993=DIRECTION('',(1.,0.,0.));
#8994=DIRECTION('',(1.,0.,0.));
#8995=DIRECTION('',(0.,0.,-1.));
#8996=DIRECTION('',(0.,0.,-1.));
#8997=DIRECTION('',(0.,-1.,0.));
#8998=DIRECTION('',(0.,0.,-1.));
#8999=DIRECTION('',(0.,1.,0.));
#9000=DIRECTION('',(0.,0.,1.));
#9001=DIRECTION('',(0.,0.,-1.));
#9002=DIRECTION('',(1.,0.,0.));
#9003=DIRECTION('',(-1.,0.,0.));
#9004=DIRECTION('',(0.,0.,1.));
#9005=DIRECTION('',(0.,0.,-1.));
#9006=DIRECTION('',(0.,1.,0.));
#9007=DIRECTION('',(0.,1.,0.));
#9008=DIRECTION('',(0.,0.,1.));
#9009=DIRECTION('',(0.,0.,-1.));
#9010=DIRECTION('',(1.,0.,0.));
#9011=DIRECTION('',(-1.,0.,0.));
#9012=DIRECTION('',(0.,0.,1.));
#9013=DIRECTION('',(0.,0.,-1.));
#9014=DIRECTION('',(0.,1.,0.));
#9015=DIRECTION('',(0.,-1.,0.));
#9016=DIRECTION('',(0.,0.,-1.));
#9017=DIRECTION('',(0.,0.,-1.));
#9018=DIRECTION('',(-1.,0.,0.));
#9019=DIRECTION('',(-1.,0.,0.));
#9020=DIRECTION('',(0.,0.,1.));
#9021=DIRECTION('',(0.,0.,-1.));
#9022=DIRECTION('',(0.,1.,0.));
#9023=DIRECTION('',(0.,0.,-1.));
#9024=DIRECTION('',(0.,0.,-1.));
#9025=DIRECTION('',(0.,0.,-1.));
#9026=DIRECTION('',(0.138447220567395,-0.990369813310747,0.));
#9027=DIRECTION('',(0.,0.,-1.));
#9028=DIRECTION('',(0.,0.,-1.));
#9029=DIRECTION('',(-1.,0.,0.));
#9030=DIRECTION('',(1.,0.,0.));
#9031=DIRECTION('',(0.,0.,-1.));
#9032=DIRECTION('',(0.,0.,-1.));
#9033=DIRECTION('',(0.,-1.,0.));
#9034=DIRECTION('',(0.,0.,-1.));
#9035=DIRECTION('',(0.127836762425893,-0.991795221894351,0.));
#9036=DIRECTION('',(0.,0.,-1.));
#9037=DIRECTION('',(0.,0.,-1.));
#9038=DIRECTION('',(-1.,0.,0.));
#9039=DIRECTION('',(0.,0.,-1.));
#9040=DIRECTION('',(0.,0.,-1.));
#9041=DIRECTION('',(1.,0.,0.));
#9042=DIRECTION('',(0.,0.,-1.));
#9043=DIRECTION('',(0.,0.,-1.));
#9044=DIRECTION('',(0.,-1.,0.));
#9045=DIRECTION('',(0.,-1.,0.));
#9046=DIRECTION('',(0.,0.,-1.));
#9047=DIRECTION('',(0.,0.,-1.));
#9048=DIRECTION('',(-1.,0.,0.));
#9049=DIRECTION('',(1.,0.,0.));
#9050=DIRECTION('',(0.,0.,-1.));
#9051=DIRECTION('',(0.,0.,-1.));
#9052=DIRECTION('',(0.,-1.,0.));
#9053=DIRECTION('',(0.,1.,0.));
#9054=DIRECTION('',(0.,0.,1.));
#9055=DIRECTION('',(1.,0.,0.));
#9056=DIRECTION('',(0.,0.,1.));
#9057=DIRECTION('',(1.,0.,0.));
#9058=DIRECTION('',(0.,0.,-1.));
#9059=DIRECTION('',(0.,0.,-1.));
#9060=DIRECTION('',(0.,0.,-1.));
#9061=DIRECTION('',(0.,0.,-1.));
#9062=DIRECTION('',(-0.441884506324771,0.897071949773324,0.));
#9063=DIRECTION('',(0.,0.,-1.));
#9064=DIRECTION('',(-1.,0.,0.));
#9065=DIRECTION('',(0.,0.,-1.));
#9066=DIRECTION('',(0.,0.,-1.));
#9067=DIRECTION('',(-1.,0.,0.));
#9068=DIRECTION('',(0.,0.,-1.));
#9069=DIRECTION('',(0.442519343295189,0.896758959146545,0.));
#9070=DIRECTION('',(0.,0.,-1.));
#9071=DIRECTION('',(-1.,0.,0.));
#9072=DIRECTION('',(0.,0.,-1.));
#9073=DIRECTION('',(0.,0.,-1.));
#9074=DIRECTION('',(-1.,0.,0.));
#9075=DIRECTION('',(0.,0.,-1.));
#9076=DIRECTION('',(0.,0.,-1.));
#9077=DIRECTION('',(0.,0.,-1.));
#9078=DIRECTION('',(0.,0.,-1.));
#9079=DIRECTION('',(0.,0.,-1.));
#9080=DIRECTION('',(-1.,0.,0.));
#9081=DIRECTION('',(0.,0.,1.));
#9082=DIRECTION('',(0.,0.,-1.));
#9083=DIRECTION('',(0.,1.,0.));
#9084=DIRECTION('',(0.,0.,-1.));
#9085=DIRECTION('',(0.,0.,-1.));
#9086=DIRECTION('',(0.,0.,-1.));
#9087=DIRECTION('',(0.,0.,-1.));
#9088=DIRECTION('',(0.747005743456283,-0.664817583434227,0.));
#9089=DIRECTION('',(0.,0.,-1.));
#9090=DIRECTION('',(0.,0.,-1.));
#9091=DIRECTION('',(-1.,0.,0.));
#9092=DIRECTION('',(0.,0.,-1.));
#9093=DIRECTION('',(1.,0.,0.));
#9094=DIRECTION('',(0.,0.,-1.));
#9095=DIRECTION('',(0.,0.,-1.));
#9096=DIRECTION('',(0.,-1.,0.));
#9097=DIRECTION('',(0.,0.,-1.));
#9098=DIRECTION('',(0.,0.,-1.));
#9099=DIRECTION('',(0.,0.,-1.));
#9100=DIRECTION('',(-0.265641425751031,0.964071902362557,0.));
#9101=DIRECTION('',(0.,0.,-1.));
#9102=DIRECTION('',(0.,0.,-1.));
#9103=DIRECTION('',(-1.,0.,0.));
#9104=DIRECTION('',(0.,0.,-1.));
#9105=DIRECTION('',(-0.745104225996738,0.666948043255096,0.));
#9106=DIRECTION('',(0.,0.,-1.));
#9107=DIRECTION('',(-1.,0.,0.));
#9108=DIRECTION('',(0.,0.,1.));
#9109=DIRECTION('',(1.,0.,0.));
#9110=DIRECTION('',(0.,0.,1.));
#9111=DIRECTION('',(1.,0.,0.));
#9112=DIRECTION('',(0.,1.,0.));
#9113=DIRECTION('',(0.,0.,1.));
#9114=DIRECTION('',(0.,0.,-1.));
#9115=DIRECTION('',(1.,0.,0.));
#9116=DIRECTION('',(0.,0.,-1.));
#9117=DIRECTION('',(0.798464337083,-0.602042110160582,0.));
#9118=DIRECTION('',(0.602042110160582,0.798464337083,0.));
#9119=DIRECTION('',(0.,0.,-1.));
#9120=DIRECTION('',(-0.602042110160582,-0.798464337083,0.));
#9121=DIRECTION('',(1.,0.,0.));
#9122=DIRECTION('',(0.,0.,-1.));
#9123=DIRECTION('',(0.,0.,-1.));
#9124=DIRECTION('',(0.,-1.,0.));
#9125=DIRECTION('',(0.,1.,0.));
#9126=DIRECTION('',(0.,0.,1.));
#9127=DIRECTION('',(0.,0.,-1.));
#9128=DIRECTION('',(1.,0.,0.));
#9129=DIRECTION('',(-1.,0.,0.));
#9130=DIRECTION('',(0.,0.,1.));
#9131=DIRECTION('',(0.,0.,-1.));
#9132=DIRECTION('',(0.,1.,0.));
#9133=DIRECTION('',(0.,-1.,0.));
#9134=DIRECTION('',(0.,0.,-1.));
#9135=DIRECTION('',(0.,0.,-1.));
#9136=DIRECTION('',(-1.,0.,0.));
#9137=DIRECTION('',(-0.798837964081543,0.601546263509346,0.));
#9138=DIRECTION('',(-0.601546263509346,-0.798837964081543,0.));
#9139=DIRECTION('',(0.,0.,-1.));
#9140=DIRECTION('',(0.601546263509346,0.798837964081543,0.));
#9141=DIRECTION('',(-1.,0.,0.));
#9142=DIRECTION('',(0.,0.,1.));
#9143=DIRECTION('',(0.,0.,-1.));
#9144=DIRECTION('',(0.,1.,0.));
#9145=DIRECTION('',(0.,-1.,0.));
#9146=DIRECTION('',(0.,0.,-1.));
#9147=DIRECTION('',(0.,0.,-1.));
#9148=DIRECTION('',(-1.,0.,0.));
#9149=DIRECTION('',(1.,0.,0.));
#9150=DIRECTION('',(0.,0.,-1.));
#9151=DIRECTION('',(0.,-1.,0.));
#9152=DIRECTION('',(0.,0.,1.));
#9153=DIRECTION('',(1.,0.,0.));
#9154=DIRECTION('',(0.,0.,-1.));
#9155=DIRECTION('',(0.,0.,-1.));
#9156=DIRECTION('',(-1.,0.,0.));
#9157=DIRECTION('',(0.,0.,1.));
#9158=DIRECTION('',(0.,1.,0.));
#9159=DIRECTION('',(0.,0.,-1.));
#9160=DIRECTION('',(0.,1.,0.));
#9161=DIRECTION('',(0.,0.,-1.));
#9162=DIRECTION('',(0.,0.,-1.));
#9163=DIRECTION('',(0.,0.,-1.));
#9164=DIRECTION('',(0.,0.,-1.));
#9165=DIRECTION('',(1.,0.,0.));
#9166=DIRECTION('',(0.,0.,-1.));
#9167=DIRECTION('',(0.,-1.,0.));
#9168=DIRECTION('',(0.,0.,-1.));
#9169=DIRECTION('',(0.,-1.,0.));
#9170=DIRECTION('',(0.,0.,-1.));
#9171=DIRECTION('',(0.,0.,-1.));
#9172=DIRECTION('',(0.,0.,-1.));
#9173=DIRECTION('',(0.,0.,-1.));
#9174=DIRECTION('',(1.,0.,0.));
#9175=DIRECTION('',(0.,0.,-1.));
#9176=DIRECTION('',(0.,0.,-1.));
#9177=DIRECTION('',(0.,-1.,0.));
#9178=DIRECTION('',(0.,0.,-1.));
#9179=DIRECTION('',(0.,0.,-1.));
#9180=DIRECTION('',(0.,0.,-1.));
#9181=DIRECTION('',(0.,0.,-1.));
#9182=DIRECTION('',(0.,0.,-1.));
#9183=DIRECTION('',(0.,0.,-1.));
#9184=DIRECTION('',(-1.,0.,0.));
#9185=DIRECTION('',(0.,0.,1.));
#9186=DIRECTION('',(0.,0.,-1.));
#9187=DIRECTION('',(0.,1.,0.));
#9188=DIRECTION('',(0.,0.,-1.));
#9189=DIRECTION('',(0.,0.,-1.));
#9190=DIRECTION('',(0.,0.,-1.));
#9191=DIRECTION('',(0.,0.,-1.));
#9192=DIRECTION('',(0.,0.,1.));
#9193=DIRECTION('',(1.,0.,0.));
#9194=DIRECTION('',(0.,0.,1.));
#9195=DIRECTION('',(1.,0.,0.));
#9196=DIRECTION('',(0.,-1.,0.));
#9197=DIRECTION('',(0.,0.,-1.));
#9198=DIRECTION('',(0.,0.,-1.));
#9199=DIRECTION('',(-1.,0.,0.));
#9200=DIRECTION('',(0.,0.,-1.));
#9201=DIRECTION('',(1.,0.,0.));
#9202=DIRECTION('',(0.,0.,-1.));
#9203=DIRECTION('',(0.,0.,-1.));
#9204=DIRECTION('',(0.,-1.,0.));
#9205=DIRECTION('',(0.,1.,0.));
#9206=DIRECTION('',(0.,0.,1.));
#9207=DIRECTION('',(0.,0.,-1.));
#9208=DIRECTION('',(1.,0.,0.));
#9209=DIRECTION('',(-1.,0.,0.));
#9210=DIRECTION('',(0.,0.,1.));
#9211=DIRECTION('',(0.,0.,-1.));
#9212=DIRECTION('',(0.,1.,0.));
#9213=DIRECTION('',(0.,-1.,0.));
#9214=DIRECTION('',(0.,0.,-1.));
#9215=DIRECTION('',(0.,0.,-1.));
#9216=DIRECTION('',(-1.,0.,0.));
#9217=DIRECTION('',(-1.,0.,0.));
#9218=DIRECTION('',(0.,0.,1.));
#9219=DIRECTION('',(0.,0.,-1.));
#9220=DIRECTION('',(0.,1.,0.));
#9221=DIRECTION('',(0.,-1.,0.));
#9222=DIRECTION('',(0.,0.,-1.));
#9223=DIRECTION('',(0.,0.,-1.));
#9224=DIRECTION('',(-1.,0.,0.));
#9225=DIRECTION('',(1.,0.,0.));
#9226=DIRECTION('',(0.,0.,-1.));
#9227=DIRECTION('',(0.,-1.,0.));
#9228=DIRECTION('',(0.,0.,1.));
#9229=DIRECTION('',(1.,0.,0.));
#9230=DIRECTION('',(0.,-1.,0.));
#9231=DIRECTION('',(0.,0.,-1.));
#9232=DIRECTION('',(0.,0.,-1.));
#9233=DIRECTION('',(-1.,0.,0.));
#9234=DIRECTION('',(0.,0.,-1.));
#9235=DIRECTION('',(1.,0.,0.));
#9236=DIRECTION('',(0.,0.,-1.));
#9237=DIRECTION('',(0.,0.,-1.));
#9238=DIRECTION('',(0.,-1.,0.));
#9239=DIRECTION('',(0.,1.,0.));
#9240=DIRECTION('',(0.,0.,1.));
#9241=DIRECTION('',(0.,0.,-1.));
#9242=DIRECTION('',(1.,0.,0.));
#9243=DIRECTION('',(1.,0.,0.));
#9244=DIRECTION('',(0.,0.,-1.));
#9245=DIRECTION('',(0.,0.,-1.));
#9246=DIRECTION('',(0.,-1.,0.));
#9247=DIRECTION('',(0.,-1.,0.));
#9248=DIRECTION('',(0.,0.,-1.));
#9249=DIRECTION('',(0.,0.,-1.));
#9250=DIRECTION('',(-1.,0.,0.));
#9251=DIRECTION('',(1.,0.,0.));
#9252=DIRECTION('',(0.,0.,-1.));
#9253=DIRECTION('',(0.,0.,-1.));
#9254=DIRECTION('',(0.,-1.,0.));
#9255=DIRECTION('',(0.,1.,0.));
#9256=DIRECTION('',(0.,0.,1.));
#9257=DIRECTION('',(0.,0.,-1.));
#9258=DIRECTION('',(1.,0.,0.));
#9259=DIRECTION('',(-1.,0.,0.));
#9260=DIRECTION('',(0.,0.,1.));
#9261=DIRECTION('',(0.,0.,-1.));
#9262=DIRECTION('',(0.,1.,0.));
#9263=DIRECTION('',(0.,-1.,0.));
#9264=DIRECTION('',(0.,0.,-1.));
#9265=DIRECTION('',(0.,0.,-1.));
#9266=DIRECTION('',(-1.,0.,0.));
#9267=DIRECTION('',(1.,0.,0.));
#9268=DIRECTION('',(0.,0.,-1.));
#9269=DIRECTION('',(0.,0.,-1.));
#9270=DIRECTION('',(0.,-1.,0.));
#9271=DIRECTION('',(0.,1.,0.));
#9272=DIRECTION('',(0.,0.,1.));
#9273=DIRECTION('',(0.,0.,-1.));
#9274=DIRECTION('',(1.,0.,0.));
#9275=DIRECTION('',(1.,0.,0.));
#9276=DIRECTION('',(0.,0.,-1.));
#9277=DIRECTION('',(0.,-1.,0.));
#9278=DIRECTION('',(0.,0.,1.));
#9279=DIRECTION('',(1.,0.,0.));
#9280=DIRECTION('',(0.,1.,0.));
#9281=DIRECTION('',(0.,0.,1.));
#9282=DIRECTION('',(1.,0.,0.));
#9283=DIRECTION('',(0.,0.,-1.));
#9284=DIRECTION('',(1.,0.,0.));
#9285=DIRECTION('',(0.,0.,-1.));
#9286=DIRECTION('',(1.,0.,0.));
#9287=DIRECTION('',(0.,0.,-1.));
#9288=DIRECTION('',(0.,-1.,0.));
#9289=DIRECTION('',(0.,0.,-1.));
#9290=DIRECTION('',(0.,-1.,0.));
#9291=DIRECTION('',(0.,-1.,0.));
#9292=DIRECTION('',(0.,0.,-1.));
#9293=DIRECTION('',(-1.,0.,0.));
#9294=DIRECTION('',(0.,0.,-1.));
#9295=DIRECTION('',(-1.,0.,0.));
#9296=DIRECTION('',(0.,0.,-1.));
#9297=DIRECTION('',(0.,0.,-1.));
#9298=DIRECTION('',(0.,0.,-1.));
#9299=DIRECTION('',(1.,0.,0.));
#9300=DIRECTION('',(0.,0.,-1.));
#9301=DIRECTION('',(0.,0.,-1.));
#9302=DIRECTION('',(0.,-1.,0.));
#9303=DIRECTION('',(0.,0.,-1.));
#9304=DIRECTION('',(0.,-1.,0.));
#9305=DIRECTION('',(0.,0.,-1.));
#9306=DIRECTION('',(0.,0.,-1.));
#9307=DIRECTION('',(-1.,0.,0.));
#9308=DIRECTION('',(0.,0.,-1.));
#9309=DIRECTION('',(0.,0.,-1.));
#9310=DIRECTION('',(0.,0.,-1.));
#9311=DIRECTION('',(0.,0.,-1.));
#9312=DIRECTION('',(0.,1.,0.));
#9313=DIRECTION('',(0.,0.,1.));
#9314=DIRECTION('',(0.,0.,-1.));
#9315=DIRECTION('',(1.,0.,0.));
#9316=DIRECTION('',(-1.,0.,0.));
#9317=DIRECTION('',(0.,0.,1.));
#9318=DIRECTION('',(0.,0.,-1.));
#9319=DIRECTION('',(0.,1.,0.));
#9320=DIRECTION('',(0.,-1.,0.));
#9321=DIRECTION('',(0.,0.,-1.));
#9322=DIRECTION('',(-1.,0.,0.));
#9323=DIRECTION('',(0.,0.,1.));
#9324=DIRECTION('',(1.,0.,0.));
#9325=DIRECTION('',(0.,0.,1.));
#9326=DIRECTION('',(1.,0.,0.));
#9327=DIRECTION('',(0.,1.,0.));
#9328=DIRECTION('',(0.,0.,1.));
#9329=DIRECTION('',(1.,0.,0.));
#9330=DIRECTION('',(0.,0.,-1.));
#9331=DIRECTION('',(1.,0.,0.));
#9332=DIRECTION('',(0.,0.,-1.));
#9333=DIRECTION('',(0.940051113912135,-0.341033580798951,0.));
#9334=DIRECTION('',(0.341033580798951,0.940051113912135,0.));
#9335=DIRECTION('',(-0.341033580798951,-0.940051113912135,0.));
#9336=DIRECTION('',(0.,0.,-1.));
#9337=DIRECTION('',(-0.341033580798951,-0.940051113912135,0.));
#9338=DIRECTION('',(0.,-1.,0.));
#9339=DIRECTION('',(0.,0.,-1.));
#9340=DIRECTION('',(0.,0.,-1.));
#9341=DIRECTION('',(-1.,0.,0.));
#9342=DIRECTION('',(0.,0.,-1.));
#9343=DIRECTION('',(-0.939284527122529,-0.343139296945434,0.));
#9344=DIRECTION('',(0.343139296945434,-0.939284527122529,0.));
#9345=DIRECTION('',(0.,0.,-1.));
#9346=DIRECTION('',(-0.343139296945433,0.939284527122529,0.));
#9347=DIRECTION('',(0.,-1.,0.));
#9348=DIRECTION('',(0.,0.,-1.));
#9349=DIRECTION('',(0.,0.,-1.));
#9350=DIRECTION('',(-1.,0.,0.));
#9351=DIRECTION('',(0.933963192879764,0.357369212923885,0.));
#9352=DIRECTION('',(-0.357369212923885,0.933963192879764,0.));
#9353=DIRECTION('',(0.,0.,-1.));
#9354=DIRECTION('',(0.357369212923884,-0.933963192879764,0.));
#9355=DIRECTION('',(0.,1.,0.));
#9356=DIRECTION('',(0.,0.,1.));
#9357=DIRECTION('',(0.,0.,-1.));
#9358=DIRECTION('',(1.,0.,0.));
#9359=DIRECTION('',(-0.934237045590338,0.356652691909982,0.));
#9360=DIRECTION('',(-0.356652691909982,-0.934237045590338,0.));
#9361=DIRECTION('',(0.,0.,-1.));
#9362=DIRECTION('',(0.356652691909982,0.934237045590338,0.));
#9363=DIRECTION('',(0.,-1.,0.));
#9364=DIRECTION('',(0.,0.,-1.));
#9365=DIRECTION('',(0.,0.,-1.));
#9366=DIRECTION('',(-1.,0.,0.));
#9367=DIRECTION('',(0.940806622257546,-0.338943799937905,0.));
#9368=DIRECTION('',(0.338943799937905,0.940806622257546,0.));
#9369=DIRECTION('',(-0.338943799937905,-0.940806622257546,0.));
#9370=DIRECTION('',(-0.939625713548769,-0.342203913533973,0.));
#9371=DIRECTION('',(0.342203913533973,-0.939625713548769,0.));
#9372=DIRECTION('',(-0.342203913533973,0.939625713548769,0.));
#9373=DIRECTION('',(-0.342203913533973,0.939625713548769,0.));
#9374=DIRECTION('',(0.,0.,1.));
#9375=DIRECTION('',(1.,0.,0.));
#9376=DIRECTION('',(0.,0.,1.));
#9377=DIRECTION('',(1.,0.,0.));
#9378=DIRECTION('',(1.,0.,0.));
#9379=DIRECTION('',(0.,0.,-1.));
#9380=DIRECTION('',(0.,-1.,0.));
#9381=DIRECTION('',(0.,0.,-1.));
#9382=DIRECTION('',(0.,-1.,0.));
#9383=DIRECTION('',(0.,0.,-1.));
#9384=DIRECTION('',(0.,-1.,0.));
#9385=DIRECTION('',(0.,0.,-1.));
#9386=DIRECTION('',(-1.,0.,0.));
#9387=DIRECTION('',(0.,0.,-1.));
#9388=DIRECTION('',(-1.,0.,0.));
#9389=DIRECTION('',(0.,0.,-1.));
#9390=DIRECTION('',(0.,0.,-1.));
#9391=DIRECTION('',(-1.,0.,0.));
#9392=DIRECTION('',(0.,0.,1.));
#9393=DIRECTION('',(0.,1.,0.));
#9394=DIRECTION('',(0.,0.,-1.));
#9395=DIRECTION('',(0.,1.,0.));
#9396=DIRECTION('',(0.,0.,-1.));
#9397=DIRECTION('',(0.,0.,-1.));
#9398=DIRECTION('',(-1.,0.,0.));
#9399=DIRECTION('',(0.,0.,1.));
#9400=DIRECTION('',(0.,0.,-1.));
#9401=DIRECTION('',(0.,1.,0.));
#9402=DIRECTION('',(0.,0.,-1.));
#9403=DIRECTION('',(0.,-1.,0.));
#9404=DIRECTION('',(0.,0.,-1.));
#9405=DIRECTION('',(0.,0.,-1.));
#9406=DIRECTION('',(-1.,0.,0.));
#9407=DIRECTION('',(0.,0.,-1.));
#9408=DIRECTION('',(0.,0.,-1.));
#9409=DIRECTION('',(0.,0.,-1.));
#9410=DIRECTION('',(1.,0.,0.));
#9411=DIRECTION('',(0.,0.,-1.));
#9412=DIRECTION('',(0.,0.,-1.));
#9413=DIRECTION('',(0.,-1.,0.));
#9414=DIRECTION('',(0.,0.,-1.));
#9415=DIRECTION('',(0.,0.,-1.));
#9416=DIRECTION('',(0.,0.,-1.));
#9417=DIRECTION('',(0.,1.,0.));
#9418=DIRECTION('',(0.,0.,1.));
#9419=DIRECTION('',(1.,0.,0.));
#9420=DIRECTION('',(0.,1.,0.));
#9421=DIRECTION('',(0.,0.,1.));
#9422=DIRECTION('',(1.,0.,0.));
#9423=DIRECTION('',(1.,0.,0.));
#9424=DIRECTION('',(0.,0.,1.));
#9425=DIRECTION('',(1.,0.,0.));
#9426=DIRECTION('',(0.,0.,1.));
#9427=DIRECTION('',(1.,0.,0.));
#9428=DIRECTION('',(0.,0.,-1.));
#9429=DIRECTION('',(0.,0.,-1.));
#9430=DIRECTION('',(0.,0.,-1.));
#9431=DIRECTION('',(0.,0.,-1.));
#9432=DIRECTION('',(0.,0.,-1.));
#9433=DIRECTION('',(1.,0.,0.));
#9434=DIRECTION('',(0.,0.,-1.));
#9435=DIRECTION('',(0.,-1.,0.));
#9436=DIRECTION('',(0.,0.,-1.));
#9437=DIRECTION('',(0.,-1.,0.));
#9438=DIRECTION('',(0.,0.,-1.));
#9439=DIRECTION('',(0.,0.,-1.));
#9440=DIRECTION('',(0.,0.,-1.));
#9441=DIRECTION('',(1.,0.,0.));
#9442=DIRECTION('',(0.,0.,-1.));
#9443=DIRECTION('',(0.,0.,-1.));
#9444=DIRECTION('',(0.,-1.,0.));
#9445=DIRECTION('',(0.,0.,-1.));
#9446=DIRECTION('',(0.,0.,-1.));
#9447=DIRECTION('',(0.,0.,-1.));
#9448=DIRECTION('',(1.,0.,0.));
#9449=DIRECTION('',(0.,0.,-1.));
#9450=DIRECTION('',(0.,0.,-1.));
#9451=DIRECTION('',(0.,-1.,0.));
#9452=DIRECTION('',(0.,1.,0.));
#9453=DIRECTION('',(0.,0.,1.));
#9454=DIRECTION('',(0.,0.,-1.));
#9455=DIRECTION('',(1.,0.,0.));
#9456=DIRECTION('',(-1.,0.,0.));
#9457=DIRECTION('',(0.,0.,1.));
#9458=DIRECTION('',(0.,0.,-1.));
#9459=DIRECTION('',(0.,1.,0.));
#9460=DIRECTION('',(0.,-1.,0.));
#9461=DIRECTION('',(0.,0.,-1.));
#9462=DIRECTION('',(0.,0.,-1.));
#9463=DIRECTION('',(-1.,0.,0.));
#9464=DIRECTION('',(0.99744573405576,-0.0714283390116657,0.));
#9465=DIRECTION('',(0.0714283390116657,0.99744573405576,0.));
#9466=DIRECTION('',(0.,0.,-1.));
#9467=DIRECTION('',(-0.0714283390116657,-0.99744573405576,0.));
#9468=DIRECTION('',(0.,0.,-1.));
#9469=DIRECTION('',(0.,0.,1.));
#9470=DIRECTION('',(1.,0.,0.));
#9471=DIRECTION('',(0.,0.,1.));
#9472=DIRECTION('',(1.,0.,0.));
#9473=DIRECTION('',(-0.955001575535285,0.2966007261035,0.));
#9474=DIRECTION('',(-0.2966007261035,-0.955001575535285,0.));
#9475=DIRECTION('',(0.,0.,-1.));
#9476=DIRECTION('',(0.2966007261035,0.955001575535285,0.));
#9477=DIRECTION('',(0.,0.,-1.));
#9478=DIRECTION('',(0.948758153706155,0.316003110389895,0.));
#9479=DIRECTION('',(-0.316003110389895,0.948758153706155,0.));
#9480=DIRECTION('',(0.,0.,-1.));
#9481=DIRECTION('',(0.316003110389895,-0.948758153706155,0.));
#9482=DIRECTION('',(0.,1.,0.));
#9483=DIRECTION('',(0.,0.,1.));
#9484=DIRECTION('',(0.,0.,-1.));
#9485=DIRECTION('',(1.,0.,0.));
#9486=DIRECTION('',(-0.940661219753621,-0.339347122651172,0.));
#9487=DIRECTION('',(0.339347122651172,-0.940661219753621,0.));
#9488=DIRECTION('',(0.,0.,-1.));
#9489=DIRECTION('',(-0.339347122651172,0.940661219753621,0.));
#9490=DIRECTION('',(-0.937221851057562,0.348733712021418,0.));
#9491=DIRECTION('',(-0.348733712021418,-0.937221851057562,0.));
#9492=DIRECTION('',(0.,0.,-1.));
#9493=DIRECTION('',(0.348733712021418,0.937221851057562,0.));
#9494=DIRECTION('',(0.,0.,-1.));
#9495=DIRECTION('',(0.,0.,-1.));
#9496=DIRECTION('',(0.0766964988847371,0.997054485501582,0.));
#9497=DIRECTION('',(-0.997054485501582,0.0766964988847371,0.));
#9498=DIRECTION('',(0.,0.,-1.));
#9499=DIRECTION('',(0.997054485501582,-0.0766964988847371,0.));
#9500=DIRECTION('',(-1.,0.,0.));
#9501=DIRECTION('',(0.,0.,1.));
#9502=DIRECTION('',(0.,0.,-1.));
#9503=DIRECTION('',(0.,1.,0.));
#9504=DIRECTION('',(-0.182907916182993,-0.983130049483585,0.));
#9505=DIRECTION('',(0.983130049483585,-0.182907916182993,0.));
#9506=DIRECTION('',(0.,0.,-1.));
#9507=DIRECTION('',(-0.983130049483585,0.182907916182993,0.));
#9508=DIRECTION('',(-0.0905357460425185,-0.995893206467704,0.));
#9509=DIRECTION('',(0.995893206467704,-0.0905357460425185,0.));
#9510=DIRECTION('',(0.,0.,-1.));
#9511=DIRECTION('',(-0.995893206467704,0.0905357460425185,0.));
#9512=DIRECTION('',(0.,0.,-1.));
#9513=DIRECTION('',(0.944389024624506,-0.328830306037588,0.));
#9514=DIRECTION('',(0.328830306037588,0.944389024624506,0.));
#9515=DIRECTION('',(0.,0.,-1.));
#9516=DIRECTION('',(-0.328830306037588,-0.944389024624506,0.));
#9517=DIRECTION('',(0.,1.,0.));
#9518=DIRECTION('',(0.,0.,1.));
#9519=DIRECTION('',(1.,0.,0.));
#9520=DIRECTION('',(0.,0.,1.));
#9521=DIRECTION('',(1.,0.,0.));
#9522=DIRECTION('',(0.,0.,1.));
#9523=DIRECTION('',(1.,0.,0.));
#9524=DIRECTION('',(0.,0.,1.));
#9525=DIRECTION('',(1.,0.,0.));
#9526=DIRECTION('',(1.,0.,0.));
#9527=DIRECTION('',(0.,1.,0.));
#9528=DIRECTION('',(0.,0.,1.));
#9529=DIRECTION('',(1.,0.,0.));
#9530=DIRECTION('',(0.,0.,1.));
#9531=DIRECTION('',(1.,0.,0.));
#9532=DIRECTION('',(0.,0.,1.));
#9533=DIRECTION('',(1.,0.,0.));
#9534=DIRECTION('',(0.,1.,0.));
#9535=DIRECTION('',(0.,0.,1.));
#9536=DIRECTION('',(1.,0.,0.));
#9537=DIRECTION('',(1.,0.,0.));
#9538=DIRECTION('',(0.,0.,1.));
#9539=DIRECTION('',(1.,0.,0.));
#9540=DIRECTION('',(0.,1.,0.));
#9541=DIRECTION('',(0.,0.,1.));
#9542=DIRECTION('',(1.,0.,0.));
#9543=DIRECTION('',(1.,0.,0.));
#9544=DIRECTION('',(0.,0.,1.));
#9545=DIRECTION('',(1.,0.,0.));
#9546=DIRECTION('',(0.,0.,1.));
#9547=DIRECTION('',(1.,0.,0.));
#9548=DIRECTION('',(0.,1.,0.));
#9549=DIRECTION('',(1.,0.,0.));
#9550=DIRECTION('',(0.,0.,1.));
#9551=DIRECTION('',(1.,0.,0.));
#9552=DIRECTION('',(0.,1.,0.));
#9553=DIRECTION('',(1.,0.,0.));
#9554=DIRECTION('',(0.,0.,1.));
#9555=DIRECTION('',(1.,0.,0.));
#9556=DIRECTION('',(0.,0.,1.));
#9557=DIRECTION('',(1.,0.,0.));
#9558=DIRECTION('',(0.,0.,1.));
#9559=DIRECTION('',(1.,0.,0.));
#9560=DIRECTION('',(0.,0.,1.));
#9561=DIRECTION('',(1.,0.,0.));
#9562=DIRECTION('',(0.,0.,1.));
#9563=DIRECTION('',(1.,0.,0.));
#9564=DIRECTION('',(0.,0.,1.));
#9565=DIRECTION('',(1.,0.,0.));
#9566=DIRECTION('',(0.,0.,1.));
#9567=DIRECTION('',(1.,0.,0.));
#9568=DIRECTION('',(0.,0.,1.));
#9569=DIRECTION('',(1.,0.,0.));
#9570=DIRECTION('',(0.,0.,1.));
#9571=DIRECTION('',(1.,0.,0.));
#9572=DIRECTION('',(0.,0.,1.));
#9573=DIRECTION('',(1.,0.,0.));
#9574=DIRECTION('',(0.,0.,1.));
#9575=DIRECTION('',(1.,0.,0.));
#9576=DIRECTION('',(0.,0.,1.));
#9577=DIRECTION('',(1.,0.,0.));
#9578=DIRECTION('',(0.,0.,1.));
#9579=DIRECTION('',(1.,0.,0.));
#9580=DIRECTION('',(0.,1.,0.));
#9581=DIRECTION('',(0.,0.,1.));
#9582=DIRECTION('',(1.,0.,0.));
#9583=DIRECTION('',(0.,0.,-1.));
#9584=DIRECTION('',(1.,0.,0.));
#9585=DIRECTION('',(0.,0.,-1.));
#9586=DIRECTION('',(0.,0.,1.));
#9587=DIRECTION('',(1.,0.,0.));
#9588=DIRECTION('',(0.,0.,1.));
#9589=DIRECTION('',(1.,0.,0.));
#9590=DIRECTION('',(0.,1.,0.));
#9591=DIRECTION('',(0.,0.,1.));
#9592=DIRECTION('',(1.,0.,0.));
#9593=DIRECTION('',(0.,0.,-1.));
#9594=DIRECTION('',(1.,0.,0.));
#9595=DIRECTION('',(0.,0.,-1.));
#9596=DIRECTION('',(1.,0.,0.));
#9597=DIRECTION('',(0.,0.,1.));
#9598=DIRECTION('',(1.,0.,0.));
#9599=DIRECTION('',(0.,0.,1.));
#9600=DIRECTION('',(-1.,0.,0.));
#9601=DIRECTION('',(0.,0.,1.));
#9602=DIRECTION('',(0.,1.,0.));
#9603=DIRECTION('',(0.,0.,-1.));
#9604=DIRECTION('',(0.,1.,0.));
#9605=DIRECTION('',(0.,0.,-1.));
#9606=DIRECTION('',(0.,1.,0.));
#9607=DIRECTION('',(0.,0.,1.));
#9608=DIRECTION('',(1.,0.,0.));
#9609=DIRECTION('',(0.,0.,-1.));
#9610=DIRECTION('',(1.,0.,0.));
#9611=DIRECTION('',(0.,0.,-1.));
#9612=DIRECTION('',(-1.,0.,0.));
#9613=DIRECTION('',(0.,0.,1.));
#9614=DIRECTION('',(0.,1.,0.));
#9615=DIRECTION('',(0.,0.,-1.));
#9616=DIRECTION('',(0.,1.,0.));
#9617=DIRECTION('',(0.,0.,-1.));
#9618=DIRECTION('',(1.,-1.92213127532056E-16,0.));
#9619=DIRECTION('',(1.92213127532056E-16,1.,0.));
#9620=DIRECTION('',(-1.92213127532056E-16,-1.,0.));
#9621=DIRECTION('',(-1.92213127532056E-16,-1.,0.));
#9622=DIRECTION('',(0.,0.,-1.));
#9623=DIRECTION('',(1.,-1.92213127532056E-16,0.));
#9624=DIRECTION('',(1.92213127532056E-16,1.,0.));
#9625=DIRECTION('',(-1.92213127532056E-16,-1.,0.));
#9626=DIRECTION('',(0.,0.,-1.));
#9627=DIRECTION('',(-1.92213127532056E-16,-1.,0.));
#9628=DIRECTION('',(0.,0.,-1.));
#9629=DIRECTION('',(-1.,0.,0.));
#9630=DIRECTION('',(0.,0.,1.));
#9631=DIRECTION('',(1.,0.,0.));
#9632=DIRECTION('',(0.,0.,-1.));
#9633=DIRECTION('',(-1.,0.,0.));
#9634=DIRECTION('',(0.,0.,1.));
#9635=DIRECTION('',(1.,0.,0.));
#9636=DIRECTION('',(0.,0.,-1.));
#9637=DIRECTION('',(-1.,0.,0.));
#9638=DIRECTION('',(0.,0.,1.));
#9639=DIRECTION('',(1.,0.,0.));
#9640=DIRECTION('',(0.,1.,0.));
#9641=DIRECTION('',(0.,0.,1.));
#9642=DIRECTION('',(1.,0.,0.));
#9643=DIRECTION('',(1.,0.,0.));
#9644=DIRECTION('',(0.,0.,-1.));
#9645=DIRECTION('',(-1.,0.,0.));
#9646=DIRECTION('',(0.,0.,1.));
#9647=DIRECTION('',(1.,0.,0.));
#9648=DIRECTION('',(0.,0.,1.));
#9649=DIRECTION('',(1.,0.,0.));
#9650=DIRECTION('',(0.,0.,1.));
#9651=DIRECTION('',(1.,0.,0.));
#9652=DIRECTION('',(0.,0.,1.));
#9653=DIRECTION('',(1.,0.,0.));
#9654=DIRECTION('',(0.,0.,1.));
#9655=DIRECTION('',(1.,0.,0.));
#9656=DIRECTION('',(0.,0.,1.));
#9657=DIRECTION('',(1.,0.,0.));
#9658=DIRECTION('',(-1.,0.,0.));
#9659=DIRECTION('',(0.,0.,1.));
#9660=DIRECTION('',(0.,-1.,0.));
#9661=DIRECTION('',(0.,-1.,0.));
#9662=DIRECTION('',(0.,0.,1.));
#9663=DIRECTION('',(1.,0.,0.));
#9664=DIRECTION('',(0.,-1.,0.));
#9665=DIRECTION('',(-1.,0.,0.));
#9666=DIRECTION('',(0.,0.,1.));
#9667=DIRECTION('',(0.,-1.,0.));
#9668=DIRECTION('',(0.,0.,1.));
#9669=DIRECTION('',(1.,0.,0.));
#9670=DIRECTION('',(0.,0.,1.));
#9671=DIRECTION('',(1.,0.,0.));
#9672=DIRECTION('',(1.,0.,0.));
#9673=DIRECTION('',(0.,1.,0.));
#9674=DIRECTION('',(0.,0.,1.));
#9675=DIRECTION('',(1.,0.,0.));
#9676=DIRECTION('',(0.,0.,-1.));
#9677=DIRECTION('',(-1.,0.,0.));
#9678=DIRECTION('',(0.,0.,-1.));
#9679=DIRECTION('',(-1.,0.,0.));
#9680=DIRECTION('',(0.,0.,-1.));
#9681=DIRECTION('',(-1.,0.,0.));
#9682=DIRECTION('',(0.,0.,-1.));
#9683=DIRECTION('',(-1.,0.,0.));
#9684=DIRECTION('',(0.,0.,1.));
#9685=DIRECTION('',(1.,0.,0.));
#9686=DIRECTION('',(1.,0.,0.));
#9687=DIRECTION('',(0.,0.,-1.));
#9688=DIRECTION('',(1.,0.,0.));
#9689=DIRECTION('',(0.,0.,-1.));
#9690=DIRECTION('',(1.,0.,0.));
#9691=DIRECTION('',(0.,0.,-1.));
#9692=DIRECTION('',(0.,0.,-1.));
#9693=DIRECTION('',(-1.,0.,0.));
#9694=DIRECTION('',(0.,0.,-1.));
#9695=DIRECTION('',(-1.,0.,0.));
#9696=DIRECTION('',(0.,-1.,0.));
#9697=DIRECTION('',(0.,0.,-1.));
#9698=DIRECTION('',(0.,-1.,0.));
#9699=DIRECTION('',(0.,0.,-1.));
#9700=DIRECTION('',(0.,1.,0.));
#9701=DIRECTION('',(0.,0.,1.));
#9702=DIRECTION('',(0.,1.,0.));
#9703=DIRECTION('',(0.,0.,1.));
#9704=DIRECTION('',(0.,0.,1.));
#9705=DIRECTION('',(1.,0.,0.));
#9706=DIRECTION('',(0.,0.,-1.));
#9707=DIRECTION('',(-1.,0.,0.));
#9708=DIRECTION('',(1.,0.,0.));
#9709=DIRECTION('',(0.,0.,-1.));
#9710=DIRECTION('',(1.,0.,0.));
#9711=DIRECTION('',(0.,0.,-1.));
#9712=DIRECTION('',(-1.,0.,0.));
#9713=DIRECTION('',(0.,0.,1.));
#9714=DIRECTION('',(-1.,0.,0.));
#9715=DIRECTION('',(0.,0.,1.));
#9716=DIRECTION('',(0.,0.,-1.));
#9717=DIRECTION('',(-1.,0.,0.));
#9718=DIRECTION('',(0.,0.,-1.));
#9719=DIRECTION('',(-1.,0.,0.));
#9720=DIRECTION('',(0.,0.,1.));
#9721=DIRECTION('',(1.,0.,0.));
#9722=DIRECTION('',(0.,-1.,0.));
#9723=DIRECTION('',(0.,0.,-1.));
#9724=DIRECTION('',(0.,-1.,0.));
#9725=DIRECTION('',(0.,0.,-1.));
#9726=DIRECTION('',(0.,-1.,0.));
#9727=DIRECTION('',(0.,0.,-1.));
#9728=DIRECTION('',(-1.,0.,0.));
#9729=DIRECTION('',(0.,0.,1.));
#9730=DIRECTION('',(0.,0.,1.));
#9731=DIRECTION('',(1.,0.,0.));
#9732=DIRECTION('',(0.,0.,1.));
#9733=DIRECTION('',(1.,0.,0.));
#9734=DIRECTION('',(0.,0.,1.));
#9735=DIRECTION('',(1.,0.,0.));
#9736=DIRECTION('',(0.,0.,-1.));
#9737=DIRECTION('',(-6.42331441772199E-8,1.,0.));
#9738=DIRECTION('',(0.,0.,-1.));
#9739=DIRECTION('',(0.,0.,-1.));
#9740=DIRECTION('',(-1.,0.,0.));
#9741=DIRECTION('',(0.,0.,-1.));
#9742=DIRECTION('',(0.,0.,-1.));
#9743=DIRECTION('',(-1.,0.,0.));
#9744=DIRECTION('',(0.,1.,0.));
#9745=DIRECTION('',(1.,0.,0.));
#9746=DIRECTION('',(0.,0.,-1.));
#9747=DIRECTION('',(1.,0.,0.));
#9748=DIRECTION('',(1.,0.,0.));
#9749=DIRECTION('',(1.,0.,0.));
#9750=DIRECTION('',(0.,-1.,0.));
#9751=DIRECTION('',(0.,-1.,0.));
#9752=DIRECTION('',(0.,0.,-1.));
#9753=DIRECTION('',(0.,1.,0.));
#9754=DIRECTION('',(0.,0.,1.));
#9755=DIRECTION('',(1.,0.,0.));
#9756=DIRECTION('',(0.,0.,-1.));
#9757=DIRECTION('',(-1.,0.,0.));
#9758=DIRECTION('',(1.,0.,0.));
#9759=DIRECTION('',(0.,0.,-1.));
#9760=DIRECTION('',(-1.,0.,0.));
#9761=DIRECTION('',(0.,1.,0.));
#9762=DIRECTION('',(0.,0.,-1.));
#9763=DIRECTION('',(-1.,0.,0.));
#9764=DIRECTION('',(0.,0.,-1.));
#9765=DIRECTION('',(-1.,0.,0.));
#9766=DIRECTION('',(0.,0.,-1.));
#9767=DIRECTION('',(-1.,0.,0.));
#9768=DIRECTION('',(0.,0.,-1.));
#9769=DIRECTION('',(-1.,0.,0.));
#9770=DIRECTION('',(0.,0.,-1.));
#9771=DIRECTION('',(-1.,0.,0.));
#9772=DIRECTION('',(0.,0.,-1.));
#9773=DIRECTION('',(-1.,0.,0.));
#9774=DIRECTION('',(0.,0.,-1.));
#9775=DIRECTION('',(-1.,0.,0.));
#9776=DIRECTION('',(0.,0.,-1.));
#9777=DIRECTION('',(-1.,0.,0.));
#9778=DIRECTION('',(0.,0.,-1.));
#9779=DIRECTION('',(-1.,0.,0.));
#9780=DIRECTION('',(0.,0.,-1.));
#9781=DIRECTION('',(-1.,0.,0.));
#9782=DIRECTION('',(0.,0.,-1.));
#9783=DIRECTION('',(-1.,0.,0.));
#9784=DIRECTION('',(0.,0.,-1.));
#9785=DIRECTION('',(-1.,0.,0.));
#9786=DIRECTION('',(0.,0.,-1.));
#9787=DIRECTION('',(-1.,0.,0.));
#9788=DIRECTION('',(0.,0.,-1.));
#9789=DIRECTION('',(-1.,0.,0.));
#9790=DIRECTION('',(0.,0.,-1.));
#9791=DIRECTION('',(-1.,0.,0.));
#9792=DIRECTION('',(0.,0.,-1.));
#9793=DIRECTION('',(-1.,0.,0.));
#9794=DIRECTION('',(0.,0.,-1.));
#9795=DIRECTION('',(-1.,0.,0.));
#9796=DIRECTION('',(0.,0.,-1.));
#9797=DIRECTION('',(-1.,0.,0.));
#9798=DIRECTION('',(0.,0.,-1.));
#9799=DIRECTION('',(-1.,0.,0.));
#9800=DIRECTION('',(0.,0.,-1.));
#9801=DIRECTION('',(-1.,0.,0.));
#9802=DIRECTION('',(0.,0.,-1.));
#9803=DIRECTION('',(-1.,0.,0.));
#9804=DIRECTION('',(0.,0.,-1.));
#9805=DIRECTION('',(-1.,0.,0.));
#9806=DIRECTION('',(0.,0.,-1.));
#9807=DIRECTION('',(-1.,0.,0.));
#9808=DIRECTION('',(0.,0.,-1.));
#9809=DIRECTION('',(-1.,0.,0.));
#9810=DIRECTION('',(0.,0.,-1.));
#9811=DIRECTION('',(-1.,0.,0.));
#9812=DIRECTION('',(0.,0.,-1.));
#9813=DIRECTION('',(-1.,0.,0.));
#9814=DIRECTION('',(0.,0.,-1.));
#9815=DIRECTION('',(-1.,0.,0.));
#9816=DIRECTION('',(0.,0.,-1.));
#9817=DIRECTION('',(-1.,0.,0.));
#9818=DIRECTION('',(0.,0.,-1.));
#9819=DIRECTION('',(-1.,0.,0.));
#9820=DIRECTION('',(0.,0.,-1.));
#9821=DIRECTION('',(-1.,0.,0.));
#9822=DIRECTION('',(0.,0.,-1.));
#9823=DIRECTION('',(-1.,0.,0.));
#9824=DIRECTION('',(0.,0.,-1.));
#9825=DIRECTION('',(-1.,0.,0.));
#9826=DIRECTION('',(0.,0.,-1.));
#9827=DIRECTION('',(-1.,0.,0.));
#9828=DIRECTION('',(0.,0.,-1.));
#9829=DIRECTION('',(-1.,0.,0.));
#9830=DIRECTION('',(0.,0.,-1.));
#9831=DIRECTION('',(-1.,0.,0.));
#9832=DIRECTION('',(0.,0.,-1.));
#9833=DIRECTION('',(-1.,0.,0.));
#9834=DIRECTION('',(0.,0.,-1.));
#9835=DIRECTION('',(-1.,0.,0.));
#9836=DIRECTION('',(0.,0.,-1.));
#9837=DIRECTION('',(-1.,0.,0.));
#9838=DIRECTION('',(0.,0.,-1.));
#9839=DIRECTION('',(-1.,0.,0.));
#9840=DIRECTION('',(0.,0.,-1.));
#9841=DIRECTION('',(-1.,0.,0.));
#9842=DIRECTION('',(0.,0.,-1.));
#9843=DIRECTION('',(-1.,0.,0.));
#9844=DIRECTION('',(0.,0.,-1.));
#9845=DIRECTION('',(-1.,0.,0.));
#9846=DIRECTION('',(0.,0.,-1.));
#9847=DIRECTION('',(-1.,0.,0.));
#9848=DIRECTION('',(0.,0.,-1.));
#9849=DIRECTION('',(-1.,0.,0.));
#9850=DIRECTION('',(0.,0.,-1.));
#9851=DIRECTION('',(-1.,0.,0.));
#9852=DIRECTION('',(1.,0.,0.));
#9853=DIRECTION('',(0.,0.,-1.));
#9854=DIRECTION('',(-1.,0.,0.));
#9855=DIRECTION('',(-1.,0.,0.));
#9856=DIRECTION('',(0.,0.,-1.));
#9857=DIRECTION('',(-1.,0.,0.));
#9858=DIRECTION('',(0.,0.,-1.));
#9859=DIRECTION('',(-1.,0.,0.));
#9860=DIRECTION('',(0.,0.,-1.));
#9861=DIRECTION('',(-1.,0.,0.));
#9862=DIRECTION('',(0.,0.,-1.));
#9863=DIRECTION('',(-1.,0.,0.));
#9864=DIRECTION('',(0.,0.,-1.));
#9865=DIRECTION('',(-1.,0.,0.));
#9866=DIRECTION('',(0.,0.,-1.));
#9867=DIRECTION('',(-1.,0.,0.));
#9868=DIRECTION('',(1.,0.,0.));
#9869=DIRECTION('',(0.,0.,-1.));
#9870=DIRECTION('',(-1.,0.,0.));
#9871=DIRECTION('',(-1.,0.,0.));
#9872=DIRECTION('',(0.,0.,-1.));
#9873=DIRECTION('',(-1.,0.,0.));
#9874=DIRECTION('',(0.,0.,1.));
#9875=DIRECTION('',(1.,0.,0.));
#9876=DIRECTION('',(0.,0.,-1.));
#9877=DIRECTION('',(-1.,0.,0.));
#9878=DIRECTION('',(0.,1.,0.));
#9879=DIRECTION('',(0.,0.,-1.));
#9880=DIRECTION('',(-1.,0.,0.));
#9881=DIRECTION('',(-1.,0.,0.));
#9882=DIRECTION('',(0.,0.,-1.));
#9883=DIRECTION('',(-1.,0.,0.));
#9884=DIRECTION('',(0.,0.,-1.));
#9885=DIRECTION('',(-1.,0.,0.));
#9886=DIRECTION('',(0.,0.,-1.));
#9887=DIRECTION('',(-1.,0.,0.));
#9888=DIRECTION('',(0.,0.,-1.));
#9889=DIRECTION('',(-1.,0.,0.));
#9890=DIRECTION('',(0.,0.,-1.));
#9891=DIRECTION('',(-1.,0.,0.));
#9892=DIRECTION('',(0.,0.,-1.));
#9893=DIRECTION('',(-1.,0.,0.));
#9894=DIRECTION('',(0.,0.,-1.));
#9895=DIRECTION('',(-1.,0.,0.));
#9896=DIRECTION('',(0.,0.,-1.));
#9897=DIRECTION('',(-1.,0.,0.));
#9898=DIRECTION('',(0.,0.,-1.));
#9899=DIRECTION('',(-1.,0.,0.));
#9900=DIRECTION('',(0.,0.,-1.));
#9901=DIRECTION('',(-1.,0.,0.));
#9902=DIRECTION('',(0.,0.,-1.));
#9903=DIRECTION('',(-1.,0.,0.));
#9904=DIRECTION('',(0.,0.,-1.));
#9905=DIRECTION('',(-1.,0.,0.));
#9906=DIRECTION('',(0.,0.,-1.));
#9907=DIRECTION('',(-1.,0.,0.));
#9908=DIRECTION('',(0.,0.,-1.));
#9909=DIRECTION('',(-1.,0.,0.));
#9910=DIRECTION('',(0.,0.,-1.));
#9911=DIRECTION('',(-1.,0.,0.));
#9912=DIRECTION('',(0.,0.,-1.));
#9913=DIRECTION('',(-1.,0.,0.));
#9914=DIRECTION('',(0.,0.,-1.));
#9915=DIRECTION('',(-1.,0.,0.));
#9916=DIRECTION('',(0.,0.,-1.));
#9917=DIRECTION('',(-1.,0.,0.));
#9918=DIRECTION('',(0.,0.,-1.));
#9919=DIRECTION('',(-1.,0.,0.));
#9920=DIRECTION('',(0.,0.,-1.));
#9921=DIRECTION('',(-1.,0.,0.));
#9922=DIRECTION('',(0.,0.,-1.));
#9923=DIRECTION('',(-1.,0.,0.));
#9924=DIRECTION('',(0.,0.,-1.));
#9925=DIRECTION('',(-1.,0.,0.));
#9926=DIRECTION('',(0.,0.,-1.));
#9927=DIRECTION('',(-1.,0.,0.));
#9928=DIRECTION('',(0.,0.,-1.));
#9929=DIRECTION('',(-1.,0.,0.));
#9930=DIRECTION('',(0.,0.,-1.));
#9931=DIRECTION('',(-1.,0.,0.));
#9932=DIRECTION('',(0.,0.,-1.));
#9933=DIRECTION('',(-1.,0.,0.));
#9934=DIRECTION('',(0.,0.,-1.));
#9935=DIRECTION('',(-1.,0.,0.));
#9936=DIRECTION('',(0.,0.,-1.));
#9937=DIRECTION('',(-1.,0.,0.));
#9938=DIRECTION('',(0.,0.,-1.));
#9939=DIRECTION('',(-1.,0.,0.));
#9940=DIRECTION('',(0.,0.,-1.));
#9941=DIRECTION('',(-1.,0.,0.));
#9942=DIRECTION('',(0.,0.,-1.));
#9943=DIRECTION('',(-1.,0.,0.));
#9944=DIRECTION('',(0.,0.,-1.));
#9945=DIRECTION('',(-1.,0.,0.));
#9946=DIRECTION('',(0.,0.,-1.));
#9947=DIRECTION('',(-1.,0.,0.));
#9948=DIRECTION('',(0.,0.,-1.));
#9949=DIRECTION('',(-1.,0.,0.));
#9950=DIRECTION('',(0.,0.,-1.));
#9951=DIRECTION('',(-1.,0.,0.));
#9952=DIRECTION('',(0.,0.,-1.));
#9953=DIRECTION('',(-1.,0.,0.));
#9954=DIRECTION('',(0.,0.,-1.));
#9955=DIRECTION('',(-1.,0.,0.));
#9956=DIRECTION('',(0.,0.,-1.));
#9957=DIRECTION('',(-1.,0.,0.));
#9958=DIRECTION('',(0.,0.,-1.));
#9959=DIRECTION('',(-1.,0.,0.));
#9960=DIRECTION('',(0.,0.,-1.));
#9961=DIRECTION('',(-1.,0.,0.));
#9962=DIRECTION('',(0.,0.,-1.));
#9963=DIRECTION('',(-1.,0.,0.));
#9964=DIRECTION('',(0.,0.,-1.));
#9965=DIRECTION('',(-1.,0.,0.));
#9966=DIRECTION('',(0.,0.,-1.));
#9967=DIRECTION('',(-1.,0.,0.));
#9968=DIRECTION('',(0.,0.,-1.));
#9969=DIRECTION('',(-1.,0.,0.));
#9970=DIRECTION('',(0.,0.,-1.));
#9971=DIRECTION('',(-1.,0.,0.));
#9972=DIRECTION('',(0.,0.,-1.));
#9973=DIRECTION('',(-1.,0.,0.));
#9974=DIRECTION('',(1.,0.,0.));
#9975=DIRECTION('',(0.,0.,-1.));
#9976=DIRECTION('',(-1.,0.,0.));
#9977=DIRECTION('',(1.,0.,0.));
#9978=DIRECTION('',(0.,0.,-1.));
#9979=DIRECTION('',(-1.,0.,0.));
#9980=DIRECTION('',(0.,0.,-1.));
#9981=DIRECTION('',(-1.,0.,0.));
#9982=DIRECTION('',(0.,0.,-1.));
#9983=DIRECTION('',(-1.,0.,0.));
#9984=DIRECTION('',(0.,0.,-1.));
#9985=DIRECTION('',(-1.,0.,0.));
#9986=DIRECTION('',(0.,0.,-1.));
#9987=DIRECTION('',(-1.,0.,0.));
#9988=DIRECTION('',(0.,0.,-1.));
#9989=DIRECTION('',(-1.,0.,0.));
#9990=DIRECTION('',(1.,0.,0.));
#9991=DIRECTION('',(0.,0.,-1.));
#9992=DIRECTION('',(-1.,0.,0.));
#9993=DIRECTION('',(1.,0.,0.));
#9994=DIRECTION('',(0.,0.,-1.));
#9995=DIRECTION('',(-1.,-6.42331441772199E-8,0.));
#9996=DIRECTION('',(0.,0.,-1.));
#9997=DIRECTION('',(0.,0.,-1.));
#9998=DIRECTION('',(1.,6.42331356507099E-8,0.));
#9999=DIRECTION('',(0.,0.,-1.));
#10000=DIRECTION('',(-1.,0.,0.));
#10001=DIRECTION('',(0.,1.,0.));
#10002=DIRECTION('',(0.,0.,-1.));
#10003=DIRECTION('',(0.,-1.,0.));
#10004=DIRECTION('',(-1.,0.,0.));
#10005=DIRECTION('',(0.,0.,-1.));
#10006=DIRECTION('',(0.,0.,-1.));
#10007=DIRECTION('',(6.42331384928799E-8,-1.,0.));
#10008=DIRECTION('',(0.,0.,-1.));
#10009=DIRECTION('',(8.35932630306E-15,-1.,0.));
#10010=DIRECTION('',(0.,0.,-1.));
#10011=DIRECTION('',(0.,0.,-1.));
#10012=DIRECTION('',(0.,-1.,0.));
#10013=DIRECTION('',(0.,0.,-1.));
#10014=DIRECTION('',(0.,0.,-1.));
#10015=DIRECTION('',(0.,-1.,0.));
#10016=DIRECTION('',(0.,0.,-1.));
#10017=DIRECTION('',(0.,0.,-1.));
#10018=DIRECTION('',(0.,-1.,0.));
#10019=DIRECTION('',(0.,0.,-1.));
#10020=DIRECTION('',(0.,0.,-1.));
#10021=DIRECTION('',(0.,-1.,0.));
#10022=DIRECTION('',(0.,0.,-1.));
#10023=DIRECTION('',(0.,0.,-1.));
#10024=DIRECTION('',(0.,-1.,0.));
#10025=DIRECTION('',(0.,0.,-1.));
#10026=DIRECTION('',(0.,0.,-1.));
#10027=DIRECTION('',(0.,-1.,0.));
#10028=DIRECTION('',(0.,0.,-1.));
#10029=DIRECTION('',(0.,0.,-1.));
#10030=DIRECTION('',(8.35932630306E-15,-1.,0.));
#10031=DIRECTION('',(0.,0.,-1.));
#10032=DIRECTION('',(0.,0.,-1.));
#10033=DIRECTION('',(0.,-1.,0.));
#10034=DIRECTION('',(0.,0.,-1.));
#10035=DIRECTION('',(0.,0.,-1.));
#10036=DIRECTION('',(0.,-1.,0.));
#10037=DIRECTION('',(0.,0.,-1.));
#10038=DIRECTION('',(0.,0.,-1.));
#10039=DIRECTION('',(0.,-1.,0.));
#10040=DIRECTION('',(0.,0.,-1.));
#10041=DIRECTION('',(0.,0.,-1.));
#10042=DIRECTION('',(0.,-1.,0.));
#10043=DIRECTION('',(0.,0.,-1.));
#10044=DIRECTION('',(0.,0.,-1.));
#10045=DIRECTION('',(0.,-1.,0.));
#10046=DIRECTION('',(0.,0.,-1.));
#10047=DIRECTION('',(0.,0.,-1.));
#10048=DIRECTION('',(0.,-1.,0.));
#10049=DIRECTION('',(0.,0.,-1.));
#10050=DIRECTION('',(0.,0.,-1.));
#10051=DIRECTION('',(0.,-1.,0.));
#10052=DIRECTION('',(0.,0.,-1.));
#10053=DIRECTION('',(0.,0.,-1.));
#10054=DIRECTION('',(0.,-1.,0.));
#10055=DIRECTION('',(0.,0.,-1.));
#10056=DIRECTION('',(0.,0.,-1.));
#10057=DIRECTION('',(1.671865260612E-14,-1.,0.));
#10058=DIRECTION('',(0.,0.,-1.));
#10059=DIRECTION('',(0.,0.,-1.));
#10060=DIRECTION('',(0.,-1.,0.));
#10061=DIRECTION('',(0.,0.,-1.));
#10062=DIRECTION('',(0.,0.,-1.));
#10063=DIRECTION('',(0.,-1.,0.));
#10064=DIRECTION('',(0.,0.,-1.));
#10065=DIRECTION('',(0.,0.,-1.));
#10066=DIRECTION('',(0.,-1.,0.));
#10067=DIRECTION('',(0.,0.,-1.));
#10068=DIRECTION('',(0.,0.,-1.));
#10069=DIRECTION('',(0.,-1.,0.));
#10070=DIRECTION('',(0.,0.,-1.));
#10071=DIRECTION('',(0.,0.,-1.));
#10072=DIRECTION('',(0.,-1.,0.));
#10073=DIRECTION('',(0.,0.,-1.));
#10074=DIRECTION('',(0.,0.,-1.));
#10075=DIRECTION('',(0.,-1.,0.));
#10076=DIRECTION('',(0.,0.,-1.));
#10077=DIRECTION('',(0.,0.,-1.));
#10078=DIRECTION('',(1.671865260612E-14,-1.,0.));
#10079=DIRECTION('',(0.,0.,-1.));
#10080=DIRECTION('',(0.,0.,-1.));
#10081=DIRECTION('',(0.,-1.,0.));
#10082=DIRECTION('',(0.,0.,-1.));
#10083=DIRECTION('',(0.,0.,-1.));
#10084=DIRECTION('',(0.,-1.,0.));
#10085=DIRECTION('',(0.,0.,-1.));
#10086=DIRECTION('',(0.,0.,-1.));
#10087=DIRECTION('',(0.,-1.,0.));
#10088=DIRECTION('',(0.,0.,-1.));
#10089=DIRECTION('',(0.,0.,-1.));
#10090=DIRECTION('',(0.,-1.,0.));
#10091=DIRECTION('',(0.,0.,-1.));
#10092=DIRECTION('',(0.,0.,-1.));
#10093=DIRECTION('',(0.,-1.,0.));
#10094=DIRECTION('',(0.,0.,-1.));
#10095=DIRECTION('',(0.,0.,-1.));
#10096=DIRECTION('',(0.,-1.,0.));
#10097=DIRECTION('',(0.,0.,-1.));
#10098=DIRECTION('',(0.,0.,-1.));
#10099=DIRECTION('',(0.,-1.,0.));
#10100=DIRECTION('',(0.,0.,-1.));
#10101=DIRECTION('',(0.,0.,-1.));
#10102=DIRECTION('',(0.,-1.,0.));
#10103=DIRECTION('',(0.,0.,-1.));
#10104=DIRECTION('',(0.,0.,-1.));
#10105=DIRECTION('',(0.,-1.,0.));
#10106=DIRECTION('',(0.,0.,-1.));
#10107=DIRECTION('',(0.,0.,-1.));
#10108=DIRECTION('',(0.,-1.,0.));
#10109=DIRECTION('',(0.,0.,-1.));
#10110=DIRECTION('',(0.,0.,-1.));
#10111=DIRECTION('',(0.,-1.,0.));
#10112=DIRECTION('',(0.,0.,-1.));
#10113=DIRECTION('',(0.,0.,-1.));
#10114=DIRECTION('',(0.,-1.,0.));
#10115=DIRECTION('',(0.,0.,-1.));
#10116=DIRECTION('',(0.,0.,-1.));
#10117=DIRECTION('',(0.,-1.,0.));
#10118=DIRECTION('',(0.,0.,-1.));
#10119=DIRECTION('',(0.,0.,-1.));
#10120=DIRECTION('',(0.,-1.,0.));
#10121=DIRECTION('',(0.,0.,-1.));
#10122=DIRECTION('',(0.,0.,-1.));
#10123=DIRECTION('',(0.,-1.,0.));
#10124=DIRECTION('',(0.,0.,-1.));
#10125=DIRECTION('',(0.,0.,-1.));
#10126=DIRECTION('',(0.,-1.,0.));
#10127=DIRECTION('',(0.,0.,-1.));
#10128=DIRECTION('',(0.,0.,-1.));
#10129=DIRECTION('',(0.,-1.,0.));
#10130=DIRECTION('',(0.,0.,-1.));
#10131=DIRECTION('',(0.,0.,-1.));
#10132=DIRECTION('',(0.,-1.,0.));
#10133=DIRECTION('',(0.,0.,-1.));
#10134=DIRECTION('',(0.,0.,-1.));
#10135=DIRECTION('',(0.,-1.,0.));
#10136=DIRECTION('',(0.,0.,-1.));
#10137=DIRECTION('',(0.,0.,-1.));
#10138=DIRECTION('',(0.,-1.,0.));
#10139=DIRECTION('',(0.,0.,-1.));
#10140=DIRECTION('',(0.,0.,-1.));
#10141=DIRECTION('',(0.,1.,0.));
#10142=DIRECTION('',(0.,0.,-1.));
#10143=DIRECTION('',(0.,0.,-1.));
#10144=DIRECTION('',(0.,1.,0.));
#10145=DIRECTION('',(1.,0.,0.));
#10146=DIRECTION('',(0.,0.,-1.));
#10147=DIRECTION('',(0.,0.,-1.));
#10148=DIRECTION('',(0.,-1.,0.));
#10149=DIRECTION('',(0.,0.,-1.));
#10150=DIRECTION('',(0.,-1.,0.));
#10151=DIRECTION('',(-1.,0.,0.));
#10152=DIRECTION('',(0.,0.,-1.));
#10153=DIRECTION('',(0.,-1.,0.));
#10154=DIRECTION('',(0.,0.,-1.));
#10155=DIRECTION('',(0.,0.,-1.));
#10156=DIRECTION('',(0.,-1.,0.));
#10157=DIRECTION('',(0.,0.,-1.));
#10158=DIRECTION('',(0.,0.,-1.));
#10159=DIRECTION('',(0.,-1.,0.));
#10160=DIRECTION('',(0.,0.,-1.));
#10161=DIRECTION('',(0.,0.,-1.));
#10162=DIRECTION('',(0.,-1.,0.));
#10163=DIRECTION('',(0.,0.,-1.));
#10164=DIRECTION('',(0.,0.,-1.));
#10165=DIRECTION('',(0.,-1.,0.));
#10166=DIRECTION('',(0.,0.,-1.));
#10167=DIRECTION('',(0.,0.,-1.));
#10168=DIRECTION('',(0.,1.,0.));
#10169=DIRECTION('',(0.,0.,-1.));
#10170=DIRECTION('',(0.,0.,-1.));
#10171=DIRECTION('',(0.,1.,0.));
#10172=DIRECTION('',(1.,0.,0.));
#10173=DIRECTION('',(0.,0.,-1.));
#10174=DIRECTION('',(0.,0.,-1.));
#10175=DIRECTION('',(0.,-1.,0.));
#10176=DIRECTION('',(0.,0.,-1.));
#10177=DIRECTION('',(0.,-1.,0.));
#10178=DIRECTION('',(-1.,0.,0.));
#10179=CARTESIAN_POINT('',(0.,0.,0.));
#10180=CARTESIAN_POINT('',(0.,0.,0.016));
#10181=CARTESIAN_POINT('',(-0.0181991006920726,0.0174286322071566,0.016));
#10182=CARTESIAN_POINT('',(-0.0185381978335499,0.0163367997338355,0.016));
#10183=CARTESIAN_POINT('',(-0.0178600035505951,0.0185204646804778,0.016));
#10184=CARTESIAN_POINT('',(-0.0175932930924318,0.0185204646804778,0.016));
#10185=CARTESIAN_POINT('',(-0.0173265826342686,0.0185204646804778,0.016));
#10186=CARTESIAN_POINT('',(-0.0179121391975059,0.0168387669127696,0.016));
#10187=CARTESIAN_POINT('',(-0.0184976957607432,0.0151570691450616,0.016));
#10188=CARTESIAN_POINT('',(-0.0184976957607432,0.0151570691450616,0.016));
#10189=CARTESIAN_POINT('',(-0.018770007569401,0.0144297553270007,0.016));
#10190=CARTESIAN_POINT('',(-0.0193620272293629,0.0144297553270007,0.016));
#10191=CARTESIAN_POINT('',(-0.0193620272293629,0.0144297553270007,0.016));
#10192=CARTESIAN_POINT('',(-0.019409423272009,0.0144340640581504,0.016));
#10193=CARTESIAN_POINT('',(-0.0194568193146552,0.0144383727893,0.016));
#10194=CARTESIAN_POINT('',(-0.0195494570343726,0.0144556077138986,0.016));
#10195=CARTESIAN_POINT('',(-0.01964209475409,0.0144728426384972,0.016));
#10196=CARTESIAN_POINT('',(-0.01964209475409,0.0146749221294158,0.016));
#10197=CARTESIAN_POINT('',(-0.01964209475409,0.0148770016203343,0.016));
#10198=CARTESIAN_POINT('',(-0.0195748785481555,0.0148718311429548,0.016));
#10199=CARTESIAN_POINT('',(-0.019507662342221,0.0148666606655752,0.016));
#10200=CARTESIAN_POINT('',(-0.019507662342221,0.0148666606655752,0.016));
#10201=CARTESIAN_POINT('',(-0.0192543089506216,0.0148666606655752,0.016));
#10202=CARTESIAN_POINT('',(-0.0191129825689131,0.0149687775938219,0.016));
#10203=CARTESIAN_POINT('',(-0.0191129825689131,0.0149687775938219,0.016));
#10204=CARTESIAN_POINT('',(-0.0191129825689131,0.0149687775938219,0.016));
#10205=CARTESIAN_POINT('',(-0.0189716561872047,0.0150708945220685,0.016));
#10206=CARTESIAN_POINT('',(-0.0188803110868321,0.0153432063307264,0.016));
#10207=CARTESIAN_POINT('',(-0.0188803110868321,0.0153432063307264,0.016));
#10208=CARTESIAN_POINT('',(-0.0188251593281165,0.0154914266822743,0.016));
#10209=CARTESIAN_POINT('',(-0.018770007569401,0.0156396470338223,0.016));
#10210=CARTESIAN_POINT('',(-0.0192896405460487,0.01708005585715,0.016));
#10211=CARTESIAN_POINT('',(-0.0198092735226965,0.0185204646804778,0.016));
#10212=CARTESIAN_POINT('',(-0.0195373925871536,0.0185204646804778,0.016));
#10213=CARTESIAN_POINT('',(-0.0192655116516107,0.0185204646804778,0.016));
#10214=CARTESIAN_POINT('',(-0.0189018547425804,0.0174286322071566,0.016));
#10215=CARTESIAN_POINT('',(-0.0201195021654712,0.017031367195159,0.016));
#10216=CARTESIAN_POINT('',(-0.0201195021654712,0.0163635138669634,0.016));
#10217=CARTESIAN_POINT('',(-0.0204262838233262,0.0159580622657814,0.016));
#10218=CARTESIAN_POINT('',(-0.0201195021654712,0.017031367195159,0.016));
#10219=CARTESIAN_POINT('',(-0.0204262838233262,0.0159580622657814,0.016));
#10220=CARTESIAN_POINT('',(-0.0204262838233262,0.0159580622657814,0.016));
#10221=CARTESIAN_POINT('',(-0.0207330654811812,0.0155526106645994,0.016));
#10222=CARTESIAN_POINT('',(-0.0212501132191392,0.0155526106645994,0.016));
#10223=CARTESIAN_POINT('',(-0.0212501132191392,0.0155526106645994,0.016));
#10224=CARTESIAN_POINT('',(-0.0212501132191392,0.0155526106645994,0.016));
#10225=CARTESIAN_POINT('',(-0.0218024925525242,0.0155526106645994,0.016));
#10226=CARTESIAN_POINT('',(-0.0221041037329997,0.0159438434529875,0.016));
#10227=CARTESIAN_POINT('',(-0.0221041037329997,0.0159438434529875,0.016));
#10228=CARTESIAN_POINT('',(-0.0221161681802187,0.0157753720650362,0.016));
#10229=CARTESIAN_POINT('',(-0.0221282326274377,0.015606900677085,0.016));
#10230=CARTESIAN_POINT('',(-0.0223570262514841,0.0156069006770849,0.016));
#10231=CARTESIAN_POINT('',(-0.0225858198755305,0.0156069006770849,0.016));
#10232=CARTESIAN_POINT('',(-0.0225858198755305,0.0176750916289166,0.016));
#10233=CARTESIAN_POINT('',(-0.0225858198755305,0.0197432825807482,0.016));
#10234=CARTESIAN_POINT('',(-0.0223367752150807,0.0197432825807482,0.016));
#10235=CARTESIAN_POINT('',(-0.022087730554631,0.0197432825807482,0.016));
#10236=CARTESIAN_POINT('',(-0.022087730554631,0.018971588831846,0.016));
#10237=CARTESIAN_POINT('',(-0.022087730554631,0.0181998950829439,0.016));
#10238=CARTESIAN_POINT('',(-0.022087730554631,0.0181998950829439,0.016));
#10239=CARTESIAN_POINT('',(-0.0217861193741555,0.0185747546929633,0.016));
#10240=CARTESIAN_POINT('',(-0.0212557145696337,0.0185747546929633,0.016));
#10241=CARTESIAN_POINT('',(-0.0212557145696337,0.0185747546929633,0.016));
#10242=CARTESIAN_POINT('',(-0.0212557145696337,0.0185747546929633,0.016));
#10243=CARTESIAN_POINT('',(-0.0207253097651119,0.0185747546929633,0.016));
#10244=CARTESIAN_POINT('',(-0.0204224059652915,0.018173611822931,0.016));
#10245=CARTESIAN_POINT('',(-0.0204224059652915,0.018173611822931,0.016));
#10246=CARTESIAN_POINT('',(-0.0204224059652915,0.018173611822931,0.016));
#10247=CARTESIAN_POINT('',(-0.0201195021654712,0.0177724689528986,0.016));
#10248=CARTESIAN_POINT('',(-0.0201195021654712,0.0170744545066554,0.016));
#10249=CARTESIAN_POINT('',(-0.0201195021654712,0.0170744545066554,0.016));
#10250=CARTESIAN_POINT('',(-0.0201195021654712,0.0170529108509072,0.016));
#10251=CARTESIAN_POINT('',(0.0176094516900775,0.0342786906536882,0.016));
#10252=CARTESIAN_POINT('',(0.0176094516900775,0.0302908085286617,0.016));
#10253=CARTESIAN_POINT('',(0.0176094516900775,0.0382665727787147,0.016));
#10254=CARTESIAN_POINT('',(0.0187356997187938,0.0382665727787147,0.016));
#10255=CARTESIAN_POINT('',(0.0198619477475101,0.0382665727787147,0.016));
#10256=CARTESIAN_POINT('',(0.0198619477475101,0.0382665727787147,0.016));
#10257=CARTESIAN_POINT('',(0.0209014264728467,0.0382665727787147,0.016));
#10258=CARTESIAN_POINT('',(0.0217016322706817,0.0378064325335193,0.016));
#10259=CARTESIAN_POINT('',(0.0217016322706817,0.0378064325335193,0.016));
#10260=CARTESIAN_POINT('',(0.0217016322706817,0.0378064325335193,0.016));
#10261=CARTESIAN_POINT('',(0.0225018380685166,0.037346292288324,0.016));
#10262=CARTESIAN_POINT('',(0.0229374375006349,0.0364970048643348,0.016));
#10263=CARTESIAN_POINT('',(0.0229374375006349,0.0364970048643348,0.016));
#10264=CARTESIAN_POINT('',(0.0229374375006349,0.0364970048643348,0.016));
#10265=CARTESIAN_POINT('',(0.0233730369327532,0.0356477174403457,0.016));
#10266=CARTESIAN_POINT('',(0.0233782956784126,0.0345468866823163,0.016));
#10267=CARTESIAN_POINT('',(0.0233782956784126,0.0345468866823163,0.016));
#10268=CARTESIAN_POINT('',(0.0233782956784126,0.0342927139754466,0.016));
#10269=CARTESIAN_POINT('',(0.0233782956784126,0.0340385412685767,0.016));
#10270=CARTESIAN_POINT('',(0.0233782956784126,0.0340385412685767,0.016));
#10271=CARTESIAN_POINT('',(0.0233782956784126,0.0329096638670308,0.016));
#10272=CARTESIAN_POINT('',(0.0229426962462943,0.0320603764430416,0.016));
#10273=CARTESIAN_POINT('',(0.0229426962462943,0.0320603764430416,0.016));
#10274=CARTESIAN_POINT('',(0.0229426962462943,0.0320603764430416,0.016));
#10275=CARTESIAN_POINT('',(0.022507096814176,0.0312110890190525,0.016));
#10276=CARTESIAN_POINT('',(0.0216990028978519,0.0307562075195165,0.016));
#10277=CARTESIAN_POINT('',(0.0216990028978519,0.0307562075195165,0.016));
#10278=CARTESIAN_POINT('',(0.0216990028978519,0.0307562075195165,0.016));
#10279=CARTESIAN_POINT('',(0.0208909089815279,0.0303013260199805,0.016));
#10280=CARTESIAN_POINT('',(0.0198181248670153,0.0302908085286617,0.016));
#10281=CARTESIAN_POINT('',(0.0198181248670153,0.0302908085286617,0.016));
#10282=CARTESIAN_POINT('',(0.0187137882785464,0.0302908085286617,0.016));
#10283=CARTESIAN_POINT('',(0.0130247019327119,0.0323732718097745,0.016));
#10284=CARTESIAN_POINT('',(0.0146961065947835,0.0323732718097745,0.016));
#10285=CARTESIAN_POINT('',(0.0113532972706404,0.0323732718097745,0.016));
#10286=CARTESIAN_POINT('',(0.010978173413605,0.0313320401692181,0.016));
#10287=CARTESIAN_POINT('',(0.0106030495565695,0.0302908085286617,0.016));
#10288=CARTESIAN_POINT('',(0.0100613987536538,0.0302908085286617,0.016));
#10289=CARTESIAN_POINT('',(0.00951974795073814,0.0302908085286617,0.016));
#10290=CARTESIAN_POINT('',(0.0110421548191274,0.0342786906536882,0.016));
#10291=CARTESIAN_POINT('',(0.0125645616875166,0.0382665727787147,0.016));
#10292=CARTESIAN_POINT('',(0.0130247019327119,0.0382665727787147,0.016));
#10293=CARTESIAN_POINT('',(0.0134848421779073,0.0382665727787147,0.016));
#10294=CARTESIAN_POINT('',(0.0150107548767361,0.0342786906536882,0.016));
#10295=CARTESIAN_POINT('',(0.016536667575565,0.0302908085286617,0.016));
#10296=CARTESIAN_POINT('',(0.0159967696878691,0.0302908085286617,0.016));
#10297=CARTESIAN_POINT('',(0.0154568718001732,0.0302908085286617,0.016));
#10298=CARTESIAN_POINT('',(0.0150764891974783,0.0313320401692181,0.016));
#10299=CARTESIAN_POINT('',(0.00426450812180216,0.0318517795318864,0.016));
#10300=CARTESIAN_POINT('',(0.00426450812180216,0.0334127505351111,0.016));
#10301=CARTESIAN_POINT('',(0.00426450812180216,0.0302908085286617,0.016));
#10302=CARTESIAN_POINT('',(0.0037386335558646,0.0302908085286617,0.016));
#10303=CARTESIAN_POINT('',(0.00321275898992704,0.0302908085286617,0.016));
#10304=CARTESIAN_POINT('',(0.00321275898992704,0.0342786906536882,0.016));
#10305=CARTESIAN_POINT('',(0.00321275898992704,0.0382665727787147,0.016));
#10306=CARTESIAN_POINT('',(0.00468345485933241,0.0382665727787147,0.016));
#10307=CARTESIAN_POINT('',(0.00615415072873778,0.0382665727787147,0.016));
#10308=CARTESIAN_POINT('',(0.00615415072873778,0.0382665727787147,0.016));
#10309=CARTESIAN_POINT('',(0.00746357839792229,0.0382665727787147,0.016));
#10310=CARTESIAN_POINT('',(0.00820593799350414,0.037598712079974,0.016));
#10311=CARTESIAN_POINT('',(0.00820593799350414,0.037598712079974,0.016));
#10312=CARTESIAN_POINT('',(0.00820593799350414,0.037598712079974,0.016));
#10313=CARTESIAN_POINT('',(0.008948297589086,0.0369308513812333,0.016));
#10314=CARTESIAN_POINT('',(0.008948297589086,0.0358282677079842,0.016));
#10315=CARTESIAN_POINT('',(0.008948297589086,0.0358282677079842,0.016));
#10316=CARTESIAN_POINT('',(0.008948297589086,0.0358282677079842,0.016));
#10317=CARTESIAN_POINT('',(0.008948297589086,0.034667837832482,0.016));
#10318=CARTESIAN_POINT('',(0.00822259068809217,0.0340402941837965,0.016));
#10319=CARTESIAN_POINT('',(0.00822259068809217,0.0340402941837965,0.016));
#10320=CARTESIAN_POINT('',(0.00822259068809217,0.0340402941837965,0.016));
#10321=CARTESIAN_POINT('',(0.00749688378709834,0.0334127505351111,0.016));
#10322=CARTESIAN_POINT('',(0.00614363323741902,0.0334127505351111,0.016));
#10323=CARTESIAN_POINT('',(0.00614363323741902,0.0334127505351111,0.016));
#10324=CARTESIAN_POINT('',(0.00520407067961059,0.0334127505351111,0.016));
#10325=CARTESIAN_POINT('',(-0.000384223041085839,0.033977189235884,0.016));
#10326=CARTESIAN_POINT('',(0.00134415136562893,0.033977189235884,0.016));
#10327=CARTESIAN_POINT('',(-0.0021125974478006,0.033977189235884,0.016));
#10328=CARTESIAN_POINT('',(-0.0021125974478006,0.0325643395687317,0.016));
#10329=CARTESIAN_POINT('',(-0.0021125974478006,0.0311514899015795,0.016));
#10330=CARTESIAN_POINT('',(-0.000104633063529038,0.0311514899015795,0.016));
#10331=CARTESIAN_POINT('',(0.00190333132074253,0.0311514899015795,0.016));
#10332=CARTESIAN_POINT('',(0.00190333132074253,0.0307211492151207,0.016));
#10333=CARTESIAN_POINT('',(0.00190333132074253,0.0302908085286617,0.016));
#10334=CARTESIAN_POINT('',(-0.000630507629466594,0.0302908085286617,0.016));
#10335=CARTESIAN_POINT('',(-0.00316434657967572,0.0302908085286617,0.016));
#10336=CARTESIAN_POINT('',(-0.00316434657967572,0.0342786906536882,0.016));
#10337=CARTESIAN_POINT('',(-0.00316434657967572,0.0382665727787147,0.016));
#10338=CARTESIAN_POINT('',(-0.000657677815373368,0.0382665727787147,0.016));
#10339=CARTESIAN_POINT('',(0.00184899094892898,0.0382665727787147,0.016));
#10340=CARTESIAN_POINT('',(0.00184899094892898,0.0378336027194261,0.016));
#10341=CARTESIAN_POINT('',(0.00184899094892898,0.0374006326601375,0.016));
#10342=CARTESIAN_POINT('',(-0.000131803249435812,0.0374006326601375,0.016));
#10343=CARTESIAN_POINT('',(-0.0021125974478006,0.0374006326601375,0.016));
#10344=CARTESIAN_POINT('',(-0.0021125974478006,0.0361192516344696,0.016));
#10345=CARTESIAN_POINT('',(-0.0021125974478006,0.0348378706088018,0.016));
#10346=CARTESIAN_POINT('',(-0.000384223041085839,0.0348378706088018,0.016));
#10347=CARTESIAN_POINT('',(0.00134415136562893,0.0348378706088018,0.016));
#10348=CARTESIAN_POINT('',(0.00134415136562893,0.0344075299223429,0.016));
#10349=CARTESIAN_POINT('',(-0.00562982183631296,0.0374006326601375,0.016));
#10350=CARTESIAN_POINT('',(-0.00434756435303522,0.0374006326601375,0.016));
#10351=CARTESIAN_POINT('',(-0.0069120793195907,0.0374006326601375,0.016));
#10352=CARTESIAN_POINT('',(-0.0069120793195907,0.0338457205943996,0.016));
#10353=CARTESIAN_POINT('',(-0.0069120793195907,0.0302908085286617,0.016));
#10354=CARTESIAN_POINT('',(-0.00743444805508868,0.0302908085286617,0.016));
#10355=CARTESIAN_POINT('',(-0.00795681679058665,0.0302908085286617,0.016));
#10356=CARTESIAN_POINT('',(-0.00795681679058665,0.0338457205943996,0.016));
#10357=CARTESIAN_POINT('',(-0.00795681679058665,0.0374006326601375,0.016));
#10358=CARTESIAN_POINT('',(-0.0092364449010347,0.0374006326601375,0.016));
#10359=CARTESIAN_POINT('',(-0.0105160730114828,0.0374006326601375,0.016));
#10360=CARTESIAN_POINT('',(-0.0105160730114828,0.0378336027194261,0.016));
#10361=CARTESIAN_POINT('',(-0.0105160730114828,0.0382665727787147,0.016));
#10362=CARTESIAN_POINT('',(-0.00743181868225899,0.0382665727787147,0.016));
#10363=CARTESIAN_POINT('',(-0.00434756435303522,0.0382665727787147,0.016));
#10364=CARTESIAN_POINT('',(-0.00434756435303522,0.0378336027194261,0.016));
#10365=CARTESIAN_POINT('',(-0.0114363535018735,0.0340210121163788,0.016));
#10366=CARTESIAN_POINT('',(-0.0114363535018735,0.0328483118343381,0.016));
#10367=CARTESIAN_POINT('',(-0.0118307594263266,0.0319753600548817,0.016));
#10368=CARTESIAN_POINT('',(-0.0114363535018735,0.0340210121163788,0.016));
#10369=CARTESIAN_POINT('',(-0.0118307594263266,0.0319753600548817,0.016));
#10370=CARTESIAN_POINT('',(-0.0118307594263266,0.0319753600548817,0.016));
#10371=CARTESIAN_POINT('',(-0.0122251653507798,0.0311024082754254,0.016));
#10372=CARTESIAN_POINT('',(-0.012948242878944,0.0306413915726201,0.016));
#10373=CARTESIAN_POINT('',(-0.012948242878944,0.0306413915726201,0.016));
#10374=CARTESIAN_POINT('',(-0.012948242878944,0.0306413915726201,0.016));
#10375=CARTESIAN_POINT('',(-0.0136713204071081,0.0301803748698148,0.016));
#10376=CARTESIAN_POINT('',(-0.0146354237779936,0.0301803748698148,0.016));
#10377=CARTESIAN_POINT('',(-0.0146354237779936,0.0301803748698148,0.016));
#10378=CARTESIAN_POINT('',(-0.0146354237779936,0.0301803748698148,0.016));
#10379=CARTESIAN_POINT('',(-0.0155767392510219,0.0301803748698148,0.016));
#10380=CARTESIAN_POINT('',(-0.0163059519824553,0.0306440209454498,0.016));
#10381=CARTESIAN_POINT('',(-0.0163059519824553,0.0306440209454498,0.016));
#10382=CARTESIAN_POINT('',(-0.0163059519824553,0.0306440209454498,0.016));
#10383=CARTESIAN_POINT('',(-0.0170351647138887,0.0311076670210847,0.016));
#10384=CARTESIAN_POINT('',(-0.0174374587568309,0.0319648425635629,0.016));
#10385=CARTESIAN_POINT('',(-0.0174374587568309,0.0319648425635629,0.016));
#10386=CARTESIAN_POINT('',(-0.0174374587568309,0.0319648425635629,0.016));
#10387=CARTESIAN_POINT('',(-0.0178397527997731,0.0328220181060411,0.016));
#10388=CARTESIAN_POINT('',(-0.0178502702910919,0.0339508955075871,0.016));
#10389=CARTESIAN_POINT('',(-0.0178502702910919,0.0339508955075871,0.016));
#10390=CARTESIAN_POINT('',(-0.0178502702910919,0.034238373603633,0.016));
#10391=CARTESIAN_POINT('',(-0.0178502702910919,0.0345258516996788,0.016));
#10392=CARTESIAN_POINT('',(-0.0178502702910919,0.0345258516996788,0.016));
#10393=CARTESIAN_POINT('',(-0.0178502702910919,0.0356757640838623,0.016));
#10394=CARTESIAN_POINT('',(-0.0174506056209793,0.0365574804394176,0.016));
#10395=CARTESIAN_POINT('',(-0.0174506056209793,0.0365574804394176,0.016));
#10396=CARTESIAN_POINT('',(-0.0174506056209793,0.0365574804394176,0.016));
#10397=CARTESIAN_POINT('',(-0.0170509409508668,0.0374391967949729,0.016));
#10398=CARTESIAN_POINT('',(-0.0163199753042136,0.0379081016162673,0.016));
#10399=CARTESIAN_POINT('',(-0.0163199753042136,0.0379081016162673,0.016));
#10400=CARTESIAN_POINT('',(-0.0163199753042136,0.0379081016162673,0.016));
#10401=CARTESIAN_POINT('',(-0.0155890096575604,0.0383770064375615,0.016));
#10402=CARTESIAN_POINT('',(-0.0146459412693124,0.0383770064375615,0.016));
#10403=CARTESIAN_POINT('',(-0.0146459412693124,0.0383770064375615,0.016));
#10404=CARTESIAN_POINT('',(-0.0146459412693124,0.0383770064375615,0.016));
#10405=CARTESIAN_POINT('',(-0.0136870966440862,0.0383770064375615,0.016));
#10406=CARTESIAN_POINT('',(-0.012956130997433,0.0379133603619266,0.016));
#10407=CARTESIAN_POINT('',(-0.012956130997433,0.0379133603619266,0.016));
#10408=CARTESIAN_POINT('',(-0.012956130997433,0.0379133603619266,0.016));
#10409=CARTESIAN_POINT('',(-0.0122251653507798,0.0374497142862916,0.016));
#10410=CARTESIAN_POINT('',(-0.0118307594263266,0.036570627303566,0.016));
#10411=CARTESIAN_POINT('',(-0.0118307594263266,0.036570627303566,0.016));
#10412=CARTESIAN_POINT('',(-0.0118307594263266,0.036570627303566,0.016));
#10413=CARTESIAN_POINT('',(-0.0114363535018735,0.0356915403208404,0.016));
#10414=CARTESIAN_POINT('',(-0.0114363535018735,0.0345258516996788,0.016));
#10415=CARTESIAN_POINT('',(-0.0114363535018735,0.0345258516996788,0.016));
#10416=CARTESIAN_POINT('',(-0.0114363535018735,0.0342734319080288,0.016));
#10417=CARTESIAN_POINT('',(-0.0141967203271633,0.0160136448976118,0.016));
#10418=CARTESIAN_POINT('',(-0.015048987348564,0.0160136448976118,0.016));
#10419=CARTESIAN_POINT('',(-0.0133444533057627,0.0160136448976118,0.016));
#10420=CARTESIAN_POINT('',(-0.0133444533057627,0.0158102727873483,0.016));
#10421=CARTESIAN_POINT('',(-0.0133444533057627,0.0156069006770849,0.016));
#10422=CARTESIAN_POINT('',(-0.0145009167463286,0.0156069006770849,0.016));
#10423=CARTESIAN_POINT('',(-0.0156573801868944,0.0156069006770849,0.016));
#10424=CARTESIAN_POINT('',(-0.0156573801868944,0.015790021750945,0.016));
#10425=CARTESIAN_POINT('',(-0.0156573801868944,0.0159731428248051,0.016));
#10426=CARTESIAN_POINT('',(-0.0148533709543699,0.0170408464036882,0.016));
#10427=CARTESIAN_POINT('',(-0.0140493617218453,0.0181085499825713,0.016));
#10428=CARTESIAN_POINT('',(-0.0148413065071509,0.0181085499825713,0.016));
#10429=CARTESIAN_POINT('',(-0.0156332512924564,0.0181085499825713,0.016));
#10430=CARTESIAN_POINT('',(-0.0156332512924564,0.0183145073315245,0.016));
#10431=CARTESIAN_POINT('',(-0.0156332512924564,0.0185204646804778,0.016));
#10432=CARTESIAN_POINT('',(-0.0145289234988013,0.0185204646804778,0.016));
#10433=CARTESIAN_POINT('',(-0.0134245957051462,0.0185204646804778,0.016));
#10434=CARTESIAN_POINT('',(-0.0134245957051462,0.0183442375764571,0.016));
#10435=CARTESIAN_POINT('',(-0.0134245957051462,0.0181680104724364,0.016));
#10436=CARTESIAN_POINT('',(-0.0142367915268551,0.0170908276850241,0.016));
#10437=CARTESIAN_POINT('',(-0.0129161654294876,0.0170908276850241,0.016));
#10438=CARTESIAN_POINT('',(-0.0129161654294876,0.0175191155612992,0.016));
#10439=CARTESIAN_POINT('',(-0.0127476940415363,0.0178612288145814,0.016));
#10440=CARTESIAN_POINT('',(-0.0129161654294876,0.0170908276850241,0.016));
#10441=CARTESIAN_POINT('',(-0.0127476940415363,0.0178612288145814,0.016));
#10442=CARTESIAN_POINT('',(-0.0116111218432613,0.0173271908088443,0.016));
#10443=CARTESIAN_POINT('',(-0.0122790709666861,0.0183893220130078,0.016));
#10444=CARTESIAN_POINT('',(-0.0116183477728742,0.0172979589753587,0.016));
#10445=CARTESIAN_POINT('',(-0.0115933849665453,0.0185747546929633,0.016));
#10446=CARTESIAN_POINT('',(-0.0115933849665453,0.0185747546929633,0.016));
#10447=CARTESIAN_POINT('',(-0.0109987800678937,0.0185747546929633,0.016));
#10448=CARTESIAN_POINT('',(-0.0106308144277136,0.0181628399950568,0.016));
#10449=CARTESIAN_POINT('',(-0.0106308144277136,0.0181628399950568,0.016));
#10450=CARTESIAN_POINT('',(-0.0106308144277136,0.0181628399950568,0.016));
#10451=CARTESIAN_POINT('',(-0.0102628487875336,0.0177509252971504,0.016));
#10452=CARTESIAN_POINT('',(-0.0102628487875336,0.0170666987905861,0.016));
#10453=CARTESIAN_POINT('',(-0.0102628487875336,0.0170666987905861,0.016));
#10454=CARTESIAN_POINT('',(-0.0102628487875336,0.0170490329928726,0.016));
#10455=CARTESIAN_POINT('',(-0.0102628487875336,0.017031367195159,0.016));
#10456=CARTESIAN_POINT('',(-0.0102628487875336,0.017031367195159,0.016));
#10457=CARTESIAN_POINT('',(-0.0102628487875336,0.0166056645575736,0.016));
#10458=CARTESIAN_POINT('',(-0.0104261496981053,0.0162678600354411,0.016));
#10459=CARTESIAN_POINT('',(-0.0104261496981053,0.0162678600354411,0.016));
#10460=CARTESIAN_POINT('',(-0.0115507555744923,0.0167918040767027,0.016));
#10461=CARTESIAN_POINT('',(-0.0108923544084973,0.015741333088954,0.016));
#10462=CARTESIAN_POINT('',(-0.0108923544084973,0.015741333088954,0.016));
#10463=CARTESIAN_POINT('',(-0.0111952582083177,0.0155526106645994,0.016));
#10464=CARTESIAN_POINT('',(-0.0115882144891657,0.0155526106645994,0.016));
#10465=CARTESIAN_POINT('',(-0.0115882144891657,0.0155526106645994,0.016));
#10466=CARTESIAN_POINT('',(-0.0115882144891657,0.0155526106645994,0.016));
#10467=CARTESIAN_POINT('',(-0.0121802341491275,0.0155526106645994,0.016));
#10468=CARTESIAN_POINT('',(-0.0125481997893075,0.0159649562356208,0.016));
#10469=CARTESIAN_POINT('',(-0.0125481997893075,0.0159649562356208,0.016));
#10470=CARTESIAN_POINT('',(-0.0125481997893075,0.0159649562356208,0.016));
#10471=CARTESIAN_POINT('',(-0.0129161654294876,0.0163773018066422,0.016));
#10472=CARTESIAN_POINT('',(-0.0129161654294876,0.017055496089597,0.016));
#10473=CARTESIAN_POINT('',(-0.0129161654294876,0.017055496089597,0.016));
#10474=CARTESIAN_POINT('',(-0.0129161654294876,0.0170731618873106,0.016));
#10475=CARTESIAN_POINT('',(-0.00896247372656944,0.018873349761634,0.016));
#10476=CARTESIAN_POINT('',(-0.00896247372656944,0.0192262348427903,0.016));
#10477=CARTESIAN_POINT('',(-0.00896247372656944,0.0185204646804778,0.016));
#10478=CARTESIAN_POINT('',(-0.00869059279102658,0.0185204646804778,0.016));
#10479=CARTESIAN_POINT('',(-0.00841871185548371,0.0185204646804778,0.016));
#10480=CARTESIAN_POINT('',(-0.00841871185548371,0.0183278643980884,0.016));
#10481=CARTESIAN_POINT('',(-0.00841871185548371,0.0181352641156991,0.016));
#10482=CARTESIAN_POINT('',(-0.00869059279102658,0.0181352641156991,0.016));
#10483=CARTESIAN_POINT('',(-0.00896247372656944,0.0181352641156991,0.016));
#10484=CARTESIAN_POINT('',(-0.00896247372656944,0.0172321540667326,0.016));
#10485=CARTESIAN_POINT('',(-0.00896247372656944,0.0163290440177662,0.016));
#10486=CARTESIAN_POINT('',(-0.00896247372656944,0.0163290440177662,0.016));
#10487=CARTESIAN_POINT('',(-0.00896247372656944,0.0161532477868605,0.016));
#10488=CARTESIAN_POINT('',(-0.00888965617014037,0.0160657805445226,0.016));
#10489=CARTESIAN_POINT('',(-0.00888965617014037,0.0160657805445226,0.016));
#10490=CARTESIAN_POINT('',(-0.00888965617014037,0.0160657805445226,0.016));
#10491=CARTESIAN_POINT('',(-0.0088168386137113,0.0159783133021847,0.016));
#10492=CARTESIAN_POINT('',(-0.00864190412903554,0.0159783133021847,0.016));
#10493=CARTESIAN_POINT('',(-0.00864190412903554,0.0159783133021847,0.016));
#10494=CARTESIAN_POINT('',(-0.00869735849926647,0.0172106558142543,0.016));
#10495=CARTESIAN_POINT('',(-0.00840492391580483,0.016011059658922,0.016));
#10496=CARTESIAN_POINT('',(-0.00840492391580483,0.0158089801680034,0.016));
#10497=CARTESIAN_POINT('',(-0.00840492391580483,0.0156071190305859,0.016));
#10498=CARTESIAN_POINT('',(-0.00879741534153557,0.0169868399517873,0.016));
#10499=CARTESIAN_POINT('',(-0.00878753924189368,0.0155526106645994,0.016));
#10500=CARTESIAN_POINT('',(-0.00878753924189368,0.0155526106645994,0.016));
#10501=CARTESIAN_POINT('',(-0.00912103503287653,0.0155526106645994,0.016));
#10502=CARTESIAN_POINT('',(-0.00929079904017271,0.0157546901555179,0.016));
#10503=CARTESIAN_POINT('',(-0.00929079904017271,0.0157546901555179,0.016));
#10504=CARTESIAN_POINT('',(-0.00929079904017271,0.0157546901555179,0.016));
#10505=CARTESIAN_POINT('',(-0.0094605630474689,0.0159567696464364,0.016));
#10506=CARTESIAN_POINT('',(-0.0094605630474689,0.0163290440177662,0.016));
#10507=CARTESIAN_POINT('',(-0.0094605630474689,0.0163290440177662,0.016));
#10508=CARTESIAN_POINT('',(-0.0094605630474689,0.0172321540667326,0.016));
#10509=CARTESIAN_POINT('',(-0.0094605630474689,0.0181352641156991,0.016));
#10510=CARTESIAN_POINT('',(-0.00972598088628729,0.0181352641156991,0.016));
#10511=CARTESIAN_POINT('',(-0.00999139872510568,0.0181352641156991,0.016));
#10512=CARTESIAN_POINT('',(-0.00999139872510568,0.0183278643980884,0.016));
#10513=CARTESIAN_POINT('',(-0.00999139872510568,0.0185204646804778,0.016));
#10514=CARTESIAN_POINT('',(-0.00972598088628729,0.0185204646804778,0.016));
#10515=CARTESIAN_POINT('',(-0.0094605630474689,0.0185204646804778,0.016));
#10516=CARTESIAN_POINT('',(-0.0094605630474689,0.018873349761634,0.016));
#10517=CARTESIAN_POINT('',(-0.0094605630474689,0.0192262348427903,0.016));
#10518=CARTESIAN_POINT('',(-0.00921151838701917,0.0192262348427903,0.016));
#10519=CARTESIAN_POINT('',(-0.00662714144345955,0.0155526106645994,0.016));
#10520=CARTESIAN_POINT('',(-0.00722002284965129,0.0155526106645994,0.016));
#10521=CARTESIAN_POINT('',(-0.00759143547475105,0.0159421199605277,0.016));
#10522=CARTESIAN_POINT('',(-0.00662714144345955,0.0155526106645994,0.016));
#10523=CARTESIAN_POINT('',(-0.00759143547475105,0.0159421199605277,0.016));
#10524=CARTESIAN_POINT('',(-0.00759143547475105,0.0159421199605277,0.016));
#10525=CARTESIAN_POINT('',(-0.00796284809985082,0.016331629256456,0.016));
#10526=CARTESIAN_POINT('',(-0.00796284809985082,0.0169831094062829,0.016));
#10527=CARTESIAN_POINT('',(-0.00796284809985082,0.0169831094062829,0.016));
#10528=CARTESIAN_POINT('',(-0.00796284809985082,0.0170287819564692,0.016));
#10529=CARTESIAN_POINT('',(-0.00796284809985082,0.0170744545066554,0.016));
#10530=CARTESIAN_POINT('',(-0.00796284809985082,0.0170744545066554,0.016));
#10531=CARTESIAN_POINT('',(-0.00796284809985082,0.0175079128603101,0.016));
#10532=CARTESIAN_POINT('',(-0.00779739282370429,0.0178487334942475,0.016));
#10533=CARTESIAN_POINT('',(-0.00779739282370429,0.0178487334942475,0.016));
#10534=CARTESIAN_POINT('',(-0.00662773141469849,0.0173037149370121,0.016));
#10535=CARTESIAN_POINT('',(-0.00733422572516926,0.0183821892967005,0.016));
#10536=CARTESIAN_POINT('',(-0.00669239109813579,0.0174113655602921,0.016));
#10537=CARTESIAN_POINT('',(-0.0066891871720145,0.0185747546929633,0.016));
#10538=CARTESIAN_POINT('',(-0.0066891871720145,0.0185747546929633,0.016));
#10539=CARTESIAN_POINT('',(-0.00612129640649073,0.0185747546929633,0.016));
#10540=CARTESIAN_POINT('',(-0.00580632815945137,0.0182003259560588,0.016));
#10541=CARTESIAN_POINT('',(-0.00580632815945137,0.0182003259560588,0.016));
#10542=CARTESIAN_POINT('',(-0.00580632815945137,0.0182003259560588,0.016));
#10543=CARTESIAN_POINT('',(-0.00549135991241201,0.0178258972191543,0.016));
#10544=CARTESIAN_POINT('',(-0.00549135991241201,0.017128744519141,0.016));
#10545=CARTESIAN_POINT('',(-0.00549135991241201,0.017128744519141,0.016));
#10546=CARTESIAN_POINT('',(-0.00549135991241201,0.0170249040984345,0.016));
#10547=CARTESIAN_POINT('',(-0.00549135991241201,0.016921063677728,0.016));
#10548=CARTESIAN_POINT('',(-0.00647805934568169,0.016921063677728,0.016));
#10549=CARTESIAN_POINT('',(-0.00746475877895136,0.016921063677728,0.016));
#10550=CARTESIAN_POINT('',(-0.00746475877895136,0.016921063677728,0.016));
#10551=CARTESIAN_POINT('',(-0.00745441782419221,0.016490190562763,0.016));
#10552=CARTESIAN_POINT('',(-0.00721312887981185,0.0162247727239446,0.016));
#10553=CARTESIAN_POINT('',(-0.00721312887981185,0.0162247727239446,0.016));
#10554=CARTESIAN_POINT('',(-0.00721312887981185,0.0162247727239446,0.016));
#10555=CARTESIAN_POINT('',(-0.00697183993543149,0.0159593548851262,0.016));
#10556=CARTESIAN_POINT('',(-0.00660042731033173,0.0159593548851262,0.016));
#10557=CARTESIAN_POINT('',(-0.00660042731033173,0.0159593548851262,0.016));
#10558=CARTESIAN_POINT('',(-0.00660042731033173,0.0159593548851262,0.016));
#10559=CARTESIAN_POINT('',(-0.00633673296397319,0.0159593548851262,0.016));
#10560=CARTESIAN_POINT('',(-0.0061536118901131,0.0160670731638675,0.016));
#10561=CARTESIAN_POINT('',(-0.0061536118901131,0.0160670731638675,0.016));
#10562=CARTESIAN_POINT('',(-0.00672917042835904,0.0170342848369473,0.016));
#10563=CARTESIAN_POINT('',(-0.00583280300110451,0.0163533221613573,0.016));
#10564=CARTESIAN_POINT('',(-0.00568051320988161,0.0162346828055888,0.016));
#10565=CARTESIAN_POINT('',(-0.00552841500029899,0.0161161926989734,0.016));
#10566=CARTESIAN_POINT('',(-0.00552841500029899,0.0161161926989734,0.016));
#10567=CARTESIAN_POINT('',(-0.00589465714801918,0.0155526106645994,0.016));
#10568=CARTESIAN_POINT('',(-0.00662714144345955,0.0155526106645994,0.016));
#10569=CARTESIAN_POINT('',(-0.0212167439707022,0.0311514899015795,0.016));
#10570=CARTESIAN_POINT('',(-0.0234981631292612,0.0311514899015795,0.016));
#10571=CARTESIAN_POINT('',(-0.0189353248121431,0.0311514899015795,0.016));
#10572=CARTESIAN_POINT('',(-0.0189353248121431,0.0307211492151207,0.016));
#10573=CARTESIAN_POINT('',(-0.0189353248121431,0.0302908085286617,0.016));
#10574=CARTESIAN_POINT('',(-0.0218381524161184,0.0302908085286617,0.016));
#10575=CARTESIAN_POINT('',(-0.0247409800200936,0.0302908085286617,0.016));
#10576=CARTESIAN_POINT('',(-0.0247409800200936,0.0306852144531149,0.016));
#10577=CARTESIAN_POINT('',(-0.0247409800200936,0.031079620377568,0.016));
#10578=CARTESIAN_POINT('',(-0.0225550947410132,0.0342401265188528,0.016));
#10579=CARTESIAN_POINT('',(-0.0203692094619327,0.0374006326601375,0.016));
#10580=CARTESIAN_POINT('',(-0.0225200364366174,0.0374006326601375,0.016));
#10581=CARTESIAN_POINT('',(-0.024670863411302,0.0374006326601375,0.016));
#10582=CARTESIAN_POINT('',(-0.024670863411302,0.0378336027194261,0.016));
#10583=CARTESIAN_POINT('',(-0.024670863411302,0.0382665727787147,0.016));
#10584=CARTESIAN_POINT('',(-0.0218907398727121,0.0382665727787147,0.016));
#10585=CARTESIAN_POINT('',(-0.0191106163341222,0.0382665727787147,0.016));
#10586=CARTESIAN_POINT('',(-0.0191106163341222,0.0378800549727506,0.016));
#10587=CARTESIAN_POINT('',(-0.0191106163341222,0.0374935371667865,0.016));
#10588=CARTESIAN_POINT('',(-0.0213043897316918,0.034322513534183,0.016));
#10589=CARTESIAN_POINT('',(-0.041675,0.,0.016));
#10590=CARTESIAN_POINT('',(-0.041675,0.0421,0.016));
#10591=CARTESIAN_POINT('',(-0.041675,-0.0421,0.016));
#10592=CARTESIAN_POINT('',(-0.039675,-0.0421,0.016));
#10593=CARTESIAN_POINT('',(-0.039675,-0.0441,0.016));
#10594=CARTESIAN_POINT('',(0.,-0.0441,0.016));
#10595=CARTESIAN_POINT('',(0.039675,-0.0441,0.016));
#10596=CARTESIAN_POINT('',(0.039675,-0.0421,0.016));
#10597=CARTESIAN_POINT('',(0.041675,-0.0421,0.016));
#10598=CARTESIAN_POINT('',(0.041675,0.,0.016));
#10599=CARTESIAN_POINT('',(0.041675,0.0421,0.016));
#10600=CARTESIAN_POINT('',(0.039675,0.0421,0.016));
#10601=CARTESIAN_POINT('',(0.039675,0.0441,0.016));
#10602=CARTESIAN_POINT('',(0.,0.0441,0.016));
#10603=CARTESIAN_POINT('',(-0.039675,0.0441,0.016));
#10604=CARTESIAN_POINT('',(-0.039675,0.0421,0.016));
#10605=CARTESIAN_POINT('',(-0.037675,0.0401,0.016));
#10606=CARTESIAN_POINT('',(-0.035975,0.0401,0.016));
#10607=CARTESIAN_POINT('',(0.037675,0.0401,0.016));
#10608=CARTESIAN_POINT('',(0.039375,0.0401,0.016));
#10609=CARTESIAN_POINT('',(0.037675,-0.0401,0.016));
#10610=CARTESIAN_POINT('',(0.039375,-0.0401,0.016));
#10611=CARTESIAN_POINT('',(-0.037675,-0.0401,0.016));
#10612=CARTESIAN_POINT('',(-0.035975,-0.0401,0.016));
#10613=CARTESIAN_POINT('',(-0.02555,0.0065,0.016));
#10614=CARTESIAN_POINT('',(-0.02555,0.007,0.016));
#10615=CARTESIAN_POINT('',(-0.02605,0.0065,0.016));
#10616=CARTESIAN_POINT('',(-0.01905,0.007,0.016));
#10617=CARTESIAN_POINT('',(-0.01255,0.007,0.016));
#10618=CARTESIAN_POINT('',(-0.01255,0.0065,0.016));
#10619=CARTESIAN_POINT('',(-0.01205,0.0065,0.016));
#10620=CARTESIAN_POINT('',(-0.01205,-1.7347234759768E-18,0.016));
#10621=CARTESIAN_POINT('',(-0.01205,-0.0065,0.016));
#10622=CARTESIAN_POINT('',(-0.01255,-0.0065,0.016));
#10623=CARTESIAN_POINT('',(-0.01255,-0.007,0.016));
#10624=CARTESIAN_POINT('',(-0.01905,-0.007,0.016));
#10625=CARTESIAN_POINT('',(-0.02555,-0.007,0.016));
#10626=CARTESIAN_POINT('',(-0.02555,-0.0065,0.016));
#10627=CARTESIAN_POINT('',(-0.02605,-0.0065,0.016));
#10628=CARTESIAN_POINT('',(-0.02605,-1.7347234759768E-18,0.016));
#10629=CARTESIAN_POINT('',(-0.0065,0.0065,0.016));
#10630=CARTESIAN_POINT('',(-0.0065,0.007,0.016));
#10631=CARTESIAN_POINT('',(-0.007,0.0065,0.016));
#10632=CARTESIAN_POINT('',(1.7347234759768E-18,0.007,0.016));
#10633=CARTESIAN_POINT('',(0.0065,0.007,0.016));
#10634=CARTESIAN_POINT('',(0.0065,0.0065,0.016));
#10635=CARTESIAN_POINT('',(0.007,0.0065,0.016));
#10636=CARTESIAN_POINT('',(0.007,-1.7347234759768E-18,0.016));
#10637=CARTESIAN_POINT('',(0.007,-0.0065,0.016));
#10638=CARTESIAN_POINT('',(0.0065,-0.0065,0.016));
#10639=CARTESIAN_POINT('',(0.0065,-0.007,0.016));
#10640=CARTESIAN_POINT('',(1.7347234759768E-18,-0.007,0.016));
#10641=CARTESIAN_POINT('',(-0.0065,-0.007,0.016));
#10642=CARTESIAN_POINT('',(-0.0065,-0.0065,0.016));
#10643=CARTESIAN_POINT('',(-0.007,-0.0065,0.016));
#10644=CARTESIAN_POINT('',(-0.007,-1.7347234759768E-18,0.016));
#10645=CARTESIAN_POINT('',(0.01255,0.0065,0.016));
#10646=CARTESIAN_POINT('',(0.01255,0.007,0.016));
#10647=CARTESIAN_POINT('',(0.01205,0.0065,0.016));
#10648=CARTESIAN_POINT('',(0.01905,0.007,0.016));
#10649=CARTESIAN_POINT('',(0.02555,0.007,0.016));
#10650=CARTESIAN_POINT('',(0.02555,0.0065,0.016));
#10651=CARTESIAN_POINT('',(0.02605,0.0065,0.016));
#10652=CARTESIAN_POINT('',(0.02605,-1.7347234759768E-18,0.016));
#10653=CARTESIAN_POINT('',(0.02605,-0.0065,0.016));
#10654=CARTESIAN_POINT('',(0.02555,-0.0065,0.016));
#10655=CARTESIAN_POINT('',(0.02555,-0.007,0.016));
#10656=CARTESIAN_POINT('',(0.01905,-0.007,0.016));
#10657=CARTESIAN_POINT('',(0.01255,-0.007,0.016));
#10658=CARTESIAN_POINT('',(0.01255,-0.0065,0.016));
#10659=CARTESIAN_POINT('',(0.01205,-0.0065,0.016));
#10660=CARTESIAN_POINT('',(0.01205,-1.7347234759768E-18,0.016));
#10661=CARTESIAN_POINT('',(-0.02555,-0.01255,0.016));
#10662=CARTESIAN_POINT('',(-0.02555,-0.01205,0.016));
#10663=CARTESIAN_POINT('',(-0.02605,-0.01255,0.016));
#10664=CARTESIAN_POINT('',(-0.01905,-0.01205,0.016));
#10665=CARTESIAN_POINT('',(-0.01255,-0.01205,0.016));
#10666=CARTESIAN_POINT('',(-0.01255,-0.01255,0.016));
#10667=CARTESIAN_POINT('',(-0.01205,-0.01255,0.016));
#10668=CARTESIAN_POINT('',(-0.01205,-0.01905,0.016));
#10669=CARTESIAN_POINT('',(-0.01205,-0.02555,0.016));
#10670=CARTESIAN_POINT('',(-0.01255,-0.02555,0.016));
#10671=CARTESIAN_POINT('',(-0.01255,-0.02605,0.016));
#10672=CARTESIAN_POINT('',(-0.01905,-0.02605,0.016));
#10673=CARTESIAN_POINT('',(-0.02555,-0.02605,0.016));
#10674=CARTESIAN_POINT('',(-0.02555,-0.02555,0.016));
#10675=CARTESIAN_POINT('',(-0.02605,-0.02555,0.016));
#10676=CARTESIAN_POINT('',(-0.02605,-0.01905,0.016));
#10677=CARTESIAN_POINT('',(-0.0065,-0.01255,0.016));
#10678=CARTESIAN_POINT('',(-0.0065,-0.01205,0.016));
#10679=CARTESIAN_POINT('',(-0.007,-0.01255,0.016));
#10680=CARTESIAN_POINT('',(1.7347234759768E-18,-0.01205,0.016));
#10681=CARTESIAN_POINT('',(0.0065,-0.01205,0.016));
#10682=CARTESIAN_POINT('',(0.0065,-0.01255,0.016));
#10683=CARTESIAN_POINT('',(0.007,-0.01255,0.016));
#10684=CARTESIAN_POINT('',(0.007,-0.01905,0.016));
#10685=CARTESIAN_POINT('',(0.007,-0.02555,0.016));
#10686=CARTESIAN_POINT('',(0.0065,-0.02555,0.016));
#10687=CARTESIAN_POINT('',(0.0065,-0.02605,0.016));
#10688=CARTESIAN_POINT('',(1.7347234759768E-18,-0.02605,0.016));
#10689=CARTESIAN_POINT('',(-0.0065,-0.02605,0.016));
#10690=CARTESIAN_POINT('',(-0.0065,-0.02555,0.016));
#10691=CARTESIAN_POINT('',(-0.007,-0.02555,0.016));
#10692=CARTESIAN_POINT('',(-0.007,-0.01905,0.016));
#10693=CARTESIAN_POINT('',(0.01255,-0.01255,0.016));
#10694=CARTESIAN_POINT('',(0.01255,-0.01205,0.016));
#10695=CARTESIAN_POINT('',(0.01205,-0.01255,0.016));
#10696=CARTESIAN_POINT('',(0.01905,-0.01205,0.016));
#10697=CARTESIAN_POINT('',(0.02555,-0.01205,0.016));
#10698=CARTESIAN_POINT('',(0.02555,-0.01255,0.016));
#10699=CARTESIAN_POINT('',(0.02605,-0.01255,0.016));
#10700=CARTESIAN_POINT('',(0.02605,-0.01905,0.016));
#10701=CARTESIAN_POINT('',(0.02605,-0.02555,0.016));
#10702=CARTESIAN_POINT('',(0.02555,-0.02555,0.016));
#10703=CARTESIAN_POINT('',(0.02555,-0.02605,0.016));
#10704=CARTESIAN_POINT('',(0.01905,-0.02605,0.016));
#10705=CARTESIAN_POINT('',(0.01255,-0.02605,0.016));
#10706=CARTESIAN_POINT('',(0.01255,-0.02555,0.016));
#10707=CARTESIAN_POINT('',(0.01205,-0.02555,0.016));
#10708=CARTESIAN_POINT('',(0.01205,-0.01905,0.016));
#10709=CARTESIAN_POINT('',(0.0149740686174482,0.024750517681241,0.016));
#10710=CARTESIAN_POINT('',(0.0205537829101085,0.024750517681241,0.016));
#10711=CARTESIAN_POINT('',(0.00939435432478786,0.024750517681241,0.016));
#10712=CARTESIAN_POINT('',(0.0205537829101085,0.022750517681241,0.016));
#10713=CARTESIAN_POINT('',(0.0225537829101085,0.022750517681241,0.016));
#10714=CARTESIAN_POINT('',(0.0225537829101085,0.0182710839435458,0.016));
#10715=CARTESIAN_POINT('',(0.0225537829101085,0.0137916502058506,0.016));
#10716=CARTESIAN_POINT('',(0.0205537829101085,0.0137916502058506,0.016));
#10717=CARTESIAN_POINT('',(0.0205537829101085,0.0117916502058506,0.016));
#10718=CARTESIAN_POINT('',(0.0149740686174482,0.0117916502058506,0.016));
#10719=CARTESIAN_POINT('',(0.00939435432478786,0.0117916502058506,0.016));
#10720=CARTESIAN_POINT('',(0.00939435432478786,0.0137916502058506,0.016));
#10721=CARTESIAN_POINT('',(0.00739435432478786,0.0137916502058506,0.016));
#10722=CARTESIAN_POINT('',(0.00739435432478786,0.0182710839435458,0.016));
#10723=CARTESIAN_POINT('',(0.00739435432478786,0.022750517681241,0.016));
#10724=CARTESIAN_POINT('',(0.00939435432478786,0.022750517681241,0.016));
#10725=CARTESIAN_POINT('',(0.0149740686174482,0.024750517681241,0.016));
#10726=CARTESIAN_POINT('',(0.0149740686174482,0.024750517681241,0.0145));
#10727=CARTESIAN_POINT('',(0.0205537829101085,0.024750517681241,0.0145));
#10728=CARTESIAN_POINT('',(0.00939435432478786,0.024750517681241,0.0145));
#10729=CARTESIAN_POINT('',(0.0205537829101085,0.024750517681241,0.016));
#10730=CARTESIAN_POINT('',(0.00939435432478786,0.024750517681241,0.0145));
#10731=CARTESIAN_POINT('',(0.0225537829101085,0.0182710839435458,0.016));
#10732=CARTESIAN_POINT('',(0.0225537829101085,0.0182710839435458,0.0145));
#10733=CARTESIAN_POINT('',(0.0225537829101085,0.022750517681241,0.0145));
#10734=CARTESIAN_POINT('',(0.0225537829101085,0.0137916502058506,0.0145));
#10735=CARTESIAN_POINT('',(0.0225537829101085,0.0137916502058506,0.016));
#10736=CARTESIAN_POINT('',(0.0225537829101085,0.022750517681241,0.016));
#10737=CARTESIAN_POINT('',(0.0149740686174482,0.0117916502058506,0.016));
#10738=CARTESIAN_POINT('',(0.0205537829101085,0.0117916502058506,0.0145));
#10739=CARTESIAN_POINT('',(0.0205537829101085,0.0117916502058506,0.0145));
#10740=CARTESIAN_POINT('',(0.0149740686174482,0.0117916502058506,0.0145));
#10741=CARTESIAN_POINT('',(0.00939435432478786,0.0117916502058506,0.0145));
#10742=CARTESIAN_POINT('',(0.00939435432478786,0.0117916502058506,0.016));
#10743=CARTESIAN_POINT('',(0.01255,-0.01255,0.016));
#10744=CARTESIAN_POINT('',(0.01255,-0.01255,0.0145));
#10745=CARTESIAN_POINT('',(0.01255,-0.01205,0.0145));
#10746=CARTESIAN_POINT('',(0.01205,-0.01255,0.0145));
#10747=CARTESIAN_POINT('',(0.01255,-0.01205,0.016));
#10748=CARTESIAN_POINT('',(0.01205,-0.01255,0.016));
#10749=CARTESIAN_POINT('',(0.01905,-0.01205,0.016));
#10750=CARTESIAN_POINT('',(0.01905,-0.01205,0.0145));
#10751=CARTESIAN_POINT('',(0.02555,-0.01205,0.0145));
#10752=CARTESIAN_POINT('',(0.02555,-0.01205,0.016));
#10753=CARTESIAN_POINT('',(0.02555,-0.01255,0.016));
#10754=CARTESIAN_POINT('',(0.02555,-0.01255,0.0145));
#10755=CARTESIAN_POINT('',(0.02605,-0.01255,0.0145));
#10756=CARTESIAN_POINT('',(0.02605,-0.01255,0.016));
#10757=CARTESIAN_POINT('',(0.02605,-0.01905,0.016));
#10758=CARTESIAN_POINT('',(0.02605,-0.01905,0.0145));
#10759=CARTESIAN_POINT('',(0.02605,-0.02555,0.0145));
#10760=CARTESIAN_POINT('',(0.02605,-0.02555,0.016));
#10761=CARTESIAN_POINT('',(0.02555,-0.02555,0.016));
#10762=CARTESIAN_POINT('',(0.02555,-0.02555,0.0145));
#10763=CARTESIAN_POINT('',(0.02555,-0.02605,0.0145));
#10764=CARTESIAN_POINT('',(0.02555,-0.02605,0.016));
#10765=CARTESIAN_POINT('',(0.01905,-0.02605,0.016));
#10766=CARTESIAN_POINT('',(0.01905,-0.02605,0.0145));
#10767=CARTESIAN_POINT('',(0.01255,-0.02605,0.0145));
#10768=CARTESIAN_POINT('',(0.01255,-0.02605,0.016));
#10769=CARTESIAN_POINT('',(0.01255,-0.02555,0.016));
#10770=CARTESIAN_POINT('',(0.01255,-0.02555,0.0145));
#10771=CARTESIAN_POINT('',(0.01205,-0.02555,0.0145));
#10772=CARTESIAN_POINT('',(0.01205,-0.02555,0.016));
#10773=CARTESIAN_POINT('',(-0.0065,-0.01255,0.016));
#10774=CARTESIAN_POINT('',(-0.0065,-0.01255,0.0145));
#10775=CARTESIAN_POINT('',(-0.0065,-0.01205,0.0145));
#10776=CARTESIAN_POINT('',(-0.007,-0.01255,0.0145));
#10777=CARTESIAN_POINT('',(-0.0065,-0.01205,0.016));
#10778=CARTESIAN_POINT('',(-0.007,-0.01255,0.016));
#10779=CARTESIAN_POINT('',(1.7347234759768E-18,-0.01205,0.016));
#10780=CARTESIAN_POINT('',(1.7347234759768E-18,-0.01205,0.0145));
#10781=CARTESIAN_POINT('',(0.0065,-0.01205,0.0145));
#10782=CARTESIAN_POINT('',(0.0065,-0.01205,0.016));
#10783=CARTESIAN_POINT('',(0.0065,-0.01255,0.016));
#10784=CARTESIAN_POINT('',(0.0065,-0.01255,0.0145));
#10785=CARTESIAN_POINT('',(0.007,-0.01255,0.0145));
#10786=CARTESIAN_POINT('',(0.007,-0.01255,0.016));
#10787=CARTESIAN_POINT('',(0.007,-0.01905,0.016));
#10788=CARTESIAN_POINT('',(0.007,-0.01905,0.0145));
#10789=CARTESIAN_POINT('',(0.007,-0.02555,0.0145));
#10790=CARTESIAN_POINT('',(0.007,-0.02555,0.016));
#10791=CARTESIAN_POINT('',(0.0065,-0.02555,0.016));
#10792=CARTESIAN_POINT('',(0.0065,-0.02555,0.0145));
#10793=CARTESIAN_POINT('',(0.0065,-0.02605,0.0145));
#10794=CARTESIAN_POINT('',(0.0065,-0.02605,0.016));
#10795=CARTESIAN_POINT('',(1.7347234759768E-18,-0.02605,0.016));
#10796=CARTESIAN_POINT('',(1.7347234759768E-18,-0.02605,0.0145));
#10797=CARTESIAN_POINT('',(-0.0065,-0.02605,0.0145));
#10798=CARTESIAN_POINT('',(-0.0065,-0.02605,0.016));
#10799=CARTESIAN_POINT('',(-0.0065,-0.02555,0.016));
#10800=CARTESIAN_POINT('',(-0.0065,-0.02555,0.0145));
#10801=CARTESIAN_POINT('',(-0.007,-0.02555,0.0145));
#10802=CARTESIAN_POINT('',(-0.007,-0.02555,0.016));
#10803=CARTESIAN_POINT('',(-0.02555,-0.01255,0.016));
#10804=CARTESIAN_POINT('',(-0.02555,-0.01255,0.0145));
#10805=CARTESIAN_POINT('',(-0.02555,-0.01205,0.0145));
#10806=CARTESIAN_POINT('',(-0.02605,-0.01255,0.0145));
#10807=CARTESIAN_POINT('',(-0.02555,-0.01205,0.016));
#10808=CARTESIAN_POINT('',(-0.02605,-0.01255,0.016));
#10809=CARTESIAN_POINT('',(-0.01905,-0.01205,0.016));
#10810=CARTESIAN_POINT('',(-0.01905,-0.01205,0.0145));
#10811=CARTESIAN_POINT('',(-0.01255,-0.01205,0.0145));
#10812=CARTESIAN_POINT('',(-0.01255,-0.01205,0.016));
#10813=CARTESIAN_POINT('',(-0.01255,-0.01255,0.016));
#10814=CARTESIAN_POINT('',(-0.01255,-0.01255,0.0145));
#10815=CARTESIAN_POINT('',(-0.01205,-0.01255,0.0145));
#10816=CARTESIAN_POINT('',(-0.01205,-0.01255,0.016));
#10817=CARTESIAN_POINT('',(-0.01205,-0.01905,0.016));
#10818=CARTESIAN_POINT('',(-0.01205,-0.01905,0.0145));
#10819=CARTESIAN_POINT('',(-0.01205,-0.02555,0.0145));
#10820=CARTESIAN_POINT('',(-0.01205,-0.02555,0.016));
#10821=CARTESIAN_POINT('',(-0.01255,-0.02555,0.016));
#10822=CARTESIAN_POINT('',(-0.01255,-0.02555,0.0145));
#10823=CARTESIAN_POINT('',(-0.01255,-0.02605,0.0145));
#10824=CARTESIAN_POINT('',(-0.01255,-0.02605,0.016));
#10825=CARTESIAN_POINT('',(-0.01905,-0.02605,0.016));
#10826=CARTESIAN_POINT('',(-0.01905,-0.02605,0.0145));
#10827=CARTESIAN_POINT('',(-0.02555,-0.02605,0.0145));
#10828=CARTESIAN_POINT('',(-0.02555,-0.02605,0.016));
#10829=CARTESIAN_POINT('',(-0.02555,-0.02555,0.016));
#10830=CARTESIAN_POINT('',(-0.02555,-0.02555,0.0145));
#10831=CARTESIAN_POINT('',(-0.02605,-0.02555,0.0145));
#10832=CARTESIAN_POINT('',(-0.02605,-0.02555,0.016));
#10833=CARTESIAN_POINT('',(0.01255,0.0065,0.016));
#10834=CARTESIAN_POINT('',(0.01255,0.0065,0.0145));
#10835=CARTESIAN_POINT('',(0.01255,0.007,0.0145));
#10836=CARTESIAN_POINT('',(0.01205,0.0065,0.0145));
#10837=CARTESIAN_POINT('',(0.01255,0.007,0.016));
#10838=CARTESIAN_POINT('',(0.01205,0.0065,0.016));
#10839=CARTESIAN_POINT('',(0.01905,0.007,0.016));
#10840=CARTESIAN_POINT('',(0.01905,0.007,0.0145));
#10841=CARTESIAN_POINT('',(0.02555,0.007,0.0145));
#10842=CARTESIAN_POINT('',(0.02555,0.007,0.016));
#10843=CARTESIAN_POINT('',(0.02555,0.0065,0.016));
#10844=CARTESIAN_POINT('',(0.02555,0.0065,0.0145));
#10845=CARTESIAN_POINT('',(0.02605,0.0065,0.0145));
#10846=CARTESIAN_POINT('',(0.02605,0.0065,0.016));
#10847=CARTESIAN_POINT('',(0.02605,-1.7347234759768E-18,0.016));
#10848=CARTESIAN_POINT('',(0.02605,-1.7347234759768E-18,0.0145));
#10849=CARTESIAN_POINT('',(0.02605,-0.0065,0.0145));
#10850=CARTESIAN_POINT('',(0.02605,-0.0065,0.016));
#10851=CARTESIAN_POINT('',(0.02555,-0.0065,0.016));
#10852=CARTESIAN_POINT('',(0.02555,-0.0065,0.0145));
#10853=CARTESIAN_POINT('',(0.02555,-0.007,0.0145));
#10854=CARTESIAN_POINT('',(0.02555,-0.007,0.016));
#10855=CARTESIAN_POINT('',(0.01905,-0.007,0.016));
#10856=CARTESIAN_POINT('',(0.01905,-0.007,0.0145));
#10857=CARTESIAN_POINT('',(0.01255,-0.007,0.0145));
#10858=CARTESIAN_POINT('',(0.01255,-0.007,0.016));
#10859=CARTESIAN_POINT('',(0.01255,-0.0065,0.016));
#10860=CARTESIAN_POINT('',(0.01255,-0.0065,0.0145));
#10861=CARTESIAN_POINT('',(0.01205,-0.0065,0.0145));
#10862=CARTESIAN_POINT('',(0.01205,-0.0065,0.016));
#10863=CARTESIAN_POINT('',(-0.0065,0.0065,0.016));
#10864=CARTESIAN_POINT('',(-0.0065,0.0065,0.0145));
#10865=CARTESIAN_POINT('',(-0.0065,0.007,0.0145));
#10866=CARTESIAN_POINT('',(-0.007,0.0065,0.0145));
#10867=CARTESIAN_POINT('',(-0.0065,0.007,0.016));
#10868=CARTESIAN_POINT('',(-0.007,0.0065,0.016));
#10869=CARTESIAN_POINT('',(1.7347234759768E-18,0.007,0.016));
#10870=CARTESIAN_POINT('',(1.7347234759768E-18,0.007,0.0145));
#10871=CARTESIAN_POINT('',(0.0065,0.007,0.0145));
#10872=CARTESIAN_POINT('',(0.0065,0.007,0.016));
#10873=CARTESIAN_POINT('',(0.0065,0.0065,0.016));
#10874=CARTESIAN_POINT('',(0.0065,0.0065,0.0145));
#10875=CARTESIAN_POINT('',(0.007,0.0065,0.0145));
#10876=CARTESIAN_POINT('',(0.007,0.0065,0.016));
#10877=CARTESIAN_POINT('',(0.007,-1.7347234759768E-18,0.016));
#10878=CARTESIAN_POINT('',(0.007,-1.7347234759768E-18,0.0145));
#10879=CARTESIAN_POINT('',(0.007,-0.0065,0.0145));
#10880=CARTESIAN_POINT('',(0.007,-0.0065,0.016));
#10881=CARTESIAN_POINT('',(0.0065,-0.0065,0.016));
#10882=CARTESIAN_POINT('',(0.0065,-0.0065,0.0145));
#10883=CARTESIAN_POINT('',(0.0065,-0.007,0.0145));
#10884=CARTESIAN_POINT('',(0.0065,-0.007,0.016));
#10885=CARTESIAN_POINT('',(1.7347234759768E-18,-0.007,0.016));
#10886=CARTESIAN_POINT('',(1.7347234759768E-18,-0.007,0.0145));
#10887=CARTESIAN_POINT('',(-0.0065,-0.007,0.0145));
#10888=CARTESIAN_POINT('',(-0.0065,-0.007,0.016));
#10889=CARTESIAN_POINT('',(-0.0065,-0.0065,0.016));
#10890=CARTESIAN_POINT('',(-0.0065,-0.0065,0.0145));
#10891=CARTESIAN_POINT('',(-0.007,-0.0065,0.0145));
#10892=CARTESIAN_POINT('',(-0.007,-0.0065,0.016));
#10893=CARTESIAN_POINT('',(-0.02555,0.0065,0.016));
#10894=CARTESIAN_POINT('',(-0.02555,0.0065,0.0145));
#10895=CARTESIAN_POINT('',(-0.02555,0.007,0.0145));
#10896=CARTESIAN_POINT('',(-0.02605,0.0065,0.0145));
#10897=CARTESIAN_POINT('',(-0.02555,0.007,0.016));
#10898=CARTESIAN_POINT('',(-0.02605,0.0065,0.016));
#10899=CARTESIAN_POINT('',(-0.01905,0.007,0.016));
#10900=CARTESIAN_POINT('',(-0.01905,0.007,0.0145));
#10901=CARTESIAN_POINT('',(-0.01255,0.007,0.0145));
#10902=CARTESIAN_POINT('',(-0.01255,0.007,0.016));
#10903=CARTESIAN_POINT('',(-0.01255,0.0065,0.016));
#10904=CARTESIAN_POINT('',(-0.01255,0.0065,0.0145));
#10905=CARTESIAN_POINT('',(-0.01205,0.0065,0.0145));
#10906=CARTESIAN_POINT('',(-0.01205,0.0065,0.016));
#10907=CARTESIAN_POINT('',(-0.01205,-1.7347234759768E-18,0.016));
#10908=CARTESIAN_POINT('',(-0.01205,-1.7347234759768E-18,0.0145));
#10909=CARTESIAN_POINT('',(-0.01205,-0.0065,0.0145));
#10910=CARTESIAN_POINT('',(-0.01205,-0.0065,0.016));
#10911=CARTESIAN_POINT('',(-0.01255,-0.0065,0.016));
#10912=CARTESIAN_POINT('',(-0.01255,-0.0065,0.0145));
#10913=CARTESIAN_POINT('',(-0.01255,-0.007,0.0145));
#10914=CARTESIAN_POINT('',(-0.01255,-0.007,0.016));
#10915=CARTESIAN_POINT('',(-0.01905,-0.007,0.016));
#10916=CARTESIAN_POINT('',(-0.01905,-0.007,0.0145));
#10917=CARTESIAN_POINT('',(-0.02555,-0.007,0.0145));
#10918=CARTESIAN_POINT('',(-0.02555,-0.007,0.016));
#10919=CARTESIAN_POINT('',(-0.02555,-0.0065,0.016));
#10920=CARTESIAN_POINT('',(-0.02555,-0.0065,0.0145));
#10921=CARTESIAN_POINT('',(-0.02605,-0.0065,0.0145));
#10922=CARTESIAN_POINT('',(-0.02605,-0.0065,0.016));
#10923=CARTESIAN_POINT('',(0.,0.0441,0.016));
#10924=CARTESIAN_POINT('',(0.039675,0.0441,0.016));
#10925=CARTESIAN_POINT('',(0.039675,0.0441,0.0145));
#10926=CARTESIAN_POINT('',(0.,0.0441,0.0145));
#10927=CARTESIAN_POINT('',(-0.039675,0.0441,0.0145));
#10928=CARTESIAN_POINT('',(-0.039675,0.0441,0.016));
#10929=CARTESIAN_POINT('',(-0.041675,0.,0.016));
#10930=CARTESIAN_POINT('',(-0.041675,0.,0.0145));
#10931=CARTESIAN_POINT('',(-0.041675,0.0421,0.0145));
#10932=CARTESIAN_POINT('',(-0.041675,-0.0421,0.0145));
#10933=CARTESIAN_POINT('',(-0.041675,-0.0421,0.016));
#10934=CARTESIAN_POINT('',(-0.041675,0.0421,0.0145));
#10935=CARTESIAN_POINT('',(0.,-0.0441,0.016));
#10936=CARTESIAN_POINT('',(-0.039675,-0.0441,0.016));
#10937=CARTESIAN_POINT('',(-0.039675,-0.0441,0.0145));
#10938=CARTESIAN_POINT('',(0.,-0.0441,0.0145));
#10939=CARTESIAN_POINT('',(0.039675,-0.0441,0.0145));
#10940=CARTESIAN_POINT('',(0.039675,-0.0441,0.016));
#10941=CARTESIAN_POINT('',(0.01205,-0.01905,0.016));
#10942=CARTESIAN_POINT('',(0.01205,-0.01905,0.0145));
#10943=CARTESIAN_POINT('',(-0.007,-0.01905,0.016));
#10944=CARTESIAN_POINT('',(-0.007,-0.01905,0.0145));
#10945=CARTESIAN_POINT('',(-0.02605,-0.01905,0.016));
#10946=CARTESIAN_POINT('',(-0.02605,-0.01905,0.0145));
#10947=CARTESIAN_POINT('',(0.01205,-1.7347234759768E-18,0.016));
#10948=CARTESIAN_POINT('',(0.01205,-1.7347234759768E-18,0.0145));
#10949=CARTESIAN_POINT('',(-0.007,-1.7347234759768E-18,0.016));
#10950=CARTESIAN_POINT('',(-0.007,-1.7347234759768E-18,0.0145));
#10951=CARTESIAN_POINT('',(-0.02605,-1.7347234759768E-18,0.016));
#10952=CARTESIAN_POINT('',(-0.02605,-1.7347234759768E-18,0.0145));
#10953=CARTESIAN_POINT('',(-0.037675,-0.0401,0.016));
#10954=CARTESIAN_POINT('',(-0.037675,-0.0401,0.0145));
#10955=CARTESIAN_POINT('',(-0.035975,-0.0401,0.0145));
#10956=CARTESIAN_POINT('',(0.037675,-0.0401,0.016));
#10957=CARTESIAN_POINT('',(0.037675,-0.0401,0.0145));
#10958=CARTESIAN_POINT('',(0.039375,-0.0401,0.0145));
#10959=CARTESIAN_POINT('',(0.037675,0.0401,0.016));
#10960=CARTESIAN_POINT('',(0.037675,0.0401,0.0145));
#10961=CARTESIAN_POINT('',(0.039375,0.0401,0.0145));
#10962=CARTESIAN_POINT('',(-0.037675,0.0401,0.016));
#10963=CARTESIAN_POINT('',(-0.037675,0.0401,0.0145));
#10964=CARTESIAN_POINT('',(-0.035975,0.0401,0.0145));
#10965=CARTESIAN_POINT('',(0.041675,0.,0.016));
#10966=CARTESIAN_POINT('',(0.041675,0.,0.0145));
#10967=CARTESIAN_POINT('',(0.041675,0.0421,0.0145));
#10968=CARTESIAN_POINT('',(0.041675,-0.0421,0.0145));
#10969=CARTESIAN_POINT('',(0.041675,0.0421,0.016));
#10970=CARTESIAN_POINT('',(0.041675,-0.0421,0.0145));
#10971=CARTESIAN_POINT('',(0.00739435432478786,0.0182710839435458,0.016));
#10972=CARTESIAN_POINT('',(0.00739435432478786,0.0137916502058506,0.016));
#10973=CARTESIAN_POINT('',(0.00739435432478786,0.0137916502058506,0.0145));
#10974=CARTESIAN_POINT('',(0.00739435432478786,0.0182710839435458,0.0145));
#10975=CARTESIAN_POINT('',(0.00739435432478786,0.022750517681241,0.0145));
#10976=CARTESIAN_POINT('',(0.00739435432478786,0.022750517681241,0.016));
#10977=CARTESIAN_POINT('',(0.,0.,0.0145));
#10978=CARTESIAN_POINT('',(-0.039675,-0.0421,0.0145));
#10979=CARTESIAN_POINT('',(-0.039675,0.0421,0.0145));
#10980=CARTESIAN_POINT('',(0.039675,0.0421,0.0145));
#10981=CARTESIAN_POINT('',(0.039675,-0.0421,0.0145));
#10982=CARTESIAN_POINT('',(0.0205537829101085,0.022750517681241,0.0145));
#10983=CARTESIAN_POINT('',(0.00939435432478786,0.022750517681241,0.0145));
#10984=CARTESIAN_POINT('',(0.00939435432478786,0.0137916502058506,0.0145));
#10985=CARTESIAN_POINT('',(0.0205537829101085,0.0137916502058506,0.0145));
#10986=CARTESIAN_POINT('',(0.0205537829101085,0.0137916502058506,0.016));
#10987=CARTESIAN_POINT('',(0.00939435432478786,0.0137916502058506,0.016));
#10988=CARTESIAN_POINT('',(0.0205537829101085,0.022750517681241,0.016));
#10989=CARTESIAN_POINT('',(0.00939435432478786,0.022750517681241,0.016));
#10990=CARTESIAN_POINT('',(-0.039675,-0.0421,0.016));
#10991=CARTESIAN_POINT('',(0.039675,0.0421,0.016));
#10992=CARTESIAN_POINT('',(0.039675,-0.0421,0.016));
#10993=CARTESIAN_POINT('',(-0.039675,0.0421,0.016));
#10994=CARTESIAN_POINT('',(-0.0212167439707022,0.0311514899015795,0.017));
#10995=CARTESIAN_POINT('',(-0.0234981631292613,0.0311514899015795,0.017));
#10996=CARTESIAN_POINT('',(-0.0234981631292613,0.0311514899015795,0.017));
#10997=CARTESIAN_POINT('',(-0.0212167439707022,0.0311514899015795,0.017));
#10998=CARTESIAN_POINT('',(-0.0189353248121431,0.0311514899015795,0.017));
#10999=CARTESIAN_POINT('',(-0.0189353248121431,0.0311514899015795,0.017));
#11000=CARTESIAN_POINT('',(-0.0213043897316918,0.034322513534183,0.017));
#11001=CARTESIAN_POINT('',(-0.0191106163341222,0.0374935371667865,0.017));
#11002=CARTESIAN_POINT('',(-0.0191106163341222,0.0374935371667865,0.017));
#11003=CARTESIAN_POINT('',(-0.0213043897316918,0.034322513534183,0.017));
#11004=CARTESIAN_POINT('',(-0.0191106163341222,0.0378800549727506,0.017));
#11005=CARTESIAN_POINT('',(-0.0191106163341222,0.0382665727787147,0.017));
#11006=CARTESIAN_POINT('',(-0.0191106163341222,0.0382665727787147,0.017));
#11007=CARTESIAN_POINT('',(-0.0191106163341222,0.0378800549727506,0.017));
#11008=CARTESIAN_POINT('',(-0.0218907398727121,0.0382665727787147,0.017));
#11009=CARTESIAN_POINT('',(-0.024670863411302,0.0382665727787147,0.017));
#11010=CARTESIAN_POINT('',(-0.024670863411302,0.0382665727787147,0.017));
#11011=CARTESIAN_POINT('',(-0.0218907398727121,0.0382665727787147,0.017));
#11012=CARTESIAN_POINT('',(-0.024670863411302,0.0378336027194261,0.017));
#11013=CARTESIAN_POINT('',(-0.024670863411302,0.0374006326601375,0.017));
#11014=CARTESIAN_POINT('',(-0.024670863411302,0.0374006326601375,0.017));
#11015=CARTESIAN_POINT('',(-0.024670863411302,0.0378336027194261,0.017));
#11016=CARTESIAN_POINT('',(-0.0225200364366174,0.0374006326601375,0.017));
#11017=CARTESIAN_POINT('',(-0.0203692094619327,0.0374006326601375,0.017));
#11018=CARTESIAN_POINT('',(-0.0203692094619327,0.0374006326601375,0.017));
#11019=CARTESIAN_POINT('',(-0.0225200364366174,0.0374006326601375,0.017));
#11020=CARTESIAN_POINT('',(-0.0225550947410132,0.0342401265188528,0.017));
#11021=CARTESIAN_POINT('',(-0.0247409800200936,0.031079620377568,0.017));
#11022=CARTESIAN_POINT('',(-0.0247409800200936,0.031079620377568,0.017));
#11023=CARTESIAN_POINT('',(-0.0225550947410132,0.0342401265188528,0.017));
#11024=CARTESIAN_POINT('',(-0.0247409800200936,0.0306852144531149,0.017));
#11025=CARTESIAN_POINT('',(-0.0247409800200936,0.0302908085286617,0.017));
#11026=CARTESIAN_POINT('',(-0.0247409800200936,0.0302908085286617,0.017));
#11027=CARTESIAN_POINT('',(-0.0247409800200936,0.0306852144531149,0.017));
#11028=CARTESIAN_POINT('',(-0.0218381524161184,0.0302908085286617,0.017));
#11029=CARTESIAN_POINT('',(-0.0189353248121431,0.0302908085286617,0.017));
#11030=CARTESIAN_POINT('',(-0.0189353248121431,0.0302908085286617,0.017));
#11031=CARTESIAN_POINT('',(-0.0218381524161184,0.0302908085286617,0.017));
#11032=CARTESIAN_POINT('',(-0.0189353248121431,0.0307211492151207,0.017));
#11033=CARTESIAN_POINT('',(-0.0189353248121431,0.0307211492151207,0.017));
#11034=CARTESIAN_POINT('',(0.,0.,0.017));
#11035=CARTESIAN_POINT('',(-0.00670259525520547,0.0175029273580655,0.017));
#11036=CARTESIAN_POINT('',(-0.00670259525520547,0.0175029273580655,0.016));
#11037=CARTESIAN_POINT('',(-0.0066891871720145,0.0181654252337466,0.016));
#11038=CARTESIAN_POINT('',(-0.00719546308209829,0.0179456799451146,0.016));
#11039=CARTESIAN_POINT('',(-0.0066891871720145,0.0181654252337466,0.017));
#11040=CARTESIAN_POINT('',(-0.0066891871720145,0.0181654252337466,0.017));
#11041=CARTESIAN_POINT('',(-0.00670259525520547,0.0175029273580655,0.017));
#11042=CARTESIAN_POINT('',(-0.00719546308209829,0.0179456799451146,0.017));
#11043=CARTESIAN_POINT('',(-0.00719546308209829,0.0179456799451146,0.017));
#11044=CARTESIAN_POINT('',(-0.0061941139629198,0.0179564517729887,0.017));
#11045=CARTESIAN_POINT('',(-0.0061941139629198,0.0179564517729887,0.016));
#11046=CARTESIAN_POINT('',(-0.00631619467882653,0.018095767413494,0.017));
#11047=CARTESIAN_POINT('',(-0.00631619467882653,0.018095767413494,0.016));
#11048=CARTESIAN_POINT('',(-0.00648121908185809,0.0181654252337466,0.017));
#11049=CARTESIAN_POINT('',(-0.00648121908185809,0.0181654252337466,0.016));
#11050=CARTESIAN_POINT('',(-0.0066891871720145,0.0181654252337466,0.017));
#11051=CARTESIAN_POINT('',(-0.0066891871720145,0.0181654252337466,0.016));
#11052=CARTESIAN_POINT('',(-0.0061941139629198,0.0179564517729887,0.016));
#11053=CARTESIAN_POINT('',(-0.00637723503677989,0.0181654252337466,0.016));
#11054=CARTESIAN_POINT('',(-0.0066891871720145,0.0181654252337466,0.016));
#11055=CARTESIAN_POINT('',(-0.0061941139629198,0.0179564517729887,0.016));
#11056=CARTESIAN_POINT('',(-0.0061941139629198,0.0179564517729887,0.017));
#11057=CARTESIAN_POINT('',(-0.0061941139629198,0.0179564517729887,0.017));
#11058=CARTESIAN_POINT('',(-0.0061941139629198,0.0179564517729887,0.017));
#11059=CARTESIAN_POINT('',(-0.00637723503677989,0.0181654252337466,0.017));
#11060=CARTESIAN_POINT('',(-0.0066891871720145,0.0181654252337466,0.017));
#11061=CARTESIAN_POINT('',(-0.00598944923331146,0.0173683099710615,0.017));
#11062=CARTESIAN_POINT('',(-0.00598944923331146,0.0173683099710615,0.016));
#11063=CARTESIAN_POINT('',(-0.00600381167047696,0.0176210888651743,0.017));
#11064=CARTESIAN_POINT('',(-0.00600381167047696,0.0176210888651743,0.016));
#11065=CARTESIAN_POINT('',(-0.00607203324701307,0.0178171361324833,0.017));
#11066=CARTESIAN_POINT('',(-0.00607203324701307,0.0178171361324833,0.016));
#11067=CARTESIAN_POINT('',(-0.0061941139629198,0.0179564517729887,0.017));
#11068=CARTESIAN_POINT('',(-0.0061941139629198,0.0179564517729887,0.016));
#11069=CARTESIAN_POINT('',(-0.00598944923331146,0.0173683099710615,0.016));
#11070=CARTESIAN_POINT('',(-0.00601099288905971,0.0177474783122306,0.016));
#11071=CARTESIAN_POINT('',(-0.0061941139629198,0.0179564517729887,0.016));
#11072=CARTESIAN_POINT('',(-0.00598944923331146,0.0173683099710615,0.016));
#11073=CARTESIAN_POINT('',(-0.00598944923331146,0.0173683099710615,0.017));
#11074=CARTESIAN_POINT('',(-0.00598944923331146,0.0173683099710615,0.017));
#11075=CARTESIAN_POINT('',(-0.00598944923331146,0.0173683099710615,0.017));
#11076=CARTESIAN_POINT('',(-0.00601099288905971,0.0177474783122306,0.017));
#11077=CARTESIAN_POINT('',(-0.0061941139629198,0.0179564517729887,0.017));
#11078=CARTESIAN_POINT('',(-0.00598944923331146,0.0173493515540031,0.017));
#11079=CARTESIAN_POINT('',(-0.00598944923331146,0.0173493515540031,0.016));
#11080=CARTESIAN_POINT('',(-0.00598944923331146,0.0173303931369446,0.016));
#11081=CARTESIAN_POINT('',(-0.00598944923331146,0.0173303931369446,0.017));
#11082=CARTESIAN_POINT('',(-0.00598944923331146,0.0173303931369446,0.017));
#11083=CARTESIAN_POINT('',(-0.00598944923331146,0.0173493515540031,0.017));
#11084=CARTESIAN_POINT('',(-0.00671891741694708,0.0173303931369446,0.017));
#11085=CARTESIAN_POINT('',(-0.00671891741694708,0.0173303931369446,0.016));
#11086=CARTESIAN_POINT('',(-0.0074483856005827,0.0173303931369446,0.016));
#11087=CARTESIAN_POINT('',(-0.0074483856005827,0.0173303931369446,0.017));
#11088=CARTESIAN_POINT('',(-0.0074483856005827,0.0173303931369446,0.017));
#11089=CARTESIAN_POINT('',(-0.00671891741694708,0.0173303931369446,0.017));
#11090=CARTESIAN_POINT('',(-0.00662714144345955,0.0155526106645994,0.017));
#11091=CARTESIAN_POINT('',(-0.00662714144345955,0.0155526106645994,0.016));
#11092=CARTESIAN_POINT('',(-0.00702239571425404,0.0155526106645994,0.017));
#11093=CARTESIAN_POINT('',(-0.00702239571425404,0.0155526106645994,0.016));
#11094=CARTESIAN_POINT('',(-0.00734382705801788,0.0156824470965755,0.017));
#11095=CARTESIAN_POINT('',(-0.00734382705801788,0.0156824470965755,0.016));
#11096=CARTESIAN_POINT('',(-0.00759143547475105,0.0159421199605277,0.017));
#11097=CARTESIAN_POINT('',(-0.00759143547475105,0.0159421199605277,0.016));
#11098=CARTESIAN_POINT('',(-0.00662714144345955,0.0155526106645994,0.017));
#11099=CARTESIAN_POINT('',(-0.00662714144345955,0.0155526106645994,0.017));
#11100=CARTESIAN_POINT('',(-0.00662714144345955,0.0155526106645994,0.017));
#11101=CARTESIAN_POINT('',(-0.00722002284965129,0.0155526106645994,0.017));
#11102=CARTESIAN_POINT('',(-0.00759143547475105,0.0159421199605277,0.017));
#11103=CARTESIAN_POINT('',(-0.00759143547475105,0.0159421199605277,0.017));
#11104=CARTESIAN_POINT('',(-0.00759143547475105,0.0159421199605277,0.017));
#11105=CARTESIAN_POINT('',(-0.00552841500029899,0.0161161926989734,0.017));
#11106=CARTESIAN_POINT('',(-0.00552841500029899,0.0161161926989734,0.016));
#11107=CARTESIAN_POINT('',(-0.00577257643211245,0.015740471342724,0.017));
#11108=CARTESIAN_POINT('',(-0.00577257643211245,0.015740471342724,0.016));
#11109=CARTESIAN_POINT('',(-0.00613881857983264,0.0155526106645994,0.017));
#11110=CARTESIAN_POINT('',(-0.00613881857983264,0.0155526106645994,0.016));
#11111=CARTESIAN_POINT('',(-0.00662714144345955,0.0155526106645994,0.017));
#11112=CARTESIAN_POINT('',(-0.00662714144345955,0.0155526106645994,0.016));
#11113=CARTESIAN_POINT('',(-0.00552841500029899,0.0161161926989734,0.017));
#11114=CARTESIAN_POINT('',(-0.00552841500029899,0.0161161926989734,0.017));
#11115=CARTESIAN_POINT('',(-0.00552841500029899,0.0161161926989734,0.017));
#11116=CARTESIAN_POINT('',(-0.00589465714801918,0.0155526106645994,0.017));
#11117=CARTESIAN_POINT('',(-0.00662714144345955,0.0155526106645994,0.017));
#11118=CARTESIAN_POINT('',(-0.00568051320988161,0.0162346828055888,0.017));
#11119=CARTESIAN_POINT('',(-0.00583280300110451,0.0163533221613573,0.017));
#11120=CARTESIAN_POINT('',(-0.00583280300110451,0.0163533221613573,0.017));
#11121=CARTESIAN_POINT('',(-0.00568051320988161,0.0162346828055888,0.017));
#11122=CARTESIAN_POINT('',(-0.00672917042835904,0.0170342848369473,0.017));
#11123=CARTESIAN_POINT('',(-0.0061536118901131,0.0160670731638675,0.017));
#11124=CARTESIAN_POINT('',(-0.0061536118901131,0.0160670731638675,0.017));
#11125=CARTESIAN_POINT('',(-0.00672917042835904,0.0170342848369473,0.017));
#11126=CARTESIAN_POINT('',(-0.00660042731033173,0.0159593548851262,0.017));
#11127=CARTESIAN_POINT('',(-0.00660042731033173,0.0159593548851262,0.016));
#11128=CARTESIAN_POINT('',(-0.00642463107942604,0.0159593548851262,0.017));
#11129=CARTESIAN_POINT('',(-0.00642463107942604,0.0159593548851262,0.016));
#11130=CARTESIAN_POINT('',(-0.00627569260601983,0.01599526097804,0.017));
#11131=CARTESIAN_POINT('',(-0.00627569260601983,0.01599526097804,0.016));
#11132=CARTESIAN_POINT('',(-0.0061536118901131,0.0160670731638675,0.017));
#11133=CARTESIAN_POINT('',(-0.0061536118901131,0.0160670731638675,0.016));
#11134=CARTESIAN_POINT('',(-0.00660042731033173,0.0159593548851262,0.017));
#11135=CARTESIAN_POINT('',(-0.00660042731033173,0.0159593548851262,0.017));
#11136=CARTESIAN_POINT('',(-0.00660042731033173,0.0159593548851262,0.017));
#11137=CARTESIAN_POINT('',(-0.00633673296397319,0.0159593548851262,0.017));
#11138=CARTESIAN_POINT('',(-0.0061536118901131,0.0160670731638675,0.017));
#11139=CARTESIAN_POINT('',(-0.00721312887981185,0.0162247727239446,0.017));
#11140=CARTESIAN_POINT('',(-0.00721312887981185,0.0162247727239446,0.016));
#11141=CARTESIAN_POINT('',(-0.00705226958355828,0.0160478274980657,0.017));
#11142=CARTESIAN_POINT('',(-0.00705226958355828,0.0160478274980657,0.016));
#11143=CARTESIAN_POINT('',(-0.0068480357270649,0.0159593548851262,0.017));
#11144=CARTESIAN_POINT('',(-0.0068480357270649,0.0159593548851262,0.016));
#11145=CARTESIAN_POINT('',(-0.00660042731033173,0.0159593548851262,0.017));
#11146=CARTESIAN_POINT('',(-0.00660042731033173,0.0159593548851262,0.016));
#11147=CARTESIAN_POINT('',(-0.00721312887981185,0.0162247727239446,0.017));
#11148=CARTESIAN_POINT('',(-0.00721312887981185,0.0162247727239446,0.017));
#11149=CARTESIAN_POINT('',(-0.00721312887981185,0.0162247727239446,0.017));
#11150=CARTESIAN_POINT('',(-0.00697183993543149,0.0159593548851262,0.017));
#11151=CARTESIAN_POINT('',(-0.00660042731033173,0.0159593548851262,0.017));
#11152=CARTESIAN_POINT('',(-0.00746475877895136,0.016921063677728,0.017));
#11153=CARTESIAN_POINT('',(-0.00746475877895136,0.016921063677728,0.016));
#11154=CARTESIAN_POINT('',(-0.00745786480911193,0.016633814934418,0.017));
#11155=CARTESIAN_POINT('',(-0.00745786480911193,0.016633814934418,0.016));
#11156=CARTESIAN_POINT('',(-0.00737398817606542,0.0164017179498235,0.017));
#11157=CARTESIAN_POINT('',(-0.00737398817606542,0.0164017179498235,0.016));
#11158=CARTESIAN_POINT('',(-0.00721312887981185,0.0162247727239446,0.017));
#11159=CARTESIAN_POINT('',(-0.00721312887981185,0.0162247727239446,0.016));
#11160=CARTESIAN_POINT('',(-0.00746475877895136,0.016921063677728,0.017));
#11161=CARTESIAN_POINT('',(-0.00746475877895136,0.016921063677728,0.017));
#11162=CARTESIAN_POINT('',(-0.00746475877895136,0.016921063677728,0.017));
#11163=CARTESIAN_POINT('',(-0.00745441782419221,0.016490190562763,0.017));
#11164=CARTESIAN_POINT('',(-0.00721312887981185,0.0162247727239446,0.017));
#11165=CARTESIAN_POINT('',(-0.00647805934568169,0.016921063677728,0.017));
#11166=CARTESIAN_POINT('',(-0.00549135991241201,0.016921063677728,0.017));
#11167=CARTESIAN_POINT('',(-0.00549135991241201,0.016921063677728,0.017));
#11168=CARTESIAN_POINT('',(-0.00647805934568169,0.016921063677728,0.017));
#11169=CARTESIAN_POINT('',(-0.00549135991241201,0.0170249040984345,0.017));
#11170=CARTESIAN_POINT('',(-0.00549135991241201,0.017128744519141,0.017));
#11171=CARTESIAN_POINT('',(-0.00549135991241201,0.017128744519141,0.017));
#11172=CARTESIAN_POINT('',(-0.00549135991241201,0.0170249040984345,0.017));
#11173=CARTESIAN_POINT('',(-0.00580632815945137,0.0182003259560588,0.017));
#11174=CARTESIAN_POINT('',(-0.00580632815945137,0.0182003259560588,0.016));
#11175=CARTESIAN_POINT('',(-0.0055963493280918,0.0179507067981225,0.017));
#11176=CARTESIAN_POINT('',(-0.0055963493280918,0.0179507067981225,0.016));
#11177=CARTESIAN_POINT('',(-0.00549135991241201,0.0175935129858165,0.017));
#11178=CARTESIAN_POINT('',(-0.00549135991241201,0.0175935129858165,0.016));
#11179=CARTESIAN_POINT('',(-0.00549135991241201,0.017128744519141,0.017));
#11180=CARTESIAN_POINT('',(-0.00549135991241201,0.017128744519141,0.016));
#11181=CARTESIAN_POINT('',(-0.00580632815945137,0.0182003259560588,0.017));
#11182=CARTESIAN_POINT('',(-0.00580632815945137,0.0182003259560588,0.017));
#11183=CARTESIAN_POINT('',(-0.00580632815945137,0.0182003259560588,0.017));
#11184=CARTESIAN_POINT('',(-0.00549135991241201,0.0178258972191543,0.017));
#11185=CARTESIAN_POINT('',(-0.00549135991241201,0.017128744519141,0.017));
#11186=CARTESIAN_POINT('',(-0.0066891871720145,0.0185747546929633,0.017));
#11187=CARTESIAN_POINT('',(-0.0066891871720145,0.0185747546929633,0.016));
#11188=CARTESIAN_POINT('',(-0.00631059332833199,0.0185747546929633,0.017));
#11189=CARTESIAN_POINT('',(-0.00631059332833199,0.0185747546929633,0.016));
#11190=CARTESIAN_POINT('',(-0.00601630699081094,0.0184499451139952,0.017));
#11191=CARTESIAN_POINT('',(-0.00601630699081094,0.0184499451139952,0.016));
#11192=CARTESIAN_POINT('',(-0.00580632815945137,0.0182003259560588,0.017));
#11193=CARTESIAN_POINT('',(-0.00580632815945137,0.0182003259560588,0.016));
#11194=CARTESIAN_POINT('',(-0.0066891871720145,0.0185747546929633,0.017));
#11195=CARTESIAN_POINT('',(-0.0066891871720145,0.0185747546929633,0.017));
#11196=CARTESIAN_POINT('',(-0.0066891871720145,0.0185747546929633,0.017));
#11197=CARTESIAN_POINT('',(-0.00612129640649073,0.0185747546929633,0.017));
#11198=CARTESIAN_POINT('',(-0.00580632815945137,0.0182003259560588,0.017));
#11199=CARTESIAN_POINT('',(-0.00669239109813579,0.0174113655602921,0.017));
#11200=CARTESIAN_POINT('',(-0.00733420422511699,0.018382154410574,0.017));
#11201=CARTESIAN_POINT('',(-0.00733422572516926,0.0183821892967005,0.017));
#11202=CARTESIAN_POINT('',(-0.00669239109813579,0.0174113655602921,0.017));
#11203=CARTESIAN_POINT('',(-0.00662773141469849,0.0173037149370121,0.017));
#11204=CARTESIAN_POINT('',(-0.00779739282370429,0.0178487334942475,0.017));
#11205=CARTESIAN_POINT('',(-0.00779739282370429,0.0178487334942475,0.017));
#11206=CARTESIAN_POINT('',(-0.00662773141469849,0.0173037149370121,0.017));
#11207=CARTESIAN_POINT('',(-0.00796284809985082,0.0170744545066554,0.017));
#11208=CARTESIAN_POINT('',(-0.00796284809985082,0.0170744545066554,0.016));
#11209=CARTESIAN_POINT('',(-0.00796284809985082,0.0173634267424253,0.017));
#11210=CARTESIAN_POINT('',(-0.00796284809985082,0.0173634267424253,0.016));
#11211=CARTESIAN_POINT('',(-0.00790769634113531,0.0176215197382892,0.017));
#11212=CARTESIAN_POINT('',(-0.00790769634113531,0.0176215197382892,0.016));
#11213=CARTESIAN_POINT('',(-0.00779739282370429,0.0178487334942475,0.017));
#11214=CARTESIAN_POINT('',(-0.00779739282370429,0.0178487334942475,0.016));
#11215=CARTESIAN_POINT('',(-0.00796284809985082,0.0170744545066554,0.017));
#11216=CARTESIAN_POINT('',(-0.00796284809985082,0.0170744545066554,0.017));
#11217=CARTESIAN_POINT('',(-0.00796284809985082,0.0170744545066554,0.017));
#11218=CARTESIAN_POINT('',(-0.00796284809985082,0.0175079128603101,0.017));
#11219=CARTESIAN_POINT('',(-0.00779739282370429,0.0178487334942475,0.017));
#11220=CARTESIAN_POINT('',(-0.00796284809985082,0.0170287819564692,0.017));
#11221=CARTESIAN_POINT('',(-0.00796284809985082,0.0169831094062829,0.017));
#11222=CARTESIAN_POINT('',(-0.00796284809985082,0.0169831094062829,0.017));
#11223=CARTESIAN_POINT('',(-0.00796284809985082,0.0170287819564692,0.017));
#11224=CARTESIAN_POINT('',(-0.00759143547475105,0.0159421199605277,0.017));
#11225=CARTESIAN_POINT('',(-0.00759143547475105,0.0159421199605277,0.016));
#11226=CARTESIAN_POINT('',(-0.00783904389148423,0.0162017928244799,0.017));
#11227=CARTESIAN_POINT('',(-0.00783904389148423,0.0162017928244799,0.016));
#11228=CARTESIAN_POINT('',(-0.00796284809985082,0.0165487893063983,0.017));
#11229=CARTESIAN_POINT('',(-0.00796284809985082,0.0165487893063983,0.016));
#11230=CARTESIAN_POINT('',(-0.00796284809985082,0.0169831094062829,0.017));
#11231=CARTESIAN_POINT('',(-0.00796284809985082,0.0169831094062829,0.016));
#11232=CARTESIAN_POINT('',(-0.00759143547475105,0.0159421199605277,0.017));
#11233=CARTESIAN_POINT('',(-0.00796284809985082,0.016331629256456,0.017));
#11234=CARTESIAN_POINT('',(-0.00796284809985082,0.0169831094062829,0.017));
#11235=CARTESIAN_POINT('',(-0.00719546308209829,0.0179456799451146,0.017));
#11236=CARTESIAN_POINT('',(-0.00719546308209829,0.0179456799451146,0.016));
#11237=CARTESIAN_POINT('',(-0.00733190623517052,0.0177991830860265,0.017));
#11238=CARTESIAN_POINT('',(-0.00733190623517052,0.0177991830860265,0.016));
#11239=CARTESIAN_POINT('',(-0.00741621374133199,0.0175940874833031,0.017));
#11240=CARTESIAN_POINT('',(-0.00741621374133199,0.0175940874833031,0.016));
#11241=CARTESIAN_POINT('',(-0.0074483856005827,0.0173303931369446,0.017));
#11242=CARTESIAN_POINT('',(-0.0074483856005827,0.0173303931369446,0.016));
#11243=CARTESIAN_POINT('',(-0.00719546308209829,0.0179456799451146,0.016));
#11244=CARTESIAN_POINT('',(-0.00740012781170663,0.0177259346564824,0.016));
#11245=CARTESIAN_POINT('',(-0.0074483856005827,0.0173303931369446,0.016));
#11246=CARTESIAN_POINT('',(-0.00719546308209829,0.0179456799451146,0.017));
#11247=CARTESIAN_POINT('',(-0.00740012781170663,0.0177259346564824,0.017));
#11248=CARTESIAN_POINT('',(-0.0074483856005827,0.0173303931369446,0.017));
#11249=CARTESIAN_POINT('',(0.,0.,0.017));
#11250=CARTESIAN_POINT('',(0.,0.,0.016));
#11251=CARTESIAN_POINT('',(-0.00896247372656944,0.018873349761634,0.017));
#11252=CARTESIAN_POINT('',(-0.00896247372656944,0.0192262348427903,0.017));
#11253=CARTESIAN_POINT('',(-0.00896247372656944,0.0192262348427903,0.017));
#11254=CARTESIAN_POINT('',(-0.00896247372656944,0.018873349761634,0.017));
#11255=CARTESIAN_POINT('',(-0.00896247372656944,0.0185204646804778,0.017));
#11256=CARTESIAN_POINT('',(-0.00896247372656944,0.0185204646804778,0.017));
#11257=CARTESIAN_POINT('',(-0.00921151838701917,0.0192262348427903,0.017));
#11258=CARTESIAN_POINT('',(-0.0094605630474689,0.0192262348427903,0.017));
#11259=CARTESIAN_POINT('',(-0.0094605630474689,0.0192262348427903,0.017));
#11260=CARTESIAN_POINT('',(-0.00921151838701917,0.0192262348427903,0.017));
#11261=CARTESIAN_POINT('',(-0.0094605630474689,0.018873349761634,0.017));
#11262=CARTESIAN_POINT('',(-0.0094605630474689,0.0185204646804778,0.017));
#11263=CARTESIAN_POINT('',(-0.0094605630474689,0.0185204646804778,0.017));
#11264=CARTESIAN_POINT('',(-0.0094605630474689,0.018873349761634,0.017));
#11265=CARTESIAN_POINT('',(-0.00972598088628729,0.0185204646804778,0.017));
#11266=CARTESIAN_POINT('',(-0.00999139872510568,0.0185204646804778,0.017));
#11267=CARTESIAN_POINT('',(-0.00999139872510568,0.0185204646804778,0.017));
#11268=CARTESIAN_POINT('',(-0.00972598088628729,0.0185204646804778,0.017));
#11269=CARTESIAN_POINT('',(-0.00999139872510568,0.0183278643980884,0.017));
#11270=CARTESIAN_POINT('',(-0.00999139872510568,0.0181352641156991,0.017));
#11271=CARTESIAN_POINT('',(-0.00999139872510568,0.0181352641156991,0.017));
#11272=CARTESIAN_POINT('',(-0.00999139872510568,0.0183278643980884,0.017));
#11273=CARTESIAN_POINT('',(-0.00972598088628729,0.0181352641156991,0.017));
#11274=CARTESIAN_POINT('',(-0.0094605630474689,0.0181352641156991,0.017));
#11275=CARTESIAN_POINT('',(-0.0094605630474689,0.0181352641156991,0.017));
#11276=CARTESIAN_POINT('',(-0.00972598088628729,0.0181352641156991,0.017));
#11277=CARTESIAN_POINT('',(-0.0094605630474689,0.0172321540667326,0.017));
#11278=CARTESIAN_POINT('',(-0.0094605630474689,0.0163290440177662,0.017));
#11279=CARTESIAN_POINT('',(-0.0094605630474689,0.0163290440177662,0.017));
#11280=CARTESIAN_POINT('',(-0.0094605630474689,0.0172321540667326,0.017));
#11281=CARTESIAN_POINT('',(-0.00929079904017271,0.0157546901555179,0.017));
#11282=CARTESIAN_POINT('',(-0.00929079904017271,0.0157546901555179,0.016));
#11283=CARTESIAN_POINT('',(-0.00940397504503684,0.0158894098161303,0.017));
#11284=CARTESIAN_POINT('',(-0.00940397504503684,0.0158894098161303,0.016));
#11285=CARTESIAN_POINT('',(-0.0094605630474689,0.0160808611035464,0.017));
#11286=CARTESIAN_POINT('',(-0.0094605630474689,0.0160808611035464,0.016));
#11287=CARTESIAN_POINT('',(-0.0094605630474689,0.0163290440177662,0.017));
#11288=CARTESIAN_POINT('',(-0.0094605630474689,0.0163290440177662,0.016));
#11289=CARTESIAN_POINT('',(-0.00929079904017271,0.0157546901555179,0.017));
#11290=CARTESIAN_POINT('',(-0.00929079904017271,0.0157546901555179,0.017));
#11291=CARTESIAN_POINT('',(-0.00929079904017271,0.0157546901555179,0.017));
#11292=CARTESIAN_POINT('',(-0.0094605630474689,0.0159567696464364,0.017));
#11293=CARTESIAN_POINT('',(-0.0094605630474689,0.0163290440177662,0.017));
#11294=CARTESIAN_POINT('',(-0.00878753924189368,0.0155526106645994,0.017));
#11295=CARTESIAN_POINT('',(-0.00878753924189368,0.0155526106645994,0.016));
#11296=CARTESIAN_POINT('',(-0.00900986976921558,0.0155526106645994,0.017));
#11297=CARTESIAN_POINT('',(-0.00900986976921558,0.0155526106645994,0.016));
#11298=CARTESIAN_POINT('',(-0.00917762303530859,0.0156199704949055,0.017));
#11299=CARTESIAN_POINT('',(-0.00917762303530859,0.0156199704949055,0.016));
#11300=CARTESIAN_POINT('',(-0.00929079904017271,0.0157546901555179,0.017));
#11301=CARTESIAN_POINT('',(-0.00929079904017271,0.0157546901555179,0.016));
#11302=CARTESIAN_POINT('',(-0.00878753924189368,0.0155526106645994,0.017));
#11303=CARTESIAN_POINT('',(-0.00878753924189368,0.0155526106645994,0.017));
#11304=CARTESIAN_POINT('',(-0.00878753924189368,0.0155526106645994,0.017));
#11305=CARTESIAN_POINT('',(-0.00912103503287653,0.0155526106645994,0.017));
#11306=CARTESIAN_POINT('',(-0.00929079904017271,0.0157546901555179,0.017));
#11307=CARTESIAN_POINT('',(-0.00879741534153557,0.0169868399517873,0.017));
#11308=CARTESIAN_POINT('',(-0.00840492391580483,0.0156071190305859,0.017));
#11309=CARTESIAN_POINT('',(-0.00840492391580483,0.0156071190305859,0.017));
#11310=CARTESIAN_POINT('',(-0.00879741534153557,0.0169868399517873,0.017));
#11311=CARTESIAN_POINT('',(-0.00840492391580483,0.0158089801680034,0.017));
#11312=CARTESIAN_POINT('',(-0.00840492391580483,0.0160115804444336,0.017));
#11313=CARTESIAN_POINT('',(-0.00840492391580483,0.016011059658922,0.017));
#11314=CARTESIAN_POINT('',(-0.00840492391580483,0.0158089801680034,0.017));
#11315=CARTESIAN_POINT('',(-0.00869735849926647,0.0172106558142543,0.017));
#11316=CARTESIAN_POINT('',(-0.00864190412903554,0.0159783133021847,0.017));
#11317=CARTESIAN_POINT('',(-0.00864190412903554,0.0159783133021847,0.017));
#11318=CARTESIAN_POINT('',(-0.00869735849926647,0.0172106558142543,0.017));
#11319=CARTESIAN_POINT('',(-0.00888965617014037,0.0160657805445226,0.017));
#11320=CARTESIAN_POINT('',(-0.00888965617014037,0.0160657805445226,0.016));
#11321=CARTESIAN_POINT('',(-0.00884111113252099,0.0160074690496307,0.017));
#11322=CARTESIAN_POINT('',(-0.00884111113252099,0.0160074690496307,0.016));
#11323=CARTESIAN_POINT('',(-0.00875852711881938,0.0159783133021847,0.017));
#11324=CARTESIAN_POINT('',(-0.00875852711881938,0.0159783133021847,0.016));
#11325=CARTESIAN_POINT('',(-0.00864190412903554,0.0159783133021847,0.017));
#11326=CARTESIAN_POINT('',(-0.00864190412903554,0.0159783133021847,0.016));
#11327=CARTESIAN_POINT('',(-0.00888965617014037,0.0160657805445226,0.017));
#11328=CARTESIAN_POINT('',(-0.00888965617014037,0.0160657805445226,0.017));
#11329=CARTESIAN_POINT('',(-0.00888965617014037,0.0160657805445226,0.017));
#11330=CARTESIAN_POINT('',(-0.0088168386137113,0.0159783133021847,0.017));
#11331=CARTESIAN_POINT('',(-0.00864190412903554,0.0159783133021847,0.017));
#11332=CARTESIAN_POINT('',(-0.00896247372656944,0.0163290440177662,0.017));
#11333=CARTESIAN_POINT('',(-0.00896247372656944,0.0163290440177662,0.016));
#11334=CARTESIAN_POINT('',(-0.00896247372656944,0.0162118465304957,0.017));
#11335=CARTESIAN_POINT('',(-0.00896247372656944,0.0162118465304957,0.016));
#11336=CARTESIAN_POINT('',(-0.00893820120775975,0.0161240920394145,0.017));
#11337=CARTESIAN_POINT('',(-0.00893820120775975,0.0161240920394145,0.016));
#11338=CARTESIAN_POINT('',(-0.00888965617014037,0.0160657805445226,0.017));
#11339=CARTESIAN_POINT('',(-0.00888965617014037,0.0160657805445226,0.016));
#11340=CARTESIAN_POINT('',(-0.00896247372656944,0.0163290440177662,0.017));
#11341=CARTESIAN_POINT('',(-0.00896247372656944,0.0163290440177662,0.017));
#11342=CARTESIAN_POINT('',(-0.00896247372656944,0.0163290440177662,0.017));
#11343=CARTESIAN_POINT('',(-0.00896247372656944,0.0161532477868605,0.017));
#11344=CARTESIAN_POINT('',(-0.00888965617014037,0.0160657805445226,0.017));
#11345=CARTESIAN_POINT('',(-0.00896247372656944,0.0172321540667326,0.017));
#11346=CARTESIAN_POINT('',(-0.00896247372656944,0.0181352641156991,0.017));
#11347=CARTESIAN_POINT('',(-0.00896247372656944,0.0181352641156991,0.017));
#11348=CARTESIAN_POINT('',(-0.00896247372656944,0.0172321540667326,0.017));
#11349=CARTESIAN_POINT('',(-0.00869059279102658,0.0181352641156991,0.017));
#11350=CARTESIAN_POINT('',(-0.00841871185548371,0.0181352641156991,0.017));
#11351=CARTESIAN_POINT('',(-0.00841871185548371,0.0181352641156991,0.017));
#11352=CARTESIAN_POINT('',(-0.00869059279102658,0.0181352641156991,0.017));
#11353=CARTESIAN_POINT('',(-0.00841871185548371,0.0183278643980884,0.017));
#11354=CARTESIAN_POINT('',(-0.00841871185548371,0.0185204646804778,0.017));
#11355=CARTESIAN_POINT('',(-0.00841871185548371,0.0185204646804778,0.017));
#11356=CARTESIAN_POINT('',(-0.00841871185548371,0.0183278643980884,0.017));
#11357=CARTESIAN_POINT('',(-0.00869059279102658,0.0185204646804778,0.017));
#11358=CARTESIAN_POINT('',(-0.00869059279102658,0.0185204646804778,0.017));
#11359=CARTESIAN_POINT('',(0.,0.,0.017));
#11360=CARTESIAN_POINT('',(-0.0124146291236684,0.017031367195159,0.017));
#11361=CARTESIAN_POINT('',(-0.0124146291236684,0.017031367195159,0.016));
#11362=CARTESIAN_POINT('',(-0.0124146291236684,0.0167084996076786,0.017));
#11363=CARTESIAN_POINT('',(-0.0124146291236684,0.0167084996076786,0.016));
#11364=CARTESIAN_POINT('',(-0.0123396572016645,0.0164491139924697,0.017));
#11365=CARTESIAN_POINT('',(-0.0123396572016645,0.0164491139924697,0.016));
#11366=CARTESIAN_POINT('',(-0.0121897133576567,0.0162532103495323,0.017));
#11367=CARTESIAN_POINT('',(-0.0121897133576567,0.0162532103495323,0.016));
#11368=CARTESIAN_POINT('',(-0.0124146291236684,0.017031367195159,0.016));
#11369=CARTESIAN_POINT('',(-0.0124146291236684,0.0165470658139384,0.016));
#11370=CARTESIAN_POINT('',(-0.0121897133576567,0.0162532103495323,0.016));
#11371=CARTESIAN_POINT('',(-0.0124146291236684,0.017031367195159,0.016));
#11372=CARTESIAN_POINT('',(-0.0121897133576567,0.0162532103495323,0.016));
#11373=CARTESIAN_POINT('',(-0.0124146291236684,0.017031367195159,0.017));
#11374=CARTESIAN_POINT('',(-0.0124146291236684,0.017031367195159,0.017));
#11375=CARTESIAN_POINT('',(-0.0124146291236684,0.017031367195159,0.017));
#11376=CARTESIAN_POINT('',(-0.0124146291236684,0.0165470658139384,0.017));
#11377=CARTESIAN_POINT('',(-0.0121897133576567,0.0162532103495323,0.017));
#11378=CARTESIAN_POINT('',(-0.0121897133576567,0.0162532103495323,0.017));
#11379=CARTESIAN_POINT('',(-0.0121897133576567,0.0162532103495323,0.017));
#11380=CARTESIAN_POINT('',(-0.0121884207383118,0.0178720006424555,0.017));
#11381=CARTESIAN_POINT('',(-0.0121884207383118,0.0178720006424555,0.016));
#11382=CARTESIAN_POINT('',(-0.0123392263285496,0.0176763842482614,0.017));
#11383=CARTESIAN_POINT('',(-0.0123392263285496,0.0176763842482614,0.016));
#11384=CARTESIAN_POINT('',(-0.0124146291236684,0.0173961730991626,0.017));
#11385=CARTESIAN_POINT('',(-0.0124146291236684,0.0173961730991626,0.016));
#11386=CARTESIAN_POINT('',(-0.0124146291236684,0.017031367195159,0.017));
#11387=CARTESIAN_POINT('',(-0.0124146291236684,0.017031367195159,0.016));
#11388=CARTESIAN_POINT('',(-0.0121884207383118,0.0178720006424555,0.016));
#11389=CARTESIAN_POINT('',(-0.0124146291236684,0.0175785760511644,0.016));
#11390=CARTESIAN_POINT('',(-0.0124146291236684,0.017031367195159,0.016));
#11391=CARTESIAN_POINT('',(-0.0121884207383118,0.0178720006424555,0.016));
#11392=CARTESIAN_POINT('',(-0.0121884207383118,0.0178720006424555,0.017));
#11393=CARTESIAN_POINT('',(-0.0121884207383118,0.0178720006424555,0.017));
#11394=CARTESIAN_POINT('',(-0.0121884207383118,0.0178720006424555,0.017));
#11395=CARTESIAN_POINT('',(-0.0124146291236684,0.0175785760511644,0.017));
#11396=CARTESIAN_POINT('',(-0.0124146291236684,0.017031367195159,0.017));
#11397=CARTESIAN_POINT('',(-0.0116114617730961,0.0174523914638866,0.017));
#11398=CARTESIAN_POINT('',(-0.0116114617730961,0.0174523914638866,0.016));
#11399=CARTESIAN_POINT('',(-0.0115933898830357,0.0181649967920559,0.016));
#11400=CARTESIAN_POINT('',(-0.0115933849665453,0.0181654252337466,0.017));
#11401=CARTESIAN_POINT('',(-0.0115933898830357,0.0181649967920559,0.017));
#11402=CARTESIAN_POINT('',(-0.0116114617730961,0.0174523914638866,0.017));
#11403=CARTESIAN_POINT('',(-0.0115728480747595,0.0174449976501547,0.017));
#11404=CARTESIAN_POINT('',(-0.0115728480747595,0.0174449976501547,0.016));
#11405=CARTESIAN_POINT('',(-0.0109893008593644,0.0178676919113059,0.016));
#11406=CARTESIAN_POINT('',(-0.0109893008593644,0.0178676919113059,0.017));
#11407=CARTESIAN_POINT('',(-0.0109893008593644,0.0178676919113059,0.017));
#11408=CARTESIAN_POINT('',(-0.0115728480747595,0.0174449976501547,0.017));
#11409=CARTESIAN_POINT('',(-0.010761799854663,0.0170908276850241,0.017));
#11410=CARTESIAN_POINT('',(-0.010761799854663,0.0170908276850241,0.016));
#11411=CARTESIAN_POINT('',(-0.010761799854663,0.0174102482875848,0.017));
#11412=CARTESIAN_POINT('',(-0.010761799854663,0.0174102482875848,0.016));
#11413=CARTESIAN_POINT('',(-0.0108376335228968,0.0176692030296787,0.017));
#11414=CARTESIAN_POINT('',(-0.0108376335228968,0.0176692030296787,0.016));
#11415=CARTESIAN_POINT('',(-0.0109893008593644,0.0178676919113059,0.017));
#11416=CARTESIAN_POINT('',(-0.0109893008593644,0.0178676919113059,0.016));
#11417=CARTESIAN_POINT('',(-0.010761799854663,0.0170908276850241,0.016));
#11418=CARTESIAN_POINT('',(-0.010761799854663,0.0175699585888651,0.016));
#11419=CARTESIAN_POINT('',(-0.0109893008593644,0.0178676919113059,0.016));
#11420=CARTESIAN_POINT('',(-0.010761799854663,0.0170908276850241,0.016));
#11421=CARTESIAN_POINT('',(-0.010761799854663,0.0170908276850241,0.017));
#11422=CARTESIAN_POINT('',(-0.010761799854663,0.0170908276850241,0.017));
#11423=CARTESIAN_POINT('',(-0.010761799854663,0.0170908276850241,0.017));
#11424=CARTESIAN_POINT('',(-0.010761799854663,0.0175699585888651,0.017));
#11425=CARTESIAN_POINT('',(-0.0109893008593644,0.0178676919113059,0.017));
#11426=CARTESIAN_POINT('',(-0.0109849921282148,0.016257088207567,0.017));
#11427=CARTESIAN_POINT('',(-0.0109849921282148,0.016257088207567,0.016));
#11428=CARTESIAN_POINT('',(-0.0108361972791802,0.0164555770891942,0.017));
#11429=CARTESIAN_POINT('',(-0.0108361972791802,0.0164555770891942,0.016));
#11430=CARTESIAN_POINT('',(-0.010761799854663,0.0167334902483465,0.017));
#11431=CARTESIAN_POINT('',(-0.010761799854663,0.0167334902483465,0.016));
#11432=CARTESIAN_POINT('',(-0.010761799854663,0.0170908276850241,0.017));
#11433=CARTESIAN_POINT('',(-0.010761799854663,0.0170908276850241,0.016));
#11434=CARTESIAN_POINT('',(-0.0109849921282148,0.016257088207567,0.016));
#11435=CARTESIAN_POINT('',(-0.010761799854663,0.0165548215300078,0.016));
#11436=CARTESIAN_POINT('',(-0.010761799854663,0.0170908276850241,0.016));
#11437=CARTESIAN_POINT('',(-0.0109849921282148,0.016257088207567,0.016));
#11438=CARTESIAN_POINT('',(-0.0109849921282148,0.016257088207567,0.017));
#11439=CARTESIAN_POINT('',(-0.0109849921282148,0.016257088207567,0.017));
#11440=CARTESIAN_POINT('',(-0.0109849921282148,0.016257088207567,0.017));
#11441=CARTESIAN_POINT('',(-0.010761799854663,0.0165548215300078,0.017));
#11442=CARTESIAN_POINT('',(-0.010761799854663,0.0170908276850241,0.017));
#11443=CARTESIAN_POINT('',(-0.0115882144891657,0.0159593548851262,0.017));
#11444=CARTESIAN_POINT('',(-0.0115882144891657,0.0159593548851262,0.016));
#11445=CARTESIAN_POINT('',(-0.0113348610975663,0.0159593548851262,0.017));
#11446=CARTESIAN_POINT('',(-0.0113348610975663,0.0159593548851262,0.016));
#11447=CARTESIAN_POINT('',(-0.0111337869772493,0.0160585993259398,0.017));
#11448=CARTESIAN_POINT('',(-0.0111337869772493,0.0160585993259398,0.016));
#11449=CARTESIAN_POINT('',(-0.0109849921282148,0.016257088207567,0.017));
#11450=CARTESIAN_POINT('',(-0.0109849921282148,0.016257088207567,0.016));
#11451=CARTESIAN_POINT('',(-0.0115882144891657,0.0159593548851262,0.016));
#11452=CARTESIAN_POINT('',(-0.0112081844017666,0.0159593548851262,0.016));
#11453=CARTESIAN_POINT('',(-0.0109849921282148,0.016257088207567,0.016));
#11454=CARTESIAN_POINT('',(-0.0115882144891657,0.0159593548851262,0.016));
#11455=CARTESIAN_POINT('',(-0.0115882144891657,0.0159593548851262,0.017));
#11456=CARTESIAN_POINT('',(-0.0115882144891657,0.0159593548851262,0.017));
#11457=CARTESIAN_POINT('',(-0.0115882144891657,0.0159593548851262,0.017));
#11458=CARTESIAN_POINT('',(-0.0112081844017666,0.0159593548851262,0.017));
#11459=CARTESIAN_POINT('',(-0.0109849921282148,0.016257088207567,0.017));
#11460=CARTESIAN_POINT('',(-0.0129161654294876,0.0170908276850241,0.017));
#11461=CARTESIAN_POINT('',(-0.0129161654294876,0.0170908276850241,0.016));
#11462=CARTESIAN_POINT('',(-0.0129161654294876,0.0173763529358742,0.017));
#11463=CARTESIAN_POINT('',(-0.0129161654294876,0.0173763529358742,0.016));
#11464=CARTESIAN_POINT('',(-0.0128600083001705,0.0176331533123933,0.017));
#11465=CARTESIAN_POINT('',(-0.0128600083001705,0.0176331533123933,0.016));
#11466=CARTESIAN_POINT('',(-0.0127476940415363,0.0178612288145814,0.017));
#11467=CARTESIAN_POINT('',(-0.0127476940415363,0.0178612288145814,0.016));
#11468=CARTESIAN_POINT('',(-0.0129161654294876,0.0170908276850241,0.017));
#11469=CARTESIAN_POINT('',(-0.0129161654294876,0.0170908276850241,0.017));
#11470=CARTESIAN_POINT('',(-0.0129161654294876,0.0170908276850241,0.017));
#11471=CARTESIAN_POINT('',(-0.0129161654294876,0.0175191155612992,0.017));
#11472=CARTESIAN_POINT('',(-0.0127476940415363,0.0178612288145814,0.017));
#11473=CARTESIAN_POINT('',(-0.0127476940415363,0.0178612288145814,0.017));
#11474=CARTESIAN_POINT('',(-0.0127476940415363,0.0178612288145814,0.017));
#11475=CARTESIAN_POINT('',(-0.0129161654294876,0.0170731618873106,0.017));
#11476=CARTESIAN_POINT('',(-0.0129161654294876,0.017055496089597,0.017));
#11477=CARTESIAN_POINT('',(-0.0129161654294876,0.017055496089597,0.017));
#11478=CARTESIAN_POINT('',(-0.0129161654294876,0.0170731618873106,0.017));
#11479=CARTESIAN_POINT('',(-0.0125481997893075,0.0159649562356208,0.017));
#11480=CARTESIAN_POINT('',(-0.0125481997893075,0.0159649562356208,0.016));
#11481=CARTESIAN_POINT('',(-0.0127935102160942,0.0162398532829684,0.017));
#11482=CARTESIAN_POINT('',(-0.0127935102160942,0.0162398532829684,0.016));
#11483=CARTESIAN_POINT('',(-0.0129161654294876,0.0166033665676271,0.017));
#11484=CARTESIAN_POINT('',(-0.0129161654294876,0.0166033665676271,0.016));
#11485=CARTESIAN_POINT('',(-0.0129161654294876,0.017055496089597,0.017));
#11486=CARTESIAN_POINT('',(-0.0129161654294876,0.017055496089597,0.016));
#11487=CARTESIAN_POINT('',(-0.0125481997893075,0.0159649562356208,0.017));
#11488=CARTESIAN_POINT('',(-0.0125481997893075,0.0159649562356208,0.017));
#11489=CARTESIAN_POINT('',(-0.0125481997893075,0.0159649562356208,0.017));
#11490=CARTESIAN_POINT('',(-0.0129161654294876,0.0163773018066422,0.017));
#11491=CARTESIAN_POINT('',(-0.0129161654294876,0.017055496089597,0.017));
#11492=CARTESIAN_POINT('',(-0.0115882144891657,0.0155526106645994,0.017));
#11493=CARTESIAN_POINT('',(-0.0115882144891657,0.0155526106645994,0.016));
#11494=CARTESIAN_POINT('',(-0.0119828942624736,0.0155526106645994,0.017));
#11495=CARTESIAN_POINT('',(-0.0119828942624736,0.0155526106645994,0.016));
#11496=CARTESIAN_POINT('',(-0.0123028893625208,0.0156900591882732,0.017));
#11497=CARTESIAN_POINT('',(-0.0123028893625208,0.0156900591882732,0.016));
#11498=CARTESIAN_POINT('',(-0.0125481997893075,0.0159649562356208,0.017));
#11499=CARTESIAN_POINT('',(-0.0125481997893075,0.0159649562356208,0.016));
#11500=CARTESIAN_POINT('',(-0.0115882144891657,0.0155526106645994,0.017));
#11501=CARTESIAN_POINT('',(-0.0115882144891657,0.0155526106645994,0.017));
#11502=CARTESIAN_POINT('',(-0.0115882144891657,0.0155526106645994,0.017));
#11503=CARTESIAN_POINT('',(-0.0121802341491275,0.0155526106645994,0.017));
#11504=CARTESIAN_POINT('',(-0.0125481997893075,0.0159649562356208,0.017));
#11505=CARTESIAN_POINT('',(-0.0108923544084973,0.015741333088954,0.017));
#11506=CARTESIAN_POINT('',(-0.0108923544084973,0.015741333088954,0.016));
#11507=CARTESIAN_POINT('',(-0.0110942902750442,0.0156155181393842,0.017));
#11508=CARTESIAN_POINT('',(-0.0110942902750442,0.0156155181393842,0.016));
#11509=CARTESIAN_POINT('',(-0.011326243635267,0.0155526106645994,0.017));
#11510=CARTESIAN_POINT('',(-0.011326243635267,0.0155526106645994,0.016));
#11511=CARTESIAN_POINT('',(-0.0115882144891657,0.0155526106645994,0.017));
#11512=CARTESIAN_POINT('',(-0.0115882144891657,0.0155526106645994,0.016));
#11513=CARTESIAN_POINT('',(-0.0108923544084973,0.015741333088954,0.017));
#11514=CARTESIAN_POINT('',(-0.0108923544084973,0.015741333088954,0.017));
#11515=CARTESIAN_POINT('',(-0.0108923544084973,0.015741333088954,0.017));
#11516=CARTESIAN_POINT('',(-0.0111952582083177,0.0155526106645994,0.017));
#11517=CARTESIAN_POINT('',(-0.0115882144891657,0.0155526106645994,0.017));
#11518=CARTESIAN_POINT('',(-0.0115507555744923,0.0167918040767027,0.017));
#11519=CARTESIAN_POINT('',(-0.0104261496981053,0.0162678600354411,0.017));
#11520=CARTESIAN_POINT('',(-0.0104261496981053,0.0162678600354411,0.017));
#11521=CARTESIAN_POINT('',(-0.0115507555744923,0.0167918040767027,0.017));
#11522=CARTESIAN_POINT('',(-0.0102628487875336,0.017031367195159,0.017));
#11523=CARTESIAN_POINT('',(-0.0102628487875336,0.017031367195159,0.016));
#11524=CARTESIAN_POINT('',(-0.0102628487875336,0.0167475654367687,0.017));
#11525=CARTESIAN_POINT('',(-0.0102628487875336,0.0167475654367687,0.016));
#11526=CARTESIAN_POINT('',(-0.0103172824243908,0.0164930630501961,0.017));
#11527=CARTESIAN_POINT('',(-0.0103172824243908,0.0164930630501961,0.016));
#11528=CARTESIAN_POINT('',(-0.0104261496981053,0.0162678600354411,0.017));
#11529=CARTESIAN_POINT('',(-0.0104261496981053,0.0162678600354411,0.016));
#11530=CARTESIAN_POINT('',(-0.0102628487875336,0.017031367195159,0.017));
#11531=CARTESIAN_POINT('',(-0.0102628487875336,0.017031367195159,0.017));
#11532=CARTESIAN_POINT('',(-0.0102628487875336,0.017031367195159,0.017));
#11533=CARTESIAN_POINT('',(-0.0102628487875336,0.0166056645575736,0.017));
#11534=CARTESIAN_POINT('',(-0.0104261496981053,0.0162678600354411,0.017));
#11535=CARTESIAN_POINT('',(-0.0102628487875336,0.0170490329928726,0.017));
#11536=CARTESIAN_POINT('',(-0.0102628487875336,0.0170666987905861,0.017));
#11537=CARTESIAN_POINT('',(-0.0102628487875336,0.0170666987905861,0.017));
#11538=CARTESIAN_POINT('',(-0.0102628487875336,0.0170490329928726,0.017));
#11539=CARTESIAN_POINT('',(-0.0106308144277136,0.0181628399950568,0.017));
#11540=CARTESIAN_POINT('',(-0.0106308144277136,0.0181628399950568,0.016));
#11541=CARTESIAN_POINT('',(-0.0103855040009269,0.0178882301964526,0.017));
#11542=CARTESIAN_POINT('',(-0.0103855040009269,0.0178882301964526,0.016));
#11543=CARTESIAN_POINT('',(-0.0102628487875336,0.0175228497949623,0.017));
#11544=CARTESIAN_POINT('',(-0.0102628487875336,0.0175228497949623,0.016));
#11545=CARTESIAN_POINT('',(-0.0102628487875336,0.0170666987905861,0.017));
#11546=CARTESIAN_POINT('',(-0.0102628487875336,0.0170666987905861,0.016));
#11547=CARTESIAN_POINT('',(-0.0106308144277136,0.0181628399950568,0.017));
#11548=CARTESIAN_POINT('',(-0.0106308144277136,0.0181628399950568,0.017));
#11549=CARTESIAN_POINT('',(-0.0106308144277136,0.0181628399950568,0.017));
#11550=CARTESIAN_POINT('',(-0.0102628487875336,0.0177509252971504,0.017));
#11551=CARTESIAN_POINT('',(-0.0102628487875336,0.0170666987905861,0.017));
#11552=CARTESIAN_POINT('',(-0.0115933849665453,0.0185747546929633,0.017));
#11553=CARTESIAN_POINT('',(-0.0115933849665453,0.0185747546929633,0.016));
#11554=CARTESIAN_POINT('',(-0.0111969817007775,0.0185747546929633,0.017));
#11555=CARTESIAN_POINT('',(-0.0111969817007775,0.0185747546929633,0.016));
#11556=CARTESIAN_POINT('',(-0.0108761248545003,0.0184374497936612,0.017));
#11557=CARTESIAN_POINT('',(-0.0108761248545003,0.0184374497936612,0.016));
#11558=CARTESIAN_POINT('',(-0.0106308144277136,0.0181628399950568,0.017));
#11559=CARTESIAN_POINT('',(-0.0106308144277136,0.0181628399950568,0.016));
#11560=CARTESIAN_POINT('',(-0.0115933849665453,0.0185747546929633,0.017));
#11561=CARTESIAN_POINT('',(-0.0115933849665453,0.0185747546929633,0.017));
#11562=CARTESIAN_POINT('',(-0.0115933849665453,0.0185747546929633,0.017));
#11563=CARTESIAN_POINT('',(-0.0109987800678937,0.0185747546929633,0.017));
#11564=CARTESIAN_POINT('',(-0.0106308144277136,0.0181628399950568,0.017));
#11565=CARTESIAN_POINT('',(-0.0116183477728742,0.0172979589753587,0.017));
#11566=CARTESIAN_POINT('',(-0.0122789040924545,0.0183890483804134,0.017));
#11567=CARTESIAN_POINT('',(-0.0122790709666861,0.0183893220130078,0.017));
#11568=CARTESIAN_POINT('',(-0.0116183477728742,0.0172979589753587,0.017));
#11569=CARTESIAN_POINT('',(-0.0116111218432613,0.0173271908088443,0.017));
#11570=CARTESIAN_POINT('',(-0.0116111218432613,0.0173271908088443,0.017));
#11571=CARTESIAN_POINT('',(-0.0121897133576567,0.0162532103495323,0.017));
#11572=CARTESIAN_POINT('',(-0.0121897133576567,0.0162532103495323,0.016));
#11573=CARTESIAN_POINT('',(-0.0120397695136489,0.0160573067065949,0.017));
#11574=CARTESIAN_POINT('',(-0.0120397695136489,0.0160573067065949,0.016));
#11575=CARTESIAN_POINT('',(-0.0118392698908186,0.0159593548851262,0.017));
#11576=CARTESIAN_POINT('',(-0.0118392698908186,0.0159593548851262,0.016));
#11577=CARTESIAN_POINT('',(-0.0115882144891657,0.0159593548851262,0.017));
#11578=CARTESIAN_POINT('',(-0.0115882144891657,0.0159593548851262,0.016));
#11579=CARTESIAN_POINT('',(-0.0121897133576567,0.0162532103495323,0.016));
#11580=CARTESIAN_POINT('',(-0.011964797591645,0.0159593548851262,0.016));
#11581=CARTESIAN_POINT('',(-0.0115882144891657,0.0159593548851262,0.016));
#11582=CARTESIAN_POINT('',(-0.0121897133576567,0.0162532103495323,0.017));
#11583=CARTESIAN_POINT('',(-0.011964797591645,0.0159593548851262,0.017));
#11584=CARTESIAN_POINT('',(-0.0115882144891657,0.0159593548851262,0.017));
#11585=CARTESIAN_POINT('',(0.,0.,0.017));
#11586=CARTESIAN_POINT('',(0.,0.,0.016));
#11587=CARTESIAN_POINT('',(-0.0141967203271633,0.0160136448976118,0.017));
#11588=CARTESIAN_POINT('',(-0.015048987348564,0.0160136448976118,0.017));
#11589=CARTESIAN_POINT('',(-0.015048987348564,0.0160136448976118,0.017));
#11590=CARTESIAN_POINT('',(-0.0141967203271633,0.0160136448976118,0.017));
#11591=CARTESIAN_POINT('',(-0.0133444533057627,0.0160136448976118,0.017));
#11592=CARTESIAN_POINT('',(-0.0133444533057627,0.0160136448976118,0.017));
#11593=CARTESIAN_POINT('',(-0.0142367915268551,0.0170908276850241,0.017));
#11594=CARTESIAN_POINT('',(-0.0134245957051462,0.0181680104724364,0.017));
#11595=CARTESIAN_POINT('',(-0.0134245957051462,0.0181680104724364,0.017));
#11596=CARTESIAN_POINT('',(-0.0142367915268551,0.0170908276850241,0.017));
#11597=CARTESIAN_POINT('',(-0.0134245957051462,0.0183442375764571,0.017));
#11598=CARTESIAN_POINT('',(-0.0134245957051462,0.0185204646804778,0.017));
#11599=CARTESIAN_POINT('',(-0.0134245957051462,0.0185204646804778,0.017));
#11600=CARTESIAN_POINT('',(-0.0134245957051462,0.0183442375764571,0.017));
#11601=CARTESIAN_POINT('',(-0.0145289234988013,0.0185204646804778,0.017));
#11602=CARTESIAN_POINT('',(-0.0156332512924564,0.0185204646804778,0.017));
#11603=CARTESIAN_POINT('',(-0.0156332512924564,0.0185204646804778,0.017));
#11604=CARTESIAN_POINT('',(-0.0145289234988013,0.0185204646804778,0.017));
#11605=CARTESIAN_POINT('',(-0.0156332512924564,0.0183145073315245,0.017));
#11606=CARTESIAN_POINT('',(-0.0156332512924564,0.0181085499825713,0.017));
#11607=CARTESIAN_POINT('',(-0.0156332512924564,0.0181085499825713,0.017));
#11608=CARTESIAN_POINT('',(-0.0156332512924564,0.0183145073315245,0.017));
#11609=CARTESIAN_POINT('',(-0.0148413065071509,0.0181085499825713,0.017));
#11610=CARTESIAN_POINT('',(-0.0140493617218453,0.0181085499825713,0.017));
#11611=CARTESIAN_POINT('',(-0.0140493617218453,0.0181085499825713,0.017));
#11612=CARTESIAN_POINT('',(-0.0148413065071509,0.0181085499825713,0.017));
#11613=CARTESIAN_POINT('',(-0.0148533709543699,0.0170408464036882,0.017));
#11614=CARTESIAN_POINT('',(-0.0156573801868944,0.0159731428248051,0.017));
#11615=CARTESIAN_POINT('',(-0.0156573801868944,0.0159731428248051,0.017));
#11616=CARTESIAN_POINT('',(-0.0148533709543699,0.0170408464036882,0.017));
#11617=CARTESIAN_POINT('',(-0.0156573801868944,0.015790021750945,0.017));
#11618=CARTESIAN_POINT('',(-0.0156573801868944,0.0156069006770849,0.017));
#11619=CARTESIAN_POINT('',(-0.0156573801868944,0.0156069006770849,0.017));
#11620=CARTESIAN_POINT('',(-0.0156573801868944,0.015790021750945,0.017));
#11621=CARTESIAN_POINT('',(-0.0145009167463286,0.0156069006770849,0.017));
#11622=CARTESIAN_POINT('',(-0.0133444533057627,0.0156069006770849,0.017));
#11623=CARTESIAN_POINT('',(-0.0133444533057627,0.0156069006770849,0.017));
#11624=CARTESIAN_POINT('',(-0.0145009167463286,0.0156069006770849,0.017));
#11625=CARTESIAN_POINT('',(-0.0133444533057627,0.0158102727873483,0.017));
#11626=CARTESIAN_POINT('',(-0.0133444533057627,0.0158102727873483,0.017));
#11627=CARTESIAN_POINT('',(0.,0.,0.017));
#11628=CARTESIAN_POINT('',(-0.0124828438880892,0.0345363691909976,0.017));
#11629=CARTESIAN_POINT('',(-0.0124828438880892,0.0345363691909976,0.016));
#11630=CARTESIAN_POINT('',(-0.0124828438880892,0.0354817747995387,0.017));
#11631=CARTESIAN_POINT('',(-0.0124828438880892,0.0354817747995387,0.016));
#11632=CARTESIAN_POINT('',(-0.0126727430369,0.0362074817005325,0.017));
#11633=CARTESIAN_POINT('',(-0.0126727430369,0.0362074817005325,0.016));
#11634=CARTESIAN_POINT('',(-0.0130525413345216,0.0367134898939791,0.017));
#11635=CARTESIAN_POINT('',(-0.0130525413345216,0.0367134898939791,0.016));
#11636=CARTESIAN_POINT('',(-0.0124828438880892,0.0345363691909976,0.016));
#11637=CARTESIAN_POINT('',(-0.0124828438880892,0.0359544776038092,0.016));
#11638=CARTESIAN_POINT('',(-0.0130525413345216,0.0367134898939791,0.016));
#11639=CARTESIAN_POINT('',(-0.0124828438880892,0.0345363691909976,0.016));
#11640=CARTESIAN_POINT('',(-0.0130525413345216,0.0367134898939791,0.016));
#11641=CARTESIAN_POINT('',(-0.0124828438880892,0.0345363691909976,0.017));
#11642=CARTESIAN_POINT('',(-0.0124828438880892,0.0345363691909976,0.017));
#11643=CARTESIAN_POINT('',(-0.0124828438880892,0.0345363691909976,0.017));
#11644=CARTESIAN_POINT('',(-0.0124828438880892,0.0359544776038092,0.017));
#11645=CARTESIAN_POINT('',(-0.0130525413345216,0.0367134898939791,0.017));
#11646=CARTESIAN_POINT('',(-0.0130525413345216,0.0367134898939791,0.017));
#11647=CARTESIAN_POINT('',(-0.0130525413345216,0.0367134898939791,0.017));
#11648=CARTESIAN_POINT('',(-0.0124828438880892,0.0342401265188528,0.017));
#11649=CARTESIAN_POINT('',(-0.0124828438880892,0.0342401265188528,0.016));
#11650=CARTESIAN_POINT('',(-0.0124828438880892,0.0339438838467079,0.016));
#11651=CARTESIAN_POINT('',(-0.0124828438880892,0.0339438838467079,0.017));
#11652=CARTESIAN_POINT('',(-0.0124828438880892,0.0339438838467079,0.017));
#11653=CARTESIAN_POINT('',(-0.0124828438880892,0.0342401265188528,0.017));
#11654=CARTESIAN_POINT('',(-0.0130578000801809,0.0318167212274906,0.017));
#11655=CARTESIAN_POINT('',(-0.0130578000801809,0.0318167212274906,0.016));
#11656=CARTESIAN_POINT('',(-0.0126850134434385,0.0323116276245451,0.017));
#11657=CARTESIAN_POINT('',(-0.0126850134434385,0.0323116276245451,0.016));
#11658=CARTESIAN_POINT('',(-0.012493361379408,0.0330206818309509,0.017));
#11659=CARTESIAN_POINT('',(-0.012493361379408,0.0330206818309509,0.016));
#11660=CARTESIAN_POINT('',(-0.0124828438880892,0.0339438838467079,0.017));
#11661=CARTESIAN_POINT('',(-0.0124828438880892,0.0339438838467079,0.016));
#11662=CARTESIAN_POINT('',(-0.0130578000801809,0.0318167212274906,0.016));
#11663=CARTESIAN_POINT('',(-0.0124986201250673,0.0325590808230724,0.016));
#11664=CARTESIAN_POINT('',(-0.0124828438880892,0.0339438838467079,0.016));
#11665=CARTESIAN_POINT('',(-0.0130578000801809,0.0318167212274906,0.016));
#11666=CARTESIAN_POINT('',(-0.0130578000801809,0.0318167212274906,0.017));
#11667=CARTESIAN_POINT('',(-0.0130578000801809,0.0318167212274906,0.017));
#11668=CARTESIAN_POINT('',(-0.0130578000801809,0.0318167212274906,0.017));
#11669=CARTESIAN_POINT('',(-0.0124986201250673,0.0325590808230724,0.017));
#11670=CARTESIAN_POINT('',(-0.0124828438880892,0.0339438838467079,0.017));
#11671=CARTESIAN_POINT('',(-0.0146354237779936,0.0310743616319087,0.017));
#11672=CARTESIAN_POINT('',(-0.0146354237779936,0.0310743616319087,0.016));
#11673=CARTESIAN_POINT('',(-0.0139564612828609,0.0310743616319087,0.017));
#11674=CARTESIAN_POINT('',(-0.0139564612828609,0.0310743616319087,0.016));
#11675=CARTESIAN_POINT('',(-0.0134305867169233,0.031321814830436,0.017));
#11676=CARTESIAN_POINT('',(-0.0134305867169233,0.031321814830436,0.016));
#11677=CARTESIAN_POINT('',(-0.0130578000801809,0.0318167212274906,0.017));
#11678=CARTESIAN_POINT('',(-0.0130578000801809,0.0318167212274906,0.016));
#11679=CARTESIAN_POINT('',(-0.0146354237779936,0.0310743616319087,0.016));
#11680=CARTESIAN_POINT('',(-0.0136169800352945,0.0310743616319087,0.016));
#11681=CARTESIAN_POINT('',(-0.0130578000801809,0.0318167212274906,0.016));
#11682=CARTESIAN_POINT('',(-0.0146354237779936,0.0310743616319087,0.016));
#11683=CARTESIAN_POINT('',(-0.0146354237779936,0.0310743616319087,0.017));
#11684=CARTESIAN_POINT('',(-0.0146354237779936,0.0310743616319087,0.017));
#11685=CARTESIAN_POINT('',(-0.0146354237779936,0.0310743616319087,0.017));
#11686=CARTESIAN_POINT('',(-0.0136169800352945,0.0310743616319087,0.017));
#11687=CARTESIAN_POINT('',(-0.0130578000801809,0.0318167212274906,0.017));
#11688=CARTESIAN_POINT('',(-0.0162261943399547,0.0318605441079853,0.017));
#11689=CARTESIAN_POINT('',(-0.0162261943399547,0.0318605441079853,0.016));
#11690=CARTESIAN_POINT('',(-0.0158411372966738,0.0313364224572676,0.017));
#11691=CARTESIAN_POINT('',(-0.0158411372966738,0.0313364224572676,0.016));
#11692=CARTESIAN_POINT('',(-0.0153108804426867,0.0310743616319087,0.017));
#11693=CARTESIAN_POINT('',(-0.0153108804426867,0.0310743616319087,0.016));
#11694=CARTESIAN_POINT('',(-0.0146354237779936,0.0310743616319087,0.017));
#11695=CARTESIAN_POINT('',(-0.0146354237779936,0.0310743616319087,0.016));
#11696=CARTESIAN_POINT('',(-0.0162261943399547,0.0318605441079853,0.016));
#11697=CARTESIAN_POINT('',(-0.0156486087750333,0.0310743616319087,0.016));
#11698=CARTESIAN_POINT('',(-0.0146354237779936,0.0310743616319087,0.016));
#11699=CARTESIAN_POINT('',(-0.0162261943399547,0.0318605441079853,0.016));
#11700=CARTESIAN_POINT('',(-0.0162261943399547,0.0318605441079853,0.017));
#11701=CARTESIAN_POINT('',(-0.0162261943399547,0.0318605441079853,0.017));
#11702=CARTESIAN_POINT('',(-0.0162261943399547,0.0318605441079853,0.017));
#11703=CARTESIAN_POINT('',(-0.0156486087750333,0.0310743616319087,0.017));
#11704=CARTESIAN_POINT('',(-0.0146354237779936,0.0310743616319087,0.017));
#11705=CARTESIAN_POINT('',(-0.0168037799048762,0.0340210121163788,0.017));
#11706=CARTESIAN_POINT('',(-0.0168037799048762,0.0340210121163788,0.016));
#11707=CARTESIAN_POINT('',(-0.0168037799048762,0.0331048217615009,0.017));
#11708=CARTESIAN_POINT('',(-0.0168037799048762,0.0331048217615009,0.016));
#11709=CARTESIAN_POINT('',(-0.0166112513832357,0.0323846657587031,0.017));
#11710=CARTESIAN_POINT('',(-0.0166112513832357,0.0323846657587031,0.016));
#11711=CARTESIAN_POINT('',(-0.0162261943399547,0.0318605441079853,0.017));
#11712=CARTESIAN_POINT('',(-0.0162261943399547,0.0318605441079853,0.016));
#11713=CARTESIAN_POINT('',(-0.0168037799048762,0.0340210121163788,0.016));
#11714=CARTESIAN_POINT('',(-0.0168037799048762,0.032646726584062,0.016));
#11715=CARTESIAN_POINT('',(-0.0162261943399547,0.0318605441079853,0.016));
#11716=CARTESIAN_POINT('',(-0.0168037799048762,0.0340210121163788,0.016));
#11717=CARTESIAN_POINT('',(-0.0168037799048762,0.0340210121163788,0.017));
#11718=CARTESIAN_POINT('',(-0.0168037799048762,0.0340210121163788,0.017));
#11719=CARTESIAN_POINT('',(-0.0168037799048762,0.0340210121163788,0.017));
#11720=CARTESIAN_POINT('',(-0.0168037799048762,0.032646726584062,0.017));
#11721=CARTESIAN_POINT('',(-0.0162261943399547,0.0318605441079853,0.017));
#11722=CARTESIAN_POINT('',(-0.0168037799048762,0.034314625415694,0.017));
#11723=CARTESIAN_POINT('',(-0.0168037799048762,0.034314625415694,0.016));
#11724=CARTESIAN_POINT('',(-0.0168037799048762,0.0346082387150091,0.016));
#11725=CARTESIAN_POINT('',(-0.0168037799048762,0.0346082387150091,0.017));
#11726=CARTESIAN_POINT('',(-0.0168037799048762,0.0346082387150091,0.017));
#11727=CARTESIAN_POINT('',(-0.0168037799048762,0.034314625415694,0.017));
#11728=CARTESIAN_POINT('',(-0.0162156768486359,0.0367134898939791,0.017));
#11729=CARTESIAN_POINT('',(-0.0162156768486359,0.0367134898939791,0.016));
#11730=CARTESIAN_POINT('',(-0.0165972280614773,0.0362074817005325,0.017));
#11731=CARTESIAN_POINT('',(-0.0165972280614773,0.0362074817005325,0.016));
#11732=CARTESIAN_POINT('',(-0.0167932624135574,0.0355057313075425,0.017));
#11733=CARTESIAN_POINT('',(-0.0167932624135574,0.0355057313075425,0.016));
#11734=CARTESIAN_POINT('',(-0.0168037799048762,0.0346082387150091,0.017));
#11735=CARTESIAN_POINT('',(-0.0168037799048762,0.0346082387150091,0.016));
#11736=CARTESIAN_POINT('',(-0.0162156768486359,0.0367134898939791,0.016));
#11737=CARTESIAN_POINT('',(-0.016788003667898,0.0359544776038092,0.016));
#11738=CARTESIAN_POINT('',(-0.0168037799048762,0.0346082387150091,0.016));
#11739=CARTESIAN_POINT('',(-0.0162156768486359,0.0367134898939791,0.016));
#11740=CARTESIAN_POINT('',(-0.0162156768486359,0.0367134898939791,0.017));
#11741=CARTESIAN_POINT('',(-0.0162156768486359,0.0367134898939791,0.017));
#11742=CARTESIAN_POINT('',(-0.0162156768486359,0.0367134898939791,0.017));
#11743=CARTESIAN_POINT('',(-0.016788003667898,0.0359544776038092,0.017));
#11744=CARTESIAN_POINT('',(-0.0168037799048762,0.0346082387150091,0.017));
#11745=CARTESIAN_POINT('',(-0.0146459412693124,0.037472502184149,0.017));
#11746=CARTESIAN_POINT('',(-0.0146459412693124,0.037472502184149,0.016));
#11747=CARTESIAN_POINT('',(-0.0153108804426868,0.037472502184149,0.017));
#11748=CARTESIAN_POINT('',(-0.0153108804426868,0.037472502184149,0.016));
#11749=CARTESIAN_POINT('',(-0.0158341256357946,0.0372194980874257,0.017));
#11750=CARTESIAN_POINT('',(-0.0158341256357946,0.0372194980874257,0.016));
#11751=CARTESIAN_POINT('',(-0.0162156768486359,0.0367134898939791,0.017));
#11752=CARTESIAN_POINT('',(-0.0162156768486359,0.0367134898939791,0.016));
#11753=CARTESIAN_POINT('',(-0.0146459412693124,0.037472502184149,0.016));
#11754=CARTESIAN_POINT('',(-0.0156433500293739,0.037472502184149,0.016));
#11755=CARTESIAN_POINT('',(-0.0162156768486359,0.0367134898939791,0.016));
#11756=CARTESIAN_POINT('',(-0.0146459412693124,0.037472502184149,0.016));
#11757=CARTESIAN_POINT('',(-0.0146459412693124,0.037472502184149,0.017));
#11758=CARTESIAN_POINT('',(-0.0146459412693124,0.037472502184149,0.017));
#11759=CARTESIAN_POINT('',(-0.0146459412693124,0.037472502184149,0.017));
#11760=CARTESIAN_POINT('',(-0.0156433500293739,0.037472502184149,0.017));
#11761=CARTESIAN_POINT('',(-0.0162156768486359,0.0367134898939791,0.017));
#11762=CARTESIAN_POINT('',(-0.0114363535018735,0.0340210121163788,0.017));
#11763=CARTESIAN_POINT('',(-0.0114363535018735,0.0340210121163788,0.016));
#11764=CARTESIAN_POINT('',(-0.0114363535018735,0.0332392119283516,0.017));
#11765=CARTESIAN_POINT('',(-0.0114363535018735,0.0332392119283516,0.016));
#11766=CARTESIAN_POINT('',(-0.0115678221433579,0.0325573279078526,0.017));
#11767=CARTESIAN_POINT('',(-0.0115678221433579,0.0325573279078526,0.016));
#11768=CARTESIAN_POINT('',(-0.0118307594263266,0.0319753600548817,0.017));
#11769=CARTESIAN_POINT('',(-0.0118307594263266,0.0319753600548817,0.016));
#11770=CARTESIAN_POINT('',(-0.0114363535018735,0.0340210121163788,0.017));
#11771=CARTESIAN_POINT('',(-0.0114363535018735,0.0340210121163788,0.017));
#11772=CARTESIAN_POINT('',(-0.0114363535018735,0.0340210121163788,0.017));
#11773=CARTESIAN_POINT('',(-0.0114363535018735,0.0328483118343381,0.017));
#11774=CARTESIAN_POINT('',(-0.0118307594263266,0.0319753600548817,0.017));
#11775=CARTESIAN_POINT('',(-0.0118307594263266,0.0319753600548817,0.017));
#11776=CARTESIAN_POINT('',(-0.0118307594263266,0.0319753600548817,0.017));
#11777=CARTESIAN_POINT('',(-0.0114363535018735,0.0342734319080288,0.017));
#11778=CARTESIAN_POINT('',(-0.0114363535018735,0.0345258516996788,0.017));
#11779=CARTESIAN_POINT('',(-0.0114363535018735,0.0345258516996788,0.017));
#11780=CARTESIAN_POINT('',(-0.0114363535018735,0.0342734319080288,0.017));
#11781=CARTESIAN_POINT('',(-0.0118307594263266,0.036570627303566,0.017));
#11782=CARTESIAN_POINT('',(-0.0118307594263266,0.036570627303566,0.016));
#11783=CARTESIAN_POINT('',(-0.0115678221433579,0.0359845693150823,0.017));
#11784=CARTESIAN_POINT('',(-0.0115678221433579,0.0359845693150823,0.016));
#11785=CARTESIAN_POINT('',(-0.0114363535018735,0.0353029774471199,0.017));
#11786=CARTESIAN_POINT('',(-0.0114363535018735,0.0353029774471199,0.016));
#11787=CARTESIAN_POINT('',(-0.0114363535018735,0.0345258516996788,0.017));
#11788=CARTESIAN_POINT('',(-0.0114363535018735,0.0345258516996788,0.016));
#11789=CARTESIAN_POINT('',(-0.0118307594263266,0.036570627303566,0.017));
#11790=CARTESIAN_POINT('',(-0.0118307594263266,0.036570627303566,0.017));
#11791=CARTESIAN_POINT('',(-0.0118307594263266,0.036570627303566,0.017));
#11792=CARTESIAN_POINT('',(-0.0114363535018735,0.0356915403208404,0.017));
#11793=CARTESIAN_POINT('',(-0.0114363535018735,0.0345258516996788,0.017));
#11794=CARTESIAN_POINT('',(-0.012956130997433,0.0379133603619266,0.017));
#11795=CARTESIAN_POINT('',(-0.012956130997433,0.0379133603619266,0.016));
#11796=CARTESIAN_POINT('',(-0.0124688205663309,0.03760426297817,0.017));
#11797=CARTESIAN_POINT('',(-0.0124688205663309,0.03760426297817,0.016));
#11798=CARTESIAN_POINT('',(-0.0120936967092954,0.0371566852920498,0.017));
#11799=CARTESIAN_POINT('',(-0.0120936967092954,0.0371566852920498,0.016));
#11800=CARTESIAN_POINT('',(-0.0118307594263266,0.036570627303566,0.017));
#11801=CARTESIAN_POINT('',(-0.0118307594263266,0.036570627303566,0.016));
#11802=CARTESIAN_POINT('',(-0.012956130997433,0.0379133603619266,0.017));
#11803=CARTESIAN_POINT('',(-0.012956130997433,0.0379133603619266,0.017));
#11804=CARTESIAN_POINT('',(-0.012956130997433,0.0379133603619266,0.017));
#11805=CARTESIAN_POINT('',(-0.0122251653507798,0.0374497142862916,0.017));
#11806=CARTESIAN_POINT('',(-0.0118307594263266,0.036570627303566,0.017));
#11807=CARTESIAN_POINT('',(-0.0146459412693124,0.0383770064375615,0.017));
#11808=CARTESIAN_POINT('',(-0.0146459412693124,0.0383770064375615,0.016));
#11809=CARTESIAN_POINT('',(-0.0140067115191616,0.0383770064375615,0.017));
#11810=CARTESIAN_POINT('',(-0.0140067115191616,0.0383770064375615,0.016));
#11811=CARTESIAN_POINT('',(-0.0134434414285352,0.0382224577456832,0.017));
#11812=CARTESIAN_POINT('',(-0.0134434414285352,0.0382224577456832,0.016));
#11813=CARTESIAN_POINT('',(-0.012956130997433,0.0379133603619266,0.017));
#11814=CARTESIAN_POINT('',(-0.012956130997433,0.0379133603619266,0.016));
#11815=CARTESIAN_POINT('',(-0.0146459412693124,0.0383770064375615,0.017));
#11816=CARTESIAN_POINT('',(-0.0146459412693124,0.0383770064375615,0.017));
#11817=CARTESIAN_POINT('',(-0.0146459412693124,0.0383770064375615,0.017));
#11818=CARTESIAN_POINT('',(-0.0136870966440862,0.0383770064375615,0.017));
#11819=CARTESIAN_POINT('',(-0.012956130997433,0.0379133603619266,0.017));
#11820=CARTESIAN_POINT('',(-0.0163199753042136,0.0379081016162673,0.017));
#11821=CARTESIAN_POINT('',(-0.0163199753042136,0.0379081016162673,0.016));
#11822=CARTESIAN_POINT('',(-0.0158326648731115,0.0382207048304634,0.017));
#11823=CARTESIAN_POINT('',(-0.0158326648731115,0.0382207048304634,0.016));
#11824=CARTESIAN_POINT('',(-0.0152746535281444,0.0383770064375615,0.017));
#11825=CARTESIAN_POINT('',(-0.0152746535281444,0.0383770064375615,0.016));
#11826=CARTESIAN_POINT('',(-0.0146459412693124,0.0383770064375615,0.017));
#11827=CARTESIAN_POINT('',(-0.0146459412693124,0.0383770064375615,0.016));
#11828=CARTESIAN_POINT('',(-0.0163199753042136,0.0379081016162673,0.017));
#11829=CARTESIAN_POINT('',(-0.0163199753042136,0.0379081016162673,0.017));
#11830=CARTESIAN_POINT('',(-0.0163199753042136,0.0379081016162673,0.017));
#11831=CARTESIAN_POINT('',(-0.0155890096575604,0.0383770064375615,0.017));
#11832=CARTESIAN_POINT('',(-0.0146459412693124,0.0383770064375615,0.017));
#11833=CARTESIAN_POINT('',(-0.0174506056209793,0.0365574804394176,0.017));
#11834=CARTESIAN_POINT('',(-0.0174506056209793,0.0365574804394176,0.016));
#11835=CARTESIAN_POINT('',(-0.017184162507571,0.0371452913431211,0.017));
#11836=CARTESIAN_POINT('',(-0.017184162507571,0.0371452913431211,0.016));
#11837=CARTESIAN_POINT('',(-0.0168072857353157,0.037595498402071,0.017));
#11838=CARTESIAN_POINT('',(-0.0168072857353157,0.037595498402071,0.016));
#11839=CARTESIAN_POINT('',(-0.0163199753042136,0.0379081016162673,0.017));
#11840=CARTESIAN_POINT('',(-0.0163199753042136,0.0379081016162673,0.016));
#11841=CARTESIAN_POINT('',(-0.0174506056209793,0.0365574804394176,0.017));
#11842=CARTESIAN_POINT('',(-0.0174506056209793,0.0365574804394176,0.017));
#11843=CARTESIAN_POINT('',(-0.0174506056209793,0.0365574804394176,0.017));
#11844=CARTESIAN_POINT('',(-0.0170509409508668,0.0374391967949729,0.017));
#11845=CARTESIAN_POINT('',(-0.0163199753042136,0.0379081016162673,0.017));
#11846=CARTESIAN_POINT('',(-0.0178502702910919,0.0345258516996788,0.017));
#11847=CARTESIAN_POINT('',(-0.0178502702910919,0.0345258516996788,0.016));
#11848=CARTESIAN_POINT('',(-0.0178502702910919,0.0352924599558012,0.017));
#11849=CARTESIAN_POINT('',(-0.0178502702910919,0.0352924599558012,0.016));
#11850=CARTESIAN_POINT('',(-0.0177170487343877,0.0359696695357141,0.017));
#11851=CARTESIAN_POINT('',(-0.0177170487343877,0.0359696695357141,0.016));
#11852=CARTESIAN_POINT('',(-0.0174506056209793,0.0365574804394176,0.017));
#11853=CARTESIAN_POINT('',(-0.0174506056209793,0.0365574804394176,0.016));
#11854=CARTESIAN_POINT('',(-0.0178502702910919,0.0345258516996788,0.017));
#11855=CARTESIAN_POINT('',(-0.0178502702910919,0.0345258516996788,0.017));
#11856=CARTESIAN_POINT('',(-0.0178502702910919,0.0345258516996788,0.017));
#11857=CARTESIAN_POINT('',(-0.0178502702910919,0.0356757640838623,0.017));
#11858=CARTESIAN_POINT('',(-0.0174506056209793,0.0365574804394176,0.017));
#11859=CARTESIAN_POINT('',(-0.0178502702910919,0.034238373603633,0.017));
#11860=CARTESIAN_POINT('',(-0.0178502702910919,0.0339508955075871,0.017));
#11861=CARTESIAN_POINT('',(-0.0178502702910919,0.0339508955075871,0.017));
#11862=CARTESIAN_POINT('',(-0.0178502702910919,0.034238373603633,0.017));
#11863=CARTESIAN_POINT('',(-0.0174374587568309,0.0319648425635629,0.017));
#11864=CARTESIAN_POINT('',(-0.0174374587568309,0.0319648425635629,0.016));
#11865=CARTESIAN_POINT('',(-0.017705654785459,0.0325362929252151,0.017));
#11866=CARTESIAN_POINT('',(-0.017705654785459,0.0325362929252151,0.016));
#11867=CARTESIAN_POINT('',(-0.0178432586302127,0.0331983105732231,0.017));
#11868=CARTESIAN_POINT('',(-0.0178432586302127,0.0331983105732231,0.016));
#11869=CARTESIAN_POINT('',(-0.0178502702910919,0.0339508955075871,0.017));
#11870=CARTESIAN_POINT('',(-0.0178502702910919,0.0339508955075871,0.016));
#11871=CARTESIAN_POINT('',(-0.0174374587568309,0.0319648425635629,0.017));
#11872=CARTESIAN_POINT('',(-0.0174374587568309,0.0319648425635629,0.017));
#11873=CARTESIAN_POINT('',(-0.0174374587568309,0.0319648425635629,0.017));
#11874=CARTESIAN_POINT('',(-0.0178397527997731,0.0328220181060411,0.017));
#11875=CARTESIAN_POINT('',(-0.0178502702910919,0.0339508955075871,0.017));
#11876=CARTESIAN_POINT('',(-0.0163059519824553,0.0306440209454498,0.017));
#11877=CARTESIAN_POINT('',(-0.0163059519824553,0.0306440209454498,0.016));
#11878=CARTESIAN_POINT('',(-0.0167920938034108,0.0309531183292064,0.017));
#11879=CARTESIAN_POINT('',(-0.0167920938034108,0.0309531183292064,0.016));
#11880=CARTESIAN_POINT('',(-0.0171692627282027,0.0313933922019108,0.017));
#11881=CARTESIAN_POINT('',(-0.0171692627282027,0.0313933922019108,0.016));
#11882=CARTESIAN_POINT('',(-0.0174374587568309,0.0319648425635629,0.017));
#11883=CARTESIAN_POINT('',(-0.0174374587568309,0.0319648425635629,0.016));
#11884=CARTESIAN_POINT('',(-0.0163059519824553,0.0306440209454498,0.017));
#11885=CARTESIAN_POINT('',(-0.0163059519824553,0.0306440209454498,0.017));
#11886=CARTESIAN_POINT('',(-0.0163059519824553,0.0306440209454498,0.017));
#11887=CARTESIAN_POINT('',(-0.0170351647138887,0.0311076670210847,0.017));
#11888=CARTESIAN_POINT('',(-0.0174374587568309,0.0319648425635629,0.017));
#11889=CARTESIAN_POINT('',(-0.0146354237779936,0.0301803748698148,0.017));
#11890=CARTESIAN_POINT('',(-0.0146354237779936,0.0301803748698148,0.016));
#11891=CARTESIAN_POINT('',(-0.0152629674266791,0.0301803748698149,0.017));
#11892=CARTESIAN_POINT('',(-0.0152629674266791,0.0301803748698149,0.016));
#11893=CARTESIAN_POINT('',(-0.0158198101614997,0.0303349235616932,0.017));
#11894=CARTESIAN_POINT('',(-0.0158198101614997,0.0303349235616932,0.016));
#11895=CARTESIAN_POINT('',(-0.0163059519824553,0.0306440209454498,0.017));
#11896=CARTESIAN_POINT('',(-0.0163059519824553,0.0306440209454498,0.016));
#11897=CARTESIAN_POINT('',(-0.0146354237779936,0.0301803748698148,0.017));
#11898=CARTESIAN_POINT('',(-0.0146354237779936,0.0301803748698148,0.017));
#11899=CARTESIAN_POINT('',(-0.0146354237779936,0.0301803748698148,0.017));
#11900=CARTESIAN_POINT('',(-0.0155767392510219,0.0301803748698148,0.017));
#11901=CARTESIAN_POINT('',(-0.0163059519824553,0.0306440209454498,0.017));
#11902=CARTESIAN_POINT('',(-0.012948242878944,0.0306413915726201,0.017));
#11903=CARTESIAN_POINT('',(-0.012948242878944,0.0306413915726201,0.016));
#11904=CARTESIAN_POINT('',(-0.0134302945643867,0.0303340471040833,0.017));
#11905=CARTESIAN_POINT('',(-0.0134302945643867,0.0303340471040833,0.016));
#11906=CARTESIAN_POINT('',(-0.0139926881974033,0.0301803748698149,0.017));
#11907=CARTESIAN_POINT('',(-0.0139926881974033,0.0301803748698149,0.016));
#11908=CARTESIAN_POINT('',(-0.0146354237779936,0.0301803748698148,0.017));
#11909=CARTESIAN_POINT('',(-0.0146354237779936,0.0301803748698148,0.016));
#11910=CARTESIAN_POINT('',(-0.012948242878944,0.0306413915726201,0.017));
#11911=CARTESIAN_POINT('',(-0.012948242878944,0.0306413915726201,0.017));
#11912=CARTESIAN_POINT('',(-0.012948242878944,0.0306413915726201,0.017));
#11913=CARTESIAN_POINT('',(-0.0136713204071081,0.0301803748698148,0.017));
#11914=CARTESIAN_POINT('',(-0.0146354237779936,0.0301803748698148,0.017));
#11915=CARTESIAN_POINT('',(-0.0118307594263266,0.0319753600548817,0.017));
#11916=CARTESIAN_POINT('',(-0.0118307594263266,0.0319753600548817,0.016));
#11917=CARTESIAN_POINT('',(-0.0120936967092954,0.0313933922019108,0.017));
#11918=CARTESIAN_POINT('',(-0.0120936967092954,0.0313933922019108,0.016));
#11919=CARTESIAN_POINT('',(-0.0124661911935012,0.0309487360411569,0.017));
#11920=CARTESIAN_POINT('',(-0.0124661911935012,0.0309487360411569,0.016));
#11921=CARTESIAN_POINT('',(-0.012948242878944,0.0306413915726201,0.017));
#11922=CARTESIAN_POINT('',(-0.012948242878944,0.0306413915726201,0.016));
#11923=CARTESIAN_POINT('',(-0.0118307594263266,0.0319753600548817,0.017));
#11924=CARTESIAN_POINT('',(-0.0122251653507798,0.0311024082754254,0.017));
#11925=CARTESIAN_POINT('',(-0.012948242878944,0.0306413915726201,0.017));
#11926=CARTESIAN_POINT('',(-0.0130525413345216,0.0367134898939791,0.017));
#11927=CARTESIAN_POINT('',(-0.0130525413345216,0.0367134898939791,0.016));
#11928=CARTESIAN_POINT('',(-0.0134323396321431,0.0372194980874257,0.017));
#11929=CARTESIAN_POINT('',(-0.0134323396321431,0.0372194980874257,0.016));
#11930=CARTESIAN_POINT('',(-0.0139634729437401,0.037472502184149,0.017));
#11931=CARTESIAN_POINT('',(-0.0139634729437401,0.037472502184149,0.016));
#11932=CARTESIAN_POINT('',(-0.0146459412693124,0.037472502184149,0.017));
#11933=CARTESIAN_POINT('',(-0.0146459412693124,0.037472502184149,0.016));
#11934=CARTESIAN_POINT('',(-0.0130525413345216,0.0367134898939791,0.016));
#11935=CARTESIAN_POINT('',(-0.0136222387809539,0.037472502184149,0.016));
#11936=CARTESIAN_POINT('',(-0.0146459412693124,0.037472502184149,0.016));
#11937=CARTESIAN_POINT('',(-0.0130525413345216,0.0367134898939791,0.017));
#11938=CARTESIAN_POINT('',(-0.0136222387809539,0.037472502184149,0.017));
#11939=CARTESIAN_POINT('',(-0.0146459412693124,0.037472502184149,0.017));
#11940=CARTESIAN_POINT('',(0.,0.,0.017));
#11941=CARTESIAN_POINT('',(0.,0.,0.016));
#11942=CARTESIAN_POINT('',(-0.00562982183631296,0.0374006326601375,0.017));
#11943=CARTESIAN_POINT('',(-0.00434756435303522,0.0374006326601375,0.017));
#11944=CARTESIAN_POINT('',(-0.00434756435303522,0.0374006326601375,0.017));
#11945=CARTESIAN_POINT('',(-0.00562982183631296,0.0374006326601375,0.017));
#11946=CARTESIAN_POINT('',(-0.0069120793195907,0.0374006326601375,0.017));
#11947=CARTESIAN_POINT('',(-0.0069120793195907,0.0374006326601375,0.017));
#11948=CARTESIAN_POINT('',(-0.00434756435303522,0.0378336027194261,0.017));
#11949=CARTESIAN_POINT('',(-0.00434756435303522,0.0382665727787147,0.017));
#11950=CARTESIAN_POINT('',(-0.00434756435303522,0.0382665727787147,0.017));
#11951=CARTESIAN_POINT('',(-0.00434756435303522,0.0378336027194261,0.017));
#11952=CARTESIAN_POINT('',(-0.00743181868225899,0.0382665727787147,0.017));
#11953=CARTESIAN_POINT('',(-0.0105160730114828,0.0382665727787147,0.017));
#11954=CARTESIAN_POINT('',(-0.0105160730114828,0.0382665727787147,0.017));
#11955=CARTESIAN_POINT('',(-0.00743181868225899,0.0382665727787147,0.017));
#11956=CARTESIAN_POINT('',(-0.0105160730114828,0.0378336027194261,0.017));
#11957=CARTESIAN_POINT('',(-0.0105160730114828,0.0374006326601375,0.017));
#11958=CARTESIAN_POINT('',(-0.0105160730114828,0.0374006326601375,0.017));
#11959=CARTESIAN_POINT('',(-0.0105160730114828,0.0378336027194261,0.017));
#11960=CARTESIAN_POINT('',(-0.0092364449010347,0.0374006326601375,0.017));
#11961=CARTESIAN_POINT('',(-0.00795681679058665,0.0374006326601375,0.017));
#11962=CARTESIAN_POINT('',(-0.00795681679058665,0.0374006326601375,0.017));
#11963=CARTESIAN_POINT('',(-0.0092364449010347,0.0374006326601375,0.017));
#11964=CARTESIAN_POINT('',(-0.00795681679058665,0.0338457205943996,0.017));
#11965=CARTESIAN_POINT('',(-0.00795681679058665,0.0302908085286617,0.017));
#11966=CARTESIAN_POINT('',(-0.00795681679058665,0.0302908085286617,0.017));
#11967=CARTESIAN_POINT('',(-0.00795681679058665,0.0338457205943996,0.017));
#11968=CARTESIAN_POINT('',(-0.00743444805508868,0.0302908085286617,0.017));
#11969=CARTESIAN_POINT('',(-0.0069120793195907,0.0302908085286617,0.017));
#11970=CARTESIAN_POINT('',(-0.0069120793195907,0.0302908085286617,0.017));
#11971=CARTESIAN_POINT('',(-0.00743444805508868,0.0302908085286617,0.017));
#11972=CARTESIAN_POINT('',(-0.0069120793195907,0.0338457205943996,0.017));
#11973=CARTESIAN_POINT('',(-0.0069120793195907,0.0338457205943996,0.017));
#11974=CARTESIAN_POINT('',(0.,0.,0.017));
#11975=CARTESIAN_POINT('',(-0.000384223041085839,0.033977189235884,0.017));
#11976=CARTESIAN_POINT('',(0.00134415136562893,0.033977189235884,0.017));
#11977=CARTESIAN_POINT('',(0.00134415136562893,0.033977189235884,0.017));
#11978=CARTESIAN_POINT('',(-0.000384223041085839,0.033977189235884,0.017));
#11979=CARTESIAN_POINT('',(-0.0021125974478006,0.033977189235884,0.017));
#11980=CARTESIAN_POINT('',(-0.0021125974478006,0.033977189235884,0.017));
#11981=CARTESIAN_POINT('',(0.00134415136562893,0.0344075299223429,0.017));
#11982=CARTESIAN_POINT('',(0.00134415136562893,0.0348378706088018,0.017));
#11983=CARTESIAN_POINT('',(0.00134415136562893,0.0348378706088018,0.017));
#11984=CARTESIAN_POINT('',(0.00134415136562893,0.0344075299223429,0.017));
#11985=CARTESIAN_POINT('',(-0.000384223041085839,0.0348378706088018,0.017));
#11986=CARTESIAN_POINT('',(-0.0021125974478006,0.0348378706088018,0.017));
#11987=CARTESIAN_POINT('',(-0.0021125974478006,0.0348378706088018,0.017));
#11988=CARTESIAN_POINT('',(-0.000384223041085839,0.0348378706088018,0.017));
#11989=CARTESIAN_POINT('',(-0.0021125974478006,0.0361192516344696,0.017));
#11990=CARTESIAN_POINT('',(-0.0021125974478006,0.0374006326601375,0.017));
#11991=CARTESIAN_POINT('',(-0.0021125974478006,0.0374006326601375,0.017));
#11992=CARTESIAN_POINT('',(-0.0021125974478006,0.0361192516344696,0.017));
#11993=CARTESIAN_POINT('',(-0.000131803249435812,0.0374006326601375,0.017));
#11994=CARTESIAN_POINT('',(0.00184899094892898,0.0374006326601375,0.017));
#11995=CARTESIAN_POINT('',(0.00184899094892898,0.0374006326601375,0.017));
#11996=CARTESIAN_POINT('',(-0.000131803249435812,0.0374006326601375,0.017));
#11997=CARTESIAN_POINT('',(0.00184899094892898,0.0378336027194261,0.017));
#11998=CARTESIAN_POINT('',(0.00184899094892898,0.0382665727787147,0.017));
#11999=CARTESIAN_POINT('',(0.00184899094892898,0.0382665727787147,0.017));
#12000=CARTESIAN_POINT('',(0.00184899094892898,0.0378336027194261,0.017));
#12001=CARTESIAN_POINT('',(-0.000657677815373368,0.0382665727787147,0.017));
#12002=CARTESIAN_POINT('',(-0.00316434657967572,0.0382665727787147,0.017));
#12003=CARTESIAN_POINT('',(-0.00316434657967572,0.0382665727787147,0.017));
#12004=CARTESIAN_POINT('',(-0.000657677815373368,0.0382665727787147,0.017));
#12005=CARTESIAN_POINT('',(-0.00316434657967572,0.0342786906536882,0.017));
#12006=CARTESIAN_POINT('',(-0.00316434657967572,0.0302908085286617,0.017));
#12007=CARTESIAN_POINT('',(-0.00316434657967572,0.0302908085286617,0.017));
#12008=CARTESIAN_POINT('',(-0.00316434657967572,0.0342786906536882,0.017));
#12009=CARTESIAN_POINT('',(-0.000630507629466594,0.0302908085286617,0.017));
#12010=CARTESIAN_POINT('',(0.00190333132074253,0.0302908085286617,0.017));
#12011=CARTESIAN_POINT('',(0.00190333132074253,0.0302908085286617,0.017));
#12012=CARTESIAN_POINT('',(-0.000630507629466594,0.0302908085286617,0.017));
#12013=CARTESIAN_POINT('',(0.00190333132074253,0.0307211492151207,0.017));
#12014=CARTESIAN_POINT('',(0.00190333132074253,0.0311514899015795,0.017));
#12015=CARTESIAN_POINT('',(0.00190333132074253,0.0311514899015795,0.017));
#12016=CARTESIAN_POINT('',(0.00190333132074253,0.0307211492151207,0.017));
#12017=CARTESIAN_POINT('',(-0.000104633063529038,0.0311514899015795,0.017));
#12018=CARTESIAN_POINT('',(-0.0021125974478006,0.0311514899015795,0.017));
#12019=CARTESIAN_POINT('',(-0.0021125974478006,0.0311514899015795,0.017));
#12020=CARTESIAN_POINT('',(-0.000104633063529038,0.0311514899015795,0.017));
#12021=CARTESIAN_POINT('',(-0.0021125974478006,0.0325643395687317,0.017));
#12022=CARTESIAN_POINT('',(-0.0021125974478006,0.0325643395687317,0.017));
#12023=CARTESIAN_POINT('',(0.,0.,0.017));
#12024=CARTESIAN_POINT('',(0.00520932942526997,0.0342734319080288,0.017));
#12025=CARTESIAN_POINT('',(0.00520932942526997,0.0342734319080288,0.016));
#12026=CARTESIAN_POINT('',(0.00426450812180216,0.0342734319080288,0.016));
#12027=CARTESIAN_POINT('',(0.00615415072873778,0.0342734319080288,0.016));
#12028=CARTESIAN_POINT('',(0.00426450812180216,0.0342734319080288,0.017));
#12029=CARTESIAN_POINT('',(0.00426450812180216,0.0342734319080288,0.017));
#12030=CARTESIAN_POINT('',(0.00520932942526997,0.0342734319080288,0.017));
#12031=CARTESIAN_POINT('',(0.00615415072873778,0.0342734319080288,0.017));
#12032=CARTESIAN_POINT('',(0.00615415072873778,0.0342734319080288,0.017));
#12033=CARTESIAN_POINT('',(0.00426450812180216,0.0358370322840832,0.017));
#12034=CARTESIAN_POINT('',(0.00426450812180216,0.0358370322840832,0.016));
#12035=CARTESIAN_POINT('',(0.00426450812180216,0.0374006326601375,0.016));
#12036=CARTESIAN_POINT('',(0.00426450812180216,0.0374006326601375,0.017));
#12037=CARTESIAN_POINT('',(0.00426450812180216,0.0374006326601375,0.017));
#12038=CARTESIAN_POINT('',(0.00426450812180216,0.0358370322840832,0.017));
#12039=CARTESIAN_POINT('',(0.00524000544161633,0.0374006326601375,0.017));
#12040=CARTESIAN_POINT('',(0.00524000544161633,0.0374006326601375,0.016));
#12041=CARTESIAN_POINT('',(0.00621550276143049,0.0374006326601375,0.016));
#12042=CARTESIAN_POINT('',(0.00621550276143049,0.0374006326601375,0.017));
#12043=CARTESIAN_POINT('',(0.00621550276143049,0.0374006326601375,0.017));
#12044=CARTESIAN_POINT('',(0.00524000544161633,0.0374006326601375,0.017));
#12045=CARTESIAN_POINT('',(0.00744780216094416,0.0369571451095301,0.017));
#12046=CARTESIAN_POINT('',(0.00744780216094416,0.0369571451095301,0.016));
#12047=CARTESIAN_POINT('',(0.00714863796343302,0.0372422859852829,0.017));
#12048=CARTESIAN_POINT('',(0.00714863796343302,0.0372422859852829,0.016));
#12049=CARTESIAN_POINT('',(0.00673787149692846,0.0373901151688187,0.017));
#12050=CARTESIAN_POINT('',(0.00673787149692846,0.0373901151688187,0.016));
#12051=CARTESIAN_POINT('',(0.00621550276143049,0.0374006326601375,0.017));
#12052=CARTESIAN_POINT('',(0.00621550276143049,0.0374006326601375,0.016));
#12053=CARTESIAN_POINT('',(0.00744780216094416,0.0369571451095301,0.016));
#12054=CARTESIAN_POINT('',(0.00699905586467745,0.0373848564231593,0.016));
#12055=CARTESIAN_POINT('',(0.00621550276143049,0.0374006326601375,0.016));
#12056=CARTESIAN_POINT('',(0.00744780216094416,0.0369571451095301,0.016));
#12057=CARTESIAN_POINT('',(0.00744780216094416,0.0369571451095301,0.017));
#12058=CARTESIAN_POINT('',(0.00744780216094416,0.0369571451095301,0.017));
#12059=CARTESIAN_POINT('',(0.00744780216094416,0.0369571451095301,0.017));
#12060=CARTESIAN_POINT('',(0.00699905586467745,0.0373848564231593,0.017));
#12061=CARTESIAN_POINT('',(0.00621550276143049,0.0374006326601375,0.017));
#12062=CARTESIAN_POINT('',(0.00789654845721088,0.0358177502166654,0.017));
#12063=CARTESIAN_POINT('',(0.00789654845721088,0.0358177502166654,0.016));
#12064=CARTESIAN_POINT('',(0.00789654845721088,0.0362922059361558,0.017));
#12065=CARTESIAN_POINT('',(0.00789654845721088,0.0362922059361558,0.016));
#12066=CARTESIAN_POINT('',(0.00774696635845531,0.0366720042337773,0.017));
#12067=CARTESIAN_POINT('',(0.00774696635845531,0.0366720042337773,0.016));
#12068=CARTESIAN_POINT('',(0.00744780216094416,0.0369571451095301,0.017));
#12069=CARTESIAN_POINT('',(0.00744780216094416,0.0369571451095301,0.016));
#12070=CARTESIAN_POINT('',(0.00789654845721088,0.0358177502166654,0.016));
#12071=CARTESIAN_POINT('',(0.00789654845721088,0.0365294337959009,0.016));
#12072=CARTESIAN_POINT('',(0.00744780216094416,0.0369571451095301,0.016));
#12073=CARTESIAN_POINT('',(0.00789654845721088,0.0358177502166654,0.016));
#12074=CARTESIAN_POINT('',(0.00789654845721088,0.0358177502166654,0.017));
#12075=CARTESIAN_POINT('',(0.00789654845721088,0.0358177502166654,0.017));
#12076=CARTESIAN_POINT('',(0.00789654845721088,0.0358177502166654,0.017));
#12077=CARTESIAN_POINT('',(0.00789654845721088,0.0365294337959009,0.017));
#12078=CARTESIAN_POINT('',(0.00744780216094416,0.0369571451095301,0.017));
#12079=CARTESIAN_POINT('',(0.00744780216094416,0.0346704672053117,0.017));
#12080=CARTESIAN_POINT('',(0.00744780216094416,0.0346704672053117,0.016));
#12081=CARTESIAN_POINT('',(0.00774696635845531,0.0349351574035003,0.017));
#12082=CARTESIAN_POINT('',(0.00774696635845531,0.0349351574035003,0.016));
#12083=CARTESIAN_POINT('',(0.00789654845721088,0.0353175850739515,0.017));
#12084=CARTESIAN_POINT('',(0.00789654845721088,0.0353175850739515,0.016));
#12085=CARTESIAN_POINT('',(0.00789654845721088,0.0358177502166654,0.017));
#12086=CARTESIAN_POINT('',(0.00789654845721088,0.0358177502166654,0.016));
#12087=CARTESIAN_POINT('',(0.00744780216094416,0.0346704672053117,0.016));
#12088=CARTESIAN_POINT('',(0.00789654845721088,0.0350675025025945,0.016));
#12089=CARTESIAN_POINT('',(0.00789654845721088,0.0358177502166654,0.016));
#12090=CARTESIAN_POINT('',(0.00744780216094416,0.0346704672053117,0.016));
#12091=CARTESIAN_POINT('',(0.00744780216094416,0.0346704672053117,0.017));
#12092=CARTESIAN_POINT('',(0.00744780216094416,0.0346704672053117,0.017));
#12093=CARTESIAN_POINT('',(0.00744780216094416,0.0346704672053117,0.017));
#12094=CARTESIAN_POINT('',(0.00789654845721088,0.0350675025025945,0.017));
#12095=CARTESIAN_POINT('',(0.00789654845721088,0.0358177502166654,0.017));
#12096=CARTESIAN_POINT('',(0.00426450812180216,0.0318517795318864,0.017));
#12097=CARTESIAN_POINT('',(0.00426450812180216,0.0334127505351111,0.017));
#12098=CARTESIAN_POINT('',(0.00426450812180216,0.0334127505351111,0.017));
#12099=CARTESIAN_POINT('',(0.00426450812180216,0.0318517795318864,0.017));
#12100=CARTESIAN_POINT('',(0.00426450812180216,0.0302908085286617,0.017));
#12101=CARTESIAN_POINT('',(0.00426450812180216,0.0302908085286617,0.017));
#12102=CARTESIAN_POINT('',(0.00520407067961059,0.0334127505351111,0.017));
#12103=CARTESIAN_POINT('',(0.00614363323741902,0.0334127505351111,0.017));
#12104=CARTESIAN_POINT('',(0.00614363323741902,0.0334127505351111,0.017));
#12105=CARTESIAN_POINT('',(0.00520407067961059,0.0334127505351111,0.017));
#12106=CARTESIAN_POINT('',(0.00822259068809217,0.0340402941837965,0.017));
#12107=CARTESIAN_POINT('',(0.00822259068809217,0.0340402941837965,0.016));
#12108=CARTESIAN_POINT('',(0.00773878608742962,0.0336219317513395,0.017));
#12109=CARTESIAN_POINT('',(0.00773878608742962,0.0336219317513395,0.016));
#12110=CARTESIAN_POINT('',(0.00704580027053857,0.0334127505351111,0.017));
#12111=CARTESIAN_POINT('',(0.00704580027053857,0.0334127505351111,0.016));
#12112=CARTESIAN_POINT('',(0.00614363323741902,0.0334127505351111,0.017));
#12113=CARTESIAN_POINT('',(0.00614363323741902,0.0334127505351111,0.016));
#12114=CARTESIAN_POINT('',(0.00822259068809217,0.0340402941837965,0.017));
#12115=CARTESIAN_POINT('',(0.00822259068809217,0.0340402941837965,0.017));
#12116=CARTESIAN_POINT('',(0.00822259068809217,0.0340402941837965,0.017));
#12117=CARTESIAN_POINT('',(0.00749688378709834,0.0334127505351111,0.017));
#12118=CARTESIAN_POINT('',(0.00614363323741902,0.0334127505351111,0.017));
#12119=CARTESIAN_POINT('',(0.008948297589086,0.0358282677079842,0.017));
#12120=CARTESIAN_POINT('',(0.008948297589086,0.0358282677079842,0.016));
#12121=CARTESIAN_POINT('',(0.008948297589086,0.0350546477909827,0.017));
#12122=CARTESIAN_POINT('',(0.008948297589086,0.0350546477909827,0.016));
#12123=CARTESIAN_POINT('',(0.00870639528875472,0.0344586566162535,0.017));
#12124=CARTESIAN_POINT('',(0.00870639528875472,0.0344586566162535,0.016));
#12125=CARTESIAN_POINT('',(0.00822259068809217,0.0340402941837965,0.017));
#12126=CARTESIAN_POINT('',(0.00822259068809217,0.0340402941837965,0.016));
#12127=CARTESIAN_POINT('',(0.008948297589086,0.0358282677079842,0.017));
#12128=CARTESIAN_POINT('',(0.008948297589086,0.0358282677079842,0.017));
#12129=CARTESIAN_POINT('',(0.008948297589086,0.0358282677079842,0.017));
#12130=CARTESIAN_POINT('',(0.008948297589086,0.034667837832482,0.017));
#12131=CARTESIAN_POINT('',(0.00822259068809217,0.0340402941837965,0.017));
#12132=CARTESIAN_POINT('',(0.00820593799350414,0.037598712079974,0.017));
#12133=CARTESIAN_POINT('',(0.00820593799350414,0.037598712079974,0.016));
#12134=CARTESIAN_POINT('',(0.00870084439055871,0.0371534716141468,0.017));
#12135=CARTESIAN_POINT('',(0.00870084439055871,0.0371534716141468,0.016));
#12136=CARTESIAN_POINT('',(0.008948297589086,0.0365633234901503,0.017));
#12137=CARTESIAN_POINT('',(0.008948297589086,0.0365633234901503,0.016));
#12138=CARTESIAN_POINT('',(0.008948297589086,0.0358282677079842,0.017));
#12139=CARTESIAN_POINT('',(0.008948297589086,0.0358282677079842,0.016));
#12140=CARTESIAN_POINT('',(0.00820593799350414,0.037598712079974,0.017));
#12141=CARTESIAN_POINT('',(0.00820593799350414,0.037598712079974,0.017));
#12142=CARTESIAN_POINT('',(0.00820593799350414,0.037598712079974,0.017));
#12143=CARTESIAN_POINT('',(0.008948297589086,0.0369308513812333,0.017));
#12144=CARTESIAN_POINT('',(0.008948297589086,0.0358282677079842,0.017));
#12145=CARTESIAN_POINT('',(0.00615415072873778,0.0382665727787147,0.017));
#12146=CARTESIAN_POINT('',(0.00615415072873778,0.0382665727787147,0.016));
#12147=CARTESIAN_POINT('',(0.00702710250819412,0.0382665727787147,0.017));
#12148=CARTESIAN_POINT('',(0.00702710250819412,0.0382665727787147,0.016));
#12149=CARTESIAN_POINT('',(0.00771103159644957,0.0380439525458011,0.017));
#12150=CARTESIAN_POINT('',(0.00771103159644957,0.0380439525458011,0.016));
#12151=CARTESIAN_POINT('',(0.00820593799350414,0.037598712079974,0.017));
#12152=CARTESIAN_POINT('',(0.00820593799350414,0.037598712079974,0.016));
#12153=CARTESIAN_POINT('',(0.00615415072873778,0.0382665727787147,0.017));
#12154=CARTESIAN_POINT('',(0.00615415072873778,0.0382665727787147,0.017));
#12155=CARTESIAN_POINT('',(0.00615415072873778,0.0382665727787147,0.017));
#12156=CARTESIAN_POINT('',(0.00746357839792229,0.0382665727787147,0.017));
#12157=CARTESIAN_POINT('',(0.00820593799350414,0.037598712079974,0.017));
#12158=CARTESIAN_POINT('',(0.00468345485933241,0.0382665727787147,0.017));
#12159=CARTESIAN_POINT('',(0.00321275898992704,0.0382665727787147,0.017));
#12160=CARTESIAN_POINT('',(0.00321275898992704,0.0382665727787147,0.017));
#12161=CARTESIAN_POINT('',(0.00468345485933241,0.0382665727787147,0.017));
#12162=CARTESIAN_POINT('',(0.00321275898992704,0.0342786906536882,0.017));
#12163=CARTESIAN_POINT('',(0.00321275898992704,0.0302908085286617,0.017));
#12164=CARTESIAN_POINT('',(0.00321275898992704,0.0302908085286617,0.017));
#12165=CARTESIAN_POINT('',(0.00321275898992704,0.0342786906536882,0.017));
#12166=CARTESIAN_POINT('',(0.0037386335558646,0.0302908085286617,0.017));
#12167=CARTESIAN_POINT('',(0.0037386335558646,0.0302908085286617,0.017));
#12168=CARTESIAN_POINT('',(0.00615415072873778,0.0342734319080288,0.017));
#12169=CARTESIAN_POINT('',(0.00615415072873778,0.0342734319080288,0.016));
#12170=CARTESIAN_POINT('',(0.00671742081936423,0.0342734319080288,0.017));
#12171=CARTESIAN_POINT('',(0.00671742081936423,0.0342734319080288,0.016));
#12172=CARTESIAN_POINT('',(0.00714863796343302,0.0344057770071231,0.017));
#12173=CARTESIAN_POINT('',(0.00714863796343302,0.0344057770071231,0.016));
#12174=CARTESIAN_POINT('',(0.00744780216094416,0.0346704672053117,0.017));
#12175=CARTESIAN_POINT('',(0.00744780216094416,0.0346704672053117,0.016));
#12176=CARTESIAN_POINT('',(0.00615415072873778,0.0342734319080288,0.016));
#12177=CARTESIAN_POINT('',(0.00699905586467745,0.0342734319080288,0.016));
#12178=CARTESIAN_POINT('',(0.00744780216094416,0.0346704672053117,0.016));
#12179=CARTESIAN_POINT('',(0.00615415072873778,0.0342734319080288,0.017));
#12180=CARTESIAN_POINT('',(0.00699905586467745,0.0342734319080288,0.017));
#12181=CARTESIAN_POINT('',(0.00744780216094416,0.0346704672053117,0.017));
#12182=CARTESIAN_POINT('',(0.,0.,0.017));
#12183=CARTESIAN_POINT('',(0.,0.,0.016));
#12184=CARTESIAN_POINT('',(0.0130282077631515,0.0332374590131318,0.017));
#12185=CARTESIAN_POINT('',(0.0130282077631515,0.0332374590131318,0.016));
#12186=CARTESIAN_POINT('',(0.0116723278406425,0.0332374590131318,0.016));
#12187=CARTESIAN_POINT('',(0.0143840876856605,0.0332374590131318,0.016));
#12188=CARTESIAN_POINT('',(0.0116723278406425,0.0332374590131318,0.017));
#12189=CARTESIAN_POINT('',(0.0116723278406425,0.0332374590131318,0.017));
#12190=CARTESIAN_POINT('',(0.0130282077631515,0.0332374590131318,0.017));
#12191=CARTESIAN_POINT('',(0.0143840876856605,0.0332374590131318,0.017));
#12192=CARTESIAN_POINT('',(0.0143840876856605,0.0332374590131318,0.017));
#12193=CARTESIAN_POINT('',(0.0123489531154822,0.0351025608069904,0.017));
#12194=CARTESIAN_POINT('',(0.0123489531154822,0.0351025608069904,0.016));
#12195=CARTESIAN_POINT('',(0.0130255783903218,0.0369676626008489,0.016));
#12196=CARTESIAN_POINT('',(0.0130255783903218,0.0369676626008489,0.017));
#12197=CARTESIAN_POINT('',(0.0130255783903218,0.0369676626008489,0.017));
#12198=CARTESIAN_POINT('',(0.0123489531154822,0.0351025608069904,0.017));
#12199=CARTESIAN_POINT('',(0.0130247019327119,0.0323732718097745,0.017));
#12200=CARTESIAN_POINT('',(0.0146961065947835,0.0323732718097745,0.017));
#12201=CARTESIAN_POINT('',(0.0146961065947835,0.0323732718097745,0.017));
#12202=CARTESIAN_POINT('',(0.0130247019327119,0.0323732718097745,0.017));
#12203=CARTESIAN_POINT('',(0.0113532972706404,0.0323732718097745,0.017));
#12204=CARTESIAN_POINT('',(0.0113532972706404,0.0323732718097745,0.017));
#12205=CARTESIAN_POINT('',(0.0150764891974783,0.0313320401692181,0.017));
#12206=CARTESIAN_POINT('',(0.0154568718001732,0.0302908085286617,0.017));
#12207=CARTESIAN_POINT('',(0.0154568718001732,0.0302908085286617,0.017));
#12208=CARTESIAN_POINT('',(0.0150764891974783,0.0313320401692181,0.017));
#12209=CARTESIAN_POINT('',(0.0159967696878691,0.0302908085286617,0.017));
#12210=CARTESIAN_POINT('',(0.016536667575565,0.0302908085286617,0.017));
#12211=CARTESIAN_POINT('',(0.016536667575565,0.0302908085286617,0.017));
#12212=CARTESIAN_POINT('',(0.0159967696878691,0.0302908085286617,0.017));
#12213=CARTESIAN_POINT('',(0.0150107548767361,0.0342786906536882,0.017));
#12214=CARTESIAN_POINT('',(0.0134848421779073,0.0382665727787147,0.017));
#12215=CARTESIAN_POINT('',(0.0134848421779073,0.0382665727787147,0.017));
#12216=CARTESIAN_POINT('',(0.0150107548767361,0.0342786906536882,0.017));
#12217=CARTESIAN_POINT('',(0.0130247019327119,0.0382665727787147,0.017));
#12218=CARTESIAN_POINT('',(0.0125645616875166,0.0382665727787147,0.017));
#12219=CARTESIAN_POINT('',(0.0125645616875166,0.0382665727787147,0.017));
#12220=CARTESIAN_POINT('',(0.0130247019327119,0.0382665727787147,0.017));
#12221=CARTESIAN_POINT('',(0.0110421548191274,0.0342786906536882,0.017));
#12222=CARTESIAN_POINT('',(0.00951974795073814,0.0302908085286617,0.017));
#12223=CARTESIAN_POINT('',(0.00951974795073814,0.0302908085286617,0.017));
#12224=CARTESIAN_POINT('',(0.0110421548191274,0.0342786906536882,0.017));
#12225=CARTESIAN_POINT('',(0.0100613987536538,0.0302908085286617,0.017));
#12226=CARTESIAN_POINT('',(0.0106030495565695,0.0302908085286617,0.017));
#12227=CARTESIAN_POINT('',(0.0106030495565695,0.0302908085286617,0.017));
#12228=CARTESIAN_POINT('',(0.0100613987536538,0.0302908085286617,0.017));
#12229=CARTESIAN_POINT('',(0.010978173413605,0.0313320401692181,0.017));
#12230=CARTESIAN_POINT('',(0.010978173413605,0.0313320401692181,0.017));
#12231=CARTESIAN_POINT('',(0.0137048330379912,0.0351025608069904,0.017));
#12232=CARTESIAN_POINT('',(0.0137048330379912,0.0351025608069904,0.016));
#12233=CARTESIAN_POINT('',(0.0137048330379912,0.0351025608069904,0.017));
#12234=CARTESIAN_POINT('',(0.,0.,0.017));
#12235=CARTESIAN_POINT('',(0.,0.,0.016));
#12236=CARTESIAN_POINT('',(0.0186612008219527,0.0342760612808585,0.017));
#12237=CARTESIAN_POINT('',(0.0186612008219527,0.0342760612808585,0.016));
#12238=CARTESIAN_POINT('',(0.0186612008219527,0.0374006326601375,0.016));
#12239=CARTESIAN_POINT('',(0.0186612008219527,0.0311514899015795,0.016));
#12240=CARTESIAN_POINT('',(0.0186612008219527,0.0374006326601375,0.017));
#12241=CARTESIAN_POINT('',(0.0186612008219527,0.0374006326601375,0.017));
#12242=CARTESIAN_POINT('',(0.0186612008219527,0.0342760612808585,0.017));
#12243=CARTESIAN_POINT('',(0.0186612008219527,0.0311514899015795,0.017));
#12244=CARTESIAN_POINT('',(0.0186612008219527,0.0311514899015795,0.017));
#12245=CARTESIAN_POINT('',(0.0192747211488798,0.0374006326601375,0.017));
#12246=CARTESIAN_POINT('',(0.0192747211488798,0.0374006326601375,0.016));
#12247=CARTESIAN_POINT('',(0.019888241475807,0.0374006326601375,0.016));
#12248=CARTESIAN_POINT('',(0.019888241475807,0.0374006326601375,0.017));
#12249=CARTESIAN_POINT('',(0.019888241475807,0.0374006326601375,0.017));
#12250=CARTESIAN_POINT('',(0.0192747211488798,0.0374006326601375,0.017));
#12251=CARTESIAN_POINT('',(0.0216990028978519,0.0366372380819182,0.017));
#12252=CARTESIAN_POINT('',(0.0216990028978519,0.0366372380819182,0.016));
#12253=CARTESIAN_POINT('',(0.0212736288045158,0.0371391561398519,0.017));
#12254=CARTESIAN_POINT('',(0.0212736288045158,0.0371391561398519,0.016));
#12255=CARTESIAN_POINT('',(0.0206700416638341,0.0373936209992583,0.017));
#12256=CARTESIAN_POINT('',(0.0206700416638341,0.0373936209992583,0.016));
#12257=CARTESIAN_POINT('',(0.019888241475807,0.0374006326601375,0.017));
#12258=CARTESIAN_POINT('',(0.019888241475807,0.0374006326601375,0.016));
#12259=CARTESIAN_POINT('',(0.0216990028978519,0.0366372380819182,0.016));
#12260=CARTESIAN_POINT('',(0.0210609417578477,0.0373901151688188,0.016));
#12261=CARTESIAN_POINT('',(0.019888241475807,0.0374006326601375,0.016));
#12262=CARTESIAN_POINT('',(0.0216990028978519,0.0366372380819182,0.016));
#12263=CARTESIAN_POINT('',(0.0216990028978519,0.0366372380819182,0.017));
#12264=CARTESIAN_POINT('',(0.0216990028978519,0.0366372380819182,0.017));
#12265=CARTESIAN_POINT('',(0.0216990028978519,0.0366372380819182,0.017));
#12266=CARTESIAN_POINT('',(0.0210609417578477,0.0373901151688188,0.017));
#12267=CARTESIAN_POINT('',(0.019888241475807,0.0374006326601375,0.017));
#12268=CARTESIAN_POINT('',(0.0223370640378561,0.0345258516996788,0.017));
#12269=CARTESIAN_POINT('',(0.0223370640378561,0.0345258516996788,0.016));
#12270=CARTESIAN_POINT('',(0.0223370640378561,0.035431524563238,0.017));
#12271=CARTESIAN_POINT('',(0.0223370640378561,0.035431524563238,0.016));
#12272=CARTESIAN_POINT('',(0.0221243769911881,0.0361353200239844,0.017));
#12273=CARTESIAN_POINT('',(0.0221243769911881,0.0361353200239844,0.016));
#12274=CARTESIAN_POINT('',(0.0216990028978519,0.0366372380819182,0.017));
#12275=CARTESIAN_POINT('',(0.0216990028978519,0.0366372380819182,0.016));
#12276=CARTESIAN_POINT('',(0.0223370640378561,0.0345258516996788,0.016));
#12277=CARTESIAN_POINT('',(0.0223370640378561,0.0358843609950176,0.016));
#12278=CARTESIAN_POINT('',(0.0216990028978519,0.0366372380819182,0.016));
#12279=CARTESIAN_POINT('',(0.0223370640378561,0.0345258516996788,0.016));
#12280=CARTESIAN_POINT('',(0.0223370640378561,0.0345258516996788,0.017));
#12281=CARTESIAN_POINT('',(0.0223370640378561,0.0345258516996788,0.017));
#12282=CARTESIAN_POINT('',(0.0223370640378561,0.0345258516996788,0.017));
#12283=CARTESIAN_POINT('',(0.0223370640378561,0.0358843609950176,0.017));
#12284=CARTESIAN_POINT('',(0.0216990028978519,0.0366372380819182,0.017));
#12285=CARTESIAN_POINT('',(0.0223370640378561,0.0342927139754466,0.017));
#12286=CARTESIAN_POINT('',(0.0223370640378561,0.0342927139754466,0.016));
#12287=CARTESIAN_POINT('',(0.0223370640378561,0.0340595762512142,0.016));
#12288=CARTESIAN_POINT('',(0.0223370640378561,0.0340595762512142,0.017));
#12289=CARTESIAN_POINT('',(0.0223370640378561,0.0340595762512142,0.017));
#12290=CARTESIAN_POINT('',(0.0223370640378561,0.0342927139754466,0.017));
#12291=CARTESIAN_POINT('',(0.0216604387630165,0.0319069963613098,0.017));
#12292=CARTESIAN_POINT('',(0.0216604387630165,0.0319069963613098,0.016));
#12293=CARTESIAN_POINT('',(0.0221115222795763,0.0324106673344633,0.017));
#12294=CARTESIAN_POINT('',(0.0221115222795763,0.0324106673344633,0.016));
#12295=CARTESIAN_POINT('',(0.0223370640378561,0.0331281939644315,0.017));
#12296=CARTESIAN_POINT('',(0.0223370640378561,0.0331281939644315,0.016));
#12297=CARTESIAN_POINT('',(0.0223370640378561,0.0340595762512142,0.017));
#12298=CARTESIAN_POINT('',(0.0223370640378561,0.0340595762512142,0.016));
#12299=CARTESIAN_POINT('',(0.0216604387630165,0.0319069963613098,0.016));
#12300=CARTESIAN_POINT('',(0.0223370640378561,0.0326625028210401,0.016));
#12301=CARTESIAN_POINT('',(0.0223370640378561,0.0340595762512142,0.016));
#12302=CARTESIAN_POINT('',(0.0216604387630165,0.0319069963613098,0.016));
#12303=CARTESIAN_POINT('',(0.0216604387630165,0.0319069963613098,0.017));
#12304=CARTESIAN_POINT('',(0.0216604387630165,0.0319069963613098,0.017));
#12305=CARTESIAN_POINT('',(0.0216604387630165,0.0319069963613098,0.017));
#12306=CARTESIAN_POINT('',(0.0223370640378561,0.0326625028210401,0.017));
#12307=CARTESIAN_POINT('',(0.0223370640378561,0.0340595762512142,0.017));
#12308=CARTESIAN_POINT('',(0.0197672903256413,0.0311514899015795,0.017));
#12309=CARTESIAN_POINT('',(0.0197672903256413,0.0311514899015795,0.016));
#12310=CARTESIAN_POINT('',(0.0205783057673317,0.0311514899015795,0.017));
#12311=CARTESIAN_POINT('',(0.0205783057673317,0.0311514899015795,0.016));
#12312=CARTESIAN_POINT('',(0.0212093552464567,0.0314033253881563,0.017));
#12313=CARTESIAN_POINT('',(0.0212093552464567,0.0314033253881563,0.016));
#12314=CARTESIAN_POINT('',(0.0216604387630165,0.0319069963613098,0.017));
#12315=CARTESIAN_POINT('',(0.0216604387630165,0.0319069963613098,0.016));
#12316=CARTESIAN_POINT('',(0.0197672903256413,0.0311514899015795,0.016));
#12317=CARTESIAN_POINT('',(0.0209838134881769,0.0311514899015795,0.016));
#12318=CARTESIAN_POINT('',(0.0216604387630165,0.0319069963613098,0.016));
#12319=CARTESIAN_POINT('',(0.0197672903256413,0.0311514899015795,0.016));
#12320=CARTESIAN_POINT('',(0.0197672903256413,0.0311514899015795,0.017));
#12321=CARTESIAN_POINT('',(0.0197672903256413,0.0311514899015795,0.017));
#12322=CARTESIAN_POINT('',(0.0197672903256413,0.0311514899015795,0.017));
#12323=CARTESIAN_POINT('',(0.0209838134881769,0.0311514899015795,0.017));
#12324=CARTESIAN_POINT('',(0.0216604387630165,0.0319069963613098,0.017));
#12325=CARTESIAN_POINT('',(0.0176094516900775,0.0342786906536882,0.017));
#12326=CARTESIAN_POINT('',(0.0176094516900775,0.0302908085286617,0.017));
#12327=CARTESIAN_POINT('',(0.0176094516900775,0.0302908085286617,0.017));
#12328=CARTESIAN_POINT('',(0.0176094516900775,0.0342786906536882,0.017));
#12329=CARTESIAN_POINT('',(0.0176094516900775,0.0382665727787147,0.017));
#12330=CARTESIAN_POINT('',(0.0176094516900775,0.0382665727787147,0.017));
#12331=CARTESIAN_POINT('',(0.0187137882785464,0.0302908085286617,0.017));
#12332=CARTESIAN_POINT('',(0.0198181248670153,0.0302908085286617,0.017));
#12333=CARTESIAN_POINT('',(0.0198181248670153,0.0302908085286617,0.017));
#12334=CARTESIAN_POINT('',(0.0187137882785464,0.0302908085286617,0.017));
#12335=CARTESIAN_POINT('',(0.0216990028978519,0.0307562075195165,0.017));
#12336=CARTESIAN_POINT('',(0.0216990028978519,0.0307562075195165,0.016));
#12337=CARTESIAN_POINT('',(0.0211602736203026,0.0304529531864925,0.017));
#12338=CARTESIAN_POINT('',(0.0211602736203026,0.0304529531864925,0.016));
#12339=CARTESIAN_POINT('',(0.0205333142766904,0.0302978201895409,0.017));
#12340=CARTESIAN_POINT('',(0.0205333142766904,0.0302978201895409,0.016));
#12341=CARTESIAN_POINT('',(0.0198181248670153,0.0302908085286617,0.017));
#12342=CARTESIAN_POINT('',(0.0198181248670153,0.0302908085286617,0.016));
#12343=CARTESIAN_POINT('',(0.0216990028978519,0.0307562075195165,0.017));
#12344=CARTESIAN_POINT('',(0.0216990028978519,0.0307562075195165,0.017));
#12345=CARTESIAN_POINT('',(0.0216990028978519,0.0307562075195165,0.017));
#12346=CARTESIAN_POINT('',(0.0208909089815279,0.0303013260199805,0.017));
#12347=CARTESIAN_POINT('',(0.0198181248670153,0.0302908085286617,0.017));
#12348=CARTESIAN_POINT('',(0.0229426962462943,0.0320603764430416,0.017));
#12349=CARTESIAN_POINT('',(0.0229426962462943,0.0320603764430416,0.016));
#12350=CARTESIAN_POINT('',(0.0226522966248821,0.0314941848270488,0.017));
#12351=CARTESIAN_POINT('',(0.0226522966248821,0.0314941848270488,0.016));
#12352=CARTESIAN_POINT('',(0.0222377321754013,0.0310594618525405,0.017));
#12353=CARTESIAN_POINT('',(0.0222377321754013,0.0310594618525405,0.016));
#12354=CARTESIAN_POINT('',(0.0216990028978519,0.0307562075195165,0.017));
#12355=CARTESIAN_POINT('',(0.0216990028978519,0.0307562075195165,0.016));
#12356=CARTESIAN_POINT('',(0.0229426962462943,0.0320603764430416,0.017));
#12357=CARTESIAN_POINT('',(0.0229426962462943,0.0320603764430416,0.017));
#12358=CARTESIAN_POINT('',(0.0229426962462943,0.0320603764430416,0.017));
#12359=CARTESIAN_POINT('',(0.022507096814176,0.0312110890190525,0.017));
#12360=CARTESIAN_POINT('',(0.0216990028978519,0.0307562075195165,0.017));
#12361=CARTESIAN_POINT('',(0.0233782956784126,0.0340385412685767,0.017));
#12362=CARTESIAN_POINT('',(0.0233782956784126,0.0340385412685767,0.016));
#12363=CARTESIAN_POINT('',(0.0233782956784126,0.0332859563342127,0.017));
#12364=CARTESIAN_POINT('',(0.0233782956784126,0.0332859563342127,0.016));
#12365=CARTESIAN_POINT('',(0.0232330958677065,0.0326265680590344,0.017));
#12366=CARTESIAN_POINT('',(0.0232330958677065,0.0326265680590344,0.016));
#12367=CARTESIAN_POINT('',(0.0229426962462943,0.0320603764430416,0.017));
#12368=CARTESIAN_POINT('',(0.0229426962462943,0.0320603764430416,0.016));
#12369=CARTESIAN_POINT('',(0.0233782956784126,0.0340385412685767,0.017));
#12370=CARTESIAN_POINT('',(0.0233782956784126,0.0340385412685767,0.017));
#12371=CARTESIAN_POINT('',(0.0233782956784126,0.0340385412685767,0.017));
#12372=CARTESIAN_POINT('',(0.0233782956784126,0.0329096638670308,0.017));
#12373=CARTESIAN_POINT('',(0.0229426962462943,0.0320603764430416,0.017));
#12374=CARTESIAN_POINT('',(0.0233782956784126,0.0342927139754466,0.017));
#12375=CARTESIAN_POINT('',(0.0233782956784126,0.0345468866823163,0.017));
#12376=CARTESIAN_POINT('',(0.0233782956784126,0.0345468866823163,0.017));
#12377=CARTESIAN_POINT('',(0.0233782956784126,0.0342927139754466,0.017));
#12378=CARTESIAN_POINT('',(0.0229374375006349,0.0364970048643348,0.017));
#12379=CARTESIAN_POINT('',(0.0229374375006349,0.0364970048643348,0.016));
#12380=CARTESIAN_POINT('',(0.0232278371220471,0.035930813248342,0.017));
#12381=CARTESIAN_POINT('',(0.0232278371220471,0.035930813248342,0.016));
#12382=CARTESIAN_POINT('',(0.0233747898479729,0.0352807738543359,0.017));
#12383=CARTESIAN_POINT('',(0.0233747898479729,0.0352807738543359,0.016));
#12384=CARTESIAN_POINT('',(0.0233782956784126,0.0345468866823163,0.017));
#12385=CARTESIAN_POINT('',(0.0233782956784126,0.0345468866823163,0.016));
#12386=CARTESIAN_POINT('',(0.0229374375006349,0.0364970048643348,0.017));
#12387=CARTESIAN_POINT('',(0.0229374375006349,0.0364970048643348,0.017));
#12388=CARTESIAN_POINT('',(0.0229374375006349,0.0364970048643348,0.017));
#12389=CARTESIAN_POINT('',(0.0233730369327532,0.0356477174403457,0.017));
#12390=CARTESIAN_POINT('',(0.0233782956784126,0.0345468866823163,0.017));
#12391=CARTESIAN_POINT('',(0.0217016322706817,0.0378064325335193,0.017));
#12392=CARTESIAN_POINT('',(0.0217016322706817,0.0378064325335193,0.016));
#12393=CARTESIAN_POINT('',(0.0222351028025716,0.0374996723700557,0.017));
#12394=CARTESIAN_POINT('',(0.0222351028025716,0.0374996723700557,0.016));
#12395=CARTESIAN_POINT('',(0.0226470378792227,0.0370631964803276,0.017));
#12396=CARTESIAN_POINT('',(0.0226470378792227,0.0370631964803276,0.016));
#12397=CARTESIAN_POINT('',(0.0229374375006349,0.0364970048643348,0.017));
#12398=CARTESIAN_POINT('',(0.0229374375006349,0.0364970048643348,0.016));
#12399=CARTESIAN_POINT('',(0.0217016322706817,0.0378064325335193,0.017));
#12400=CARTESIAN_POINT('',(0.0217016322706817,0.0378064325335193,0.017));
#12401=CARTESIAN_POINT('',(0.0217016322706817,0.0378064325335193,0.017));
#12402=CARTESIAN_POINT('',(0.0225018380685166,0.037346292288324,0.017));
#12403=CARTESIAN_POINT('',(0.0229374375006349,0.0364970048643348,0.017));
#12404=CARTESIAN_POINT('',(0.0198619477475101,0.0382665727787147,0.017));
#12405=CARTESIAN_POINT('',(0.0198619477475101,0.0382665727787147,0.016));
#12406=CARTESIAN_POINT('',(0.0205549335644011,0.0382665727787147,0.017));
#12407=CARTESIAN_POINT('',(0.0205549335644011,0.0382665727787147,0.016));
#12408=CARTESIAN_POINT('',(0.0211681617387916,0.0381131926969829,0.017));
#12409=CARTESIAN_POINT('',(0.0211681617387916,0.0381131926969829,0.016));
#12410=CARTESIAN_POINT('',(0.0217016322706817,0.0378064325335193,0.017));
#12411=CARTESIAN_POINT('',(0.0217016322706817,0.0378064325335193,0.016));
#12412=CARTESIAN_POINT('',(0.0198619477475101,0.0382665727787147,0.017));
#12413=CARTESIAN_POINT('',(0.0198619477475101,0.0382665727787147,0.017));
#12414=CARTESIAN_POINT('',(0.0198619477475101,0.0382665727787147,0.017));
#12415=CARTESIAN_POINT('',(0.0209014264728467,0.0382665727787147,0.017));
#12416=CARTESIAN_POINT('',(0.0217016322706817,0.0378064325335193,0.017));
#12417=CARTESIAN_POINT('',(0.0187356997187938,0.0382665727787147,0.017));
#12418=CARTESIAN_POINT('',(0.0187356997187938,0.0382665727787147,0.017));
#12419=CARTESIAN_POINT('',(0.019214245573797,0.0311514899015795,0.017));
#12420=CARTESIAN_POINT('',(0.019214245573797,0.0311514899015795,0.016));
#12421=CARTESIAN_POINT('',(0.019214245573797,0.0311514899015795,0.017));
#12422=CARTESIAN_POINT('',(0.,0.,0.017));
#12423=CARTESIAN_POINT('',(0.,0.,0.016));
#12424=CARTESIAN_POINT('',(-0.0206175914863706,0.0170882424463344,0.017));
#12425=CARTESIAN_POINT('',(-0.0206175914863706,0.0170882424463344,0.016));
#12426=CARTESIAN_POINT('',(-0.0206175914863706,0.0174271959634401,0.017));
#12427=CARTESIAN_POINT('',(-0.0206175914863706,0.0174271959634401,0.016));
#12428=CARTESIAN_POINT('',(-0.0206830841998453,0.0176891668173388,0.017));
#12429=CARTESIAN_POINT('',(-0.0206830841998453,0.0176891668173388,0.016));
#12430=CARTESIAN_POINT('',(-0.0208140696267947,0.0178741550080303,0.017));
#12431=CARTESIAN_POINT('',(-0.0208140696267947,0.0178741550080303,0.016));
#12432=CARTESIAN_POINT('',(-0.0206175914863706,0.0170882424463344,0.016));
#12433=CARTESIAN_POINT('',(-0.0206175914863706,0.017596672721993,0.016));
#12434=CARTESIAN_POINT('',(-0.0208140696267947,0.0178741550080303,0.016));
#12435=CARTESIAN_POINT('',(-0.0206175914863706,0.0170882424463344,0.016));
#12436=CARTESIAN_POINT('',(-0.0208140696267947,0.0178741550080303,0.016));
#12437=CARTESIAN_POINT('',(-0.0206175914863706,0.0170882424463344,0.017));
#12438=CARTESIAN_POINT('',(-0.0206175914863706,0.0170882424463344,0.017));
#12439=CARTESIAN_POINT('',(-0.0206175914863706,0.0170882424463344,0.017));
#12440=CARTESIAN_POINT('',(-0.0206175914863706,0.017596672721993,0.017));
#12441=CARTESIAN_POINT('',(-0.0208140696267947,0.0178741550080303,0.017));
#12442=CARTESIAN_POINT('',(-0.0208140696267947,0.0178741550080303,0.017));
#12443=CARTESIAN_POINT('',(-0.0208140696267947,0.0178741550080303,0.017));
#12444=CARTESIAN_POINT('',(-0.0208170857385994,0.0162532103495323,0.017));
#12445=CARTESIAN_POINT('',(-0.0208170857385994,0.0162532103495323,0.016));
#12446=CARTESIAN_POINT('',(-0.0206840895704469,0.0164381985402239,0.017));
#12447=CARTESIAN_POINT('',(-0.0206840895704469,0.0164381985402239,0.016));
#12448=CARTESIAN_POINT('',(-0.0206175914863706,0.0167165425724913,0.017));
#12449=CARTESIAN_POINT('',(-0.0206175914863706,0.0167165425724913,0.016));
#12450=CARTESIAN_POINT('',(-0.0206175914863706,0.0170882424463344,0.017));
#12451=CARTESIAN_POINT('',(-0.0206175914863706,0.0170882424463344,0.016));
#12452=CARTESIAN_POINT('',(-0.0208170857385994,0.0162532103495323,0.016));
#12453=CARTESIAN_POINT('',(-0.0206175914863706,0.0165306926355697,0.016));
#12454=CARTESIAN_POINT('',(-0.0206175914863706,0.0170882424463344,0.016));
#12455=CARTESIAN_POINT('',(-0.0208170857385994,0.0162532103495323,0.016));
#12456=CARTESIAN_POINT('',(-0.0208170857385994,0.0162532103495323,0.017));
#12457=CARTESIAN_POINT('',(-0.0208170857385994,0.0162532103495323,0.017));
#12458=CARTESIAN_POINT('',(-0.0208170857385994,0.0162532103495323,0.017));
#12459=CARTESIAN_POINT('',(-0.0206175914863706,0.0165306926355697,0.017));
#12460=CARTESIAN_POINT('',(-0.0206175914863706,0.0170882424463344,0.017));
#12461=CARTESIAN_POINT('',(-0.0213742046762491,0.0159757280634949,0.017));
#12462=CARTESIAN_POINT('',(-0.0213742046762491,0.0159757280634949,0.016));
#12463=CARTESIAN_POINT('',(-0.0211357882193018,0.0159757280634949,0.017));
#12464=CARTESIAN_POINT('',(-0.0211357882193018,0.0159757280634949,0.016));
#12465=CARTESIAN_POINT('',(-0.0209500819067519,0.0160682221588407,0.017));
#12466=CARTESIAN_POINT('',(-0.0209500819067519,0.0160682221588407,0.016));
#12467=CARTESIAN_POINT('',(-0.0208170857385994,0.0162532103495323,0.017));
#12468=CARTESIAN_POINT('',(-0.0208170857385994,0.0162532103495323,0.016));
#12469=CARTESIAN_POINT('',(-0.0213742046762491,0.0159757280634949,0.016));
#12470=CARTESIAN_POINT('',(-0.0210165799908282,0.0159757280634949,0.016));
#12471=CARTESIAN_POINT('',(-0.0208170857385994,0.0162532103495323,0.016));
#12472=CARTESIAN_POINT('',(-0.0213742046762491,0.0159757280634949,0.016));
#12473=CARTESIAN_POINT('',(-0.0213742046762491,0.0159757280634949,0.017));
#12474=CARTESIAN_POINT('',(-0.0213742046762491,0.0159757280634949,0.017));
#12475=CARTESIAN_POINT('',(-0.0213742046762491,0.0159757280634949,0.017));
#12476=CARTESIAN_POINT('',(-0.0210165799908282,0.0159757280634949,0.017));
#12477=CARTESIAN_POINT('',(-0.0208170857385994,0.0162532103495323,0.017));
#12478=CARTESIAN_POINT('',(-0.022087730554631,0.0164333153115876,0.017));
#12479=CARTESIAN_POINT('',(-0.022087730554631,0.0164333153115876,0.016));
#12480=CARTESIAN_POINT('',(-0.0219354887206767,0.0161282571461925,0.017));
#12481=CARTESIAN_POINT('',(-0.0219354887206767,0.0161282571461925,0.016));
#12482=CARTESIAN_POINT('',(-0.021697646761216,0.0159757280634949,0.017));
#12483=CARTESIAN_POINT('',(-0.021697646761216,0.0159757280634949,0.016));
#12484=CARTESIAN_POINT('',(-0.0213742046762491,0.0159757280634949,0.017));
#12485=CARTESIAN_POINT('',(-0.0213742046762491,0.0159757280634949,0.016));
#12486=CARTESIAN_POINT('',(-0.022087730554631,0.0164333153115876,0.016));
#12487=CARTESIAN_POINT('',(-0.0218593678036996,0.0159757280634949,0.016));
#12488=CARTESIAN_POINT('',(-0.0213742046762491,0.0159757280634949,0.016));
#12489=CARTESIAN_POINT('',(-0.022087730554631,0.0164333153115876,0.016));
#12490=CARTESIAN_POINT('',(-0.022087730554631,0.0164333153115876,0.017));
#12491=CARTESIAN_POINT('',(-0.022087730554631,0.0164333153115876,0.017));
#12492=CARTESIAN_POINT('',(-0.022087730554631,0.0164333153115876,0.017));
#12493=CARTESIAN_POINT('',(-0.0218593678036996,0.0159757280634949,0.017));
#12494=CARTESIAN_POINT('',(-0.0213742046762491,0.0159757280634949,0.017));
#12495=CARTESIAN_POINT('',(-0.022087730554631,0.0170636826787814,0.017));
#12496=CARTESIAN_POINT('',(-0.022087730554631,0.0170636826787814,0.016));
#12497=CARTESIAN_POINT('',(-0.022087730554631,0.017694050045975,0.016));
#12498=CARTESIAN_POINT('',(-0.022087730554631,0.017694050045975,0.017));
#12499=CARTESIAN_POINT('',(-0.022087730554631,0.017694050045975,0.017));
#12500=CARTESIAN_POINT('',(-0.022087730554631,0.0170636826787814,0.017));
#12501=CARTESIAN_POINT('',(-0.0213793751536287,0.0181516372940678,0.017));
#12502=CARTESIAN_POINT('',(-0.0213793751536287,0.0181516372940678,0.016));
#12503=CARTESIAN_POINT('',(-0.0217079877159752,0.0181516372940678,0.017));
#12504=CARTESIAN_POINT('',(-0.0217079877159752,0.0181516372940678,0.016));
#12505=CARTESIAN_POINT('',(-0.021944106182976,0.0179991082113702,0.017));
#12506=CARTESIAN_POINT('',(-0.021944106182976,0.0179991082113702,0.016));
#12507=CARTESIAN_POINT('',(-0.022087730554631,0.017694050045975,0.017));
#12508=CARTESIAN_POINT('',(-0.022087730554631,0.017694050045975,0.016));
#12509=CARTESIAN_POINT('',(-0.0213793751536287,0.0181516372940678,0.016));
#12510=CARTESIAN_POINT('',(-0.0218722939971485,0.0181516372940678,0.016));
#12511=CARTESIAN_POINT('',(-0.022087730554631,0.017694050045975,0.016));
#12512=CARTESIAN_POINT('',(-0.0213793751536287,0.0181516372940678,0.016));
#12513=CARTESIAN_POINT('',(-0.0213793751536287,0.0181516372940678,0.017));
#12514=CARTESIAN_POINT('',(-0.0213793751536287,0.0181516372940678,0.017));
#12515=CARTESIAN_POINT('',(-0.0213793751536287,0.0181516372940678,0.017));
#12516=CARTESIAN_POINT('',(-0.0218722939971485,0.0181516372940678,0.017));
#12517=CARTESIAN_POINT('',(-0.022087730554631,0.017694050045975,0.017));
#12518=CARTESIAN_POINT('',(-0.0201195021654712,0.017031367195159,0.017));
#12519=CARTESIAN_POINT('',(-0.0201195021654712,0.017031367195159,0.016));
#12520=CARTESIAN_POINT('',(-0.0201195021654712,0.0165861316430286,0.017));
#12521=CARTESIAN_POINT('',(-0.0201195021654712,0.0165861316430286,0.016));
#12522=CARTESIAN_POINT('',(-0.0202217627180896,0.016228363333236,0.017));
#12523=CARTESIAN_POINT('',(-0.0202217627180896,0.016228363333236,0.016));
#12524=CARTESIAN_POINT('',(-0.0204262838233262,0.0159580622657814,0.017));
#12525=CARTESIAN_POINT('',(-0.0204262838233262,0.0159580622657814,0.016));
#12526=CARTESIAN_POINT('',(-0.0201195021654712,0.017031367195159,0.017));
#12527=CARTESIAN_POINT('',(-0.0201195021654712,0.017031367195159,0.017));
#12528=CARTESIAN_POINT('',(-0.0201195021654712,0.017031367195159,0.017));
#12529=CARTESIAN_POINT('',(-0.0201195021654712,0.0163635138669634,0.017));
#12530=CARTESIAN_POINT('',(-0.0204262838233262,0.0159580622657814,0.017));
#12531=CARTESIAN_POINT('',(-0.0204262838233262,0.0159580622657814,0.017));
#12532=CARTESIAN_POINT('',(-0.0204262838233262,0.0159580622657814,0.017));
#12533=CARTESIAN_POINT('',(-0.0201195021654712,0.0170529108509072,0.017));
#12534=CARTESIAN_POINT('',(-0.0201195021654712,0.0170744545066554,0.017));
#12535=CARTESIAN_POINT('',(-0.0201195021654712,0.0170744545066554,0.017));
#12536=CARTESIAN_POINT('',(-0.0201195021654712,0.0170529108509072,0.017));
#12537=CARTESIAN_POINT('',(-0.0204224059652915,0.018173611822931,0.017));
#12538=CARTESIAN_POINT('',(-0.0204224059652915,0.018173611822931,0.016));
#12539=CARTESIAN_POINT('',(-0.0202204700987447,0.0179061832429094,0.017));
#12540=CARTESIAN_POINT('',(-0.0202204700987447,0.0179061832429094,0.016));
#12541=CARTESIAN_POINT('',(-0.0201195021654712,0.0175397974708176,0.017));
#12542=CARTESIAN_POINT('',(-0.0201195021654712,0.0175397974708176,0.016));
#12543=CARTESIAN_POINT('',(-0.0201195021654712,0.0170744545066554,0.017));
#12544=CARTESIAN_POINT('',(-0.0201195021654712,0.0170744545066554,0.016));
#12545=CARTESIAN_POINT('',(-0.0204224059652915,0.018173611822931,0.017));
#12546=CARTESIAN_POINT('',(-0.0204224059652915,0.018173611822931,0.017));
#12547=CARTESIAN_POINT('',(-0.0204224059652915,0.018173611822931,0.017));
#12548=CARTESIAN_POINT('',(-0.0201195021654712,0.0177724689528986,0.017));
#12549=CARTESIAN_POINT('',(-0.0201195021654712,0.0170744545066554,0.017));
#12550=CARTESIAN_POINT('',(-0.0212557145696337,0.0185747546929633,0.017));
#12551=CARTESIAN_POINT('',(-0.0212557145696337,0.0185747546929633,0.016));
#12552=CARTESIAN_POINT('',(-0.0209021113666192,0.0185747546929633,0.017));
#12553=CARTESIAN_POINT('',(-0.0209021113666192,0.0185747546929633,0.016));
#12554=CARTESIAN_POINT('',(-0.0206243418318385,0.0184410404029526,0.017));
#12555=CARTESIAN_POINT('',(-0.0206243418318385,0.0184410404029526,0.016));
#12556=CARTESIAN_POINT('',(-0.0204224059652915,0.018173611822931,0.017));
#12557=CARTESIAN_POINT('',(-0.0204224059652915,0.018173611822931,0.016));
#12558=CARTESIAN_POINT('',(-0.0212557145696337,0.0185747546929633,0.017));
#12559=CARTESIAN_POINT('',(-0.0212557145696337,0.0185747546929633,0.017));
#12560=CARTESIAN_POINT('',(-0.0212557145696337,0.0185747546929633,0.017));
#12561=CARTESIAN_POINT('',(-0.0207253097651119,0.0185747546929633,0.017));
#12562=CARTESIAN_POINT('',(-0.0204224059652915,0.018173611822931,0.017));
#12563=CARTESIAN_POINT('',(-0.022087730554631,0.0181998950829439,0.017));
#12564=CARTESIAN_POINT('',(-0.022087730554631,0.0181998950829439,0.016));
#12565=CARTESIAN_POINT('',(-0.021886656434314,0.0184498014896235,0.017));
#12566=CARTESIAN_POINT('',(-0.021886656434314,0.0184498014896235,0.016));
#12567=CARTESIAN_POINT('',(-0.0216093177726483,0.0185747546929633,0.017));
#12568=CARTESIAN_POINT('',(-0.0216093177726483,0.0185747546929633,0.016));
#12569=CARTESIAN_POINT('',(-0.0212557145696337,0.0185747546929633,0.017));
#12570=CARTESIAN_POINT('',(-0.0212557145696337,0.0185747546929633,0.016));
#12571=CARTESIAN_POINT('',(-0.022087730554631,0.0181998950829439,0.017));
#12572=CARTESIAN_POINT('',(-0.022087730554631,0.0181998950829439,0.017));
#12573=CARTESIAN_POINT('',(-0.022087730554631,0.0181998950829439,0.017));
#12574=CARTESIAN_POINT('',(-0.0217861193741555,0.0185747546929633,0.017));
#12575=CARTESIAN_POINT('',(-0.0212557145696337,0.0185747546929633,0.017));
#12576=CARTESIAN_POINT('',(-0.022087730554631,0.018971588831846,0.017));
#12577=CARTESIAN_POINT('',(-0.022087730554631,0.0197432825807482,0.017));
#12578=CARTESIAN_POINT('',(-0.022087730554631,0.0197432825807482,0.017));
#12579=CARTESIAN_POINT('',(-0.022087730554631,0.018971588831846,0.017));
#12580=CARTESIAN_POINT('',(-0.0223367752150807,0.0197432825807482,0.017));
#12581=CARTESIAN_POINT('',(-0.0225858198755305,0.0197432825807482,0.017));
#12582=CARTESIAN_POINT('',(-0.0225858198755305,0.0197432825807482,0.017));
#12583=CARTESIAN_POINT('',(-0.0223367752150807,0.0197432825807482,0.017));
#12584=CARTESIAN_POINT('',(-0.0225858198755305,0.0176750916289166,0.017));
#12585=CARTESIAN_POINT('',(-0.0225858198755305,0.0156069006770849,0.017));
#12586=CARTESIAN_POINT('',(-0.0225858198755305,0.0156069006770849,0.017));
#12587=CARTESIAN_POINT('',(-0.0225858198755305,0.0176750916289166,0.017));
#12588=CARTESIAN_POINT('',(-0.0223570262514841,0.0156069006770849,0.017));
#12589=CARTESIAN_POINT('',(-0.0221282326274377,0.0156069006770849,0.017));
#12590=CARTESIAN_POINT('',(-0.0221282326274377,0.0156069006770849,0.017));
#12591=CARTESIAN_POINT('',(-0.0223570262514841,0.0156069006770849,0.017));
#12592=CARTESIAN_POINT('',(-0.0221161681802187,0.0157753720650362,0.017));
#12593=CARTESIAN_POINT('',(-0.0221041037329997,0.0159438434529875,0.017));
#12594=CARTESIAN_POINT('',(-0.0221041037329997,0.0159438434529875,0.017));
#12595=CARTESIAN_POINT('',(-0.0221161681802187,0.0157753720650362,0.017));
#12596=CARTESIAN_POINT('',(-0.0212501132191392,0.0155526106645994,0.017));
#12597=CARTESIAN_POINT('',(-0.0212501132191392,0.0155526106645994,0.016));
#12598=CARTESIAN_POINT('',(-0.0216183661080625,0.0155526106645994,0.017));
#12599=CARTESIAN_POINT('',(-0.0216183661080625,0.0155526106645994,0.016));
#12600=CARTESIAN_POINT('',(-0.0219030296126827,0.0156830215940621,0.017));
#12601=CARTESIAN_POINT('',(-0.0219030296126827,0.0156830215940621,0.016));
#12602=CARTESIAN_POINT('',(-0.0221041037329997,0.0159438434529875,0.017));
#12603=CARTESIAN_POINT('',(-0.0221041037329997,0.0159438434529875,0.016));
#12604=CARTESIAN_POINT('',(-0.0212501132191392,0.0155526106645994,0.017));
#12605=CARTESIAN_POINT('',(-0.0212501132191392,0.0155526106645994,0.017));
#12606=CARTESIAN_POINT('',(-0.0212501132191392,0.0155526106645994,0.017));
#12607=CARTESIAN_POINT('',(-0.0218024925525242,0.0155526106645994,0.017));
#12608=CARTESIAN_POINT('',(-0.0221041037329997,0.0159438434529875,0.017));
#12609=CARTESIAN_POINT('',(-0.0204262838233262,0.0159580622657814,0.017));
#12610=CARTESIAN_POINT('',(-0.0204262838233262,0.0159580622657814,0.016));
#12611=CARTESIAN_POINT('',(-0.0206308049285629,0.0156877611983267,0.017));
#12612=CARTESIAN_POINT('',(-0.0206308049285629,0.0156877611983267,0.016));
#12613=CARTESIAN_POINT('',(-0.0209054147271672,0.0155526106645994,0.017));
#12614=CARTESIAN_POINT('',(-0.0209054147271672,0.0155526106645994,0.016));
#12615=CARTESIAN_POINT('',(-0.0212501132191392,0.0155526106645994,0.017));
#12616=CARTESIAN_POINT('',(-0.0212501132191392,0.0155526106645994,0.016));
#12617=CARTESIAN_POINT('',(-0.0204262838233262,0.0159580622657814,0.017));
#12618=CARTESIAN_POINT('',(-0.0207330654811812,0.0155526106645994,0.017));
#12619=CARTESIAN_POINT('',(-0.0212501132191392,0.0155526106645994,0.017));
#12620=CARTESIAN_POINT('',(-0.0208140696267947,0.0178741550080303,0.017));
#12621=CARTESIAN_POINT('',(-0.0208140696267947,0.0178741550080303,0.016));
#12622=CARTESIAN_POINT('',(-0.020945055053744,0.018059143198722,0.017));
#12623=CARTESIAN_POINT('',(-0.020945055053744,0.018059143198722,0.016));
#12624=CARTESIAN_POINT('',(-0.0211334902293553,0.0181516372940678,0.017));
#12625=CARTESIAN_POINT('',(-0.0211334902293553,0.0181516372940678,0.016));
#12626=CARTESIAN_POINT('',(-0.0213793751536287,0.0181516372940678,0.017));
#12627=CARTESIAN_POINT('',(-0.0213793751536287,0.0181516372940678,0.016));
#12628=CARTESIAN_POINT('',(-0.0208140696267947,0.0178741550080303,0.016));
#12629=CARTESIAN_POINT('',(-0.0210105477672187,0.0181516372940678,0.016));
#12630=CARTESIAN_POINT('',(-0.0213793751536287,0.0181516372940678,0.016));
#12631=CARTESIAN_POINT('',(-0.0208140696267947,0.0178741550080303,0.017));
#12632=CARTESIAN_POINT('',(-0.0210105477672187,0.0181516372940678,0.017));
#12633=CARTESIAN_POINT('',(-0.0213793751536287,0.0181516372940678,0.017));
#12634=CARTESIAN_POINT('',(0.,0.,0.017));
#12635=CARTESIAN_POINT('',(0.,0.,0.016));
#12636=CARTESIAN_POINT('',(-0.0181991006920726,0.0174286322071566,0.017));
#12637=CARTESIAN_POINT('',(-0.0185381978335499,0.0163367997338355,0.017));
#12638=CARTESIAN_POINT('',(-0.0185381978335499,0.0163367997338355,0.017));
#12639=CARTESIAN_POINT('',(-0.0181991006920726,0.0174286322071566,0.017));
#12640=CARTESIAN_POINT('',(-0.0178600035505951,0.0185204646804778,0.017));
#12641=CARTESIAN_POINT('',(-0.0178600035505951,0.0185204646804778,0.017));
#12642=CARTESIAN_POINT('',(-0.0189018547425804,0.0174286322071566,0.017));
#12643=CARTESIAN_POINT('',(-0.0192655116516107,0.0185204646804778,0.017));
#12644=CARTESIAN_POINT('',(-0.0192655116516107,0.0185204646804778,0.017));
#12645=CARTESIAN_POINT('',(-0.0189018547425804,0.0174286322071566,0.017));
#12646=CARTESIAN_POINT('',(-0.0195373925871536,0.0185204646804778,0.017));
#12647=CARTESIAN_POINT('',(-0.0198092735226965,0.0185204646804778,0.017));
#12648=CARTESIAN_POINT('',(-0.0198092735226965,0.0185204646804778,0.017));
#12649=CARTESIAN_POINT('',(-0.0195373925871536,0.0185204646804778,0.017));
#12650=CARTESIAN_POINT('',(-0.0192896405460487,0.01708005585715,0.017));
#12651=CARTESIAN_POINT('',(-0.018770007569401,0.0156396470338223,0.017));
#12652=CARTESIAN_POINT('',(-0.018770007569401,0.0156396470338223,0.017));
#12653=CARTESIAN_POINT('',(-0.0192896405460487,0.01708005585715,0.017));
#12654=CARTESIAN_POINT('',(-0.0188251593281165,0.0154914266822743,0.017));
#12655=CARTESIAN_POINT('',(-0.0188803110868321,0.0153432063307264,0.017));
#12656=CARTESIAN_POINT('',(-0.0188803110868321,0.0153432063307264,0.017));
#12657=CARTESIAN_POINT('',(-0.0188251593281165,0.0154914266822743,0.017));
#12658=CARTESIAN_POINT('',(-0.0191129825689131,0.0149687775938219,0.017));
#12659=CARTESIAN_POINT('',(-0.0191129825689131,0.0149687775938219,0.016));
#12660=CARTESIAN_POINT('',(-0.0190187649811075,0.0150368555459863,0.017));
#12661=CARTESIAN_POINT('',(-0.0190187649811075,0.0150368555459863,0.016));
#12662=CARTESIAN_POINT('',(-0.0189412078204138,0.0151616651249545,0.017));
#12663=CARTESIAN_POINT('',(-0.0189412078204138,0.0151616651249545,0.016));
#12664=CARTESIAN_POINT('',(-0.0188803110868321,0.0153432063307264,0.017));
#12665=CARTESIAN_POINT('',(-0.0188803110868321,0.0153432063307264,0.016));
#12666=CARTESIAN_POINT('',(-0.0191129825689131,0.0149687775938219,0.017));
#12667=CARTESIAN_POINT('',(-0.0191129825689131,0.0149687775938219,0.017));
#12668=CARTESIAN_POINT('',(-0.0191129825689131,0.0149687775938219,0.017));
#12669=CARTESIAN_POINT('',(-0.0189716561872047,0.0150708945220685,0.017));
#12670=CARTESIAN_POINT('',(-0.0188803110868321,0.0153432063307264,0.017));
#12671=CARTESIAN_POINT('',(-0.019507662342221,0.0148666606655752,0.017));
#12672=CARTESIAN_POINT('',(-0.019507662342221,0.0148666606655752,0.016));
#12673=CARTESIAN_POINT('',(-0.0193387600811548,0.0148666606655752,0.017));
#12674=CARTESIAN_POINT('',(-0.0193387600811548,0.0148666606655752,0.016));
#12675=CARTESIAN_POINT('',(-0.0192072001567188,0.0149006996416574,0.017));
#12676=CARTESIAN_POINT('',(-0.0192072001567188,0.0149006996416574,0.016));
#12677=CARTESIAN_POINT('',(-0.0191129825689131,0.0149687775938219,0.017));
#12678=CARTESIAN_POINT('',(-0.0191129825689131,0.0149687775938219,0.016));
#12679=CARTESIAN_POINT('',(-0.019507662342221,0.0148666606655752,0.017));
#12680=CARTESIAN_POINT('',(-0.019507662342221,0.0148666606655752,0.017));
#12681=CARTESIAN_POINT('',(-0.019507662342221,0.0148666606655752,0.017));
#12682=CARTESIAN_POINT('',(-0.0192543089506216,0.0148666606655752,0.017));
#12683=CARTESIAN_POINT('',(-0.0191129825689131,0.0149687775938219,0.017));
#12684=CARTESIAN_POINT('',(-0.0195748785481555,0.0148718311429548,0.017));
#12685=CARTESIAN_POINT('',(-0.01964209475409,0.0148770016203343,0.017));
#12686=CARTESIAN_POINT('',(-0.01964209475409,0.0148770016203343,0.017));
#12687=CARTESIAN_POINT('',(-0.0195748785481555,0.0148718311429548,0.017));
#12688=CARTESIAN_POINT('',(-0.01964209475409,0.0146749221294158,0.017));
#12689=CARTESIAN_POINT('',(-0.01964209475409,0.0144728426384972,0.017));
#12690=CARTESIAN_POINT('',(-0.01964209475409,0.0144728426384972,0.017));
#12691=CARTESIAN_POINT('',(-0.01964209475409,0.0146749221294158,0.017));
#12692=CARTESIAN_POINT('',(-0.0195494570343726,0.0144556077138986,0.017));
#12693=CARTESIAN_POINT('',(-0.0194568193146552,0.0144383727893,0.017));
#12694=CARTESIAN_POINT('',(-0.0194568193146552,0.0144383727893,0.017));
#12695=CARTESIAN_POINT('',(-0.0195494570343726,0.0144556077138986,0.017));
#12696=CARTESIAN_POINT('',(-0.019409423272009,0.0144340640581504,0.017));
#12697=CARTESIAN_POINT('',(-0.0193620272293629,0.0144297553270007,0.017));
#12698=CARTESIAN_POINT('',(-0.0193620272293629,0.0144297553270007,0.017));
#12699=CARTESIAN_POINT('',(-0.019409423272009,0.0144340640581504,0.017));
#12700=CARTESIAN_POINT('',(-0.0184976957607432,0.0151570691450616,0.017));
#12701=CARTESIAN_POINT('',(-0.0184976957607432,0.0151570691450616,0.016));
#12702=CARTESIAN_POINT('',(-0.0186792369665151,0.0146721932663543,0.017));
#12703=CARTESIAN_POINT('',(-0.0186792369665151,0.0146721932663543,0.016));
#12704=CARTESIAN_POINT('',(-0.018967347456055,0.0144297553270007,0.017));
#12705=CARTESIAN_POINT('',(-0.018967347456055,0.0144297553270007,0.016));
#12706=CARTESIAN_POINT('',(-0.0193620272293629,0.0144297553270007,0.017));
#12707=CARTESIAN_POINT('',(-0.0193620272293629,0.0144297553270007,0.016));
#12708=CARTESIAN_POINT('',(-0.0184976957607432,0.0151570691450616,0.017));
#12709=CARTESIAN_POINT('',(-0.0184976957607432,0.0151570691450616,0.017));
#12710=CARTESIAN_POINT('',(-0.0184976957607432,0.0151570691450616,0.017));
#12711=CARTESIAN_POINT('',(-0.018770007569401,0.0144297553270007,0.017));
#12712=CARTESIAN_POINT('',(-0.0193620272293629,0.0144297553270007,0.017));
#12713=CARTESIAN_POINT('',(-0.0179121391975059,0.0168387669127696,0.017));
#12714=CARTESIAN_POINT('',(-0.0173265826342686,0.0185204646804778,0.017));
#12715=CARTESIAN_POINT('',(-0.0173265826342686,0.0185204646804778,0.017));
#12716=CARTESIAN_POINT('',(-0.0179121391975059,0.0168387669127696,0.017));
#12717=CARTESIAN_POINT('',(-0.0175932930924318,0.0185204646804778,0.017));
#12718=CARTESIAN_POINT('',(-0.0175932930924318,0.0185204646804778,0.017));
#12719=CARTESIAN_POINT('',(0.,0.,0.017));
#12720=CARTESIAN_POINT('',(0.,0.,0.));
#12721=CARTESIAN_POINT('',(0.,0.,0.));
#12722=CARTESIAN_POINT('',(0.,-0.0421,0.));
#12723=CARTESIAN_POINT('',(-0.03881078166916,-0.0421,0.));
#12724=CARTESIAN_POINT('',(-0.039675,-0.0421,0.));
#12725=CARTESIAN_POINT('',(-0.039675,0.0421,0.));
#12726=CARTESIAN_POINT('',(-0.039675,-0.0412357816691601,0.));
#12727=CARTESIAN_POINT('',(-0.037675,-0.0401,0.));
#12728=CARTESIAN_POINT('',(0.,0.,0.));
#12729=CARTESIAN_POINT('',(-0.037675,-0.0401,0.));
#12730=CARTESIAN_POINT('',(-0.03653921833084,-0.0421,0.));
#12731=CARTESIAN_POINT('',(-0.039675,-0.0389642183308399,0.));
#12732=CARTESIAN_POINT('',(-0.039675,0.0421,0.));
#12733=CARTESIAN_POINT('',(-0.039675,0.0389642183308399,0.));
#12734=CARTESIAN_POINT('',(-0.037675,0.0401,0.));
#12735=CARTESIAN_POINT('',(-0.03653921833084,0.0421,0.));
#12736=CARTESIAN_POINT('',(0.041675,0.0421,0.));
#12737=CARTESIAN_POINT('',(0.03653921833084,0.0421,0.));
#12738=CARTESIAN_POINT('',(0.037675,0.0401,0.));
#12739=CARTESIAN_POINT('',(0.039675,0.0389642183308399,0.));
#12740=CARTESIAN_POINT('',(0.039675,0.,0.));
#12741=CARTESIAN_POINT('',(0.039675,-0.0389642183308399,0.));
#12742=CARTESIAN_POINT('',(0.037675,-0.0401,0.));
#12743=CARTESIAN_POINT('',(0.03653921833084,-0.0421,0.));
#12744=CARTESIAN_POINT('',(0.,-0.0421,0.));
#12745=CARTESIAN_POINT('',(0.,0.,0.));
#12746=CARTESIAN_POINT('',(-0.037675,0.0401,0.));
#12747=CARTESIAN_POINT('',(-0.03881078166916,0.0421,0.));
#12748=CARTESIAN_POINT('',(-0.039675,0.0412357816691601,0.));
#12749=CARTESIAN_POINT('',(-0.039675,0.0421,0.));
#12750=CARTESIAN_POINT('',(-0.039675,0.0421,0.));
#12751=CARTESIAN_POINT('',(0.041675,0.0421,0.));
#12752=CARTESIAN_POINT('',(0.,0.,0.));
#12753=CARTESIAN_POINT('',(0.039675,0.,0.));
#12754=CARTESIAN_POINT('',(0.039675,-0.0412357816691601,0.));
#12755=CARTESIAN_POINT('',(0.039675,-0.0421,0.));
#12756=CARTESIAN_POINT('',(0.,-0.0421,0.));
#12757=CARTESIAN_POINT('',(0.03881078166916,-0.0421,0.));
#12758=CARTESIAN_POINT('',(0.037675,-0.0401,0.));
#12759=CARTESIAN_POINT('',(0.,0.,0.005));
#12760=CARTESIAN_POINT('',(0.037675,0.0401,0.005));
#12761=CARTESIAN_POINT('',(0.039375,0.0401,0.005));
#12762=CARTESIAN_POINT('',(0.037675,0.0401,0.005));
#12763=CARTESIAN_POINT('',(0.039975,0.0401,0.005));
#12764=CARTESIAN_POINT('',(0.,0.,0.005));
#12765=CARTESIAN_POINT('',(0.037675,-0.0401,0.005));
#12766=CARTESIAN_POINT('',(0.039375,-0.0401,0.005));
#12767=CARTESIAN_POINT('',(0.037675,-0.0401,0.005));
#12768=CARTESIAN_POINT('',(0.039975,-0.0401,0.005));
#12769=CARTESIAN_POINT('',(0.,0.,0.005));
#12770=CARTESIAN_POINT('',(-0.037675,0.0401,0.005));
#12771=CARTESIAN_POINT('',(-0.035975,0.0401,0.005));
#12772=CARTESIAN_POINT('',(-0.037675,0.0401,0.005));
#12773=CARTESIAN_POINT('',(-0.035375,0.0401,0.005));
#12774=CARTESIAN_POINT('',(0.,0.,0.005));
#12775=CARTESIAN_POINT('',(-0.037675,-0.0401,0.005));
#12776=CARTESIAN_POINT('',(-0.035975,-0.0401,0.005));
#12777=CARTESIAN_POINT('',(-0.037675,-0.0401,0.005));
#12778=CARTESIAN_POINT('',(-0.035375,-0.0401,0.005));
#12779=CARTESIAN_POINT('',(6.93889390390723E-18,0.0361,0.0145));
#12780=CARTESIAN_POINT('',(6.93889390390723E-18,0.0361,0.005));
#12781=CARTESIAN_POINT('',(-0.033675,0.0361,0.005));
#12782=CARTESIAN_POINT('',(0.033675,0.0361,0.005));
#12783=CARTESIAN_POINT('',(0.033675,0.0361,0.0145));
#12784=CARTESIAN_POINT('',(0.033675,0.0361,0.0145));
#12785=CARTESIAN_POINT('',(6.93889390390723E-18,0.0361,0.0145));
#12786=CARTESIAN_POINT('',(-0.033675,0.0361,0.0145));
#12787=CARTESIAN_POINT('',(-0.033675,0.0361,0.0145));
#12788=CARTESIAN_POINT('',(0.,0.0361,0.0145));
#12789=CARTESIAN_POINT('',(0.,0.0360999999999976,0.00572194159030914));
#12790=CARTESIAN_POINT('',(0.,0.0360999999999976,0.0117295319214463));
#12791=CARTESIAN_POINT('',(6.93889390390723E-18,0.0361,0.00572194159030914));
#12792=CARTESIAN_POINT('',(-0.0189901664853096,0.0361,0.00572194159030914));
#12793=CARTESIAN_POINT('',(-0.0189901664853096,0.0361,0.0145));
#12794=CARTESIAN_POINT('',(-0.0189901664853096,0.0360999999999976,0.0117295319214463));
#12795=CARTESIAN_POINT('',(6.93889390390723E-18,0.0361,0.0117295319214463));
#12796=CARTESIAN_POINT('',(0.,0.0441,0.0145));
#12797=CARTESIAN_POINT('',(-0.041675,0.0441,0.002));
#12798=CARTESIAN_POINT('',(0.039675,0.0441,0.002));
#12799=CARTESIAN_POINT('',(-0.039675,0.0441,0.002));
#12800=CARTESIAN_POINT('',(-0.039675,0.0441,0.0145));
#12801=CARTESIAN_POINT('',(-0.039675,0.0441,0.0145));
#12802=CARTESIAN_POINT('',(0.,0.0441,0.0145));
#12803=CARTESIAN_POINT('',(0.039675,0.0441,0.0145));
#12804=CARTESIAN_POINT('',(0.039675,0.0441,0.));
#12805=CARTESIAN_POINT('',(0.,0.0441,0.00572194159030914));
#12806=CARTESIAN_POINT('',(-0.0189901664853096,0.0441,0.00572194159030914));
#12807=CARTESIAN_POINT('',(0.,0.0441,0.00572194159030914));
#12808=CARTESIAN_POINT('',(0.,0.0441,0.0145));
#12809=CARTESIAN_POINT('',(0.,0.0441,0.0117295319214463));
#12810=CARTESIAN_POINT('',(0.,0.0441,0.0117295319214463));
#12811=CARTESIAN_POINT('',(-0.0189901664853096,0.0441,0.0117295319214463));
#12812=CARTESIAN_POINT('',(-0.0189901664853096,0.0441,0.0145));
#12813=CARTESIAN_POINT('',(-0.041675,0.,0.0145));
#12814=CARTESIAN_POINT('',(-0.041675,-0.0421,0.002));
#12815=CARTESIAN_POINT('',(-0.041675,0.0421,0.002));
#12816=CARTESIAN_POINT('',(-0.041675,-0.0421,0.002));
#12817=CARTESIAN_POINT('',(-0.041675,-0.0421,0.0145));
#12818=CARTESIAN_POINT('',(-0.041675,-0.0421,0.0145));
#12819=CARTESIAN_POINT('',(-0.041675,0.,0.0145));
#12820=CARTESIAN_POINT('',(-0.041675,0.0421,0.0145));
#12821=CARTESIAN_POINT('',(-0.041675,0.0421,0.0145));
#12822=CARTESIAN_POINT('',(0.,-0.0441,0.0145));
#12823=CARTESIAN_POINT('',(0.,-0.0441,0.0145));
#12824=CARTESIAN_POINT('',(-0.039675,-0.0441,0.0145));
#12825=CARTESIAN_POINT('',(0.039675,-0.0441,0.0145));
#12826=CARTESIAN_POINT('',(-0.039675,-0.0441,0.002));
#12827=CARTESIAN_POINT('',(-0.039675,-0.0441,0.002));
#12828=CARTESIAN_POINT('',(0.,-0.0441,0.002));
#12829=CARTESIAN_POINT('',(0.039675,-0.0441,0.002));
#12830=CARTESIAN_POINT('',(0.039675,-0.0441,0.0145));
#12831=CARTESIAN_POINT('',(0.041675,0.,0.0145));
#12832=CARTESIAN_POINT('',(0.041675,0.,0.0145));
#12833=CARTESIAN_POINT('',(0.041675,-0.0421,0.0145));
#12834=CARTESIAN_POINT('',(0.041675,0.0421,0.0145));
#12835=CARTESIAN_POINT('',(0.041675,-0.0421,0.0145));
#12836=CARTESIAN_POINT('',(0.041675,-0.0421,0.002));
#12837=CARTESIAN_POINT('',(0.041675,0.,0.002));
#12838=CARTESIAN_POINT('',(0.041675,0.0421,0.002));
#12839=CARTESIAN_POINT('',(0.041675,0.0421,0.0145));
#12840=CARTESIAN_POINT('',(-0.033675,-6.93889390390723E-18,0.0145));
#12841=CARTESIAN_POINT('',(-0.033675,-6.93889390390723E-18,0.005));
#12842=CARTESIAN_POINT('',(-0.033675,-0.0361,0.005));
#12843=CARTESIAN_POINT('',(-0.033675,-6.93889390390723E-18,0.0145));
#12844=CARTESIAN_POINT('',(-0.033675,-0.0361,0.0145));
#12845=CARTESIAN_POINT('',(-0.033675,-0.0361,0.0145));
#12846=CARTESIAN_POINT('',(0.033675,-6.93889390390723E-18,0.0145));
#12847=CARTESIAN_POINT('',(0.033675,-6.93889390390723E-18,0.005));
#12848=CARTESIAN_POINT('',(0.033675,-0.0361,0.005));
#12849=CARTESIAN_POINT('',(0.033675,-0.0361,0.0145));
#12850=CARTESIAN_POINT('',(0.033675,-0.0361,0.0145));
#12851=CARTESIAN_POINT('',(0.033675,-6.93889390390723E-18,0.0145));
#12852=CARTESIAN_POINT('',(0.037675,-0.0401,0.0145));
#12853=CARTESIAN_POINT('',(0.037675,-0.0401,0.0145));
#12854=CARTESIAN_POINT('',(0.039375,-0.0401,0.0145));
#12855=CARTESIAN_POINT('',(-0.037675,0.0401,0.0145));
#12856=CARTESIAN_POINT('',(-0.037675,0.0401,0.0145));
#12857=CARTESIAN_POINT('',(-0.035975,0.0401,0.0145));
#12858=CARTESIAN_POINT('',(-0.037675,-0.0401,0.0145));
#12859=CARTESIAN_POINT('',(-0.037675,-0.0401,0.0145));
#12860=CARTESIAN_POINT('',(-0.035975,-0.0401,0.0145));
#12861=CARTESIAN_POINT('',(0.,-0.0361,0.0145));
#12862=CARTESIAN_POINT('',(0.,-0.0361,0.005));
#12863=CARTESIAN_POINT('',(0.,-0.0361,0.0145));
#12864=CARTESIAN_POINT('',(0.037675,0.0401,0.0145));
#12865=CARTESIAN_POINT('',(0.037675,0.0401,0.0145));
#12866=CARTESIAN_POINT('',(0.039375,0.0401,0.0145));
#12867=CARTESIAN_POINT('',(0.,0.,0.0145));
#12868=CARTESIAN_POINT('',(-0.039675,-0.0421,0.0145));
#12869=CARTESIAN_POINT('',(0.039675,-0.0421,0.0145));
#12870=CARTESIAN_POINT('',(0.039675,0.0421,0.0145));
#12871=CARTESIAN_POINT('',(-0.039675,0.0421,0.0145));
#12872=CARTESIAN_POINT('',(0.,50.,0.00872573675587773));
#12873=CARTESIAN_POINT('',(0.,50.,0.0117295319214463));
#12874=CARTESIAN_POINT('',(0.,50.,0.00572194159030914));
#12875=CARTESIAN_POINT('',(-0.0094950832426548,50.,0.0117295319214463));
#12876=CARTESIAN_POINT('',(-0.0189901664853096,50.,0.0117295319214463));
#12877=CARTESIAN_POINT('',(-0.0189901664853096,50.,0.00872573675587773));
#12878=CARTESIAN_POINT('',(-0.0189901664853096,50.,0.00572194159030914));
#12879=CARTESIAN_POINT('',(-0.0094950832426548,50.,0.00572194159030914));
#12880=CARTESIAN_POINT('',(0.,0.,0.));
#12881=CARTESIAN_POINT('',(0.041675,0.0421,0.));
#12882=CARTESIAN_POINT('',(0.03881078166916,0.0421,0.));
#12883=CARTESIAN_POINT('',(0.039675,0.0421,0.));
#12884=CARTESIAN_POINT('',(0.039675,0.,0.));
#12885=CARTESIAN_POINT('',(0.039675,0.0412357816691601,0.));
#12886=CARTESIAN_POINT('',(0.037675,0.0401,0.));
#12887=CARTESIAN_POINT('',(-0.037675,-0.0401,0.005));
#12888=CARTESIAN_POINT('',(-0.039675,-0.0412357816691601,0.));
#12889=CARTESIAN_POINT('',(-0.0398725943432776,-0.0408878374319129,0.));
#12890=CARTESIAN_POINT('',(-0.0400774035470872,-0.0400991411740471,4.52560012806007E-5));
#12891=CARTESIAN_POINT('',(-0.0398725984035362,-0.0393121697178038,-1.25234899171284E-19));
#12892=CARTESIAN_POINT('',(-0.039675,-0.0389642183308399,-1.25234899171284E-19));
#12893=CARTESIAN_POINT('',(-0.03653921833084,-0.0421,0.));
#12894=CARTESIAN_POINT('',(-0.0368871625680871,-0.0422975943432776,0.));
#12895=CARTESIAN_POINT('',(-0.0376758588259529,-0.0425024035470872,4.5256001280601E-5));
#12896=CARTESIAN_POINT('',(-0.0384628302821962,-0.0422975984035362,-1.76904064050161E-19));
#12897=CARTESIAN_POINT('',(-0.03881078166916,-0.0421,-1.76904064050161E-19));
#12898=CARTESIAN_POINT('',(0.037675,0.0401,0.005));
#12899=CARTESIAN_POINT('',(0.039675,0.0412357816691601,0.));
#12900=CARTESIAN_POINT('',(0.0398725943432776,0.0408878374319129,0.));
#12901=CARTESIAN_POINT('',(0.0400774035470872,0.0400991411740471,4.52560012806007E-5));
#12902=CARTESIAN_POINT('',(0.0398725984035362,0.0393121697178038,-1.25234899171284E-19));
#12903=CARTESIAN_POINT('',(0.039675,0.0389642183308399,-1.25234899171284E-19));
#12904=CARTESIAN_POINT('',(0.03653921833084,0.0421,0.));
#12905=CARTESIAN_POINT('',(0.0368871625680871,0.0422975943432776,0.));
#12906=CARTESIAN_POINT('',(0.0376758588259529,0.0425024035470872,4.5256001280601E-5));
#12907=CARTESIAN_POINT('',(0.0384628302821962,0.0422975984035362,-1.76904064050161E-19));
#12908=CARTESIAN_POINT('',(0.03881078166916,0.0421,-1.76904064050161E-19));
#12909=CARTESIAN_POINT('',(0.037675,-0.0401,0.005));
#12910=CARTESIAN_POINT('',(0.03881078166916,-0.0421,0.));
#12911=CARTESIAN_POINT('',(0.0384628374319129,-0.0422975943432776,0.));
#12912=CARTESIAN_POINT('',(0.0376741411740471,-0.0425024035470872,4.5256001280601E-5));
#12913=CARTESIAN_POINT('',(0.0368871697178038,-0.0422975984035362,-1.76904064050161E-19));
#12914=CARTESIAN_POINT('',(0.03653921833084,-0.0421,-1.76904064050161E-19));
#12915=CARTESIAN_POINT('',(0.039675,-0.0389642183308399,0.));
#12916=CARTESIAN_POINT('',(0.0398725943432776,-0.0393121625680871,0.));
#12917=CARTESIAN_POINT('',(0.0400774035470872,-0.0401008588259529,4.52560012806007E-5));
#12918=CARTESIAN_POINT('',(0.0398725984035362,-0.0408878302821962,-1.25234899171284E-19));
#12919=CARTESIAN_POINT('',(0.039675,-0.0412357816691601,-1.25234899171284E-19));
#12920=CARTESIAN_POINT('',(-0.037675,0.0401,0.005));
#12921=CARTESIAN_POINT('',(-0.039675,0.03896421833084,0.));
#12922=CARTESIAN_POINT('',(-0.0398725943432776,0.0393121625680871,0.));
#12923=CARTESIAN_POINT('',(-0.0400774035470872,0.0401008588259529,4.52560012806023E-5));
#12924=CARTESIAN_POINT('',(-0.0398725984035362,0.0408878302821962,-3.86121202021973E-19));
#12925=CARTESIAN_POINT('',(-0.039675,0.0412357816691601,-3.86121202021974E-19));
#12926=CARTESIAN_POINT('',(-0.03881078166916,0.0421,0.));
#12927=CARTESIAN_POINT('',(-0.0384628374319129,0.0422975943432776,0.));
#12928=CARTESIAN_POINT('',(-0.0376741411740471,0.0425024035470872,4.52560012806023E-5));
#12929=CARTESIAN_POINT('',(-0.0368871697178038,0.0422975984035362,-3.86121202021973E-19));
#12930=CARTESIAN_POINT('',(-0.03653921833084,0.0421,-3.86121202021973E-19));
#12931=CARTESIAN_POINT('',(0.,0.,0.005));
#12932=CARTESIAN_POINT('',(0.,-0.0421,0.002));
#12933=CARTESIAN_POINT('',(-0.039675,-0.0421,0.002));
#12934=CARTESIAN_POINT('',(0.039675,-0.0421,0.002));
#12935=CARTESIAN_POINT('',(0.039675,-0.0421,0.0145));
#12936=CARTESIAN_POINT('',(0.039675,-0.0421,0.002));
#12937=CARTESIAN_POINT('',(0.039675,-0.0421,0.002));
#12938=CARTESIAN_POINT('',(0.039675,-0.0421,0.002));
#12939=CARTESIAN_POINT('',(0.039675,0.,0.002));
#12940=CARTESIAN_POINT('',(0.039675,0.0421,0.002));
#12941=CARTESIAN_POINT('',(0.039675,0.0421,0.0145));
#12942=CARTESIAN_POINT('',(0.039675,0.0421,0.002));
#12943=CARTESIAN_POINT('',(0.039675,0.0421,0.002));
#12944=CARTESIAN_POINT('',(0.039675,0.0421,0.002));
#12945=CARTESIAN_POINT('',(0.,0.0421,0.002));
#12946=CARTESIAN_POINT('',(-0.039675,0.0421,0.002));
#12947=CARTESIAN_POINT('',(-0.039675,0.0421,0.0145));
#12948=CARTESIAN_POINT('',(-0.039675,0.0421,0.002));
#12949=CARTESIAN_POINT('',(-0.039675,0.0421,0.002));
#12950=CARTESIAN_POINT('',(-0.039675,0.0421,0.002));
#12951=CARTESIAN_POINT('',(-0.039675,0.,0.002));
#12952=CARTESIAN_POINT('',(-0.039675,-0.0421,0.002));
#12953=CARTESIAN_POINT('',(-0.039675,-0.0421,0.002));
#12954=CARTESIAN_POINT('',(-0.039675,-0.0421,0.002));
#12955=CARTESIAN_POINT('',(-0.039675,-0.0421,0.0145));
#12956=CARTESIAN_POINT('',(0.,0.,0.));
#12957=CARTESIAN_POINT('',(0.027800000321166,0.02995000032117,0.0091));
#12958=CARTESIAN_POINT('',(0.0278,0.034950000000004,0.0091));
#12959=CARTESIAN_POINT('',(0.0278000001605831,0.034950000000003,0.0091));
#12960=CARTESIAN_POINT('',(0.0278000001605831,0.034950000000002,0.01061));
#12961=CARTESIAN_POINT('',(0.027800000321166,0.02995000032117,0.01061));
#12962=CARTESIAN_POINT('',(0.0328,0.029950000160585,0.01061));
#12963=CARTESIAN_POINT('',(0.0328,0.02995,0.0091));
#12964=CARTESIAN_POINT('',(0.0328,0.029950000160585,0.0091));
#12965=CARTESIAN_POINT('',(0.027800000321166,0.02995000032117,0.0091));
#12966=CARTESIAN_POINT('',(-0.02755,0.03495,0.0091));
#12967=CARTESIAN_POINT('',(-0.02755,0.03495,0.0091));
#12968=CARTESIAN_POINT('',(-0.027550000160583,0.034950000000001,0.0091));
#12969=CARTESIAN_POINT('',(-0.027550000160583,0.03495,0.01061));
#12970=CARTESIAN_POINT('',(-0.02755,0.03495,0.01061));
#12971=CARTESIAN_POINT('',(-0.0599,0.034950000000002,0.0091));
#12972=CARTESIAN_POINT('',(0.0328,0.02995,0.0091));
#12973=CARTESIAN_POINT('',(0.0328,0.02995,0.01061));
#12974=CARTESIAN_POINT('',(0.0328,-0.03015000016055,0.01061));
#12975=CARTESIAN_POINT('',(0.0328,-0.03015,0.0091));
#12976=CARTESIAN_POINT('',(0.0328,-0.03015000016055,0.0091));
#12977=CARTESIAN_POINT('',(0.0328,0.108,0.0091));
#12978=CARTESIAN_POINT('',(-0.0599,0.108,0.0091));
#12979=CARTESIAN_POINT('',(0.027800000321166,-0.0301500003211,0.0091));
#12980=CARTESIAN_POINT('',(0.027800000160583,-0.0351499999999834,0.0091));
#12981=CARTESIAN_POINT('',(-0.0599,-0.035149999999967,0.0091));
#12982=CARTESIAN_POINT('',(-0.0275500001605831,-0.0351499999999504,0.0091));
#12983=CARTESIAN_POINT('',(-0.027550000321166,-0.0301500003211,0.0091));
#12984=CARTESIAN_POINT('',(-0.03255,-0.03015000016055,0.0091));
#12985=CARTESIAN_POINT('',(-0.03255,0.108,0.0091));
#12986=CARTESIAN_POINT('',(-0.03255,0.0299500001605871,0.0091));
#12987=CARTESIAN_POINT('',(-0.027550000321166,0.02995000032117,0.0091));
#12988=CARTESIAN_POINT('',(-0.02427,-0.02053,0.0091));
#12989=CARTESIAN_POINT('',(-0.02427,-0.02138,0.0091));
#12990=CARTESIAN_POINT('',(-0.01919,-0.02053,0.0091));
#12991=CARTESIAN_POINT('',(-0.01919,-0.02253,0.0091));
#12992=CARTESIAN_POINT('',(-0.023,-0.01799,0.0091));
#12993=CARTESIAN_POINT('',(-0.023,-0.01874,0.0091));
#12994=CARTESIAN_POINT('',(-0.01411,-0.02053,0.0091));
#12995=CARTESIAN_POINT('',(-0.01411,-0.02138,0.0091));
#12996=CARTESIAN_POINT('',(-0.01665,-0.01545,0.0091));
#12997=CARTESIAN_POINT('',(-0.01665,-0.0162,0.0091));
#12998=CARTESIAN_POINT('',(-0.00522,-0.02053,0.0091));
#12999=CARTESIAN_POINT('',(-0.00522,-0.02138,0.0091));
#13000=CARTESIAN_POINT('',(-0.00395,-0.01799,0.0091));
#13001=CARTESIAN_POINT('',(-0.00395,-0.01874,0.0091));
#13002=CARTESIAN_POINT('',(-0.02427,-0.00148,0.0091));
#13003=CARTESIAN_POINT('',(-0.02427,-0.00233,0.0091));
#13004=CARTESIAN_POINT('',(-0.01919,-0.00148,0.0091));
#13005=CARTESIAN_POINT('',(-0.01919,-0.00348,0.0091));
#13006=CARTESIAN_POINT('',(-0.023,0.00106,0.0091));
#13007=CARTESIAN_POINT('',(-0.023,0.000310000000000004,0.0091));
#13008=CARTESIAN_POINT('',(-0.01411,-0.00148,0.0091));
#13009=CARTESIAN_POINT('',(-0.01411,-0.00233,0.0091));
#13010=CARTESIAN_POINT('',(-0.00522,-0.00148,0.0091));
#13011=CARTESIAN_POINT('',(-0.00522,-0.00233,0.0091));
#13012=CARTESIAN_POINT('',(-0.00395,0.00106,0.0091));
#13013=CARTESIAN_POINT('',(-0.00395,0.000310000000000004,0.0091));
#13014=CARTESIAN_POINT('',(-0.000140000000000001,-0.02053,0.0091));
#13015=CARTESIAN_POINT('',(-0.000140000000000001,-0.02253,0.0091));
#13016=CARTESIAN_POINT('',(0.00494,-0.02053,0.0091));
#13017=CARTESIAN_POINT('',(0.00494,-0.02138,0.0091));
#13018=CARTESIAN_POINT('',(0.0024,-0.01545,0.0091));
#13019=CARTESIAN_POINT('',(0.0024,-0.0162,0.0091));
#13020=CARTESIAN_POINT('',(0.01383,-0.02053,0.0091));
#13021=CARTESIAN_POINT('',(0.01383,-0.02138,0.0091));
#13022=CARTESIAN_POINT('',(0.0151,-0.01799,0.0091));
#13023=CARTESIAN_POINT('',(0.0151,-0.01874,0.0091));
#13024=CARTESIAN_POINT('',(0.01891,-0.02053,0.0091));
#13025=CARTESIAN_POINT('',(0.01891,-0.02253,0.0091));
#13026=CARTESIAN_POINT('',(0.02399,-0.02053,0.0091));
#13027=CARTESIAN_POINT('',(0.02399,-0.02138,0.0091));
#13028=CARTESIAN_POINT('',(0.02145,-0.01545,0.0091));
#13029=CARTESIAN_POINT('',(0.02145,-0.0162,0.0091));
#13030=CARTESIAN_POINT('',(-0.000140000000000001,-0.00148,0.0091));
#13031=CARTESIAN_POINT('',(-0.000140000000000001,-0.00348,0.0091));
#13032=CARTESIAN_POINT('',(0.00494,-0.00148,0.0091));
#13033=CARTESIAN_POINT('',(0.00494,-0.00233,0.0091));
#13034=CARTESIAN_POINT('',(0.01383,-0.00148,0.0091));
#13035=CARTESIAN_POINT('',(0.01383,-0.00233,0.0091));
#13036=CARTESIAN_POINT('',(0.0151,0.00106,0.0091));
#13037=CARTESIAN_POINT('',(0.0151,0.000310000000000004,0.0091));
#13038=CARTESIAN_POINT('',(0.01891,-0.00148,0.0091));
#13039=CARTESIAN_POINT('',(0.01891,-0.00348,0.0091));
#13040=CARTESIAN_POINT('',(0.02399,-0.00148,0.0091));
#13041=CARTESIAN_POINT('',(0.02399,-0.00233,0.0091));
#13042=CARTESIAN_POINT('',(-0.01665,0.0036,0.0091));
#13043=CARTESIAN_POINT('',(-0.01665,0.00285,0.0091));
#13044=CARTESIAN_POINT('',(-0.01695,0.0128,0.0091));
#13045=CARTESIAN_POINT('',(-0.01695,0.0123,0.0091));
#13046=CARTESIAN_POINT('',(-0.01695,0.01534,0.0091));
#13047=CARTESIAN_POINT('',(-0.01695,0.01484,0.0091));
#13048=CARTESIAN_POINT('',(-0.0017,0.0128,0.0091));
#13049=CARTESIAN_POINT('',(-0.0017,0.0123,0.0091));
#13050=CARTESIAN_POINT('',(-0.0017,0.01534,0.0091));
#13051=CARTESIAN_POINT('',(-0.0017,0.01484,0.0091));
#13052=CARTESIAN_POINT('',(-0.01695,0.01788,0.0091));
#13053=CARTESIAN_POINT('',(-0.01695,0.01738,0.0091));
#13054=CARTESIAN_POINT('',(-0.01695,0.02042,0.0091));
#13055=CARTESIAN_POINT('',(-0.01695,0.01992,0.0091));
#13056=CARTESIAN_POINT('',(-0.01695,0.02296,0.0091));
#13057=CARTESIAN_POINT('',(-0.01695,0.02246,0.0091));
#13058=CARTESIAN_POINT('',(-0.01695,0.0255,0.0091));
#13059=CARTESIAN_POINT('',(-0.01695,0.025,0.0091));
#13060=CARTESIAN_POINT('',(-0.01695,0.02804,0.0091));
#13061=CARTESIAN_POINT('',(-0.01695,0.02754,0.0091));
#13062=CARTESIAN_POINT('',(-0.0017,0.01788,0.0091));
#13063=CARTESIAN_POINT('',(-0.0017,0.01738,0.0091));
#13064=CARTESIAN_POINT('',(-0.0017,0.02042,0.0091));
#13065=CARTESIAN_POINT('',(-0.0017,0.01992,0.0091));
#13066=CARTESIAN_POINT('',(-0.0017,0.02296,0.0091));
#13067=CARTESIAN_POINT('',(-0.0017,0.02246,0.0091));
#13068=CARTESIAN_POINT('',(-0.0017,0.0255,0.0091));
#13069=CARTESIAN_POINT('',(-0.0017,0.025,0.0091));
#13070=CARTESIAN_POINT('',(-0.0017,0.02804,0.0091));
#13071=CARTESIAN_POINT('',(-0.0017,0.02754,0.0091));
#13072=CARTESIAN_POINT('',(0.0024,0.0036,0.0091));
#13073=CARTESIAN_POINT('',(0.0024,0.00285,0.0091));
#13074=CARTESIAN_POINT('',(0.02145,0.0036,0.0091));
#13075=CARTESIAN_POINT('',(0.02145,0.00285,0.0091));
#13076=CARTESIAN_POINT('',(0.0141,0.01195,0.0091));
#13077=CARTESIAN_POINT('',(0.0154,0.01195,0.0091));
#13078=CARTESIAN_POINT('',(0.0141,0.01195,0.0091));
#13079=CARTESIAN_POINT('',(0.0154,0.0127,0.0091));
#13080=CARTESIAN_POINT('',(0.0154,0.01345,0.0091));
#13081=CARTESIAN_POINT('',(0.0154,0.01345,0.0091));
#13082=CARTESIAN_POINT('',(0.0141,0.01345,0.0091));
#13083=CARTESIAN_POINT('',(0.0141,0.0127,0.0091));
#13084=CARTESIAN_POINT('',(0.00775,0.0158,0.0091));
#13085=CARTESIAN_POINT('',(0.00775,0.0153,0.0091));
#13086=CARTESIAN_POINT('',(0.00775,0.0208,0.0091));
#13087=CARTESIAN_POINT('',(0.00775,0.0203,0.0091));
#13088=CARTESIAN_POINT('',(0.02225,0.0158,0.0091));
#13089=CARTESIAN_POINT('',(0.02225,0.0153,0.0091));
#13090=CARTESIAN_POINT('',(0.02225,0.0183,0.0091));
#13091=CARTESIAN_POINT('',(0.02225,0.0178,0.0091));
#13092=CARTESIAN_POINT('',(0.02225,0.0208,0.0091));
#13093=CARTESIAN_POINT('',(0.02225,0.0203,0.0091));
#13094=CARTESIAN_POINT('',(0.0141,0.02315,0.0091));
#13095=CARTESIAN_POINT('',(0.0154,0.02315,0.0091));
#13096=CARTESIAN_POINT('',(0.0141,0.02315,0.0091));
#13097=CARTESIAN_POINT('',(0.0154,0.0239,0.0091));
#13098=CARTESIAN_POINT('',(0.0154,0.02465,0.0091));
#13099=CARTESIAN_POINT('',(0.0154,0.02465,0.0091));
#13100=CARTESIAN_POINT('',(0.0141,0.02465,0.0091));
#13101=CARTESIAN_POINT('',(0.0141,0.0239,0.0091));
#13102=CARTESIAN_POINT('',(-0.0599,0.108,0.01061));
#13103=CARTESIAN_POINT('',(-0.027550000321166,0.02995000032117,0.01061));
#13104=CARTESIAN_POINT('',(-0.03255,0.0299500001605871,0.01061));
#13105=CARTESIAN_POINT('',(-0.03255,-0.03015,0.01061));
#13106=CARTESIAN_POINT('',(-0.03255,-0.03015000016055,0.01061));
#13107=CARTESIAN_POINT('',(-0.027550000321166,-0.0301500003211,0.01061));
#13108=CARTESIAN_POINT('',(-0.0275500001605831,-0.035149999999967,0.01061));
#13109=CARTESIAN_POINT('',(0.0278,-0.03515,0.01061));
#13110=CARTESIAN_POINT('',(0.027800000160583,-0.03515,0.01061));
#13111=CARTESIAN_POINT('',(0.027800000321166,-0.0301500003211,0.01061));
#13112=CARTESIAN_POINT('',(-0.02427,-0.02053,0.01061));
#13113=CARTESIAN_POINT('',(-0.02427,-0.02138,0.01061));
#13114=CARTESIAN_POINT('',(-0.01919,-0.02053,0.01061));
#13115=CARTESIAN_POINT('',(-0.01919,-0.02253,0.01061));
#13116=CARTESIAN_POINT('',(-0.023,-0.01799,0.01061));
#13117=CARTESIAN_POINT('',(-0.023,-0.01874,0.01061));
#13118=CARTESIAN_POINT('',(-0.01411,-0.02053,0.01061));
#13119=CARTESIAN_POINT('',(-0.01411,-0.02138,0.01061));
#13120=CARTESIAN_POINT('',(-0.01665,-0.01545,0.01061));
#13121=CARTESIAN_POINT('',(-0.01665,-0.0162,0.01061));
#13122=CARTESIAN_POINT('',(-0.00522,-0.02053,0.01061));
#13123=CARTESIAN_POINT('',(-0.00522,-0.02138,0.01061));
#13124=CARTESIAN_POINT('',(-0.00395,-0.01799,0.01061));
#13125=CARTESIAN_POINT('',(-0.00395,-0.01874,0.01061));
#13126=CARTESIAN_POINT('',(-0.02427,-0.00148,0.01061));
#13127=CARTESIAN_POINT('',(-0.02427,-0.00233,0.01061));
#13128=CARTESIAN_POINT('',(-0.01919,-0.00148,0.01061));
#13129=CARTESIAN_POINT('',(-0.01919,-0.00348,0.01061));
#13130=CARTESIAN_POINT('',(-0.023,0.00106,0.01061));
#13131=CARTESIAN_POINT('',(-0.023,0.000310000000000004,0.01061));
#13132=CARTESIAN_POINT('',(-0.01411,-0.00148,0.01061));
#13133=CARTESIAN_POINT('',(-0.01411,-0.00233,0.01061));
#13134=CARTESIAN_POINT('',(-0.00522,-0.00148,0.01061));
#13135=CARTESIAN_POINT('',(-0.00522,-0.00233,0.01061));
#13136=CARTESIAN_POINT('',(-0.00395,0.00106,0.01061));
#13137=CARTESIAN_POINT('',(-0.00395,0.000310000000000004,0.01061));
#13138=CARTESIAN_POINT('',(-0.000140000000000001,-0.02053,0.01061));
#13139=CARTESIAN_POINT('',(-0.000140000000000001,-0.02253,0.01061));
#13140=CARTESIAN_POINT('',(0.00494,-0.02053,0.01061));
#13141=CARTESIAN_POINT('',(0.00494,-0.02138,0.01061));
#13142=CARTESIAN_POINT('',(0.0024,-0.01545,0.01061));
#13143=CARTESIAN_POINT('',(0.0024,-0.0162,0.01061));
#13144=CARTESIAN_POINT('',(0.01383,-0.02053,0.01061));
#13145=CARTESIAN_POINT('',(0.01383,-0.02138,0.01061));
#13146=CARTESIAN_POINT('',(0.0151,-0.01799,0.01061));
#13147=CARTESIAN_POINT('',(0.0151,-0.01874,0.01061));
#13148=CARTESIAN_POINT('',(0.01891,-0.02053,0.01061));
#13149=CARTESIAN_POINT('',(0.01891,-0.02253,0.01061));
#13150=CARTESIAN_POINT('',(0.02399,-0.02053,0.01061));
#13151=CARTESIAN_POINT('',(0.02399,-0.02138,0.01061));
#13152=CARTESIAN_POINT('',(0.02145,-0.01545,0.01061));
#13153=CARTESIAN_POINT('',(0.02145,-0.0162,0.01061));
#13154=CARTESIAN_POINT('',(-0.000140000000000001,-0.00148,0.01061));
#13155=CARTESIAN_POINT('',(-0.000140000000000001,-0.00348,0.01061));
#13156=CARTESIAN_POINT('',(0.00494,-0.00148,0.01061));
#13157=CARTESIAN_POINT('',(0.00494,-0.00233,0.01061));
#13158=CARTESIAN_POINT('',(0.01383,-0.00148,0.01061));
#13159=CARTESIAN_POINT('',(0.01383,-0.00233,0.01061));
#13160=CARTESIAN_POINT('',(0.0151,0.00106,0.01061));
#13161=CARTESIAN_POINT('',(0.0151,0.000310000000000004,0.01061));
#13162=CARTESIAN_POINT('',(0.01891,-0.00148,0.01061));
#13163=CARTESIAN_POINT('',(0.01891,-0.00348,0.01061));
#13164=CARTESIAN_POINT('',(0.02399,-0.00148,0.01061));
#13165=CARTESIAN_POINT('',(0.02399,-0.00233,0.01061));
#13166=CARTESIAN_POINT('',(-0.01665,0.0036,0.01061));
#13167=CARTESIAN_POINT('',(-0.01665,0.00285,0.01061));
#13168=CARTESIAN_POINT('',(-0.01695,0.0128,0.01061));
#13169=CARTESIAN_POINT('',(-0.01695,0.0123,0.01061));
#13170=CARTESIAN_POINT('',(-0.01695,0.01534,0.01061));
#13171=CARTESIAN_POINT('',(-0.01695,0.01484,0.01061));
#13172=CARTESIAN_POINT('',(-0.0017,0.0128,0.01061));
#13173=CARTESIAN_POINT('',(-0.0017,0.0123,0.01061));
#13174=CARTESIAN_POINT('',(-0.0017,0.01534,0.01061));
#13175=CARTESIAN_POINT('',(-0.0017,0.01484,0.01061));
#13176=CARTESIAN_POINT('',(-0.01695,0.01788,0.01061));
#13177=CARTESIAN_POINT('',(-0.01695,0.01738,0.01061));
#13178=CARTESIAN_POINT('',(-0.01695,0.02042,0.01061));
#13179=CARTESIAN_POINT('',(-0.01695,0.01992,0.01061));
#13180=CARTESIAN_POINT('',(-0.01695,0.02296,0.01061));
#13181=CARTESIAN_POINT('',(-0.01695,0.02246,0.01061));
#13182=CARTESIAN_POINT('',(-0.01695,0.0255,0.01061));
#13183=CARTESIAN_POINT('',(-0.01695,0.025,0.01061));
#13184=CARTESIAN_POINT('',(-0.01695,0.02804,0.01061));
#13185=CARTESIAN_POINT('',(-0.01695,0.02754,0.01061));
#13186=CARTESIAN_POINT('',(-0.0017,0.01788,0.01061));
#13187=CARTESIAN_POINT('',(-0.0017,0.01738,0.01061));
#13188=CARTESIAN_POINT('',(-0.0017,0.02042,0.01061));
#13189=CARTESIAN_POINT('',(-0.0017,0.01992,0.01061));
#13190=CARTESIAN_POINT('',(-0.0017,0.02296,0.01061));
#13191=CARTESIAN_POINT('',(-0.0017,0.02246,0.01061));
#13192=CARTESIAN_POINT('',(-0.0017,0.0255,0.01061));
#13193=CARTESIAN_POINT('',(-0.0017,0.025,0.01061));
#13194=CARTESIAN_POINT('',(-0.0017,0.02804,0.01061));
#13195=CARTESIAN_POINT('',(-0.0017,0.02754,0.01061));
#13196=CARTESIAN_POINT('',(0.0024,0.0036,0.01061));
#13197=CARTESIAN_POINT('',(0.0024,0.00285,0.01061));
#13198=CARTESIAN_POINT('',(0.02145,0.0036,0.01061));
#13199=CARTESIAN_POINT('',(0.02145,0.00285,0.01061));
#13200=CARTESIAN_POINT('',(0.0141,0.0127,0.01061));
#13201=CARTESIAN_POINT('',(0.0141,0.01195,0.01061));
#13202=CARTESIAN_POINT('',(0.0141,0.01345,0.01061));
#13203=CARTESIAN_POINT('',(-0.0599,0.01345,0.01061));
#13204=CARTESIAN_POINT('',(0.0154,0.01345,0.01061));
#13205=CARTESIAN_POINT('',(0.0154,0.0127,0.01061));
#13206=CARTESIAN_POINT('',(0.0154,0.01195,0.01061));
#13207=CARTESIAN_POINT('',(-0.0599,0.01195,0.01061));
#13208=CARTESIAN_POINT('',(0.00775,0.0158,0.01061));
#13209=CARTESIAN_POINT('',(0.00775,0.0153,0.01061));
#13210=CARTESIAN_POINT('',(0.00775,0.0208,0.01061));
#13211=CARTESIAN_POINT('',(0.00775,0.0203,0.01061));
#13212=CARTESIAN_POINT('',(0.02225,0.0158,0.01061));
#13213=CARTESIAN_POINT('',(0.02225,0.0153,0.01061));
#13214=CARTESIAN_POINT('',(0.02225,0.0183,0.01061));
#13215=CARTESIAN_POINT('',(0.02225,0.0178,0.01061));
#13216=CARTESIAN_POINT('',(0.02225,0.0208,0.01061));
#13217=CARTESIAN_POINT('',(0.02225,0.0203,0.01061));
#13218=CARTESIAN_POINT('',(0.0141,0.0239,0.01061));
#13219=CARTESIAN_POINT('',(0.0141,0.02315,0.01061));
#13220=CARTESIAN_POINT('',(0.0141,0.02465,0.01061));
#13221=CARTESIAN_POINT('',(-0.0599,0.02465,0.01061));
#13222=CARTESIAN_POINT('',(0.0154,0.02465,0.01061));
#13223=CARTESIAN_POINT('',(0.0154,0.0239,0.01061));
#13224=CARTESIAN_POINT('',(0.0154,0.02315,0.01061));
#13225=CARTESIAN_POINT('',(-0.0599,0.02315,0.01061));
#13226=CARTESIAN_POINT('',(-0.027550000321166,0.02995000032117,0.0091));
#13227=CARTESIAN_POINT('',(-0.03255,0.0299500000000043,0.0091));
#13228=CARTESIAN_POINT('',(0.027800000321166,-0.0301500003211,0.0091));
#13229=CARTESIAN_POINT('',(0.0278,-0.03515,0.0091));
#13230=CARTESIAN_POINT('',(-0.03255,-0.03015,0.0091));
#13231=CARTESIAN_POINT('',(-0.03255,-0.03015,0.0091));
#13232=CARTESIAN_POINT('',(0.0278,-0.03515,0.0091));
#13233=CARTESIAN_POINT('',(-0.0275500000000004,-0.035149999999934,0.0091));
#13234=CARTESIAN_POINT('',(-0.027550000321166,-0.0301500003211,0.0091));
#13235=CARTESIAN_POINT('',(-0.02427,-0.02053,0.009054));
#13236=CARTESIAN_POINT('',(-0.02427,-0.02138,0.009054));
#13237=CARTESIAN_POINT('',(-0.01919,-0.02053,0.009054));
#13238=CARTESIAN_POINT('',(-0.01919,-0.02253,0.009054));
#13239=CARTESIAN_POINT('',(-0.023,-0.01799,0.009054));
#13240=CARTESIAN_POINT('',(-0.023,-0.01874,0.009054));
#13241=CARTESIAN_POINT('',(-0.01411,-0.02053,0.009054));
#13242=CARTESIAN_POINT('',(-0.01411,-0.02138,0.009054));
#13243=CARTESIAN_POINT('',(-0.01665,-0.01545,0.009054));
#13244=CARTESIAN_POINT('',(-0.01665,-0.0162,0.009054));
#13245=CARTESIAN_POINT('',(-0.00522,-0.02053,0.009054));
#13246=CARTESIAN_POINT('',(-0.00522,-0.02138,0.009054));
#13247=CARTESIAN_POINT('',(-0.00395,-0.01799,0.009054));
#13248=CARTESIAN_POINT('',(-0.00395,-0.01874,0.009054));
#13249=CARTESIAN_POINT('',(-0.02427,-0.00148,0.009054));
#13250=CARTESIAN_POINT('',(-0.02427,-0.00233,0.009054));
#13251=CARTESIAN_POINT('',(-0.01919,-0.00148,0.009054));
#13252=CARTESIAN_POINT('',(-0.01919,-0.00348,0.009054));
#13253=CARTESIAN_POINT('',(-0.023,0.00106,0.009054));
#13254=CARTESIAN_POINT('',(-0.023,0.000310000000000004,0.009054));
#13255=CARTESIAN_POINT('',(-0.01411,-0.00148,0.009054));
#13256=CARTESIAN_POINT('',(-0.01411,-0.00233,0.009054));
#13257=CARTESIAN_POINT('',(-0.00522,-0.00148,0.009054));
#13258=CARTESIAN_POINT('',(-0.00522,-0.00233,0.009054));
#13259=CARTESIAN_POINT('',(-0.00395,0.00106,0.009054));
#13260=CARTESIAN_POINT('',(-0.00395,0.000310000000000004,0.009054));
#13261=CARTESIAN_POINT('',(-0.000140000000000001,-0.02053,0.009054));
#13262=CARTESIAN_POINT('',(-0.000140000000000001,-0.02253,0.009054));
#13263=CARTESIAN_POINT('',(0.00494,-0.02053,0.009054));
#13264=CARTESIAN_POINT('',(0.00494,-0.02138,0.009054));
#13265=CARTESIAN_POINT('',(0.0024,-0.01545,0.009054));
#13266=CARTESIAN_POINT('',(0.0024,-0.0162,0.009054));
#13267=CARTESIAN_POINT('',(0.01383,-0.02053,0.009054));
#13268=CARTESIAN_POINT('',(0.01383,-0.02138,0.009054));
#13269=CARTESIAN_POINT('',(0.0151,-0.01799,0.009054));
#13270=CARTESIAN_POINT('',(0.0151,-0.01874,0.009054));
#13271=CARTESIAN_POINT('',(0.01891,-0.02053,0.009054));
#13272=CARTESIAN_POINT('',(0.01891,-0.02253,0.009054));
#13273=CARTESIAN_POINT('',(0.02399,-0.02053,0.009054));
#13274=CARTESIAN_POINT('',(0.02399,-0.02138,0.009054));
#13275=CARTESIAN_POINT('',(0.02145,-0.01545,0.009054));
#13276=CARTESIAN_POINT('',(0.02145,-0.0162,0.009054));
#13277=CARTESIAN_POINT('',(-0.000140000000000001,-0.00148,0.009054));
#13278=CARTESIAN_POINT('',(-0.000140000000000001,-0.00348,0.009054));
#13279=CARTESIAN_POINT('',(0.00494,-0.00148,0.009054));
#13280=CARTESIAN_POINT('',(0.00494,-0.00233,0.009054));
#13281=CARTESIAN_POINT('',(0.01383,-0.00148,0.009054));
#13282=CARTESIAN_POINT('',(0.01383,-0.00233,0.009054));
#13283=CARTESIAN_POINT('',(0.0151,0.00106,0.009054));
#13284=CARTESIAN_POINT('',(0.0151,0.000310000000000004,0.009054));
#13285=CARTESIAN_POINT('',(0.01891,-0.00148,0.009054));
#13286=CARTESIAN_POINT('',(0.01891,-0.00348,0.009054));
#13287=CARTESIAN_POINT('',(0.02399,-0.00148,0.009054));
#13288=CARTESIAN_POINT('',(0.02399,-0.00233,0.009054));
#13289=CARTESIAN_POINT('',(-0.01665,0.0036,0.009054));
#13290=CARTESIAN_POINT('',(-0.01665,0.00285,0.009054));
#13291=CARTESIAN_POINT('',(-0.01695,0.0128,0.009054));
#13292=CARTESIAN_POINT('',(-0.01695,0.0123,0.009054));
#13293=CARTESIAN_POINT('',(-0.01695,0.01534,0.009054));
#13294=CARTESIAN_POINT('',(-0.01695,0.01484,0.009054));
#13295=CARTESIAN_POINT('',(-0.0017,0.0128,0.009054));
#13296=CARTESIAN_POINT('',(-0.0017,0.0123,0.009054));
#13297=CARTESIAN_POINT('',(-0.0017,0.01534,0.009054));
#13298=CARTESIAN_POINT('',(-0.0017,0.01484,0.009054));
#13299=CARTESIAN_POINT('',(-0.01695,0.01788,0.009054));
#13300=CARTESIAN_POINT('',(-0.01695,0.01738,0.009054));
#13301=CARTESIAN_POINT('',(-0.01695,0.02042,0.009054));
#13302=CARTESIAN_POINT('',(-0.01695,0.01992,0.009054));
#13303=CARTESIAN_POINT('',(-0.01695,0.02296,0.009054));
#13304=CARTESIAN_POINT('',(-0.01695,0.02246,0.009054));
#13305=CARTESIAN_POINT('',(-0.01695,0.0255,0.009054));
#13306=CARTESIAN_POINT('',(-0.01695,0.025,0.009054));
#13307=CARTESIAN_POINT('',(-0.01695,0.02804,0.009054));
#13308=CARTESIAN_POINT('',(-0.01695,0.02754,0.009054));
#13309=CARTESIAN_POINT('',(-0.0017,0.01788,0.009054));
#13310=CARTESIAN_POINT('',(-0.0017,0.01738,0.009054));
#13311=CARTESIAN_POINT('',(-0.0017,0.02042,0.009054));
#13312=CARTESIAN_POINT('',(-0.0017,0.01992,0.009054));
#13313=CARTESIAN_POINT('',(-0.0017,0.02296,0.009054));
#13314=CARTESIAN_POINT('',(-0.0017,0.02246,0.009054));
#13315=CARTESIAN_POINT('',(-0.0017,0.0255,0.009054));
#13316=CARTESIAN_POINT('',(-0.0017,0.025,0.009054));
#13317=CARTESIAN_POINT('',(-0.0017,0.02804,0.009054));
#13318=CARTESIAN_POINT('',(-0.0017,0.02754,0.009054));
#13319=CARTESIAN_POINT('',(0.0024,0.0036,0.009054));
#13320=CARTESIAN_POINT('',(0.0024,0.00285,0.009054));
#13321=CARTESIAN_POINT('',(0.02145,0.0036,0.009054));
#13322=CARTESIAN_POINT('',(0.02145,0.00285,0.009054));
#13323=CARTESIAN_POINT('',(0.0141,0.0127,0.009054));
#13324=CARTESIAN_POINT('',(0.0141,0.01345,0.009054));
#13325=CARTESIAN_POINT('',(0.0141,0.01195,0.009054));
#13326=CARTESIAN_POINT('',(0.0141,0.01195,0.009054));
#13327=CARTESIAN_POINT('',(0.0154,0.01195,0.009054));
#13328=CARTESIAN_POINT('',(0.0154,0.0127,0.009054));
#13329=CARTESIAN_POINT('',(0.0154,0.01345,0.009054));
#13330=CARTESIAN_POINT('',(0.0154,0.01345,0.009054));
#13331=CARTESIAN_POINT('',(0.00775,0.0158,0.009054));
#13332=CARTESIAN_POINT('',(0.00775,0.0153,0.009054));
#13333=CARTESIAN_POINT('',(0.00775,0.0208,0.009054));
#13334=CARTESIAN_POINT('',(0.00775,0.0203,0.009054));
#13335=CARTESIAN_POINT('',(0.02225,0.0158,0.009054));
#13336=CARTESIAN_POINT('',(0.02225,0.0153,0.009054));
#13337=CARTESIAN_POINT('',(0.02225,0.0183,0.009054));
#13338=CARTESIAN_POINT('',(0.02225,0.0178,0.009054));
#13339=CARTESIAN_POINT('',(0.02225,0.0208,0.009054));
#13340=CARTESIAN_POINT('',(0.02225,0.0203,0.009054));
#13341=CARTESIAN_POINT('',(0.0141,0.0239,0.009054));
#13342=CARTESIAN_POINT('',(0.0141,0.02465,0.009054));
#13343=CARTESIAN_POINT('',(0.0141,0.02315,0.009054));
#13344=CARTESIAN_POINT('',(0.0141,0.02315,0.009054));
#13345=CARTESIAN_POINT('',(0.0154,0.02315,0.009054));
#13346=CARTESIAN_POINT('',(0.0154,0.0239,0.009054));
#13347=CARTESIAN_POINT('',(0.0154,0.02465,0.009054));
#13348=CARTESIAN_POINT('',(0.0154,0.02465,0.009054));
#13349=MECHANICAL_DESIGN_GEOMETRIC_PRESENTATION_REPRESENTATION('',(#7764),
#13352);
#13350=MECHANICAL_DESIGN_GEOMETRIC_PRESENTATION_REPRESENTATION('',(#7765),
#13353);
#13351=MECHANICAL_DESIGN_GEOMETRIC_PRESENTATION_REPRESENTATION('',(#7766),
#13354);
#13352=(
GEOMETRIC_REPRESENTATION_CONTEXT(3)
GLOBAL_UNCERTAINTY_ASSIGNED_CONTEXT((#13355))
GLOBAL_UNIT_ASSIGNED_CONTEXT((#13364,#13361,#13358))
REPRESENTATION_CONTEXT('Part 3','TOP_LEVEL_ASSEMBLY_PART')
);
#13353=(
GEOMETRIC_REPRESENTATION_CONTEXT(3)
GLOBAL_UNCERTAINTY_ASSIGNED_CONTEXT((#13356))
GLOBAL_UNIT_ASSIGNED_CONTEXT((#13365,#13362,#13359))
REPRESENTATION_CONTEXT('Part 1','TOP_LEVEL_ASSEMBLY_PART')
);
#13354=(
GEOMETRIC_REPRESENTATION_CONTEXT(3)
GLOBAL_UNCERTAINTY_ASSIGNED_CONTEXT((#13357))
GLOBAL_UNIT_ASSIGNED_CONTEXT((#13366,#13363,#13360))
REPRESENTATION_CONTEXT('Hackpad-unsaved-export-Ie5kns_PCB',
'TOP_LEVEL_ASSEMBLY_PART')
);
#13355=UNCERTAINTY_MEASURE_WITH_UNIT(LENGTH_MEASURE(2.E-5),#13364,
'DISTANCE_ACCURACY_VALUE','Maximum Tolerance applied to model');
#13356=UNCERTAINTY_MEASURE_WITH_UNIT(LENGTH_MEASURE(2.E-5),#13365,
'DISTANCE_ACCURACY_VALUE','Maximum Tolerance applied to model');
#13357=UNCERTAINTY_MEASURE_WITH_UNIT(LENGTH_MEASURE(1.E-8),#13366,
'DISTANCE_ACCURACY_VALUE','Maximum Tolerance applied to model');
#13358=(
NAMED_UNIT(*)
SI_UNIT($,.STERADIAN.)
SOLID_ANGLE_UNIT()
);
#13359=(
NAMED_UNIT(*)
SI_UNIT($,.STERADIAN.)
SOLID_ANGLE_UNIT()
);
#13360=(
NAMED_UNIT(*)
SI_UNIT($,.STERADIAN.)
SOLID_ANGLE_UNIT()
);
#13361=(
NAMED_UNIT(*)
PLANE_ANGLE_UNIT()
SI_UNIT($,.RADIAN.)
);
#13362=(
NAMED_UNIT(*)
PLANE_ANGLE_UNIT()
SI_UNIT($,.RADIAN.)
);
#13363=(
NAMED_UNIT(*)
PLANE_ANGLE_UNIT()
SI_UNIT($,.RADIAN.)
);
#13364=(
LENGTH_UNIT()
NAMED_UNIT(*)
SI_UNIT($,.METRE.)
);
#13365=(
LENGTH_UNIT()
NAMED_UNIT(*)
SI_UNIT($,.METRE.)
);
#13366=(
LENGTH_UNIT()
NAMED_UNIT(*)
SI_UNIT($,.METRE.)
);
#13367=PRODUCT_DEFINITION_SHAPE('','',#13370);
#13368=PRODUCT_DEFINITION_SHAPE('','',#13371);
#13369=PRODUCT_DEFINITION_SHAPE('','',#13372);
#13370=PRODUCT_DEFINITION('','',#13376,#13373);
#13371=PRODUCT_DEFINITION('','',#13377,#13374);
#13372=PRODUCT_DEFINITION('','',#13378,#13375);
#13373=PRODUCT_DEFINITION_CONTEXT('',#13394,'design');
#13374=PRODUCT_DEFINITION_CONTEXT('',#13395,'design');
#13375=PRODUCT_DEFINITION_CONTEXT('',#13396,'design');
#13376=PRODUCT_DEFINITION_FORMATION_WITH_SPECIFIED_SOURCE('','',#13382,
 .NOT_KNOWN.);
#13377=PRODUCT_DEFINITION_FORMATION_WITH_SPECIFIED_SOURCE('','',#13383,
 .NOT_KNOWN.);
#13378=PRODUCT_DEFINITION_FORMATION_WITH_SPECIFIED_SOURCE('','',#13384,
 .NOT_KNOWN.);
#13379=PRODUCT_RELATED_PRODUCT_CATEGORY('','',(#13382));
#13380=PRODUCT_RELATED_PRODUCT_CATEGORY('','',(#13383));
#13381=PRODUCT_RELATED_PRODUCT_CATEGORY('','',(#13384));
#13382=PRODUCT('Part 3','Part 3','Part 3',(#13388));
#13383=PRODUCT('Part 1','Part 1','Part 1',(#13389));
#13384=PRODUCT('Hackpad-unsaved-export-Ie5kns_PCB',
'Hackpad-unsaved-export-Ie5kns_PCB','Hackpad-unsaved-export-Ie5kns_PCB',
(#13390));
#13385=PRODUCT_CATEGORY('','');
#13386=PRODUCT_CATEGORY('','');
#13387=PRODUCT_CATEGORY('','');
#13388=PRODUCT_CONTEXT('',#13394,'mechanical');
#13389=PRODUCT_CONTEXT('',#13395,'mechanical');
#13390=PRODUCT_CONTEXT('',#13396,'mechanical');
#13391=APPLICATION_PROTOCOL_DEFINITION('international standard',
'ap242_managed_model_based_3d_engineering',2020,#13394);
#13392=APPLICATION_PROTOCOL_DEFINITION('international standard',
'ap242_managed_model_based_3d_engineering',2020,#13395);
#13393=APPLICATION_PROTOCOL_DEFINITION('international standard',
'ap242_managed_model_based_3d_engineering',2020,#13396);
#13394=APPLICATION_CONTEXT('managed model based 3d engineering');
#13395=APPLICATION_CONTEXT('managed model based 3d engineering');
#13396=APPLICATION_CONTEXT('managed model based 3d engineering');
ENDSEC;
END-ISO-10303-21;
